match_id,match_date,player_1_won,probability_peak_22,probability_peak_24,probability_peak_26,probability_peak_28
M9NLIxtQ,2024-01-01,1,0.5561584144,0.5755305387,0.573775302,0.5751750338
l0uFacZm,2024-01-01,1,0.5550338335,0.5761685781,0.567667089,0.5611717611
ruvSuq4r,2024-01-01,1,0.4686290174,0.4521933967,0.4487292426,0.4500016284
CYx2OEth,2024-01-01,0,0.5784718215,0.5528827796,0.5454915545,0.5577736941
rJOHJIQJ,2024-01-01,0,0.4271824692,0.4281816351,0.4488197201,0.4478207504
Kbx6NYeb,2024-01-01,0,0.4057093425,0.4023258401,0.4276809698,0.4319666461
fH8m5itU,2024-01-01,0,0.5528435803,0.5387990925,0.5381015436,0.5342526562
UFbr5JBQ,2024-01-01,1,0.9000386231,0.8917160555,0.8916212807,0.8919528722
GAPi3A9j,2024-01-01,0,0.7928215851,0.7936566585,0.8079117787,0.8096148471
UFzzeZmJ,2024-01-01,0,0.3406573451,0.3404410083,0.3403260635,0.3405097623
6yjA0wKs,2024-01-01,1,0.5173496906,0.5148828803,0.5145751782,0.51519125
Cdmdo5tL,2024-01-01,1,0.8519560321,0.8512607774,0.8501095209,0.8457751124
CvbKLIPH,2024-01-02,0,0.3348586518,0.334976574,0.3490456022,0.3490931419
YsvbPfRo,2024-01-02,0,0.2615217581,0.2694708904,0.2841422823,0.2937737935
8pxzxrif,2024-01-02,1,0.435680575,0.4367497698,0.4572087988,0.4565582095
Qai0pPeR,2024-01-02,0,0.478943034,0.478737044,0.4991014192,0.5018166137
2sfTwNYf,2024-01-02,0,0.255667036,0.2419870823,0.2419428772,0.2409745968
MVxWv3Jl,2024-01-02,1,0.3768329148,0.3762293375,0.3893553141,0.3908909233
tYhXxsl1,2024-01-02,0,0.16425622,0.1710448965,0.1695334713,0.1725070985
AR753n1k,2024-01-02,0,0.4968358664,0.4950580135,0.4867643514,0.487029394
8QVEm9Vn,2024-01-02,0,0.518317593,0.5171697709,0.5386992524,0.5415769639
bTLaklpF,2024-01-02,1,0.8139551607,0.814289039,0.8089836256,0.82195395
rVAGKKfU,2024-01-02,0,0.2678360545,0.2513373861,0.2535492348,0.2530196098
ncb6QxUj,2024-01-02,1,0.6503385626,0.6664251539,0.6679109024,0.6702875218
E5NIl1Jf,2024-01-02,1,0.4163518145,0.4139142432,0.4112121676,0.4140754456
Ii7926Ge,2024-01-02,1,0.6104472959,0.6026908667,0.6238403789,0.625927235
6saUAizc,2024-01-02,1,0.8963860709,0.8964823854,0.8977434825,0.8978965846
IBigeGC5,2024-01-02,0,0.4304361149,0.4304269088,0.4296305796,0.4078360228
bTalOZvH,2024-01-02,0,0.8527478163,0.8534853265,0.8469400634,0.8468730098
8OKyaczG,2024-01-02,1,0.2884191395,0.2847256865,0.2821727741,0.2826667489
vmgiu4M7,2024-01-02,1,0.6342397577,0.6272642875,0.6287046207,0.6487268295
YoKurzVd,2024-01-03,0,0.6211207016,0.6068204875,0.6075148247,0.6280371948
4zMm4jfp,2024-01-03,1,0.475062361,0.4732222074,0.4516534706,0.4518867119
Sr8aX9PM,2024-01-03,1,0.5718493484,0.5722793715,0.5586977409,0.5508857771
46MejUU8,2024-01-03,1,0.5560639434,0.5553425516,0.5562590121,0.5578615862
2uiVhiqF,2024-01-03,0,0.1609777874,0.1611209462,0.1518333483,0.1507455738
bRprQGR1,2024-01-03,0,0.6366556267,0.6417730433,0.6408744759,0.6424205238
ni7x9V49,2024-01-03,0,0.3872157417,0.3885363744,0.4009299489,0.4015117987
IoEdsGOJ,2024-01-03,1,0.8104413658,0.8133709626,0.8103209375,0.8113388492
Q5dOh3Z1,2024-01-03,0,0.261451623,0.2731737014,0.2682299768,0.2682316796
nNu3lXVn,2024-01-03,0,0.3621848318,0.3599421155,0.3619982418,0.3627386982
tffCaEjH,2024-01-03,0,0.1936255437,0.1944254026,0.2004697618,0.1989036075
nFcKgqKe,2024-01-03,1,0.6308292663,0.6345732151,0.6267706855,0.6389257079
SzYUVi2U,2024-01-03,0,0.3868125921,0.3875040859,0.3884352357,0.3752238408
tzQfvE0B,2024-01-03,0,0.3577785571,0.3580433926,0.362373385,0.3665348154
KW5KT7zF,2024-01-03,0,0.1638251755,0.1639255197,0.1692107526,0.1682689413
UDJgk9BC,2024-01-04,0,0.5629091741,0.5445721862,0.5489970049,0.5630361248
Qa7FBC8g,2024-01-04,0,0.2295232223,0.2301344452,0.219244614,0.2256023555
zF8nAIq2,2024-01-04,1,0.8812710585,0.8802086838,0.8884630205,0.8881382106
fXbTZAFb,2024-01-04,1,0.620510826,0.6300971119,0.6169322941,0.6160469134
jNQzArcS,2024-01-04,0,0.5496834415,0.5473294905,0.5455520652,0.5536957104
rizGE6rc,2024-01-04,1,0.9026655643,0.8979746377,0.8985504127,0.8986977326
nXIOlNIc,2024-01-04,0,0.2188843383,0.2321330545,0.2202902182,0.2203910194
ELk6HnC2,2024-01-04,1,0.7270784409,0.738621575,0.7418575618,0.742245896
IkMk4DQ6,2024-01-04,1,0.296886023,0.2962970775,0.2922828942,0.2937281228
f7eJFgfH,2024-01-05,1,0.8013726041,0.8016020301,0.8090695161,0.802776579
dhHUSBLc,2024-01-05,0,0.4929631881,0.4962229605,0.5093591382,0.5100345918
ELafRdDs,2024-01-05,0,0.4746867042,0.4783833712,0.4927325938,0.4931278039
x08SVx5Q,2024-01-05,0,0.4212180202,0.4184469364,0.4393898952,0.4375842704
dpkaQGSm,2024-01-05,1,0.874810184,0.8703275254,0.8667623514,0.8761984137
Y7aUYsGq,2024-01-05,1,0.831211811,0.8314797826,0.8303459322,0.8303852596
QPtGMYRC,2024-01-05,1,0.5047243592,0.5000588622,0.5005615784,0.5004060074
rw9OWIkK,2024-01-05,1,0.8348035298,0.8449359099,0.8607036365,0.8716020501
WE5ZRT3h,2024-01-05,0,0.1782723356,0.1754880653,0.1715819492,0.1708816324
EwBUS9ln,2024-01-05,1,0.6616678141,0.667409193,0.6678332964,0.6670757976
r1iBNEC6,2024-01-05,0,0.5178734502,0.5144734784,0.5004163368,0.5004098541
OAaJLhsJ,2024-01-05,0,0.07138190383,0.06792865841,0.06367409876,0.0724606378
rk7LKtX5,2024-01-05,0,0.352174259,0.363672282,0.366003167,0.3656451318
4Ah7Ofc0,2024-01-05,1,0.4392823524,0.4420958116,0.4213233157,0.4248791178
zmCQTkZu,2024-01-05,0,0.111765259,0.1167678477,0.1199823389,0.1190636542
jaAFVbtG,2024-01-06,0,0.17011116,0.1699826376,0.1708906059,0.1759973181
jZYAVcoO,2024-01-06,1,0.821983346,0.8201382659,0.824281408,0.8240754446
CY4DNOQs,2024-01-06,1,0.702697448,0.70474752,0.6940566158,0.6944228028
j3Mftzxo,2024-01-06,0,0.05747454157,0.04973829925,0.05016986522,0.07422404996
p27x1SJR,2024-01-06,1,0.5350406219,0.5349580754,0.5392741094,0.541697942
fmaLuw5G,2024-01-06,0,0.4169587724,0.4116273526,0.4085404901,0.4116301224
d0gbNzld,2024-01-06,1,0.4504744136,0.4492085385,0.4610055805,0.4629377654
b5XtnKQd,2024-01-06,0,0.422364871,0.4246514762,0.4174783363,0.431531147
vLS1sduS,2024-01-06,1,0.7744789325,0.7785330275,0.7754894818,0.7749555402
CtHesKG1,2024-01-06,0,0.6197237571,0.6177244391,0.6203951755,0.6216171208
IHdLGWc7,2024-01-07,0,0.4841132012,0.4865195636,0.4891290828,0.4921339348
fyJsA5dr,2024-01-07,0,0.6210357593,0.6185605147,0.6188470896,0.6210103448
pjqEIhTf,2024-01-07,1,0.3912735846,0.3919688831,0.3921414877,0.3913506311
tjEsTp3K,2024-01-07,1,0.428233091,0.4257766353,0.4281615401,0.4319700548
0fye5sBD,2024-01-08,0,0.5607429098,0.5556608531,0.5661090911,0.5656226999
hUXn73t1,2024-01-08,1,0.5329900892,0.534495261,0.5254771729,0.5264289001
Wr3wPfjR,2024-01-08,1,0.419354892,0.4201805792,0.4243979712,0.4255042571
YRHo9PBl,2024-01-08,0,0.4798333807,0.479349041,0.4626956016,0.4876702377
APIoS4IQ,2024-01-08,0,0.3749077786,0.3751507677,0.366240351,0.3799159346
lOk5KEbr,2024-01-08,1,0.5893310295,0.5622734391,0.568779317,0.5691110095
2Rg9JYDl,2024-01-08,1,0.605126703,0.6025724326,0.5969092511,0.5870457668
tECPEKDM,2024-01-08,1,0.3845128175,0.3846611136,0.3938019025,0.3906568153
OtrIHCr1,2024-01-08,1,0.7137972507,0.7132750538,0.7206330271,0.7212487062
hh4ZPzyL,2024-01-09,1,0.3760025957,0.3755611535,0.383829366,0.3655365684
niXj6Ne7,2024-01-09,0,0.3894974504,0.378358425,0.3817686129,0.3813495322
2aFwUQmE,2024-01-09,0,0.3770772202,0.3780242242,0.3787130423,0.3825750398
ULPS6iu1,2024-01-09,0,0.566072957,0.567272749,0.5632122826,0.5668549496
zT3CEpat,2024-01-09,1,0.425846873,0.4116881851,0.4127768461,0.4139458772
2k8EFdKu,2024-01-09,1,0.7412475837,0.7417830374,0.7393465849,0.7396124797
Or7S0PCA,2024-01-09,1,0.5408468227,0.5419527923,0.5346807461,0.5288381848
nZZvPTNs,2024-01-09,1,0.3796490427,0.3681841987,0.3751104172,0.3779718414
xt8t7TWa,2024-01-10,0,0.3741243612,0.3659417654,0.3723159512,0.3768919455
l4qDCMBM,2024-01-10,1,0.3056926379,0.3112118935,0.3038241583,0.3003777112
tKgdsDSl,2024-01-10,0,0.6235452244,0.6197695258,0.6240069323,0.6248473381
C4iamzyJ,2024-01-10,1,0.764632653,0.7615638337,0.7646866705,0.7675467987
rcg2Xubm,2024-01-10,0,0.3156190667,0.308162941,0.3125433535,0.3133159437
EX5oC2JH,2024-01-11,0,0.5740434743,0.5704220452,0.5710316537,0.5727754083
ChTJlibJ,2024-01-11,0,0.5974370373,0.6001969686,0.5968033167,0.5943898016
QaL17wBT,2024-01-11,1,0.7189738776,0.7170575886,0.7148150218,0.717002978
GfXgfRb1,2024-01-12,0,0.3574393511,0.3542151099,0.3587941133,0.3589056939
pxpVo3Bs,2024-01-12,0,0.5785926722,0.5743401673,0.5755442564,0.5770893247
OCjK09s1,2024-01-13,1,0.5842310031,0.5862795102,0.5766960241,0.5745851654
S4sJfsFA,2024-01-13,1,0.5413218871,0.5639539678,0.5614326727,0.5621395581
8WtnTxrl,2024-01-13,1,0.7242014849,0.7295563434,0.7355133364,0.7396476026
YsrFeNa4,2024-01-13,0,0.2140219342,0.2140734191,0.2235927675,0.2120651002
Kb8urJme,2024-01-13,0,0.5348568069,0.5362787885,0.5378336911,0.540115787
MR2h9tU3,2024-01-13,1,0.4605841402,0.4597467876,0.4515465836,0.4513554003
fmqbQzS6,2024-01-13,1,0.652930719,0.6776567898,0.6775846563,0.6772424956
UVtXByDD,2024-01-13,0,0.6077175412,0.6122200023,0.6168682913,0.6200732029
WzapLujR,2024-01-13,0,0.4742360884,0.4702084914,0.4700112669,0.4716781728
2NZViuaT,2024-01-13,1,0.8425459236,0.8408553056,0.839506693,0.8392438043
6etNg1UG,2024-01-13,1,0.2762026755,0.2712095262,0.269111774,0.2684872885
xCY2PfsD,2024-01-14,0,0.5483678595,0.5500146956,0.5560974708,0.5702895897
0jkGFJDl,2024-01-14,1,0.6908398344,0.6933670983,0.702550596,0.7043028561
M7vBd3pb,2024-01-14,0,0.3973789982,0.3966704847,0.4003874468,0.4042515897
rFvLEwTf,2024-01-14,0,0.03384436892,0.03298811835,0.03085886115,0.03008269888
Y5Q1nJMj,2024-01-14,1,0.3559128434,0.3525903548,0.3482072451,0.3492404284
E13lAMEc,2024-01-14,1,0.887037651,0.8924191745,0.8965762959,0.8983210226
dQlSbmCD,2024-01-14,0,0.52209946,0.509851333,0.5097295758,0.5095864223
ltJYlCrk,2024-01-14,0,0.4728594975,0.4736643375,0.4806158849,0.4800570497
tAAkUISs,2024-01-14,1,0.629905536,0.6295467978,0.6272239226,0.627274263
z9g7Mj4K,2024-01-14,1,0.57935379,0.581332549,0.5730355171,0.577021173
jurTCHc7,2024-01-14,1,0.2293205663,0.2398656884,0.2227207401,0.2226558635
tlJyr4V4,2024-01-14,0,0.05837524299,0.05748939756,0.05845416422,0.05919522875
IZkOaTd7,2024-01-14,1,0.3858867579,0.4009943584,0.395531744,0.3929089714
vqk6cqVi,2024-01-14,0,0.6394040494,0.6392819632,0.6426079762,0.6436178348
0hj2bPFo,2024-01-14,1,0.4715708436,0.4706878616,0.4686056054,0.4680785173
tpufRGC0,2024-01-14,0,0.4034830701,0.3953364614,0.3959505443,0.4251171964
6ipwHURs,2024-01-14,1,0.4297838338,0.4252243119,0.4381253817,0.4385580004
0I1d80qA,2024-01-14,1,0.6530861919,0.638571178,0.6399081077,0.6422882708
lGZsGlsl,2024-01-14,1,0.5761277549,0.578288289,0.5795971994,0.5562218767
zB4pB2ai,2024-01-14,0,0.4396464359,0.4395101603,0.4427879348,0.4257778394
ATAhvMUT,2024-01-14,0,0.2111855414,0.2094644288,0.210723716,0.2188560587
x2aTAg58,2024-01-14,1,0.4946707318,0.4931509711,0.4936418296,0.4976099066
SpcB2VCl,2024-01-14,0,0.3141454888,0.316257471,0.3267999226,0.3140399101
nNujSdcf,2024-01-15,0,0.7223891175,0.7325649005,0.7423132182,0.7464024629
A9nG1kSf,2024-01-15,1,0.2704278702,0.2692437954,0.2695484059,0.2606454308
lGoCGabr,2024-01-15,1,0.821674489,0.8133406794,0.80727012,0.8077583978
K2Mcma7p,2024-01-15,0,0.2924124129,0.293906665,0.2947843411,0.2774976252
dtwjESB0,2024-01-15,0,0.3392917926,0.3407085475,0.3114794459,0.3271548579
rsi17KbG,2024-01-15,0,0.6520640016,0.6516407597,0.6519280637,0.6629552608
CxcKZuwo,2024-01-15,1,0.7960148282,0.7957500357,0.7950033091,0.7958341541
v1ONYbKQ,2024-01-15,1,0.7133920305,0.7139652981,0.7271777546,0.7290234954
zXyfDnR6,2024-01-15,1,0.447568754,0.4484009146,0.435649828,0.4302901162
IB7y9XZK,2024-01-15,0,0.3787049998,0.3900455492,0.3862883025,0.378723754
M5wPDcr1,2024-01-15,1,0.6108301259,0.6117305394,0.6132003273,0.6115224086
UVhBLAJQ,2024-01-15,1,0.6355402925,0.6345737036,0.6342477861,0.6375157482
WzLFzLkE,2024-01-15,0,0.365014262,0.3631943509,0.3678780198,0.3882888275
ERnuqpGb,2024-01-15,1,0.8711945166,0.882070488,0.8764928466,0.8749318137
E1Hqtr0H,2024-01-15,1,0.556200059,0.5679345596,0.5799256524,0.5947874486
d26u8ikR,2024-01-15,1,0.6045877121,0.6008007441,0.6014085968,0.6028597812
fJJUkhTr,2024-01-15,0,0.4261605474,0.4280121861,0.4241682337,0.4241056096
zmIW9DKE,2024-01-15,0,0.3911973547,0.3941832634,0.4038391149,0.4146147882
ObBonAS7,2024-01-15,0,0.5833015046,0.5898160018,0.5979644778,0.5507806723
IeRbC6tD,2024-01-15,0,0.3079887132,0.3015825211,0.3014856899,0.2969113458
OWzShLqN,2024-01-15,0,0.5388547255,0.5370692468,0.5363071776,0.5420210721
p8CsmjD1,2024-01-15,1,0.4891587465,0.4873790307,0.4840273913,0.4852396489
EL7qsw31,2024-01-16,1,0.5797126925,0.5765288301,0.5696995847,0.5916919937
KvIusOpB,2024-01-16,1,0.8044171156,0.8034244436,0.7979879249,0.8033531645
S6YoF8df,2024-01-16,1,0.7246075279,0.7235945939,0.7199901657,0.7195163222
S4Lmu2FN,2024-01-16,1,0.811422554,0.8132485321,0.8159593424,0.8155500705
SWHxlWce,2024-01-16,1,0.518101648,0.5198487285,0.525135545,0.5321960074
lfb73Bcr,2024-01-16,0,0.6291096145,0.6331119479,0.6370704432,0.6388378583
pvPJZv5K,2024-01-16,0,0.1166069611,0.1161733572,0.1159327596,0.1155302953
YL82VgHS,2024-01-16,0,0.6957136088,0.6984152485,0.7030184544,0.705607909
Ms1Hn7xj,2024-01-16,0,0.4564278005,0.4624096222,0.4620500344,0.4599230525
hKxwga6h,2024-01-16,0,0.5295606919,0.530844191,0.531435347,0.5326000181
vTQUVBxM,2024-01-16,0,0.7400283917,0.7251942686,0.7242276934,0.7244404216
CntZOKiC,2024-01-16,0,0.06916955044,0.06836669805,0.07025398948,0.07112402807
naXnLfO3,2024-01-16,0,0.2068144826,0.2065632997,0.2078606759,0.2022620873
Ghvc8gec,2024-01-16,0,0.5545990806,0.5651756409,0.5627177228,0.5624470329
YXbrZ4FJ,2024-01-16,1,0.7056345998,0.7101811966,0.7063068678,0.7015064136
hQPnhNFL,2024-01-16,0,0.2942528957,0.2940939397,0.2937337436,0.2864180728
bDHiOdKp,2024-01-16,1,0.3635148191,0.347111286,0.3475857916,0.345688983
dxoGXAjS,2024-01-17,0,0.6755248915,0.6735314939,0.6737518592,0.6709084107
ATQ2sC0A,2024-01-17,1,0.5022258302,0.4994927746,0.5143627599,0.5259148236
jDeuSloH,2024-01-17,0,0.1157813433,0.1162924957,0.1131605825,0.1122649321
lnWoiwy5,2024-01-17,1,0.5695305639,0.5696071145,0.5617213441,0.5621328082
GbN2mezU,2024-01-17,1,0.4634884271,0.4653681039,0.462761409,0.459492084
WIgO6b4n,2024-01-17,0,0.8682365269,0.8678807505,0.8684207728,0.8681957725
Ec9VqaN1,2024-01-17,0,0.2741914504,0.2765076462,0.268845955,0.2722022838
WAyshJLb,2024-01-17,0,0.2782736704,0.2816882789,0.2799067286,0.286273376
hpAd4lgn,2024-01-17,1,0.8507303386,0.8567841347,0.8583735335,0.8578785076
SOTprbxp,2024-01-17,1,0.3510125413,0.3505164192,0.3483251347,0.3593808769
I79UrFro,2024-01-17,0,0.3446914362,0.3461321559,0.3485784889,0.3412500545
Wb3qrcaJ,2024-01-17,1,0.2090532383,0.2147592019,0.2161051729,0.2181122773
jsqvVE2Q,2024-01-17,1,0.395344931,0.394052361,0.3949529177,0.3909326528
Y33VFL3D,2024-01-18,1,0.7724119361,0.7701397796,0.7678606824,0.7587085145
8U1zQjd3,2024-01-18,1,0.6965473241,0.6882952901,0.6903221438,0.691890316
4MxRQtNa,2024-01-18,1,0.7968439422,0.796731196,0.7943324515,0.7929288275
Y3P0V030,2024-01-18,0,0.6151158738,0.6151200067,0.616332519,0.6160027078
0YaLoRid,2024-01-18,0,0.6064412219,0.6055067966,0.6076672639,0.6155333462
rZpMxqBQ,2024-01-18,0,0.8867070938,0.8869773292,0.8858994791,0.8858964874
COcnYOUP,2024-01-18,0,0.4040259991,0.4041242511,0.3973597111,0.3987391048
WhQG67HO,2024-01-18,1,0.7375949905,0.7385087697,0.740361465,0.74590843
xAgiM8eS,2024-01-18,0,0.4199763647,0.4171934819,0.415944068,0.4183852635
0dSVEOGj,2024-01-18,1,0.441903307,0.4486657946,0.4429656407,0.4342062643
8MHHbhyF,2024-01-18,0,0.113094408,0.1135706854,0.1126450826,0.1120301109
tvhvViEH,2024-01-18,1,0.8658322386,0.8630925104,0.8644204764,0.8646553233
t6YCa2dk,2024-01-18,0,0.2334749691,0.2315795856,0.230545964,0.2292782818
vXnGzdpt,2024-01-18,0,0.05853650586,0.06024787348,0.05920242826,0.05858164619
bkg2gBk6,2024-01-18,1,0.662051845,0.6565637699,0.6612842932,0.6659395937
Oby1z87f,2024-01-19,1,0.2119907973,0.211042093,0.2101772722,0.2015882205
2gtmTVrU,2024-01-19,0,0.1972516381,0.1970720248,0.1930624064,0.1883157304
fsI2SYEf,2024-01-19,1,0.5384325162,0.5369955475,0.5420792309,0.539835953
rXyBu4bs,2024-01-19,0,0.5854929445,0.5825879433,0.5799325582,0.5819432292
Gtv4UIYr,2024-01-19,1,0.8191042606,0.8190626568,0.819575455,0.8215290038
KQ8SdsP9,2024-01-19,1,0.2979346838,0.2918011368,0.2930610585,0.3016214126
27JEtK2H,2024-01-19,0,0.3458536835,0.3468063714,0.3548076859,0.3489685666
CrAKj2yn,2024-01-19,0,0.4968636518,0.4966786815,0.4980306809,0.5025155316
hOE7XjMA,2024-01-20,0,0.9174668468,0.9205187571,0.920395004,0.9199757193
A3w8Txlk,2024-01-20,1,0.7571388093,0.756579578,0.7559694983,0.7536144351
SvKpU0QG,2024-01-20,0,0.07426257384,0.07388166496,0.07457660581,0.07557800764
IistlRt9,2024-01-20,0,0.1193150255,0.1208464697,0.1194135577,0.121907723
z5oZkeGm,2024-01-20,1,0.7233462771,0.726496227,0.7274830511,0.7261547784
K8y8xPo9,2024-01-21,0,0.5646879687,0.5670407104,0.5650857684,0.5612920577
bwTxbKSa,2024-01-21,0,0.6870519609,0.6788162411,0.6776964632,0.6800596845
4Ex6vZV9,2024-01-22,0,0.4449103936,0.4443753443,0.4414323613,0.445910223
IqaPRen4,2024-01-22,1,0.8687475814,0.8674470573,0.8668604042,0.8641400877
Qq3czKKN,2024-01-22,0,0.144864009,0.1443898651,0.1434915107,0.1434721582
rHNlLHk0,2024-01-23,0,0.2096140791,0.2082410098,0.2063308858,0.2072332653
Yw8PqeYg,2024-01-23,0,0.607389098,0.6002777866,0.599670983,0.6012923701
bDVTpPrm,2024-01-24,0,0.3861755632,0.3872547982,0.3928690248,0.3911993647
vVs8dntp,2024-01-25,0,0.4836022368,0.4851775839,0.4794131291,0.4789448717
6iYhYdc3,2024-01-25,0,0.2834835677,0.2900725565,0.2911510758,0.2886769792
ShZfk3T6,2024-01-26,0,0.2190982018,0.2183341299,0.2197444599,0.2141320135
SvfMz4ED,2024-01-26,0,0.5424465576,0.5375467475,0.5468712431,0.5474086366
xAyDcRLQ,2024-01-26,0,0.4359953539,0.43519836,0.4074824389,0.4399371428
zJx3msbJ,2024-01-26,1,0.5610516565,0.5608064639,0.6068880402,0.6061003029
fon8b76K,2024-01-27,0,0.3836100583,0.3688622404,0.3521005229,0.314575384
MFYblNrD,2024-01-27,1,0.6317957806,0.6341865826,0.6464189086,0.636871827
l2zijqE0,2024-01-27,0,0.1907368377,0.1870943714,0.1837448027,0.1755992699
lleIypa7,2024-01-27,1,0.5494051467,0.5333308753,0.5460354232,0.5464797032
Ma8o9kDT,2024-01-27,0,0.1831327894,0.1832454839,0.1805014929,0.1812669962
WQuniPbf,2024-01-27,0,0.6868701185,0.6904436393,0.6928464935,0.6939784019
Gfm4amiE,2024-01-27,1,0.7281026,0.7413938951,0.753802541,0.7857552572
bDsvgoUs,2024-01-27,0,0.6453744637,0.5950941773,0.58751599,0.592140246
hzsrh5ql,2024-01-27,0,0.2769806916,0.2531068142,0.2411405919,0.2263959475
IawYLYBS,2024-01-27,0,0.3326668639,0.3383101561,0.3417473569,0.3390073297
hpCQtbPR,2024-01-27,1,0.613710611,0.6142116948,0.612699365,0.5892441593
b5uM0hG0,2024-01-27,1,0.2973607712,0.2947282331,0.2908554093,0.3119789464
dWDarMOa,2024-01-27,1,0.517583244,0.5185438431,0.5015265988,0.4890122534
fTjeFCni,2024-01-28,1,0.5512809533,0.5351865462,0.5629897209,0.5618978435
CjMH1gIi,2024-01-28,1,0.5775385036,0.548638908,0.5677981865,0.5719231029
0IgKuOVD,2024-01-28,0,0.1604659936,0.1528353445,0.1453952785,0.136335714
65cUI0O0,2024-01-28,1,0.3040176173,0.2973575776,0.3122749334,0.3182702513
E7IkQrWQ,2024-01-28,1,0.421915475,0.3732722767,0.3848668471,0.3893488043
KleIL2vr,2024-01-28,0,0.09239870371,0.08624349462,0.08028811453,0.07327399793
SEbQJt9f,2024-01-28,0,0.436965883,0.464113874,0.4486550387,0.448365466
v9hOvroK,2024-01-28,0,0.623565118,0.6255658187,0.6309125983,0.642007318
dpmTw20Q,2024-01-28,0,0.6314962027,0.6100989728,0.6039864101,0.6295636632
bufMKMgl,2024-01-28,0,0.6019670967,0.6112363069,0.5858137698,0.587034331
bgZfZL8s,2024-01-28,0,0.6358161434,0.6342726534,0.6326794976,0.6566451768
nF5xHvgD,2024-01-28,0,0.5824209024,0.584762495,0.5870916971,0.5923381235
lUnZHKw7,2024-01-28,0,0.6274103854,0.6285703411,0.6393834418,0.6409487666
hGYbYuOm,2024-01-28,1,0.5102613949,0.5126638267,0.5291628253,0.5036061186
EsFHo5Gf,2024-01-29,0,0.5041921878,0.4853182133,0.4744677572,0.4617559053
lUts1kPd,2024-01-29,1,0.4168352105,0.4195183622,0.4297210059,0.4248209876
zc3Qqqo7,2024-01-29,1,0.4398383113,0.4279410548,0.4288958256,0.4289501151
23eC7nwE,2024-01-29,0,0.5459489431,0.5461904624,0.5465821308,0.5453656396
f1zi04Vm,2024-01-29,0,0.2547831348,0.2522508064,0.2498394164,0.2474310497
O2uMIEja,2024-01-29,0,0.3140328535,0.3174430048,0.3255369293,0.3256478508
t0RiWXKb,2024-01-29,0,0.4477642646,0.4610476099,0.4703823141,0.4763460691
CdVwon59,2024-01-29,0,0.4285880744,0.4208001214,0.4126172675,0.416115133
bVlL5Q7Q,2024-01-29,0,0.1468826091,0.1407573271,0.131675783,0.1228356748
Uk3CGwef,2024-01-29,1,0.4097298287,0.4017621803,0.4094732404,0.3987572264
OE7Odq4L,2024-01-29,0,0.2426283548,0.2433395117,0.2429423384,0.2399996886
OWYCGbCi,2024-01-29,0,0.6869813206,0.6881641556,0.6898801817,0.6873296594
6ZAmiNRr,2024-01-29,1,0.4557027066,0.4560773052,0.4549400257,0.4610252426
xEqVT2m1,2024-01-29,0,0.5176422492,0.517920942,0.5118856911,0.5015741526
0vym1pGs,2024-01-30,0,0.4114184374,0.4086683383,0.41546959,0.4229678709
fsCsaTg9,2024-01-30,0,0.3098026272,0.308192195,0.3057006556,0.3124132954
tffG66hK,2024-01-30,0,0.6142585509,0.6162152459,0.6210860982,0.6225677574
t2rfnB8S,2024-01-30,1,0.687653772,0.6749369702,0.672491914,0.6758606781
SKuo09v3,2024-01-30,1,0.6515786154,0.6563145054,0.650168047,0.6478439904
SfAkc7OL,2024-01-30,0,0.2841299646,0.2824149662,0.279962394,0.2810855918
YXAobm9F,2024-01-30,1,0.4784982572,0.47172538,0.4669297786,0.4688205524
UcFyXZtr,2024-01-30,1,0.4347395463,0.4283553879,0.4355345187,0.4360507298
l07Ur30D,2024-01-30,0,0.1093098156,0.1010419277,0.09388702763,0.08659415431
zcc3krc9,2024-01-30,1,0.5286714606,0.5287152752,0.5320726006,0.5233282863
O0fGT0zj,2024-01-30,1,0.5449873726,0.54292057,0.5446575044,0.5445922929
zRhax6nd,2024-01-30,0,0.5826045341,0.5836783028,0.5831569628,0.5851671929
tzbajOs3,2024-01-30,0,0.2928914196,0.2867443077,0.293483547,0.2945223537
l017l2CF,2024-01-30,0,0.6170379486,0.6168512349,0.6169212493,0.613697964
4QOLe3JR,2024-01-30,0,0.5899782593,0.5910049075,0.5793884348,0.5777176803
EaEek1de,2024-01-30,1,0.7813731988,0.7915850523,0.7958132379,0.7999930944
OMu44xBE,2024-01-31,1,0.2925019072,0.2857613206,0.2928378975,0.2917977135
xz9D8G5g,2024-01-31,1,0.2670546419,0.2676998194,0.2653904437,0.2588980477
2igKSKkd,2024-01-31,1,0.8576796704,0.8644546404,0.8645157034,0.8630301448
IsIKSYcf,2024-01-31,0,0.5317102621,0.5270565748,0.5275722939,0.5297247981
0O0Eysx4,2024-01-31,1,0.7366322916,0.7415285343,0.7423496236,0.7431025854
2qaei4Sd,2024-01-31,1,0.5108625279,0.5177787884,0.5218876114,0.5250677867
nHMORhD0,2024-01-31,0,0.4073584135,0.4060906167,0.4058586476,0.4082450634
0dAijssk,2024-01-31,0,0.4224511055,0.4230098625,0.4237328048,0.4140552421
jVtm1nrg,2024-01-31,0,0.2107364862,0.2114706657,0.21776861,0.221273512
xWSoDQXI,2024-01-31,1,0.7021408439,0.7010397281,0.7008629998,0.6982028501
W6uL0ANL,2024-02-01,1,0.5995936243,0.601584574,0.6031935451,0.6019027642
YimIyUtP,2024-02-01,0,0.4507613757,0.4530907603,0.4562261208,0.4564910932
U7GQAW1S,2024-02-01,0,0.414171489,0.4168184415,0.4150877938,0.4151791181
C0ZzRr8C,2024-02-01,0,0.5615928099,0.5557057649,0.558316983,0.5645094385
bsodRI7D,2024-02-01,1,0.731257061,0.7320667456,0.7263731662,0.7285882054
rD9x4PR8,2024-02-01,1,0.3826041483,0.3794930706,0.3829954297,0.3827021224
jc3gXAB2,2024-02-01,0,0.4651025088,0.4723952316,0.4739824443,0.4574601001
nuVzP3QB,2024-02-01,1,0.6613573098,0.6588261421,0.6570822427,0.6587594546
G4We9HlC,2024-02-01,1,0.6120382777,0.6125987958,0.6131958004,0.6189842557
2yubEj6G,2024-02-02,1,0.543954413,0.5512891803,0.5503468243,0.5501836738
bNlfrz2p,2024-02-02,0,0.2863300351,0.2868349796,0.2887687226,0.2876886896
Ot8dVpnh,2024-02-02,1,0.6818428139,0.6775720458,0.673888622,0.6781369138
nuJ7XwkI,2024-02-02,0,0.5281164513,0.5314270568,0.5303052806,0.5228302777
t2A9X0rR,2024-02-02,1,0.4640368616,0.4620233175,0.4602085412,0.4585025046
xStkb88Q,2024-02-02,0,0.4225779674,0.432893078,0.4297227448,0.4303101424
YiRwSbpL,2024-02-02,1,0.7858391896,0.7828381634,0.7799920806,0.7834625887
MP7CAMTp,2024-02-02,0,0.4892666487,0.4905000175,0.4912322798,0.4881717448
SjAmLF32,2024-02-03,1,0.2787574892,0.2783867498,0.2651483973,0.2674567456
v7FWK69J,2024-02-03,1,0.6925865802,0.6833929784,0.6904643435,0.6970870528
WK4srlnA,2024-02-03,0,0.1430407161,0.1412019546,0.1389436349,0.1363083325
vBP6ZAe0,2024-02-03,1,0.4148143464,0.4078227438,0.4101112935,0.4124898606
0rRP1R2s,2024-02-03,1,0.9441747826,0.9450505474,0.9456438391,0.9469213983
IcEzKQOP,2024-02-03,0,0.2023109191,0.1944809896,0.1898767722,0.1796705457
hIFcuJYC,2024-02-03,0,0.4320831584,0.4319334582,0.4314633575,0.4311701441
Y9vXa5Xg,2024-02-03,1,0.8045039356,0.8066400357,0.7974300739,0.8071669964
GYTyaPn0,2024-02-03,1,0.7599971103,0.7265682079,0.7309259882,0.7322466295
4hJ1vwlJ,2024-02-03,0,0.4127207988,0.4130826018,0.4108208809,0.4174006082
tfEiKZI8,2024-02-03,0,0.2150827733,0.1871684288,0.1792257297,0.1744485535
ObXqc3HC,2024-02-03,1,0.593862864,0.6019576407,0.610513595,0.6320193885
OI3dJgYE,2024-02-03,0,0.2465849164,0.2015074263,0.1940374584,0.18329816
2kWmdNWI,2024-02-03,0,0.2824059671,0.2623032852,0.2440555016,0.2280522394
UyYubq26,2024-02-03,1,0.8180449216,0.8306533651,0.8352976581,0.83879378
AobIVxtS,2024-02-03,1,0.5156690852,0.5169313555,0.5176612789,0.5186601167
0QksfOFo,2024-02-04,1,0.4856918089,0.4866750638,0.4877033094,0.4875148203
jouPrtfI,2024-02-04,0,0.6473979722,0.656501681,0.6558442865,0.6573109407
AH24OQQg,2024-02-04,1,0.567743026,0.5463343253,0.5595517069,0.5738537698
8l8ic3po,2024-02-04,0,0.4903843841,0.4525316153,0.4606417447,0.4787460443
GzPTJxFC,2024-02-04,1,0.5671206048,0.5655341281,0.5654917884,0.5683240499
tpyE6b4F,2024-02-05,0,0.4303580614,0.4241061692,0.4262260006,0.4247251277
G65cbzCe,2024-02-05,0,0.5746888987,0.5746023557,0.5685512002,0.5684140601
lIOTViRj,2024-02-05,0,0.2444136887,0.245411757,0.2467259293,0.2512935082
jgFtiPOt,2024-02-05,0,0.3510194219,0.3651638562,0.3512064274,0.3513174525
rDcqMw42,2024-02-05,0,0.4965645116,0.5060305904,0.5070590169,0.5071358741
O8QI5IJL,2024-02-05,1,0.4424413479,0.442947433,0.4410351769,0.4356188144
MZnIeN0J,2024-02-06,1,0.4695641113,0.4646662516,0.4630512503,0.4622419654
nL8kk3gg,2024-02-06,1,0.5540229483,0.5541391253,0.5583192363,0.559113825
fiHl0dsq,2024-02-06,0,0.532933656,0.5361025701,0.5358022166,0.5333551457
YDSEe5GP,2024-02-06,0,0.1110456629,0.1013707001,0.09515415743,0.08819641133
M3dmLcJ8,2024-02-06,0,0.55179998,0.5580040723,0.560244125,0.5604974749
zmY58KZ2,2024-02-06,1,0.8699713841,0.8713698532,0.8712859157,0.8727521773
fNTAdo1J,2024-02-06,1,0.8237001224,0.8212730111,0.8218048957,0.8214753906
QB7glN8a,2024-02-07,1,0.7148354879,0.7147888327,0.7159391673,0.7167009712
U991cfR1,2024-02-07,1,0.2854961669,0.2826704012,0.2822085195,0.2839103529
xhGwUI0O,2024-02-07,1,0.4323631703,0.4301476515,0.4263612021,0.424542268
bylIkZ9b,2024-02-07,1,0.5192330233,0.520311582,0.5235339743,0.5289215519
nmRn1Hrg,2024-02-07,0,0.5480521472,0.5500312613,0.5481664606,0.5474747822
YPfNEBEa,2024-02-08,0,0.4752189731,0.4835407419,0.4811503983,0.4730850986
E9HR7Rxk,2024-02-08,1,0.2991862783,0.30115059,0.3008922258,0.2997985086
CYWaIYU4,2024-02-08,0,0.7362837071,0.735286466,0.731013086,0.7317145147
Aqa6pAQA,2024-02-08,0,0.4276823456,0.4319149438,0.4297334976,0.4312145446
Cda5BPCS,2024-02-09,1,0.8068789491,0.803764425,0.8099032362,0.8104657314
K2lu5Nkd,2024-02-09,0,0.1647488595,0.1659611896,0.1815464788,0.1798342026
rH7lF7D3,2024-02-09,0,0.4944239756,0.5014318015,0.4991097513,0.4998687381
zBWRSQs3,2024-02-09,0,0.2784997684,0.2781823334,0.2787654613,0.2782641365
YoQchp6j,2024-02-09,1,0.5266969715,0.5280999619,0.5316837323,0.5367363822
0hIqGmbc,2024-02-09,0,0.4983265235,0.4989433771,0.5075574099,0.4997360999
rLJeCCBL,2024-02-09,1,0.5315145688,0.5359648249,0.5330611595,0.5389107678
UaWXAhMH,2024-02-09,0,0.5837451274,0.5809616,0.5824143568,0.5824759799
tCky63zj,2024-02-09,0,0.463633857,0.4632612239,0.4690304568,0.4694492471
dKXNT6Sd,2024-02-09,1,0.7450161547,0.7465602419,0.748594138,0.7491000846
nBPYIpsi,2024-02-09,1,0.5922572934,0.6074505971,0.6282384078,0.6491202902
nkEuHTri,2024-02-09,0,0.3192165283,0.3169386088,0.3180359609,0.3187605959
GnDktnbE,2024-02-09,1,0.5846065274,0.5837182779,0.5839603399,0.5855875126
2Z3AvnzG,2024-02-09,0,0.3545061977,0.3539807856,0.3532493653,0.3612408768
UXVVRpc9,2024-02-09,1,0.4614658928,0.458675501,0.4590614378,0.4589630756
ptQFPxsg,2024-02-09,0,0.4625475929,0.4593224853,0.460535518,0.4645447836
UX90C5cM,2024-02-09,0,0.1739952005,0.1734048057,0.1783994928,0.1783276109
MXZgjD98,2024-02-09,1,0.4163045863,0.4162816814,0.4087935936,0.4071666892
boRHDNZE,2024-02-09,1,0.8048988208,0.8046433911,0.8059456378,0.8052176757
AwK2pejg,2024-02-10,0,0.4898865517,0.492135484,0.4938119802,0.4951834202
ERt6Sj5l,2024-02-10,1,0.5347508227,0.5246332549,0.526384956,0.5328454048
YemX9455,2024-02-10,1,0.6283094084,0.6280765493,0.6263320213,0.6240892393
dKkpomb1,2024-02-10,0,0.5058189458,0.5099874536,0.5097843209,0.5073296374
4Gip1UNQ,2024-02-10,0,0.4510939159,0.4450018529,0.4423518247,0.4487550124
r13y3jgE,2024-02-10,0,0.4267382376,0.4273804652,0.428193137,0.429139468
UNbFqN9j,2024-02-10,0,0.3262953488,0.3249535222,0.3255705901,0.325700431
Optp72kO,2024-02-10,0,0.5067148732,0.5060172816,0.5041906926,0.5015827916
6urb86ni,2024-02-10,1,0.564052041,0.5664421675,0.5607805717,0.5596066381
6eKX25B4,2024-02-10,0,0.3778278818,0.3800178475,0.3807149423,0.3851669583
K6O1Pq5h,2024-02-11,1,0.7895308809,0.7897358951,0.7921785159,0.7922661794
WQ9yxNlb,2024-02-11,0,0.3058652976,0.3046320667,0.3141864872,0.315304782
lQOAvifH,2024-02-11,0,0.2602160425,0.2590241276,0.2585680979,0.2570741819
pUDuys44,2024-02-11,0,0.4448960147,0.4464410753,0.4465759401,0.446421053
QNXkqFun,2024-02-11,0,0.5178582592,0.5168483439,0.5143859678,0.526292238
f3P6uXvB,2024-02-11,1,0.5676732998,0.5667950125,0.5692140678,0.5724129443
KpXgrZfh,2024-02-11,1,0.4731345578,0.4753938688,0.4728735813,0.4711383348
KrUBM63j,2024-02-11,0,0.3974078065,0.3968068341,0.3954370277,0.3940264412
2kKMKLJN,2024-02-11,1,0.5485883857,0.5475869818,0.5461964604,0.5444723141
zJ6hYvlN,2024-02-11,0,0.4687174056,0.4787743136,0.478116297,0.4770086562
bDBTwqKo,2024-02-12,1,0.5793775512,0.5892875702,0.5877899732,0.5836829183
SWR9NNZ4,2024-02-12,0,0.6099180505,0.6080573222,0.6075124885,0.5941570002
dCJQJuZT,2024-02-12,0,0.3191889071,0.3302130165,0.3274137897,0.3264733879
EmUopeQu,2024-02-12,0,0.3087146633,0.3086987327,0.3112268499,0.3041705423
lnGIL14H,2024-02-12,1,0.485765628,0.4854438527,0.4649272715,0.4644528568
byWcsgAb,2024-02-12,0,0.2577542214,0.2585074261,0.2583856384,0.2614079078
6q2lZKYG,2024-02-12,0,0.3826271028,0.3824529999,0.382154938,0.3820548094
GCQ2tDP4,2024-02-12,0,0.3164259159,0.3181425862,0.3181425616,0.3185326007
Sh3pz1JA,2024-02-12,1,0.5097669745,0.5084657697,0.5096955062,0.5030018553
bL5hFaso,2024-02-12,1,0.6103624671,0.6093986811,0.608289458,0.6079913652
lQ2uPBfU,2024-02-12,0,0.3288480885,0.3284407224,0.3282539829,0.3270978353
6NQDMskB,2024-02-12,1,0.5393073993,0.5396549609,0.5431430966,0.5507394584
E95dXb3T,2024-02-12,0,0.648068295,0.6409784868,0.6400021959,0.6507384748
x4AXx3Zi,2024-02-12,0,0.5793935742,0.5767021302,0.5831808547,0.5837752004
S49plPmB,2024-02-12,1,0.9044471526,0.908570665,0.9089102414,0.9088859841
GjPnSS81,2024-02-12,1,0.8469309842,0.8470944134,0.8546386787,0.8517732015
WOSoWW5K,2024-02-13,1,0.7222763136,0.7219798754,0.7218846802,0.7232229923
4IIInbk8,2024-02-13,0,0.4279745397,0.4291028655,0.4289080819,0.43654785
U5sUMYEn,2024-02-13,1,0.4570714826,0.4625926947,0.4619545622,0.4614059614
xfPyadFB,2024-02-13,0,0.3256866266,0.330381914,0.3295209639,0.3295436435
rcH8n78i,2024-02-13,1,0.3003781633,0.3012016327,0.3024213571,0.3038687429
OEujESKF,2024-02-13,1,0.491519112,0.4924917127,0.4833847667,0.485568711
tYQef0Ap,2024-02-13,0,0.3262675849,0.3271861173,0.3250862374,0.3229944648
bwBL9dM0,2024-02-13,0,0.5040912409,0.5122045637,0.5097992427,0.5095160068
fsOjRnO7,2024-02-13,1,0.1291145776,0.1294533637,0.1293550692,0.1329712121
hpSgHUrO,2024-02-13,0,0.3000911457,0.2990480161,0.2970104481,0.2999829749
hbP1xbEI,2024-02-13,0,0.6986739537,0.6995731785,0.699390796,0.6986759766
GpOubGUH,2024-02-13,0,0.3605552235,0.3612960376,0.3577548607,0.3535686132
p2HoHNHc,2024-02-13,0,0.1410022888,0.1415382728,0.1364585094,0.1366726756
2DfatGZt,2024-02-14,0,0.6060046509,0.6060443875,0.615167763,0.6125232654
KfYH0cY1,2024-02-14,1,0.6425177963,0.6421665981,0.6451124419,0.6404575837
4UtMmMIt,2024-02-14,0,0.5469171898,0.5480606917,0.5458080956,0.5463818356
2FJxdEos,2024-02-14,1,0.3978922422,0.4006186268,0.4023333587,0.4027271186
xIuGh4j9,2024-02-14,0,0.2236984334,0.2278385672,0.2226830393,0.2233179354
6FWnYeyp,2024-02-14,1,0.8963179101,0.8988491188,0.8986230085,0.8982221817
rkZMgqMA,2024-02-14,1,0.4717884992,0.4733001851,0.4725355961,0.4673559987
Orm4wvkC,2024-02-15,1,0.5135947216,0.5130934841,0.5126800152,0.5139598133
UL7Dmhm0,2024-02-15,0,0.2398352225,0.2375828959,0.2348554289,0.2350162754
hn5zUURq,2024-02-15,1,0.8738762659,0.8761847155,0.8762120763,0.8752586642
8joKtVHP,2024-02-15,0,0.6145847535,0.6120738516,0.6133471323,0.6170693182
CdoaX5AS,2024-02-16,1,0.6652127574,0.6652279674,0.6633800231,0.6637496399
MB8mF6lp,2024-02-16,0,0.5558014031,0.5561606154,0.5570113197,0.5561564098
lrCTnoAF,2024-02-16,1,0.7313326492,0.7396383863,0.7404343131,0.7415692187
rHgrylB3,2024-02-16,0,0.5607223397,0.5608027853,0.563254666,0.5640209572
UXefYoeM,2024-02-16,1,0.3757378602,0.3767634528,0.3746933678,0.3707302073
AiDPmRf9,2024-02-16,1,0.5728114535,0.5767093969,0.5678847388,0.5655929587
nk0ZxAti,2024-02-16,1,0.5572767358,0.5615282277,0.5603740793,0.5633307628
0MVYQ3md,2024-02-16,1,0.5877349887,0.5935528423,0.5943522783,0.5936732311
MVWURqYk,2024-02-16,0,0.1222847878,0.1137269022,0.1061971264,0.09815060006
QuawxUec,2024-02-16,1,0.4847013867,0.4811335626,0.4914549283,0.4946100784
M7hnz8Q9,2024-02-16,0,0.5228374121,0.522749603,0.5242637882,0.5270072634
GUijZRuG,2024-02-16,0,0.1249074375,0.1166727362,0.1069604148,0.09594120684
0SpNRRmd,2024-02-16,1,0.6380930433,0.6401182232,0.6276273369,0.6287826408
YoCiEQ3j,2024-02-16,0,0.2985256535,0.2954977952,0.2916074968,0.2877705536
G2eLOnJd,2024-02-16,1,0.3507248721,0.3496828307,0.3499921228,0.3520736955
rqU1Uxfl,2024-02-16,1,0.7342063844,0.7352180515,0.7377108866,0.735524485
69HzyB9C,2024-02-17,0,0.4975161594,0.5065259596,0.5062271272,0.506516618
CKupiCil,2024-02-17,1,0.6284510487,0.6327279898,0.631929414,0.6340658089
vgpqoeXJ,2024-02-17,1,0.7417457523,0.7352813535,0.7414627361,0.7419673692
bosBMbAo,2024-02-17,1,0.4465302887,0.447789512,0.444525211,0.4386466525
MFS9iAN3,2024-02-17,1,0.4604656572,0.4618879824,0.4628742833,0.4688234559
vP0Bqp1a,2024-02-17,0,0.6505578062,0.6503953567,0.6547264726,0.6532561358
CdccuEFB,2024-02-17,1,0.7809693916,0.7850804377,0.7833512713,0.7822700859
dtLgZf64,2024-02-17,0,0.3674723764,0.3660200028,0.3648992995,0.3681426658
ID8ZD2dH,2024-02-17,1,0.6880587425,0.6921860858,0.6878881554,0.6875987173
4U8qhMUk,2024-02-18,0,0.5698638097,0.5777426831,0.5769235725,0.5751075881
U9ibzi4t,2024-02-18,0,0.6743586044,0.6753406696,0.675582253,0.6726909211
fePeSgCJ,2024-02-18,0,0.8164740396,0.8098726934,0.8104544308,0.809936842
6eKyJkZ5,2024-02-18,1,0.3446958232,0.345414318,0.3463410824,0.3469822907
xGSKMXZt,2024-02-18,0,0.482362707,0.4866606585,0.4860138386,0.4798759943
6Zr16Ck0,2024-02-18,0,0.4469371105,0.4413074013,0.4411063967,0.4463062012
hCMmGmJO,2024-02-18,1,0.6982531562,0.7003527165,0.7044022622,0.7033276051
G6ROLikm,2024-02-18,1,0.3339830494,0.3343568059,0.3359475677,0.3307853207
pnJuI9lC,2024-02-18,1,0.5337156874,0.5277370648,0.5279493198,0.5276467949
rmrdhtxe,2024-02-18,0,0.698023822,0.6941643776,0.6945309002,0.6956232932
Q39HRML8,2024-02-18,1,0.3636242089,0.3634181325,0.364690693,0.3653154033
SlX94jKC,2024-02-18,0,0.4380891402,0.4370844626,0.4482742385,0.4480550951
ELNqHT3I,2024-02-19,1,0.7110483136,0.709599722,0.7114458151,0.7120670068
YoOaRDRP,2024-02-19,1,0.6208750869,0.6216214927,0.6145867076,0.6147025143
x0vc7hzf,2024-02-19,0,0.2297766419,0.2285857474,0.228387521,0.2274406671
AeRU3JT1,2024-02-19,1,0.7489491214,0.7536302043,0.7578481772,0.7621159806
rL7mitpd,2024-02-19,0,0.4682077783,0.4606719286,0.4615063936,0.4618254723
thyE3AZI,2024-02-19,1,0.546028132,0.5463799785,0.5402545365,0.5426837787
OWj2ZAJn,2024-02-19,1,0.7206416091,0.7157481292,0.7163840163,0.7222992987
pQs55W46,2024-02-19,1,0.6322115181,0.6244182832,0.6250674098,0.6332589695
fH0WvXeP,2024-02-19,0,0.1563934197,0.1569588739,0.1511371248,0.1513926758
W4SQ4aEe,2024-02-19,0,0.7530318124,0.7426273547,0.744931766,0.7493577411
ngEvg2Fq,2024-02-19,0,0.2312288955,0.2314438798,0.2310816138,0.2378251039
IaoSt6Ci,2024-02-19,0,0.706590353,0.7063215654,0.7025408787,0.7099353561
jahgL73c,2024-02-20,0,0.6220786957,0.6212332998,0.6221491339,0.6183641025
M5gPmlqI,2024-02-20,1,0.4480382261,0.4488332726,0.4471490206,0.4500242837
hG8ZrHsp,2024-02-20,1,0.6124798928,0.6067660234,0.6054038384,0.6028731769
p235HO7U,2024-02-20,1,0.7763291389,0.7711159913,0.7777840459,0.7785466866
ChipQY0O,2024-02-20,1,0.09978415024,0.1005604314,0.09757090901,0.09982518074
fZH9zv91,2024-02-20,1,0.6766519015,0.6787209629,0.6809411368,0.6771373249
z7rpFJTH,2024-02-20,0,0.5152180244,0.5167368514,0.5146752683,0.5217275082
80bSFa6p,2024-02-20,0,0.1834101416,0.1848465146,0.1853140876,0.1848403743
K4wX9yYG,2024-02-20,0,0.3777088778,0.371631337,0.3758585779,0.3766645656
E34uVyBe,2024-02-20,1,0.8408893694,0.8367277024,0.8370452221,0.8389093584
8Sn6qixQ,2024-02-20,0,0.1365445795,0.1369141909,0.1373812494,0.1373545314
6HaAC4O2,2024-02-20,1,0.917695472,0.9188551688,0.9190622972,0.9191227681
vLCO6N6f,2024-02-20,1,0.5332449385,0.5348930198,0.5335667504,0.5332654052
6DPMiq5Q,2024-02-20,1,0.8990685226,0.8968025859,0.8967183389,0.8970276703
MRzsHLx0,2024-02-21,0,0.6650145653,0.6656869887,0.6648516545,0.6617980335
Ui0KUv7a,2024-02-21,1,0.4652120979,0.4677360014,0.4665983631,0.4676237801
lI6sgJao,2024-02-21,0,0.568992588,0.5705176264,0.5656078235,0.5689356285
EaK2Hgr3,2024-02-21,0,0.1116182408,0.1112503125,0.1095532979,0.1106601659
tOT5uWf5,2024-02-21,1,0.5739054145,0.573188003,0.5735416833,0.5693359593
EwPmgUIg,2024-02-21,1,0.8458147677,0.8462768747,0.8455219554,0.8456613463
h61j4u94,2024-02-21,1,0.8443453084,0.8470178149,0.8476399683,0.8469944799
OIcOVBqd,2024-02-21,0,0.3120483832,0.3172866482,0.3175380049,0.3170126014
pzqZiX2b,2024-02-22,0,0.6149675486,0.6152621267,0.6200631121,0.6186108524
CxLDBhJU,2024-02-22,1,0.8228104477,0.8249587818,0.8250117191,0.8250212738
x4SCUc6Q,2024-02-22,0,0.7643866026,0.7648825749,0.7612625857,0.7604191503
tEvuLgQo,2024-02-23,1,0.4062761279,0.4060053201,0.4037518221,0.4046449456
YJ7d6JEo,2024-02-23,0,0.8538070142,0.8554373997,0.8534787826,0.8530734862
MLRe5HvU,2024-02-24,0,0.6453880965,0.6459604349,0.6492413509,0.6481710814
2kIKl6ec,2024-02-24,1,0.6978736589,0.6987030253,0.7020484453,0.7020553857
S8R7mHGK,2024-02-24,1,0.728765511,0.7160586262,0.715463813,0.7044869639
bZM3lc1E,2024-02-24,1,0.4819111278,0.4840489834,0.4827678754,0.4711013287
KrOakwn8,2024-02-24,1,0.5199363973,0.5093500383,0.4946373921,0.4858072157
QVR9SFve,2024-02-24,0,0.8054085363,0.8093548676,0.8152877597,0.8000396163
Q3Jtxodo,2024-02-24,0,0.177546102,0.1701438132,0.162093982,0.1515262111
OfXEtRmU,2024-02-24,0,0.6196385894,0.6275966235,0.6352820487,0.6411546047
IwpHQg97,2024-02-24,0,0.2902489756,0.2872415418,0.2857722652,0.2860851312
nuT5TePl,2024-02-24,0,0.3233200909,0.3239195196,0.3247370387,0.3362650986
OveZx9do,2024-02-24,1,0.7310767094,0.7442368225,0.7676791595,0.7751664792
zFbwxTBi,2024-02-24,0,0.240691032,0.2413755383,0.2415475434,0.2305250802
bHBTnpQ9,2024-02-24,0,0.3085711301,0.3005066635,0.291624379,0.2825351074
hvBXo4uG,2024-02-24,0,0.1762640229,0.166225582,0.15705329,0.1469152639
8Sdoz7t4,2024-02-24,0,0.8188124152,0.822745271,0.8309130532,0.8354857374
KhRDRZg1,2024-02-24,1,0.7525365039,0.737440931,0.7393112936,0.7412534214
U3Y0UyAr,2024-02-24,0,0.2953210187,0.2813967899,0.267182486,0.2499052898
pE7PmQA3,2024-02-24,1,0.786039443,0.796936367,0.7995977785,0.7790106628
4fjfYpBG,2024-02-24,0,0.4232293023,0.4155151529,0.403220794,0.3941553581
Q3ijZQeA,2024-02-24,1,0.7061073628,0.7094660216,0.7173588219,0.7200649308
CKg2WOuT,2024-02-24,0,0.3993371731,0.3962739277,0.3819296766,0.3771989067
bHkbX4QM,2024-02-24,1,0.8139990772,0.8262004947,0.8273528323,0.8092898191
I1WURrlp,2024-02-24,0,0.1894690576,0.1832314101,0.2541078006,0.2439713127
dhVYQ23j,2024-02-24,1,0.7034921374,0.7085555629,0.7135217223,0.7178072396
jirKHEh0,2024-02-25,1,0.5144163025,0.5167174297,0.5146525133,0.5419378448
t0PICsTg,2024-02-25,0,0.1743675253,0.1761963092,0.1787954694,0.1855753111
vDOEwdFJ,2024-02-25,1,0.6788706593,0.6807171491,0.6866019037,0.6827507221
lMxFgNN7,2024-02-25,1,0.7271958147,0.7334695082,0.7318478168,0.730130881
27uBwBX9,2024-02-25,0,0.4539919904,0.4541997395,0.4548871041,0.4602847992
fFLWQn6f,2024-02-25,0,0.5491601418,0.5555398618,0.5604378049,0.5663214974
AVwBf381,2024-02-25,0,0.4195271999,0.3796233059,0.3970032987,0.3993551996
UcVoWD7g,2024-02-25,1,0.4556760238,0.4598260735,0.4629807943,0.4692530796
zZhIyk2M,2024-02-25,1,0.2071935533,0.2089250095,0.2131853988,0.2008742562
Y5KzQ6L0,2024-02-25,1,0.5603579159,0.560752102,0.5602254448,0.5625481343
IqHFVVhF,2024-02-25,0,0.4583827907,0.4595398892,0.450060622,0.4507469304
v16I5rZh,2024-02-25,0,0.5822036407,0.5941866813,0.5833874751,0.5878303534
zmOautMt,2024-02-26,1,0.7151476966,0.7152069345,0.7216483477,0.7219716944
faqIP0bL,2024-02-26,0,0.3780788582,0.3754571134,0.3735909277,0.3916076903
lhJuzop1,2024-02-26,1,0.502939616,0.5016269693,0.4963588787,0.4958832375
QPpVjjNC,2024-02-26,0,0.5053992314,0.505927871,0.505340365,0.4928207217
WrF7krZs,2024-02-26,1,0.47337147,0.4681207079,0.4747484604,0.4756700203
v9IFmM3f,2024-02-26,1,0.49934293,0.496364985,0.5003973024,0.4990959513
Q1xufOQQ,2024-02-26,0,0.1889259663,0.191088514,0.1949495326,0.1997245054
reGXy7Fl,2024-02-26,1,0.6375439526,0.6455712873,0.6472555989,0.6490844816
tYSHEgFJ,2024-02-26,0,0.6214721155,0.6144120574,0.6147274817,0.6137581375
IaHJntJ0,2024-02-26,0,0.2150112037,0.2272695344,0.2291511182,0.2269153632
WEH8wKjg,2024-02-27,1,0.2509398807,0.2526240688,0.2515777811,0.2510406473
xIFyyRUf,2024-02-27,1,0.5592771692,0.5674266995,0.5691703804,0.5708814217
QyHCxv6a,2024-02-27,1,0.3142164688,0.3193470513,0.3251631063,0.3277804303
WG8pZ4a7,2024-02-27,1,0.8680121252,0.8694601805,0.8639103588,0.8607330375
6w3N3Jy2,2024-02-27,0,0.2967141859,0.2969522253,0.2969184657,0.2965787366
4SFGybL5,2024-02-27,0,0.3128770013,0.3072815514,0.3080017787,0.3159322629
G8pEQtqF,2024-02-27,1,0.6061569263,0.6045244432,0.6075759179,0.6174196984
KSsNhCh0,2024-02-27,0,0.3295637888,0.322534836,0.3294835316,0.3284030823
IBD4v0ym,2024-02-27,1,0.5881171028,0.5968859312,0.5941772586,0.578403054
pnJBl2ll,2024-02-27,0,0.3150637643,0.3145183088,0.3203159648,0.3140172806
8rs6S2E2,2024-02-27,0,0.4876276161,0.4848773471,0.4838616369,0.4849130477
A77lYOED,2024-02-27,1,0.543575822,0.5433029533,0.5418983945,0.5389607585
KORLDDUP,2024-02-27,1,0.7954839107,0.7948811284,0.7952943074,0.7950914593
x4Em9Xxs,2024-02-27,1,0.3040553706,0.3017224386,0.2993176122,0.2965075757
bN0Wd8iE,2024-02-27,0,0.6386333689,0.6454270641,0.6453277483,0.6456596075
4GqZkAxJ,2024-02-27,1,0.9059402367,0.913034196,0.919480234,0.9275062485
nZuARMT8,2024-02-27,1,0.7926094626,0.7941555572,0.7969199778,0.7976356049
W2oRiW76,2024-02-27,0,0.6552865133,0.6524515526,0.6433089983,0.6419996622
S0ixno1G,2024-02-28,0,0.2796074203,0.2889649652,0.2869461034,0.285367993
fohREAA7,2024-02-28,1,0.391733668,0.3943046816,0.3974661991,0.3772773031
WnV2NfAG,2024-02-28,0,0.1916413421,0.1888164546,0.1880614092,0.1897502247
xQVbOzeA,2024-02-28,0,0.352368876,0.3540047367,0.351080894,0.3525838935
KhV1nYO9,2024-02-28,1,0.4829920315,0.4773755627,0.4769357376,0.4831876832
UuKPmMlf,2024-02-28,0,0.4979334027,0.5064773281,0.5078800229,0.5034918616
IRFr13bM,2024-02-28,1,0.3429625363,0.3423336151,0.3428910865,0.3426056814
dhXv1IGC,2024-02-28,1,0.8846432668,0.8824882833,0.8796279929,0.8786542537
lh3YNxPf,2024-02-29,0,0.3487612228,0.3365271263,0.3295369709,0.3232739084
hjy9e0wc,2024-02-29,1,0.4504330731,0.4445975642,0.4505242385,0.4492019396
Amagrj3t,2024-02-29,1,0.7672237175,0.7630682206,0.7637343337,0.761225458
0QHu8zSQ,2024-02-29,1,0.7407243483,0.7442019759,0.7469644611,0.7516808006
dEEgWFZ4,2024-02-29,1,0.3286414785,0.3250141799,0.3245549854,0.3218242992
SvAkXeKb,2024-02-29,0,0.4344302834,0.4290587195,0.4304858757,0.434842437
E9FTAxr8,2024-02-29,1,0.4132849974,0.4158644198,0.418149605,0.4199155888
AclszqDk,2024-02-29,1,0.6696445639,0.6646766445,0.667271989,0.6672293385
pOxPvdcI,2024-03-01,1,0.5600267807,0.5603787331,0.5608188253,0.5629478123
IkAwsDWH,2024-03-01,0,0.490972767,0.4911399279,0.4915942024,0.4875048344
nmDCDVl6,2024-03-01,0,0.6803759928,0.6766359246,0.6783917189,0.678740584
KSedufd6,2024-03-01,0,0.3502875715,0.3448183385,0.3468194232,0.3448368919
UmriWAzj,2024-03-01,0,0.4104130146,0.412603853,0.4124471171,0.4136652139
xfcKXzP0,2024-03-01,1,0.8190857232,0.81844259,0.8153554641,0.8147899121
UqlQw6Jf,2024-03-01,1,0.4967291293,0.4941532329,0.5001500925,0.5033175771
SY0fVUkd,2024-03-01,0,0.637766548,0.6368312337,0.638705838,0.6398760184
GOC5oV5g,2024-03-02,0,0.4484106774,0.4451227255,0.4445593972,0.448576348
OAigWh1r,2024-03-02,0,0.6003379623,0.6051182611,0.605817628,0.5994416998
AiLlahUF,2024-03-02,1,0.6549993611,0.6542561299,0.6593987444,0.6624773809
ruz6O8cR,2024-03-02,0,0.7374734886,0.7372042895,0.7388672387,0.7383956911
2oO50vfG,2024-03-03,0,0.6098055759,0.6134590911,0.6082933312,0.6078347347
raOVhgiE,2024-03-03,0,0.544988368,0.5460259442,0.5465142393,0.5396744354
txN9ab9M,2024-03-04,1,0.4544175059,0.4464114616,0.4415251987,0.4382544261
Ek3ISdw9,2024-03-04,1,0.4440786102,0.4461695483,0.4478310942,0.4551576712
86i1KYpk,2024-03-04,1,0.8896371359,0.8969973181,0.9050112867,0.9163114793
GWf9ICF1,2024-03-04,1,0.560580132,0.5634493454,0.5669094476,0.5762767813
Gp2S4Qhn,2024-03-05,1,0.5066891499,0.5073583028,0.50750935,0.5072353207
QekEcGaI,2024-03-05,1,0.5388527633,0.5410175908,0.5427299475,0.5455235692
dU6hhm9t,2024-03-05,0,0.4833608177,0.4827957032,0.4719961161,0.4712836164
0txOej8t,2024-03-05,1,0.4787834746,0.4734257297,0.4746117489,0.4735010693
bZzOx89g,2024-03-05,1,0.4090652285,0.3996902814,0.4067328972,0.4044558839
CYCOUDC8,2024-03-05,1,0.4806461542,0.4794696728,0.4811762685,0.4799156234
hfgWB8co,2024-03-05,0,0.5564444815,0.5629856741,0.5710167268,0.5758748768
vaeU9eos,2024-03-05,0,0.6114545165,0.6156111246,0.6175534657,0.618193811
x2ghH9IQ,2024-03-05,0,0.7554634431,0.7415100817,0.7445343318,0.7441763415
zibCWFcI,2024-03-05,1,0.7645372382,0.7646358394,0.7689518491,0.7786720156
v52iyvqm,2024-03-05,0,0.4179003222,0.4184715502,0.417951542,0.4232338947
SQYYIdTI,2024-03-05,0,0.3380030072,0.3391919895,0.3483431185,0.3470167399
S2KpPRjo,2024-03-06,0,0.3588011087,0.3614219228,0.3613249242,0.3606411715
8vVoyYqt,2024-03-06,1,0.477330258,0.4778211599,0.4786665516,0.4790631449
I96TIjUB,2024-03-06,1,0.5006896874,0.5001581805,0.498663383,0.4969200679
MsZkzhan,2024-03-06,0,0.4071672769,0.4057456074,0.3956323904,0.4117697961
UkmaBOgq,2024-03-06,1,0.3479495736,0.3444687467,0.3421335673,0.3535678581
b7dTGpWL,2024-03-06,1,0.6916431438,0.6944592355,0.7004393854,0.7023424973
xY1ynkbb,2024-03-06,0,0.8412172597,0.8383400315,0.8377798013,0.8359365996
jNQ6W9bB,2024-03-06,1,0.451754734,0.4507991092,0.4497842277,0.4426511564
Gr7OHQGF,2024-03-06,1,0.473292301,0.4743533663,0.4715351221,0.4715282274
f9CWnVrh,2024-03-07,0,0.5022541964,0.4977899164,0.4982471035,0.5000156472
feXcYVTb,2024-03-07,1,0.6500151148,0.6515009443,0.6514394617,0.6501869023
ppQAVTDH,2024-03-07,0,0.5713935782,0.5703877838,0.5651146691,0.5695251035
zTRPdPvj,2024-03-07,1,0.7120840438,0.7108658665,0.7034606598,0.7043472886
zDDMn10a,2024-03-07,1,0.2927994643,0.2938309265,0.292957574,0.2973473298
CA0XF4oS,2024-03-07,0,0.2796553835,0.2799665798,0.2800692961,0.2783042166
UR8GJnn3,2024-03-07,0,0.3870029007,0.3856716235,0.3955972493,0.3962154381
QgYIT7rU,2024-03-07,1,0.5702940882,0.569422276,0.5699526392,0.5690914794
xh8KI619,2024-03-07,1,0.5478008498,0.5519893258,0.55534191,0.561062014
8tn3Ar9k,2024-03-07,0,0.4538706056,0.440334564,0.440616305,0.4391698252
d05XHAqI,2024-03-07,1,0.377932724,0.3793059678,0.384359765,0.3842302598
t6SLc5Pq,2024-03-07,1,0.5150259426,0.5133060446,0.5138832482,0.5232829465
lWVTeqfd,2024-03-07,1,0.8351266084,0.8346099175,0.8350604484,0.8389621965
rVrEUmTN,2024-03-07,1,0.5058761711,0.5075496584,0.5059010076,0.5080168284
jy6uo9D4,2024-03-07,1,0.7452161734,0.7495100894,0.7488438457,0.7496709475
CWR2Xkq5,2024-03-07,0,0.4967255775,0.4962404354,0.4946529982,0.479324247
jyACKSWd,2024-03-07,0,0.2502756819,0.2491043218,0.2480914141,0.2518113243
zoHOJWE5,2024-03-07,0,0.5621911357,0.5602138428,0.5543406169,0.5605029461
GIDSmBTo,2024-03-07,1,0.7392599816,0.7408964764,0.7417139192,0.7273817168
CbKL8RSG,2024-03-08,0,0.2584561624,0.2588167596,0.2525264356,0.2521638952
Uc9a1qLj,2024-03-08,1,0.3413957987,0.3408995315,0.3399667709,0.3390450545
h4Cu3Mpt,2024-03-08,0,0.7854730879,0.786595544,0.7869640363,0.7918264408
nHzx3YPL,2024-03-08,0,0.1798266461,0.1792225585,0.1793595138,0.1799322842
4Q4yHUbO,2024-03-08,0,0.5337545204,0.5343108401,0.5336558033,0.5334603456
pb5qpTSA,2024-03-08,0,0.4534415658,0.4613091075,0.4574441272,0.4559677505
MsDKKCaa,2024-03-08,1,0.597233566,0.5963400469,0.5959437352,0.5965447621
pbXUTWsq,2024-03-08,1,0.8394511039,0.8423761157,0.8422476369,0.8419583686
MFCei9eD,2024-03-08,0,0.2439494534,0.2429067185,0.2424218205,0.2358650736
YJDPkE42,2024-03-08,0,0.4850327328,0.4845601728,0.4838409436,0.4903776357
G4YgZBEh,2024-03-08,1,0.3611619785,0.3607435693,0.351234134,0.3504568529
Ae9yA1k3,2024-03-08,1,0.7130733919,0.7123849534,0.7079708911,0.7085135479
Uk9fkFwe,2024-03-08,0,0.3318065437,0.3319289684,0.3316559065,0.3305004558
SnAElNVn,2024-03-08,0,0.5701496099,0.561895076,0.5698781798,0.5727580902
EwTZCcE4,2024-03-08,1,0.8362257501,0.8368781448,0.837071146,0.8365679175
Ue0SyWeA,2024-03-08,1,0.2342073793,0.2378687891,0.2382868914,0.2403589063
EuWOvZ6q,2024-03-08,1,0.6956897313,0.6975048407,0.7020832267,0.6970132263
vc8nmvrj,2024-03-08,0,0.2992028483,0.3000608112,0.2999255523,0.3013384148
OAuZlLOT,2024-03-08,0,0.5295251078,0.531118482,0.5368886703,0.5308770571
nBaH8AQm,2024-03-08,1,0.8111144722,0.8042594429,0.8034551,0.8008624458
CACTlYJ8,2024-03-09,0,0.1433216785,0.1470383731,0.1467500172,0.146714092
I7NiZX2O,2024-03-09,0,0.5771585147,0.5778937311,0.5720533887,0.5752556019
Wfq9BXsL,2024-03-09,0,0.1887513093,0.1882612149,0.1871350573,0.1867905992
Qc89jW5e,2024-03-09,1,0.261970646,0.2625942436,0.2614082713,0.2629047779
MNr1Sig9,2024-03-09,0,0.3279423285,0.3277257002,0.3278311068,0.3272102229
M5gZUpF7,2024-03-09,1,0.7106517561,0.7106495251,0.7092345558,0.709126317
ngUWxDyd,2024-03-09,0,0.373776024,0.377683775,0.3773324661,0.3774336836
Q1bL7Uuf,2024-03-09,0,0.8255413232,0.825248346,0.8231012718,0.8228653303
hU5I7qbp,2024-03-09,0,0.5351629262,0.5347865041,0.5361216972,0.5347515848
lWg4CDSE,2024-03-09,1,0.1946611633,0.1948618326,0.1991555918,0.2001181152
tjKfu91P,2024-03-09,0,0.6256019453,0.6253442175,0.6332498732,0.6277754505
h0dfzZ4F,2024-03-09,1,0.6360256568,0.635500108,0.6346047158,0.6287059595
rer5kcv1,2024-03-09,0,0.07186794244,0.07416879604,0.07151930802,0.07137734676
zTk0DgD8,2024-03-09,0,0.3475430625,0.3426241834,0.3416606244,0.3415638831
YqeZbABc,2024-03-09,0,0.7749322606,0.7737535196,0.7707530882,0.7704779428
lY2EaBxk,2024-03-10,1,0.8809869544,0.883594188,0.8840062256,0.8841170802
OpzIzP4C,2024-03-10,0,0.6421667788,0.6450915287,0.64252066,0.6414045903
zRMw6DaL,2024-03-10,0,0.6536709914,0.6538068722,0.6582747028,0.6587213316
f5009n6D,2024-03-10,0,0.2649543959,0.2601942215,0.259847105,0.2623698457
80KXQvI4,2024-03-10,1,0.3404622593,0.3400448108,0.339987878,0.3355350689
x8Yo8rPi,2024-03-10,1,0.5959378129,0.591762239,0.5925244686,0.5917580335
2DOV7ZU8,2024-03-10,0,0.4742764235,0.4732927683,0.4715784571,0.4801170093
KfbvayX1,2024-03-11,1,0.5862260208,0.5872485336,0.5854988679,0.5848761059
UXDb3qsG,2024-03-11,0,0.09345310068,0.09287488757,0.09450051337,0.09537995403
hA1xDlwf,2024-03-11,0,0.1529278807,0.1510403559,0.1481747472,0.1482981998
hnqYsoYL,2024-03-11,0,0.4174761803,0.4180525478,0.4181128584,0.4100069019
b7ntxG10,2024-03-11,0,0.5190290027,0.5162900126,0.5198375004,0.5241597523
dtylBncp,2024-03-11,0,0.5028758094,0.5040142278,0.5100129843,0.5082321672
voESTxij,2024-03-11,0,0.4275509368,0.4267662018,0.4288495979,0.4281650335
OS4V0c2k,2024-03-11,0,0.5874184547,0.5829423128,0.5830355172,0.5833401
bLsDqTva,2024-03-12,1,0.5137119061,0.5194612,0.519439699,0.519520759
faLwJc6b,2024-03-12,0,0.5907677208,0.590290782,0.5902951002,0.5916290147
02ggfgC0,2024-03-12,0,0.3957592825,0.3950477762,0.3947599829,0.3963622348
zkV5RKqQ,2024-03-12,1,0.9225555871,0.9239007802,0.9241693914,0.9245927066
Knl2Fef4,2024-03-13,1,0.1932809909,0.195048248,0.1913623805,0.1922680624
rD73I6yd,2024-03-13,0,0.2190602679,0.2190236305,0.2189696542,0.219400619
dEAmniEq,2024-03-13,0,0.2688906359,0.2693174563,0.2695353169,0.2708706207
8KCpPHhB,2024-03-13,1,0.3225380187,0.3239009596,0.3280855416,0.3212474607
nPdOa66m,2024-03-14,0,0.4298640539,0.434093926,0.4345725042,0.4348039519
ULeByRb9,2024-03-14,1,0.9075390092,0.9089165827,0.9088187936,0.9084131138
jsBfISUC,2024-03-14,0,0.1389879929,0.1385960404,0.1403645024,0.1409747355
xEBWzezI,2024-03-14,1,0.512819692,0.508527119,0.507566591,0.5062077152
nPUFsG58,2024-03-15,1,0.8809632868,0.8821637231,0.8817506479,0.8814391283
EJMKmhRS,2024-03-15,0,0.7285544142,0.7293011546,0.7300656655,0.7304808669
K6h4FBHR,2024-03-17,1,0.5105461536,0.5135231677,0.5148584488,0.5208042286
nLjoQ1Vn,2024-03-17,0,0.3978732477,0.3904162906,0.3986314123,0.400422275
ngfdHXnF,2024-03-17,0,0.4241154845,0.4314914531,0.4435160628,0.443590619
viZzAkuk,2024-03-17,1,0.8880896931,0.8911017279,0.89439074,0.8962807607
4d1tRsGt,2024-03-17,1,0.4404047906,0.4406699292,0.4427321772,0.455395896
KWNaIDX8,2024-03-17,1,0.4783759412,0.4782826622,0.4712576349,0.4699102597
vmJZUjHE,2024-03-17,1,0.2005757383,0.1991094696,0.1981307968,0.1973693583
Q7cIMSOf,2024-03-17,1,0.822126292,0.8223696298,0.8234893051,0.8284902306
Y9IwUAWK,2024-03-17,1,0.5900134376,0.5893708719,0.5865703985,0.5876816807
dSqWAVPr,2024-03-17,1,0.3573297169,0.356819161,0.3490319444,0.3589667035
0QkVJQ8D,2024-03-17,0,0.4270254337,0.4227116863,0.4181482307,0.4158176234
Qqg0Gi2L,2024-03-17,1,0.4183631215,0.4181588321,0.4196588569,0.4072812375
hfaAOlfr,2024-03-17,0,0.6176695356,0.607791184,0.6148625401,0.6153525493
OWjLHfHN,2024-03-17,1,0.8549622608,0.8566503361,0.8564684943,0.8565417008
IsYv99fe,2024-03-17,0,0.1840749775,0.1824383873,0.1849503977,0.1930684057
MZjRK6g7,2024-03-17,0,0.5268815155,0.4741769337,0.4718038837,0.4761692883
SCFVVW18,2024-03-17,1,0.6383665749,0.6373694725,0.6398309298,0.6405677147
nHxq8T91,2024-03-17,1,0.8507950086,0.8608575529,0.8696341362,0.8827675601
vB1MLnv1,2024-03-17,1,0.5694094815,0.5693971325,0.5714572413,0.5731313186
C0HsTUoR,2024-03-17,1,0.547066782,0.5403589977,0.5329776626,0.5283484604
0OfkPLpg,2024-03-17,0,0.4651445871,0.4625959495,0.4545697063,0.4553638187
Q7ym7mP7,2024-03-17,1,0.4129640101,0.4024012711,0.4020490691,0.4018158043
WpbEN89l,2024-03-17,1,0.6598741684,0.6645629797,0.6635209189,0.6539118947
SWwDrAoE,2024-03-17,1,0.7154080089,0.7161582679,0.7172854744,0.7248867336
fofgOu0a,2024-03-17,1,0.5813976231,0.5815503857,0.5825090213,0.5827224228
6V8YbUhU,2024-03-18,0,0.7702031868,0.7701898399,0.7716275641,0.7724390214
8Ec1lGZm,2024-03-18,1,0.3806657603,0.3763987693,0.3758198978,0.3792801103
CSZT4fWs,2024-03-18,0,0.2520298991,0.250959193,0.2506639445,0.2550470128
h4lLKpFj,2024-03-18,0,0.3877990089,0.3898625197,0.3896142814,0.3888612995
IJoOPAQc,2024-03-18,1,0.6854069965,0.6839456119,0.6847372903,0.6840491866
QNDFHno5,2024-03-18,1,0.4271309812,0.4379598423,0.4404569283,0.4411791707
dIIag2Hp,2024-03-18,1,0.4759703852,0.4782212222,0.476675485,0.4701265673
vF96GYIt,2024-03-18,1,0.659131993,0.6601184198,0.6636519226,0.6712981666
zBAUR6r0,2024-03-18,0,0.4801434993,0.4700753638,0.4704744752,0.4765525149
ATOCvpS5,2024-03-18,0,0.3473211653,0.3478538978,0.3470065216,0.3435254534
6BvvaB9k,2024-03-18,0,0.4149836869,0.4167549725,0.4228019344,0.4231025715
d8cjYSnq,2024-03-18,0,0.6438003972,0.6275546051,0.6296316225,0.6386973601
Qs4FIslk,2024-03-19,1,0.6254052303,0.6245292649,0.6261990664,0.6270670321
E3pAvPA8,2024-03-19,0,0.4786117661,0.4786535364,0.479631496,0.4782726305
EwRozVzK,2024-03-19,1,0.5079520368,0.5161836765,0.5161854942,0.5148491613
pMHHU8bs,2024-03-19,1,0.7884290046,0.7881681773,0.7888006999,0.7892175131
tIWEfZTf,2024-03-19,0,0.2890528092,0.2892129717,0.2952031735,0.2934629792
4nrhW0Il,2024-03-19,1,0.8128392089,0.8134843817,0.8136154305,0.8141201281
YiT6dear,2024-03-19,1,0.8297975446,0.8298988073,0.8296411237,0.8302515479
zmSsyBLD,2024-03-19,0,0.3318256913,0.3312923639,0.3306729769,0.3237407473
YRZ8SIHD,2024-03-19,0,0.4453373942,0.4528496455,0.4522802794,0.4512070312
E7ORiXDD,2024-03-19,0,0.4178836843,0.4197745934,0.4249304054,0.4218804324
K8il9Yrl,2024-03-19,0,0.2913036949,0.3003488753,0.3010892467,0.3044158956
K8VIggq1,2024-03-19,1,0.7479564909,0.7529392056,0.7526890186,0.7506584091
fyy5Tb27,2024-03-19,0,0.6958864867,0.6863735196,0.6756386799,0.6551578763
Cl3DwqQE,2024-03-19,1,0.5553541466,0.5565900193,0.5559325574,0.5564290227
nBXdVKXf,2024-03-19,0,0.436660821,0.4354706297,0.4383938151,0.446235515
QeqlXt3r,2024-03-19,0,0.4612918166,0.4608345002,0.4710661604,0.4692449978
6y6QSnTg,2024-03-20,0,0.6114209002,0.6115747901,0.6187710212,0.6207851636
80QkZljQ,2024-03-20,1,0.3627860284,0.3605845215,0.359548993,0.3611994772
Y3iMyNfR,2024-03-20,0,0.5390110948,0.5388853984,0.540523633,0.5468691825
YBeh8hbf,2024-03-20,0,0.4267898135,0.4357655522,0.4347345584,0.4349258385
Sp7MTSDm,2024-03-20,1,0.5914779513,0.5911067436,0.5912106509,0.5916786177
Ox6IEfLQ,2024-03-20,1,0.3785439624,0.3861803928,0.3856993042,0.3872778053
61BDFz6K,2024-03-20,0,0.6625172761,0.6560449544,0.6560957037,0.6569748331
SAjv1yiR,2024-03-20,0,0.2743978297,0.2734850622,0.2739247211,0.2731818115
00dSFuY7,2024-03-20,1,0.4653649895,0.4649068832,0.4634440102,0.4656224163
4Y2JH13e,2024-03-20,0,0.6097424177,0.6095342618,0.6116198682,0.6229564674
SAC9GGjE,2024-03-20,1,0.6031834752,0.6013453494,0.6023179695,0.6023137902
QohpAETs,2024-03-20,1,0.2958593031,0.2974330185,0.297649546,0.3008579926
fDhIx3uL,2024-03-20,1,0.4699868085,0.4697690939,0.4683376082,0.4756153975
2XKNhDb7,2024-03-20,1,0.4733472265,0.4789727207,0.4686673948,0.4710027434
CrSAeFEl,2024-03-20,1,0.5596425454,0.5597834101,0.5605693626,0.5602925477
M9cOGLI1,2024-03-20,0,0.321538123,0.3301014186,0.3276976395,0.3228291063
GpxGD9Jj,2024-03-21,1,0.5933227703,0.5913750093,0.5939205284,0.6019349822
MXLdcO8c,2024-03-21,0,0.3267625583,0.3267408919,0.3282295669,0.3212504611
UmQcxgdi,2024-03-21,0,0.6188005246,0.6215202716,0.6207511094,0.6170868049
AVBkJCCl,2024-03-21,0,0.5780892506,0.5769207026,0.5763685684,0.571374018
YoEcrRNl,2024-03-21,1,0.4133187037,0.4117758194,0.4118560541,0.41787358
bTHEYAeG,2024-03-21,1,0.6433660035,0.6375977467,0.6441008041,0.6441351992
Q7DdxA3K,2024-03-21,1,0.6927711397,0.6931570801,0.689091816,0.6882321368
GfL0drO3,2024-03-21,0,0.7067338578,0.7064465124,0.7143762645,0.7140344669
Eo5XvIs9,2024-03-21,0,0.4587989767,0.4490341373,0.450480373,0.4495974234
2PbNNvP7,2024-03-21,0,0.4309932554,0.4288710715,0.429810073,0.4301914793
0ze94Hvi,2024-03-21,0,0.2616802983,0.2611599084,0.2604110397,0.2536513271
WY11IlCl,2024-03-21,0,0.2748494879,0.2802921054,0.2799928227,0.2800503273
CCilnF7P,2024-03-21,0,0.1655618162,0.1658078273,0.1607360437,0.1621631089
z3GVNAlR,2024-03-21,0,0.5729949333,0.5660360589,0.5667860286,0.5735734252
GpUc8tTg,2024-03-22,0,0.2919617932,0.2873235853,0.2875049925,0.2866145954
Gr9y0yx1,2024-03-22,1,0.9153753985,0.9153773386,0.9154119357,0.9143739772
MLm2oxN7,2024-03-22,1,0.7555694754,0.7570835701,0.7581339114,0.7582428768
WEZC8Hxm,2024-03-22,0,0.1853475631,0.1844944389,0.1803751542,0.1850040397
h6ky3QZG,2024-03-22,0,0.4050660386,0.4049891287,0.4049052761,0.4107733795
tOcTmdiO,2024-03-22,0,0.5451334429,0.5456533256,0.5458320337,0.5411992446
UFIrGoNE,2024-03-23,0,0.2205379733,0.2204794558,0.2210080626,0.2214311806
WdCPNlwq,2024-03-23,1,0.8757611052,0.8727789926,0.8726203927,0.8730445679
AL8zMacg,2024-03-23,1,0.5722707378,0.5685230732,0.568383452,0.5675670277
fLjCFh0E,2024-03-23,0,0.3436265657,0.3489596631,0.3491492203,0.3496271683
vmaOfj9d,2024-03-23,1,0.6973476163,0.6914464238,0.6920284948,0.6971540765
GCEvHR78,2024-03-23,0,0.2801746304,0.2816197296,0.282927418,0.2822546905
xvs2Qmbl,2024-03-23,0,0.4667358358,0.4667964079,0.4662786014,0.467807615
hvXk1lhh,2024-03-23,0,0.5820724203,0.580032222,0.5794123105,0.5792654526
SUbPge6C,2024-03-23,1,0.9305333316,0.931921973,0.9319827873,0.9314960185
pQLE4bSI,2024-03-23,1,0.4168596585,0.4181282443,0.4193774202,0.423331944
rVlbnI71,2024-03-23,1,0.6718412557,0.671949731,0.6714300944,0.671245346
pOnFuSfc,2024-03-23,1,0.6839846066,0.6783471184,0.6788184635,0.6792408664
ERfLfyi6,2024-03-23,1,0.1859365788,0.1850860573,0.1845347032,0.1847573197
YaNVegGC,2024-03-23,0,0.4516041388,0.4571467315,0.457505908,0.4599343473
pETs3ANu,2024-03-23,0,0.1291575404,0.1288988042,0.1259426351,0.1275628236
xjiChZfq,2024-03-23,1,0.1066515316,0.106586254,0.1046446566,0.1062805827
Y54KqJZ9,2024-03-23,1,0.5720437908,0.5712670929,0.5726408898,0.5680049412
Q39hp3wR,2024-03-23,1,0.4478217785,0.4481466387,0.4474883137,0.4470303458
hritS2vI,2024-03-23,1,0.4414030278,0.4422584906,0.4478806561,0.4424361486
ptWgKLSB,2024-03-24,0,0.5526934301,0.5540354172,0.5542506831,0.559571936
QqVfckkl,2024-03-24,0,0.3983717777,0.3951599362,0.3955889405,0.3956267955
t0a3j4VC,2024-03-24,1,0.9021305362,0.9026166764,0.9028165017,0.90098405
OdjADzX8,2024-03-24,0,0.5749781439,0.574997671,0.5751550551,0.5748606001
WIaNJCL1,2024-03-24,0,0.3180962504,0.3190019286,0.3175551435,0.3177106688
4YSY5arr,2024-03-24,1,0.4128445073,0.4114104335,0.4111127337,0.4059986059
ANBa5Wof,2024-03-24,1,0.7898913756,0.7913019812,0.7921066055,0.7919558894
l8N3BLKK,2024-03-24,1,0.8619030794,0.864015523,0.8641430176,0.8643888328
hbVaUwLM,2024-03-25,1,0.5420793097,0.5416094549,0.5416292189,0.5377738444
8f1eXuy4,2024-03-25,0,0.1981150183,0.1996348895,0.1952409495,0.1943235822
E7WeVJ5G,2024-03-25,1,0.6008672216,0.6018195654,0.6027472166,0.5961864283
f5OHqMqn,2024-03-25,0,0.7952366743,0.7954730538,0.7951686984,0.7961147559
f1lUO0Q9,2024-03-25,0,0.3887551178,0.3879548994,0.3881388769,0.3901488374
4GitBMRo,2024-03-25,0,0.3503449635,0.3540102426,0.3534497273,0.354488749
EcTrfbv2,2024-03-25,0,0.8779883068,0.8798353101,0.8797824555,0.8794831496
j76Dnlw7,2024-03-26,1,0.6610660195,0.6617005031,0.6608154099,0.6602693827
2FRH3cLR,2024-03-26,0,0.2971137649,0.2981416086,0.2947924048,0.2940690366
hSMV5WvL,2024-03-27,0,0.3747840404,0.3741868463,0.3749053715,0.3751607435
lEjsHyac,2024-03-27,1,0.3035155285,0.3031907932,0.3023568239,0.3033998871
zLNRlWFO,2024-03-28,1,0.7120511711,0.7117702489,0.7151264106,0.7146652982
SzdRoQAK,2024-03-28,0,0.4300227264,0.4300281243,0.4300092297,0.4305953602
EDBEiHo4,2024-03-30,1,0.9227725043,0.9258496438,0.9280253829,0.9044682575
SGgmyd1N,2024-03-30,0,0.2703140117,0.2614707708,0.226320065,0.1935512164
nR9MkeGG,2024-03-30,0,0.4590023608,0.456953782,0.4579814773,0.4563757743
CO96z4gF,2024-03-30,1,0.4079673107,0.4161161412,0.4981243413,0.4832611383
pxUqlNNE,2024-03-30,1,0.678304042,0.6888445966,0.6416089766,0.6477113315
rDqoTLok,2024-03-30,0,0.2033308958,0.2111778123,0.2281573715,0.2235472215
8zBIjy1A,2024-03-30,1,0.8818345615,0.8888502114,0.8929538262,0.8925136584
UTocQJV7,2024-03-30,1,0.8440180022,0.8429296469,0.849782027,0.8530383153
UaK1ypv9,2024-03-30,1,0.7581643354,0.7246408855,0.7327381543,0.7371978495
bu8EYsOR,2024-03-30,1,0.7589533821,0.7630354606,0.7674549581,0.7710715378
KjjuwIWA,2024-03-30,0,0.3458697734,0.3321347473,0.3268566894,0.2753589397
veJ1fJ1o,2024-03-30,0,0.58261548,0.5814276271,0.5250777899,0.5279152776
0lftU1Wr,2024-03-30,0,0.2303163041,0.2310155396,0.2694913469,0.2578183218
0A7AhcWc,2024-03-30,0,0.2830938962,0.2877077716,0.28780948,0.2897542447
jwmgRaG1,2024-03-30,0,0.7912214789,0.7932628087,0.8006033863,0.797992493
xYiDWfhs,2024-03-30,0,0.03946163833,0.03893253578,0.03813166208,0.03753164899
EDkqxxnH,2024-03-30,0,0.085523862,0.0837242225,0.07923973743,0.07762990287
AV957N9M,2024-03-30,1,0.3138967413,0.3140882996,0.3105243006,0.3098903255
jF8AZN8L,2024-03-30,1,0.7253855499,0.7368809127,0.7382455403,0.6947187832
0Ykcqggp,2024-03-30,0,0.5463200207,0.5048361671,0.5038614364,0.5034126488
IoI5gwHi,2024-03-30,1,0.8797981367,0.8881844224,0.9030105525,0.9056586212
ClVJVZOp,2024-03-30,0,0.3213788374,0.3198282155,0.3197165622,0.3146453696
6oVuk388,2024-03-30,0,0.3928265001,0.3650440048,0.3515949215,0.3304910548
AuqhzGGT,2024-03-30,1,0.6301295494,0.6371181496,0.6452754227,0.6479275857
dGmkSu1e,2024-03-30,0,0.5770215489,0.5741654369,0.5732129602,0.5688634909
ClmunuEA,2024-03-31,1,0.7891353175,0.7648883509,0.7496993984,0.7543794001
fgQJ4V7G,2024-03-31,1,0.6382152214,0.6371504588,0.6331470852,0.6333705807
CGqUf9dr,2024-03-31,0,0.1959311305,0.1959240424,0.2168750179,0.2131793871
IX2czTd8,2024-03-31,1,0.625434925,0.6352934231,0.6451658535,0.6444427239
YHfydVaP,2024-03-31,1,0.2671546892,0.270270038,0.2560091115,0.2561376916
f5QaxaLP,2024-03-31,1,0.5530135998,0.5631926513,0.5649998008,0.5735173758
reSF5uTj,2024-03-31,0,0.5808112287,0.5819679477,0.581613288,0.5828099908
IuyE7wN4,2024-03-31,1,0.5469577178,0.5528543185,0.5261319065,0.5631804179
KrAjEppc,2024-03-31,0,0.6209349335,0.6236583157,0.6296472613,0.6307176696
SAjcrt66,2024-03-31,0,0.5270007942,0.530439533,0.544359957,0.5100633206
Iq7SqP6U,2024-03-31,0,0.6417017926,0.6206670839,0.6426062887,0.6385601679
GURqNyZ4,2024-03-31,1,0.7517884515,0.7443861071,0.7514500729,0.7536168031
SfQtUFB8,2024-04-01,1,0.3775692652,0.3758802056,0.3763249155,0.3757978804
nctrSgtL,2024-04-01,0,0.4296211564,0.4288323799,0.426742737,0.4424633852
WdOftAsk,2024-04-01,1,0.7664935784,0.7830997182,0.7964588095,0.815853677
08SKUmcB,2024-04-01,0,0.4550076297,0.454777833,0.4560025351,0.4556625977
MsaCYVcn,2024-04-01,1,0.583194068,0.5848729323,0.5842276673,0.5871839184
MHTGVTs5,2024-04-01,0,0.4690508054,0.4662639377,0.4559963634,0.4547776379
Eixa5WY7,2024-04-01,0,0.2626573537,0.2480705248,0.2492052402,0.2498944994
G4bGXkDh,2024-04-01,0,0.4587090463,0.4510121787,0.4472857945,0.4501310073
rHT1ESCU,2024-04-01,0,0.5693755839,0.5760569566,0.5767402807,0.5794160885
8ve8ZBrt,2024-04-01,1,0.5872919754,0.6081603398,0.6115086713,0.6103014145
Au77UcVn,2024-04-02,0,0.4125223221,0.4158854734,0.4058465015,0.4040271295
IPrj7h4e,2024-04-02,1,0.5933840378,0.5912204796,0.5812098236,0.5890753779
MsD74iq6,2024-04-02,1,0.8018485808,0.7918388025,0.7955699878,0.7984447364
OWOjsjSr,2024-04-02,0,0.3232554912,0.3235398177,0.3229228156,0.3127135336
jJvA7ze1,2024-04-02,0,0.5110146723,0.5144498971,0.5229584994,0.5252761468
rTRDMX3r,2024-04-02,0,0.4182417507,0.4180477605,0.4183717989,0.4248111646
0lYf6CJ1,2024-04-02,1,0.5939512186,0.6031402408,0.6023987867,0.6021113435
dWVHLiJl,2024-04-02,1,0.3721767297,0.3726986559,0.3728403578,0.3658868182
MNxPoWJR,2024-04-02,0,0.07534124808,0.06888688852,0.0655337569,0.06290842986
0YBB3BbC,2024-04-02,0,0.5622391553,0.5699538578,0.5727912881,0.5699782727
QmunRDeR,2024-04-02,1,0.4730398267,0.4725275959,0.4747223769,0.4755187842
rc1G2VDI,2024-04-02,1,0.7232070623,0.7275280712,0.7361681527,0.7317105197
0lSXBBV3,2024-04-02,0,0.2620633605,0.2604035473,0.2603549391,0.261922079
zREa6DEg,2024-04-02,1,0.6983365382,0.7078231326,0.7032338691,0.7064172888
AmNbuUde,2024-04-02,0,0.3788405646,0.3683003897,0.3704303574,0.3783131711
d05K1kTO,2024-04-02,0,0.4664635743,0.4680725176,0.4893031022,0.4925619235
fecKW9Sb,2024-04-02,1,0.8356637962,0.836875772,0.8337916946,0.832656334
KI4k2i48,2024-04-02,0,0.5695579505,0.5693295479,0.5678410559,0.5810209769
lYfG4E5m,2024-04-02,1,0.4948544706,0.4849338024,0.4846529082,0.485255442
hCC3vlC1,2024-04-02,0,0.6956631134,0.6999870955,0.700000598,0.7055652001
Gpbb0VYK,2024-04-02,0,0.4272461235,0.4410336597,0.4428852114,0.4414534754
namLUhHC,2024-04-02,1,0.6498035808,0.6408038679,0.642582348,0.6439196035
EHD35XTa,2024-04-02,0,0.2279629656,0.2222025192,0.2233857024,0.2548793582
08fZKHml,2024-04-02,1,0.314234546,0.3134589085,0.3185168991,0.3169918613
6FG7w8R7,2024-04-02,1,0.7139569214,0.7152651038,0.7233352899,0.7255168285
b93g1BJE,2024-04-03,0,0.09335338527,0.08209173955,0.1205970215,0.1158527103
C8X7iDdM,2024-04-03,1,0.3642338086,0.3647354623,0.3664794688,0.3587548701
nHAAPCQe,2024-04-03,0,0.4640981488,0.4584072031,0.4592634776,0.4675906066
dt3ihCo2,2024-04-03,0,0.4399031159,0.4386917233,0.4374309589,0.4398650749
xEFOV4RP,2024-04-03,0,0.496350434,0.4967792125,0.4958220179,0.4894232523
AVHVEGDT,2024-04-03,1,0.5694334443,0.5630647295,0.5648862489,0.5656771327
A1bagEAC,2024-04-03,0,0.6455755332,0.6481869073,0.6424802037,0.6416080458
U9cU6Ha2,2024-04-03,1,0.7287261663,0.730263162,0.7288347457,0.7342184317
G6PIU1zd,2024-04-03,1,0.7435354577,0.7459549258,0.7434238318,0.7440433063
23olpszq,2024-04-03,0,0.304535923,0.3044556187,0.3035629884,0.2988790391
ziWw0g28,2024-04-03,1,0.4973386004,0.4922916674,0.4855006686,0.4964731638
6kgPtdr4,2024-04-03,1,0.414165424,0.4137835414,0.4155217887,0.4210975167
6uAMiV9l,2024-04-03,1,0.7393725042,0.7383158556,0.7314090961,0.7403769178
ULigsNZ7,2024-04-04,1,0.5511588738,0.5512895157,0.5525211457,0.5548958743
lnAjezt0,2024-04-04,0,0.4488020288,0.4500515499,0.4499244499,0.4471757601
lfvzfI37,2024-04-04,0,0.2400811545,0.2519797799,0.2518258966,0.2499334192
OzNGuZ1d,2024-04-04,1,0.7358253417,0.7414507692,0.7406541731,0.7426718074
jwcnHKUM,2024-04-04,1,0.7047727082,0.7048088028,0.7032824423,0.7054681031
U7rdHgfI,2024-04-04,1,0.7822142111,0.7829172337,0.783134528,0.7827297589
IJwnEiyA,2024-04-04,0,0.8387471364,0.8432402593,0.8408073026,0.8415703923
048zaFWb,2024-04-04,1,0.6129951751,0.6140383396,0.6134721834,0.6092330488
ER8IZb3m,2024-04-04,1,0.6131892655,0.6133197665,0.6119761179,0.6141500977
I7XiUKG9,2024-04-04,0,0.4584555176,0.4606688755,0.4579420991,0.4537920659
ADQwH89s,2024-04-04,0,0.5546567381,0.5529885453,0.5551339815,0.5553364533
OAV4v4ZO,2024-04-04,0,0.4494646492,0.4487303866,0.4478273541,0.4482806689
OMq43zNi,2024-04-04,0,0.1789510722,0.1775424204,0.1794985269,0.1801765062
4bIdqsjB,2024-04-04,0,0.596841511,0.5962552053,0.5939191196,0.5956784597
tQ2sbBh4,2024-04-04,1,0.6303525774,0.6231622695,0.6300343428,0.625672162
AVLFP7Mt,2024-04-04,0,0.1999743587,0.2457154838,0.2609306572,0.2466678285
Uyd1zJbJ,2024-04-05,1,0.7485780637,0.7469725431,0.7442835068,0.7500942376
vZRfCV5M,2024-04-05,0,0.2577376921,0.257721787,0.2570317666,0.2553845986
v7FEJlz1,2024-04-05,1,0.610852346,0.6119207164,0.6115786351,0.6099727273
vkKR0y2n,2024-04-05,0,0.6002527517,0.592686619,0.5959535156,0.6013789755
OvcLe34F,2024-04-05,0,0.3728414372,0.3761079697,0.3760767075,0.3748459783
hSrJfHKE,2024-04-05,1,0.5257828385,0.5219652958,0.5268075948,0.5224706346
K6jUgsZR,2024-04-05,0,0.3347845003,0.3354793262,0.3341890116,0.3403373963
dnp8naR1,2024-04-05,1,0.6568615079,0.6588056033,0.6605953906,0.6571118005
OfoPG86e,2024-04-06,0,0.6264755338,0.6283909788,0.6278438278,0.6225526236
lIffwRTg,2024-04-06,0,0.3783415956,0.3754993606,0.3754964888,0.3781611958
6N2gGo9E,2024-04-06,0,0.5147831385,0.5142844846,0.5154819836,0.5161592924
tIENJKF6,2024-04-06,1,0.7722573882,0.7697616042,0.7740647786,0.7736876427
SQlnudzh,2024-04-07,0,0.6009734867,0.6008552853,0.6038905363,0.6065588169
GW4ojwwe,2024-04-07,0,0.4122948787,0.4124337671,0.4130217851,0.4163165077
AD0Z4nvI,2024-04-13,1,0.7302528694,0.6711648577,0.7190138645,0.7420369308
zenih9fC,2024-04-13,0,0.4527549779,0.4557421343,0.4695976926,0.4687365204
2BDe9nDD,2024-04-13,1,0.4444558393,0.4497927305,0.45393647,0.4643745619
IaPVAalI,2024-04-13,0,0.280976388,0.2765044651,0.2736475709,0.3088355959
88SaL7Ob,2024-04-13,1,0.5549811497,0.5562296906,0.5594406914,0.5614579768
dUbs3Q8U,2024-04-13,0,0.5211374656,0.506639029,0.491028316,0.4844141306
GhK7G3Kt,2024-04-13,0,0.6494601629,0.6310921257,0.6093661134,0.5978308144
UcFmB8r1,2024-04-13,1,0.5397879416,0.5421665532,0.5446880913,0.5534956802
ERIv9wJU,2024-04-13,1,0.9337354129,0.9392060064,0.9455546784,0.9504244262
p6F9AjAt,2024-04-13,1,0.7674648185,0.7586450029,0.7567161018,0.775181978
fH2u1wwp,2024-04-13,0,0.3135964954,0.3793456415,0.3663637178,0.3563880913
pYBOCLJ5,2024-04-13,0,0.3227741969,0.3197178396,0.3149900281,0.3072715314
zaMvDUDl,2024-04-13,1,0.7233222109,0.7264877058,0.7284476364,0.7315548052
OINFEskg,2024-04-13,0,0.3493343435,0.3427337767,0.3645645798,0.4141965839
lbCQ6895,2024-04-13,1,0.1910953599,0.2274775007,0.2202921534,0.2141504323
zeUiNTgn,2024-04-13,1,0.8624578194,0.8707546703,0.8773722403,0.8981481237
SUrqfVPa,2024-04-13,1,0.4661674888,0.4633689229,0.4618355331,0.4571892242
4zM8JogB,2024-04-13,0,0.4029308525,0.387767051,0.4213341811,0.5322326442
tY8I8Uvg,2024-04-13,0,0.5856797587,0.6021084429,0.6157231959,0.6431265869
Ugu0jmPO,2024-04-13,0,0.2078981082,0.2036567276,0.1994213572,0.1927061234
6BIQmE24,2024-04-14,0,0.4316833571,0.4324368801,0.4326161878,0.4327121425
MgyAHbuh,2024-04-14,0,0.307378453,0.3113721464,0.3093581763,0.3129553392
QFc51jqH,2024-04-14,0,0.6057096845,0.638656313,0.6351627558,0.6325422321
6wPLVYKh,2024-04-14,1,0.8583806884,0.8528678094,0.8558082019,0.8621119089
hEkEWvWb,2024-04-14,1,0.7372350173,0.7273786457,0.7253704741,0.7454246885
hQspf8yi,2024-04-14,0,0.5733835174,0.5753560223,0.5766208364,0.5857874852
AyJs6qXo,2024-04-14,0,0.1467566635,0.1464893461,0.1428788978,0.1385095689
WrZ7bfKF,2024-04-14,1,0.679481964,0.6804465978,0.6785502078,0.6698270893
zXsTLenp,2024-04-14,0,0.3766679903,0.3732191802,0.379365509,0.3998703625
2Rq1E6cn,2024-04-14,0,0.7488655253,0.7492271686,0.7550167181,0.755147651
xtvaWjgD,2024-04-15,1,0.6226984986,0.6294811346,0.6329011806,0.6362309455
fHAPnCwf,2024-04-15,0,0.1403280491,0.141643631,0.1424250637,0.1465043748
YigSAl6r,2024-04-15,1,0.4730461774,0.4721683045,0.4725345873,0.4663450831
tEpjYCO0,2024-04-15,1,0.645080366,0.6348025127,0.6351693544,0.6369078449
Gzoq7657,2024-04-15,0,0.3355433404,0.3338310549,0.3331707277,0.3271896771
jgTWE6YQ,2024-04-15,1,0.7792195312,0.7803358495,0.7804601126,0.7825848431
CpV37aFt,2024-04-15,1,0.3548106099,0.3555535587,0.3568343513,0.3645594428
8hIA7OQ0,2024-04-16,1,0.2813512955,0.2765851766,0.265805089,0.2733761959
GbuxOqBs,2024-04-16,0,0.4030010929,0.4058763569,0.4017431428,0.4143191031
K8iz9Sze,2024-04-16,1,0.7815608251,0.782331486,0.7814754612,0.7816573887
f1j59noR,2024-04-16,1,0.6012479951,0.6009172611,0.6000687243,0.5996415174
lK7HlY8s,2024-04-16,1,0.7272755167,0.7252143311,0.7265675718,0.7331508073
dEb5T5mK,2024-04-16,0,0.4359912267,0.4310643053,0.4302336392,0.4366599282
4KBJ52eD,2024-04-16,1,0.700766772,0.7053838046,0.7031304879,0.7057747964
zyWb1Bhm,2024-04-16,0,0.3741230649,0.375891576,0.3663000128,0.3764101296
MHJh0r8D,2024-04-16,1,0.7053683516,0.7062544404,0.7182034018,0.7092326556
0KtK3HE5,2024-04-16,0,0.3045154016,0.303416001,0.3033765708,0.3037704677
v5pT6XUP,2024-04-16,0,0.5403124243,0.5480593304,0.5467569022,0.5467932845
MZUS1eqI,2024-04-16,1,0.3248118388,0.323772312,0.3210894604,0.3111923836
GWbYpj86,2024-04-16,1,0.9385714412,0.9433166206,0.9475571499,0.9519343165
8nXrzZgl,2024-04-17,1,0.377187732,0.3910602119,0.3896936149,0.3870589468
zR439pdl,2024-04-17,0,0.4247767798,0.4166621957,0.4146240042,0.4100095919
vZRy4Q8l,2024-04-17,0,0.5154934596,0.5157230521,0.5166037971,0.5173090513
dbKyKiq4,2024-04-17,1,0.7522548038,0.7551021293,0.7537924235,0.7484075275
Od2tqUxJ,2024-04-17,1,0.3627126221,0.3621112089,0.3613735466,0.3533372577
8COC5wpg,2024-04-17,1,0.5995234566,0.5953869625,0.5937718212,0.5902816269
QkQq24w1,2024-04-17,0,0.6085456221,0.5988809782,0.611127843,0.6111119712
UZQpffoK,2024-04-17,0,0.3267964909,0.3284835768,0.3284067455,0.3292484632
j1HbkLMF,2024-04-17,0,0.2236850337,0.2230933799,0.2220348065,0.222631368
YNJaTbqL,2024-04-17,0,0.09753478811,0.09719964089,0.09675722518,0.09724553843
YekYP6QF,2024-04-17,1,0.5858112641,0.5883028878,0.5872502184,0.5892823125
nymcB8GE,2024-04-17,1,0.5982623823,0.5963793525,0.5968069517,0.5966626071
KIx4LOoT,2024-04-18,0,0.4296200753,0.441601195,0.4356607866,0.4300426417
lYYXekwH,2024-04-18,1,0.7727985579,0.7727790281,0.7785642466,0.7734578591
xGfulrln,2024-04-18,1,0.629170384,0.6207325504,0.6275585412,0.63023537
4lovPJ4e,2024-04-18,0,0.7027114453,0.7015214595,0.7007472327,0.6978823792
SpgAg9cC,2024-04-18,1,0.5630679461,0.5638055009,0.5649379066,0.5643688954
YVczHTyf,2024-04-18,0,0.6045017127,0.6099068154,0.6104167433,0.6039626772
McRKqNA5,2024-04-18,1,0.9235630254,0.9259481449,0.9258056714,0.9257942361
hAyq5L6m,2024-04-18,0,0.2712903695,0.2697727396,0.2688657421,0.26991457
6swqITTh,2024-04-18,1,0.5037021139,0.502479258,0.5035309925,0.5001657375
YT2rnhrI,2024-04-18,1,0.6676586412,0.6680002677,0.6685906247,0.6715781522
OnoF0LXi,2024-04-18,0,0.662202356,0.660865445,0.6605794464,0.6598159897
drSqQ7be,2024-04-19,1,0.7120962181,0.7117126283,0.7164909789,0.7182342242
Kv6rF4dU,2024-04-19,1,0.736704529,0.7356293322,0.7321082025,0.7301658132
Q1QL40WH,2024-04-19,0,0.5120851877,0.512119159,0.5123754859,0.5125800233
rTyAnXZh,2024-04-19,1,0.3217639996,0.3242547677,0.3215736994,0.3228453244
U5JpScHj,2024-04-19,1,0.9235881228,0.9261462269,0.9262173737,0.9260283674
2XGl09G5,2024-04-19,0,0.3374017221,0.3424828431,0.3422092035,0.3458376888
I3VtP9T7,2024-04-19,1,0.3220678272,0.3227850383,0.325214181,0.3274706838
x8zxswI5,2024-04-19,1,0.2573200144,0.2581840731,0.258449275,0.2584641281
xvaRv0HG,2024-04-20,0,0.7695210979,0.7736766681,0.7695561098,0.7686265438
0KOTV4Yo,2024-04-20,1,0.5651460739,0.5639200943,0.5642797421,0.5642097219
Wf7ainK5,2024-04-20,1,0.3407361612,0.3406968834,0.3402824786,0.3364942531
rsuk4giJ,2024-04-20,1,0.3693064613,0.3684721387,0.3602052463,0.3591161214
2LMXgOYF,2024-04-21,1,0.7252243036,0.7262162227,0.7283958199,0.728934913
f5MwYtCd,2024-04-21,0,0.2868840268,0.2855078677,0.285164697,0.2855822073
GhvblrCa,2024-04-22,1,0.6437692677,0.6451868928,0.6470924156,0.6537273231
AkYuaaQH,2024-04-22,0,0.4116874066,0.4172349373,0.4152266231,0.4089858237
pYVEp0BO,2024-04-22,1,0.4841789638,0.4876151564,0.4859379637,0.4822899974
r3ElScf4,2024-04-22,0,0.2691461394,0.2550388043,0.2589956649,0.279780573
8Szjj4sm,2024-04-22,0,0.1859087774,0.1690864163,0.158130877,0.1461789466
0xKo2gI7,2024-04-22,0,0.4486075431,0.4241504159,0.4262190159,0.4427594449
CKX6nMtC,2024-04-22,0,0.4614413654,0.4588094661,0.4510672405,0.4496082461
jRxw67w2,2024-04-22,0,0.5701843405,0.5443871325,0.5497855877,0.5523618769
OS63Miv3,2024-04-22,0,0.2501382623,0.2660978371,0.2634616953,0.2614665764
UyGGy5Sg,2024-04-22,1,0.5019747818,0.5039112193,0.5047486836,0.505411024
UBlU7T8k,2024-04-22,0,0.6260133663,0.625159676,0.6384911245,0.6387784861
OfaJeQJP,2024-04-22,0,0.5478645422,0.5612507583,0.564819329,0.5713812089
2PUX0Le5,2024-04-22,0,0.383498879,0.3847575079,0.3811760617,0.3877089624
p8nOBxAN,2024-04-22,1,0.4952512009,0.4943341964,0.4970286177,0.5051150219
Y9M7wRcs,2024-04-22,1,0.3086204672,0.2991015239,0.3001965404,0.3015802092
K01bHttn,2024-04-22,1,0.5140819353,0.5253570291,0.5326521599,0.5332603541
4lRlcweU,2024-04-22,1,0.8971746323,0.9056429308,0.912642286,0.920513234
AkGtUJPi,2024-04-22,0,0.4524261503,0.464719371,0.4629268332,0.45328349
YqwH43dt,2024-04-22,0,0.607691723,0.6167960669,0.6276111949,0.6415053632
OhbFDbuB,2024-04-22,0,0.1427052141,0.1290996392,0.1202503702,0.1097340811
vV7cQyPG,2024-04-22,0,0.4939000938,0.4952943316,0.4919403585,0.4912024821
2kEOZrc6,2024-04-22,1,0.7634936856,0.7636249253,0.7636586497,0.7633129432
fsYg6GXp,2024-04-22,1,0.2584728154,0.3172112211,0.3056305574,0.288607611
GSf7FKAb,2024-04-22,0,0.7235472552,0.7209619089,0.7208948849,0.7093162572
Q1bHaFEa,2024-04-23,1,0.6952459549,0.6844210242,0.6843906731,0.6797680151
nJ9Fr8LH,2024-04-23,0,0.6843238196,0.67429345,0.6752507577,0.6811661649
G6qs8WmK,2024-04-23,0,0.4669775869,0.4673933766,0.4640708013,0.4643127874
h6DOK9XP,2024-04-23,1,0.2488491934,0.2482535223,0.24642447,0.2454443343
nu9GU9XF,2024-04-23,0,0.4556093682,0.4605827213,0.4606462668,0.4627322039
lUCO7mhM,2024-04-23,0,0.3265874948,0.3236842425,0.3268449971,0.326965538
2o08vfmd,2024-04-23,1,0.4524405091,0.4501170662,0.4579435064,0.4588755687
IBNxxeSj,2024-04-23,1,0.37562694,0.376674339,0.3769338884,0.3713935022
hfXCDWEE,2024-04-23,1,0.4326739038,0.4483098539,0.4401506549,0.4378939439
OCdepTeD,2024-04-23,1,0.3530305789,0.3477933415,0.3481626235,0.3482750498
MgmQpAxR,2024-04-23,1,0.5201834937,0.5247045302,0.5250666645,0.5239185033
ziQD2ABs,2024-04-23,1,0.6652126477,0.6608747854,0.6582950701,0.6516049976
UN8fSTid,2024-04-23,1,0.3489954389,0.3485727441,0.3503705526,0.3547968684
6DelvDT9,2024-04-23,1,0.6105317462,0.6041047228,0.6047454896,0.5985130938
n35ZyOP6,2024-04-23,0,0.4813309331,0.4778828743,0.4736483514,0.4788956433
4WHUbSA6,2024-04-23,0,0.5193595343,0.5112049772,0.5065770399,0.5087134665
xMLKaq77,2024-04-23,0,0.4046971914,0.3978612692,0.3968531551,0.4045479773
Mm0vlBdl,2024-04-23,1,0.549608706,0.5617740071,0.56157622,0.5616785743
bVb2BRmT,2024-04-23,1,0.870663426,0.8627685626,0.8651884589,0.8630535141
xbVyc6uJ,2024-04-23,0,0.5684343455,0.5686914891,0.5793259963,0.5794168397
6yhnDIVG,2024-04-24,0,0.6880424555,0.6897156698,0.6947864754,0.6961805432
UD3nnkR0,2024-04-24,1,0.6938362215,0.6949456542,0.6949336843,0.6934105839
YyFx9XFc,2024-04-24,1,0.2593670428,0.2596989183,0.2588165658,0.2535787431
dMbJ5zOj,2024-04-24,1,0.6267017292,0.6254393092,0.621606905,0.6200139039
xd0VG0Wi,2024-04-24,0,0.4504993185,0.4483935615,0.4462557902,0.4355479189
6kDp7BpA,2024-04-24,1,0.4716865746,0.4703879773,0.4705917059,0.4795434788
WhYaC6Mk,2024-04-24,1,0.5214216916,0.515712726,0.5180689456,0.5243466361
lYUzISbS,2024-04-24,1,0.6982383545,0.6966093167,0.6978121045,0.700383842
Qw8mBd0T,2024-04-24,0,0.2122067819,0.2119231208,0.2125534408,0.2096352391
WWdPaTxp,2024-04-24,1,0.2030566869,0.2007293725,0.2006060532,0.2015522824
2H6g5kFM,2024-04-24,0,0.3685013344,0.3666256583,0.3657199836,0.3650606914
YNgvFv14,2024-04-24,1,0.5663178113,0.5755024398,0.5745607559,0.5736175819
hnoYc77d,2024-04-24,0,0.7445787828,0.7418743535,0.7390040893,0.7397089669
pruERHpA,2024-04-24,1,0.3711646078,0.36371222,0.3641932133,0.365151362
zJ0Y3Oqh,2024-04-24,0,0.3502910802,0.3564911349,0.347192422,0.3518298288
W6DYQ5yq,2024-04-24,1,0.2643965536,0.2646870499,0.2645633029,0.2644727119
KEEfYmq9,2024-04-24,1,0.6111084138,0.6035849787,0.61560354,0.61494479
KhwKLAa3,2024-04-24,0,0.5789248326,0.5772267982,0.5716166751,0.581144232
Ak8qgcvo,2024-04-24,0,0.3802169011,0.3833518137,0.3817821175,0.3820477575
j1eBB5fC,2024-04-24,1,0.6948911981,0.6939838386,0.6927131029,0.6902579221
vJy8Api2,2024-04-24,1,0.5210048626,0.5236327737,0.5149427525,0.5180777667
GKWSJlUF,2024-04-24,0,0.5840790129,0.583171975,0.581399657,0.583113077
QimMPeFM,2024-04-24,1,0.4103472709,0.4114330511,0.4127370209,0.4124644798
SvI2WRDL,2024-04-24,0,0.4441999307,0.4478698741,0.4464598862,0.4508245826
4bzLQQZ7,2024-04-25,1,0.2830810075,0.2823885142,0.282763532,0.2885011938
67Sd5l5k,2024-04-25,1,0.5367745767,0.5395502909,0.5424916001,0.5447415853
hSWWGe5j,2024-04-25,0,0.3096416473,0.3097085184,0.3104850162,0.3154931116
rXLsCp4E,2024-04-25,1,0.7833043317,0.7817484411,0.7819596097,0.7823321658
SMhB0JDt,2024-04-25,0,0.3181697855,0.3153703064,0.314920656,0.315688732
ALQEUzbK,2024-04-25,0,0.2207951378,0.2137486917,0.2133555286,0.2193289317
QktpWrIN,2024-04-25,1,0.7304899143,0.7301136816,0.7308193147,0.7358988204
WjmYZUCL,2024-04-25,0,0.4631855366,0.4614170021,0.452189356,0.4589247727
r38SRPam,2024-04-25,1,0.7410111333,0.7408299471,0.7410434497,0.7491246404
xvq4FkzQ,2024-04-25,0,0.1310393522,0.1308046598,0.1303808928,0.1302152623
8OW5ityQ,2024-04-25,1,0.2947256577,0.2970461409,0.2985829401,0.2926849974
CvnHSv9j,2024-04-25,1,0.8202408546,0.8201244063,0.8205805018,0.8205910429
ALndZZS9,2024-04-25,0,0.2558597666,0.2561812942,0.2573705056,0.2577280217
CCDSaTfB,2024-04-25,0,0.4140488663,0.4155482689,0.4154225273,0.4148705758
YgvJIown,2024-04-25,1,0.4731603538,0.4674133406,0.4636097493,0.4628556797
UR4NK9Qp,2024-04-25,1,0.9300835914,0.929333343,0.9296006558,0.9297235418
A339BzuQ,2024-04-26,1,0.6337478882,0.6277944002,0.6282004613,0.6289840532
QNgcehP8,2024-04-26,0,0.1388075442,0.140377545,0.1419307506,0.1412515745
fDrCrid2,2024-04-26,1,0.6895485766,0.6862410603,0.6855228958,0.6838024509
l6Cx2an1,2024-04-26,1,0.5891923044,0.5892409591,0.5892672826,0.5907336333
QZ11mO8s,2024-04-26,0,0.1342794496,0.1349619553,0.1300227851,0.1302772239
ttD1fbak,2024-04-26,0,0.1377909038,0.1368014235,0.135123143,0.1343922866
ADbs2IbE,2024-04-26,0,0.6622477718,0.6623763672,0.6625508627,0.661355617
KGVqpbTa,2024-04-26,0,0.3018468508,0.3016165219,0.3017328425,0.3029602105
hngIqt86,2024-04-26,1,0.2985790651,0.2999389106,0.3060235874,0.3036507305
bRloDhmI,2024-04-26,0,0.674514918,0.6750717109,0.6760865194,0.6702956095
YFyyZVFE,2024-04-26,0,0.7438963166,0.7429934695,0.7422667646,0.7414841929
WQ7WuSsC,2024-04-26,1,0.3809169567,0.3812481889,0.3861350236,0.3860887693
ptOldCVo,2024-04-26,1,0.2636386569,0.2645751591,0.2604675222,0.2631804908
KM6WCvpK,2024-04-26,1,0.7964052621,0.7968682151,0.8020565152,0.8015838991
lrUkB3PE,2024-04-26,0,0.7423761992,0.7426319383,0.7424705669,0.7498021024
nmu4pDRk,2024-04-26,1,0.7641069101,0.7562319579,0.7554510186,0.7568950056
CrAyKHp4,2024-04-27,1,0.8918642277,0.894750821,0.8948693666,0.895068037
lhuooNOi,2024-04-27,0,0.6865870307,0.6875794542,0.6882621298,0.6828677026
6PVh90Wo,2024-04-27,0,0.4439857744,0.4444677275,0.4441133661,0.4425800951
bHDuYald,2024-04-27,1,0.7730285691,0.771579984,0.769320412,0.7735721057
CMY07v1b,2024-04-27,0,0.4700455071,0.4713819311,0.4711166803,0.4709856308
OGtzzO8M,2024-04-27,1,0.4451113957,0.4432195331,0.4357480448,0.4334742497
GjwSypvA,2024-04-27,1,0.3678386577,0.3602520499,0.3609688395,0.3658315232
lWLB38oA,2024-04-27,1,0.8274299267,0.8208727212,0.8213045111,0.8217107363
h6H3YEsR,2024-04-28,0,0.1286305656,0.1279258786,0.1257194429,0.1279142816
zP14QE1t,2024-04-28,0,0.4848831057,0.4843576124,0.4807930895,0.4795012865
feBrjv9T,2024-04-28,1,0.6376911481,0.6368643618,0.6320151121,0.6299026395
Ic2FkDHP,2024-04-28,0,0.5205333096,0.5204445188,0.5199469829,0.5109781009
pzun2aKE,2024-04-28,0,0.5467387336,0.547485141,0.5542477746,0.5523900852
SGHLjMN7,2024-04-28,0,0.4598072948,0.4621560198,0.4621171646,0.4625206156
SYnyqlwC,2024-04-28,1,0.7588895974,0.760362355,0.7572394506,0.7564053409
O21dODCj,2024-04-28,0,0.1079609602,0.107698752,0.1044474831,0.1056684248
dQUXrHzS,2024-04-29,0,0.5308430046,0.5312984511,0.5313555308,0.5375699694
nJyzfKxg,2024-04-29,1,0.4051052228,0.4059975816,0.4055076156,0.4105412774
f7qhoeR8,2024-04-29,1,0.9464388829,0.9476924193,0.9478236307,0.9467039257
EP3SaXig,2024-04-29,1,0.5601124987,0.5591892023,0.5593131422,0.5616583682
hv5Qw8ne,2024-04-29,0,0.7449766397,0.7463916108,0.7453749024,0.7457447352
GtUEdX5d,2024-04-29,1,0.3982280143,0.3985578143,0.4002083062,0.3947089479
hGjvdHME,2024-04-29,0,0.1629137701,0.1623182206,0.1609230348,0.1613988631
QeVQXO1U,2024-04-29,0,0.3706441336,0.3727430435,0.3687035881,0.3683343386
Iamnc5TQ,2024-04-30,1,0.9110282198,0.912397947,0.9123109313,0.9107100547
QD2Yb8n1,2024-04-30,1,0.494482254,0.4941934273,0.4949921498,0.4938103806
Wd4EkmZQ,2024-05-01,0,0.2074323079,0.2070227931,0.2047478492,0.2049398343
QDlT9Oln,2024-05-01,0,0.3535894175,0.3532711212,0.3489169305,0.3498323398
0xldGNCm,2024-05-02,1,0.9133458994,0.9149444232,0.9146811407,0.9151404507
8A5w89Nc,2024-05-02,0,0.5118224706,0.5125907847,0.5128951925,0.51346352
MJdD6Iod,2024-05-04,1,0.7546408517,0.7582629744,0.7545627913,0.7546890427
42hAcptT,2024-05-06,1,0.8571577133,0.8665572147,0.8792423513,0.8891576277
Ye70wMgL,2024-05-06,1,0.203770985,0.2049783837,0.2055055282,0.2069938758
z57N41md,2024-05-06,0,0.396425024,0.3936684133,0.3943406783,0.3951165267
zN0g1St4,2024-05-06,1,0.2683788988,0.2678729114,0.2674406359,0.2668930552
SYAmNlnQ,2024-05-06,0,0.4982837054,0.4954008911,0.4988757507,0.4909718988
djUzE5Q9,2024-05-06,1,0.6764739005,0.6766485974,0.6748422822,0.6773937246
xUDiurP8,2024-05-06,1,0.8584319799,0.869586347,0.8783947148,0.8880087271
Sdco3lCi,2024-05-06,0,0.38067145,0.3931445872,0.3920233503,0.3886545622
C6nKHS9m,2024-05-06,0,0.2939516752,0.266783976,0.246909523,0.2350306098
KWkSF6v0,2024-05-06,0,0.3637644454,0.3725404808,0.3740600759,0.3647301043
l8XdJ02k,2024-05-06,1,0.5682288339,0.5616858625,0.5680198921,0.5669621678
jDkAS4u3,2024-05-06,0,0.5815198137,0.5888066522,0.5923257999,0.5964409105
KhsROMvS,2024-05-06,1,0.6083507182,0.5998629955,0.604719025,0.6066681135
dxk2a6BG,2024-05-06,1,0.5934023962,0.5932786166,0.5951546071,0.5942276398
ANL5HvX1,2024-05-06,1,0.3192581825,0.3205978613,0.3215303212,0.3183906769
4GXrCqeM,2024-05-06,1,0.6801777217,0.6785856215,0.6753147988,0.6770693148
OQmIQrAF,2024-05-06,0,0.1153220709,0.1034321043,0.09590976194,0.08804825501
EyffMiAk,2024-05-06,0,0.3615438891,0.3555999541,0.3512879276,0.3706103137
ll9F6NIq,2024-05-06,0,0.439259736,0.4385228451,0.4401080278,0.4415900206
vBcD2FWr,2024-05-06,0,0.5404262953,0.5387470965,0.5258412245,0.5361392955
URhWXaHr,2024-05-06,1,0.8266346028,0.8369687993,0.8467366552,0.8574023191
2eJ1aofJ,2024-05-06,1,0.4720300996,0.4713107893,0.4491872419,0.4616782853
no68exgo,2024-05-06,1,0.9009069309,0.9093788108,0.9156927331,0.9234802732
0OzSFRec,2024-05-06,0,0.4153603555,0.4182848056,0.4274648898,0.4264434076
Ghtxmz4N,2024-05-07,1,0.6573238963,0.656294101,0.6643822525,0.6640816719
SMbnjY0s,2024-05-07,0,0.5542402704,0.5541471767,0.5539000678,0.5475920802
rXqndm0K,2024-05-07,1,0.5740877122,0.5751123965,0.5760947616,0.5828256124
tQbRvr4e,2024-05-07,1,0.6307067524,0.6238609413,0.6245430665,0.6180727493
QBDybs0B,2024-05-07,0,0.2830816521,0.2707660981,0.2594513247,0.2489134104
nDpibFcm,2024-05-07,1,0.6328451507,0.6358681363,0.6393134521,0.6392909178
0p2srZW8,2024-05-07,0,0.609856776,0.603110184,0.607598175,0.6097022585
I7NIoDAl,2024-05-07,0,0.5335202375,0.5330753236,0.5345717448,0.5278682948
StPlT3Hd,2024-05-07,1,0.569784788,0.5593934803,0.5588488043,0.561130999
lMQeEcD4,2024-05-07,0,0.3298013354,0.3298137368,0.3303836837,0.3284908807
Qq5SewCj,2024-05-07,0,0.4692779457,0.4667632389,0.466183503,0.4602928301
jZ0abjff,2024-05-07,0,0.4002522008,0.3999017897,0.3984916244,0.3979263329
CONziypp,2024-05-07,1,0.6571000599,0.6597828865,0.6598587115,0.6612633835
A5rHDTgc,2024-05-07,0,0.3542914734,0.3530258335,0.3541757634,0.3599664174
AsxAIEt2,2024-05-07,0,0.4303977472,0.4216532235,0.4214796939,0.4227775104
ttF5gz5k,2024-05-07,0,0.3568728624,0.3492843084,0.3531881272,0.3579803185
SI8zZZQr,2024-05-07,1,0.5405419802,0.5480333983,0.5414460672,0.5399724968
IqcVPdlS,2024-05-07,1,0.4067158456,0.4083303524,0.4083171151,0.4077647244
r9ci0CPs,2024-05-07,0,0.2740064736,0.2599361303,0.2357048899,0.2217379651
Op2qXDee,2024-05-07,0,0.2900529195,0.2896021592,0.28974522,0.2907767821
xlUetIY8,2024-05-07,1,0.5044894192,0.5049532126,0.5051552148,0.5126984968
4dPSa3Vb,2024-05-07,0,0.3104324753,0.3111123362,0.3110969164,0.3164340826
C6rvgeIE,2024-05-08,1,0.592909655,0.5918478986,0.5910277084,0.5832018353
EuEVCFdR,2024-05-08,1,0.4575130711,0.4618274763,0.4640371925,0.4633432835
WnN4vd3L,2024-05-08,0,0.5603097265,0.5609055085,0.5612588725,0.5691583608
bNtniZnR,2024-05-08,0,0.6169696473,0.6162160666,0.6068745232,0.6053078341
GlEhvej2,2024-05-08,0,0.4693595698,0.4674820105,0.4691169035,0.4665209027
OfyKfGzq,2024-05-08,0,0.3567456775,0.3561385731,0.3622751707,0.3623254393
UivShf5e,2024-05-08,0,0.5536823495,0.5528597395,0.5511100806,0.5538358497
dWLK1P0n,2024-05-08,1,0.6641207233,0.6539238244,0.6555618359,0.662304805
lSm1KzCk,2024-05-08,0,0.3886531678,0.3872960227,0.3865573134,0.3851933691
byMK5Y1K,2024-05-08,1,0.8015015078,0.792608429,0.7918631833,0.8009548564
n1f8dUO6,2024-05-08,0,0.6468454409,0.6466778677,0.6452190053,0.6393400806
nmFZsV9D,2024-05-08,1,0.496786967,0.4949256649,0.4956177977,0.4959013028
8t4l4PcB,2024-05-09,1,0.8563943275,0.8581151089,0.8511922621,0.8543812221
McHra7je,2024-05-09,0,0.6442159309,0.64524529,0.6463806241,0.6538821258
dbvVBlUN,2024-05-09,1,0.4771236034,0.476108252,0.4685532459,0.4701663574
nLhIpxU9,2024-05-09,1,0.7883648778,0.7878423444,0.7885266268,0.7932789383
GOU15Xl1,2024-05-09,0,0.16163267,0.1513820484,0.1444455791,0.1366831998
QkpoXxHF,2024-05-09,0,0.1776204938,0.1771289485,0.1769890152,0.1769067822
jLLQqiu1,2024-05-09,0,0.502679108,0.5039207063,0.5039482198,0.5064496908
OlY93BJD,2024-05-09,0,0.391673576,0.390596241,0.397335271,0.3975266937
Wddu2br9,2024-05-09,0,0.300817557,0.294697679,0.2953544764,0.2991343601
4Afm0xDL,2024-05-09,1,0.8060211155,0.8191373537,0.8297547775,0.8460920275
ABa17gKl,2024-05-09,0,0.412846039,0.4138962302,0.4173863559,0.4183984167
KEhGf8gJ,2024-05-09,1,0.6070223958,0.6046308873,0.6056834742,0.6061661311
2glVm6jm,2024-05-09,1,0.2499778451,0.2514400156,0.2512223851,0.2522366589
j7SziYZ7,2024-05-09,0,0.4766297576,0.4764309868,0.4766247067,0.4754883877
WA5iViQ7,2024-05-09,1,0.2832433374,0.2731480715,0.2740835565,0.2749630648
IDKMEySE,2024-05-09,0,0.3885565278,0.3806889272,0.3796603776,0.3770919755
jc9ThhYq,2024-05-09,1,0.4927740834,0.4957615973,0.4962888599,0.5013040207
S4gJdV9b,2024-05-09,0,0.479329639,0.4757886295,0.4708173202,0.4738094847
QaZMhMzh,2024-05-09,0,0.4230191457,0.4287764102,0.4285484113,0.4277255528
tf2d23SN,2024-05-09,1,0.6660388349,0.66160431,0.6605562784,0.6664142166
UkHx8uTk,2024-05-09,1,0.8325186464,0.8332279702,0.8329755371,0.8291233396
t0yc255t,2024-05-09,1,0.578806826,0.5790225663,0.5772880864,0.5748240176
v904zuLN,2024-05-09,0,0.2171164581,0.2185841664,0.2138475385,0.2129177003
Ugk0S1Yo,2024-05-09,1,0.4010692384,0.4007344422,0.4018872581,0.4029012661
6X5DVOzJ,2024-05-09,1,0.9251534877,0.9263476275,0.9261453795,0.9259686677
Y9fUV64c,2024-05-09,0,0.5733421189,0.5817098683,0.5815507567,0.5773874359
APSPEQyK,2024-05-10,1,0.7973423986,0.7986261897,0.7947553065,0.7944579343
INLeYjXb,2024-05-10,1,0.7958225377,0.7916968485,0.7917388625,0.7933237
Umb4TcLG,2024-05-10,1,0.4973084286,0.4947454115,0.4950827495,0.4859481277
hWQthX4S,2024-05-10,0,0.6704211926,0.6697214096,0.6695972716,0.6633215594
McT91rXa,2024-05-10,0,0.7558209006,0.7554524469,0.7484437424,0.7490766942
bTe7vThJ,2024-05-10,0,0.4774867596,0.4848767439,0.4852213759,0.4786771097
t2dZMLvq,2024-05-10,0,0.3186742698,0.3204894607,0.312700283,0.3132681148
zepiI8Hs,2024-05-10,1,0.4415415469,0.4494780204,0.4487836688,0.4478509556
baUl0ztA,2024-05-10,1,0.6915889553,0.691830681,0.691516019,0.6921998564
xC0n2WpQ,2024-05-10,0,0.4821620968,0.4878421955,0.4870537524,0.4876504791
nuZOZJun,2024-05-10,1,0.7711209212,0.769844552,0.7692706653,0.7703052808
rLLTHfjB,2024-05-10,0,0.1571601458,0.1600946123,0.1585294609,0.1570302225
S8DP2rzo,2024-05-10,1,0.2978516856,0.2986149957,0.2979541591,0.2961156866
zXDMHo4E,2024-05-10,1,0.2850214342,0.2846986185,0.2850074355,0.2886434735
4WeZvrFs,2024-05-11,1,0.9198422618,0.9213136363,0.9211719792,0.9211942756
MuvFXkB7,2024-05-11,1,0.5739808222,0.5753284657,0.5738728039,0.5778536968
QFcatkO6,2024-05-11,1,0.5400118978,0.5385365922,0.5384077795,0.5383322265
E78qk5G7,2024-05-11,0,0.5217639612,0.5197386064,0.5191167043,0.5199808359
6HNt2dRq,2024-05-11,0,0.4014305975,0.4008716865,0.4030065553,0.4026645823
M3zEOKPG,2024-05-11,0,0.5063414164,0.5070393949,0.5065407737,0.5120105372
S6pFd7tp,2024-05-11,1,0.3078312547,0.3077782744,0.3032658478,0.3031346662
0SYFvXFE,2024-05-11,1,0.8201932969,0.819641892,0.817148993,0.8173678727
AmqjJWZ8,2024-05-12,0,0.4931670372,0.4958422688,0.4945186338,0.4971946976
xd4X0gU8,2024-05-12,1,0.6330980418,0.6347989552,0.6343509911,0.6284982749
ppMSu10L,2024-05-12,0,0.485267433,0.4860104726,0.4944472304,0.48679114
b1sLZD36,2024-05-12,0,0.1411204036,0.1445988236,0.1426182428,0.1415917407
YsMHYQin,2024-05-12,0,0.3718856898,0.3700720754,0.3698959394,0.370496809
GOKBpv4t,2024-05-12,1,0.7022481627,0.7024940488,0.7020181494,0.6995019441
OCUcmkIa,2024-05-12,1,0.5316815727,0.5319088951,0.5249850309,0.5256638982
YPULYUo9,2024-05-12,1,0.6409451137,0.6396272265,0.6415022934,0.6413960165
ltq0A9w9,2024-05-13,1,0.5626023686,0.5640149859,0.5634402832,0.5642769904
AgbEGVsh,2024-05-13,0,0.3766619041,0.379047809,0.3794828458,0.3849723853
tUf0AwEk,2024-05-13,1,0.692630408,0.6918229102,0.6924863777,0.6889417735
8GUxMH0l,2024-05-13,1,0.9530450604,0.9539150162,0.9541017988,0.9539835816
GhhoGpCd,2024-05-13,0,0.2343434974,0.2330942718,0.2335983325,0.2339201636
fi9d1Cx8,2024-05-13,1,0.7255957447,0.7268706927,0.727642337,0.7280232839
4SLVoIKU,2024-05-13,0,0.601359023,0.6024722942,0.6028218959,0.6033234455
SMQ6iMjg,2024-05-13,0,0.2822934884,0.2809169169,0.279240329,0.2779996002
OUupkGZF,2024-05-14,1,0.8926022323,0.8938436208,0.8936966987,0.8936830472
vVJCxb77,2024-05-14,1,0.6414943471,0.6425058309,0.6429385506,0.6437847081
G8pNZjmB,2024-05-15,0,0.2648608637,0.2645734277,0.2626860488,0.2660126966
dfdRla4E,2024-05-15,0,0.3594044599,0.3590874122,0.3576458065,0.3586513857
drWo2HhM,2024-05-16,1,0.7598556074,0.7628327513,0.7628162579,0.7622354579
nDzIpvF7,2024-05-16,0,0.4034464558,0.4021220026,0.4013446783,0.3988446208
G29NOpHG,2024-05-18,0,0.156608846,0.1549213123,0.1517552452,0.1434021147
2ZacyO0M,2024-05-18,1,0.7365167135,0.7368874589,0.7447106462,0.7335342519
80l2H29j,2024-05-18,1,0.8609331733,0.8619323965,0.8632563121,0.8674704698
O8Wlu61c,2024-05-18,1,0.8854182535,0.8868339628,0.8882616115,0.8893583509
A56FQ6n4,2024-05-18,0,0.1738734546,0.1703473482,0.1689042337,0.1691529138
xIcWMOoT,2024-05-18,0,0.6200987269,0.6231865998,0.6305423857,0.6323999354
O06k3n8M,2024-05-18,0,0.3912999517,0.4234770442,0.4171759849,0.4094781644
fLEY6U8c,2024-05-18,1,0.405196106,0.4511345348,0.44622688,0.4438663469
0lS5I4jS,2024-05-18,0,0.3045394285,0.3039016651,0.3035476077,0.3010631966
61Dc5HXh,2024-05-18,1,0.5271128676,0.5290703608,0.5285846078,0.5233485875
ERG53e25,2024-05-18,1,0.5286592325,0.5232758868,0.5227646065,0.5856489638
YHjTV1Oq,2024-05-18,0,0.3504442383,0.3493341816,0.3479943302,0.3478025689
fqcLcQVq,2024-05-18,0,0.4532392341,0.4369968369,0.4310323442,0.4216406494
hv7buKMM,2024-05-18,0,0.2966101044,0.2937209137,0.3026954286,0.4094471265
zs5E1ZWH,2024-05-18,1,0.5415831046,0.5642650627,0.5804835764,0.5770889304
CpaGkIVo,2024-05-18,1,0.7539517696,0.7559963163,0.7547238054,0.7532077843
06eGYpH6,2024-05-19,1,0.5234375069,0.5222192712,0.522117791,0.5276475339
GbmRcMgl,2024-05-19,1,0.5829611761,0.584019348,0.5850366841,0.5843710739
jLZ6s6te,2024-05-19,0,0.645053525,0.6458944171,0.6541612975,0.6504473327
Ox2F6Qe2,2024-05-19,1,0.4799170702,0.4719312211,0.4717444462,0.4704113833
EokhxOpf,2024-05-19,0,0.277082639,0.2782579619,0.2818763605,0.2836676639
ADr1z2F6,2024-05-19,1,0.697112019,0.7049162546,0.7053478143,0.7056642047
G0j6EjI6,2024-05-19,1,0.4228651941,0.4162601184,0.4265986133,0.4344721925
viwg2dnQ,2024-05-19,1,0.4123271559,0.412595139,0.4091169865,0.3848293597
UFQJHj43,2024-05-19,1,0.4429122227,0.4430472458,0.4438141079,0.4491098162
6Dm3jrto,2024-05-19,0,0.4260160669,0.4095294204,0.3799683661,0.4115125741
2kAjsASj,2024-05-19,1,0.7379253672,0.7385961303,0.738709712,0.7368657649
Iua78nRk,2024-05-19,0,0.54856141,0.5376801813,0.5378867201,0.5350308415
23kPe9sp,2024-05-20,1,0.4160741556,0.4155691841,0.4146888083,0.4145900644
OIwYgmCd,2024-05-20,1,0.3310722878,0.3372881274,0.3322598899,0.3329861092
61RaExF8,2024-05-20,1,0.5368694077,0.5373893749,0.5447604574,0.5451647723
W6JKnW4T,2024-05-20,1,0.6467358751,0.6470358374,0.6473535415,0.6551203353
f3PUTsDt,2024-05-20,1,0.7500170732,0.7524096904,0.7527265655,0.7523590239
rRt9YupJ,2024-05-20,0,0.588181261,0.5790618837,0.592542025,0.5895622979
OSb61bIq,2024-05-20,0,0.4990538038,0.4978250856,0.4986662881,0.4932015434
veNZ6KfM,2024-05-20,1,0.675530694,0.676363559,0.6744903408,0.6684302576
25jTwyMb,2024-05-20,0,0.07538614144,0.0700660798,0.06785921426,0.06594795824
beIzE83S,2024-05-20,0,0.4056633324,0.4035920284,0.4037771089,0.4030631714
GxfK9vSO,2024-05-20,1,0.7026540623,0.7066076834,0.7076425791,0.7081918739
Wh2Eaxmd,2024-05-20,0,0.6743210518,0.6747410501,0.6752082749,0.671375516
8CjCB0cC,2024-05-20,0,0.8112732154,0.8155745717,0.8213971782,0.8164481192
n1p1Nuu3,2024-05-20,0,0.5511626803,0.5487860899,0.5485017119,0.5384170498
WprpzgLN,2024-05-20,1,0.578798716,0.5820261307,0.5747265085,0.5746097043
QsKSFUYF,2024-05-20,1,0.8448492868,0.8494671624,0.8492932234,0.8509449993
2RR3jE54,2024-05-21,0,0.06126514063,0.05754113749,0.05272522466,0.05063980196
AiVBlhzH,2024-05-21,1,0.4657723634,0.4671002433,0.4719140132,0.4725206506
d8mLucin,2024-05-21,0,0.4619779791,0.4596735259,0.4586753113,0.4598607893
OKvxxFjB,2024-05-21,0,0.07896020911,0.07493193994,0.07120339345,0.06787346518
2u7x5DKc,2024-05-21,1,0.6434988172,0.6431407465,0.6443845141,0.643702943
nc23DMSa,2024-05-21,0,0.1889707512,0.1891239991,0.2007419109,0.2026440732
C0atRfXG,2024-05-21,1,0.5903700067,0.5900207181,0.5904284874,0.5908769516
COLsF3dC,2024-05-21,1,0.5313932461,0.5297329236,0.5362510619,0.5368234278
SKP2kE85,2024-05-21,0,0.1978189608,0.1987685388,0.2011593427,0.202018549
ULRkvsMi,2024-05-22,0,0.5749127535,0.5806199226,0.5795223381,0.5742518987
nHzoCrUH,2024-05-22,0,0.3014082736,0.3053000871,0.3064393228,0.3064303151
0d0ICT2D,2024-05-22,0,0.3616512758,0.3622060445,0.3593173425,0.3575527819
SO9HRyPG,2024-05-22,0,0.5281679494,0.528275281,0.5197430429,0.5211088184
bFf0XpCt,2024-05-22,0,0.5985632588,0.5987952834,0.5985352038,0.6003843103
2ZcPLc6b,2024-05-22,1,0.7691723173,0.7692717365,0.7742174627,0.7713915084
U1gQiF8s,2024-05-22,0,0.4715020047,0.4776986357,0.4763895698,0.4757556051
t6zGUhkT,2024-05-22,0,0.5560296027,0.5556061239,0.556702353,0.5572913087
x2gPjhPE,2024-05-22,0,0.2922309964,0.29188216,0.2916285049,0.2917283912
AVeRvXTF,2024-05-22,1,0.5127565908,0.5096408754,0.5049490741,0.5066883138
GlMq9jnC,2024-05-22,1,0.3199274646,0.3266976494,0.3256908034,0.3256927458
WSh8VOtg,2024-05-22,1,0.7157813684,0.715540987,0.716696616,0.7136462624
htO9rCKE,2024-05-23,1,0.4830244891,0.4814011425,0.4863762939,0.4811824447
nXjqaVSq,2024-05-23,1,0.3878059647,0.3853509481,0.3869106732,0.3865274279
0CxtVB2S,2024-05-23,0,0.3465456402,0.3445821781,0.3441912004,0.3440341271
GpvDNTf2,2024-05-23,1,0.5282983509,0.5388310116,0.5310641766,0.5311863951
KhcERWP1,2024-05-23,0,0.5858558938,0.5864399515,0.5858989963,0.592134788
ADSIcocM,2024-05-23,1,0.7689726654,0.7646558906,0.765464709,0.7659055181
nDSblI8l,2024-05-23,1,0.2712256844,0.2751444225,0.2747781953,0.2741182648
UeKFpz8D,2024-05-24,0,0.6817310445,0.6817412896,0.6862274354,0.6814007522
tr0tLqcS,2024-05-24,1,0.5498234981,0.5568828578,0.5550054807,0.5545617528
WvPdsnSk,2024-05-24,1,0.5570478232,0.557544754,0.5539982074,0.5531604088
UNEYtPU8,2024-05-24,0,0.3548374484,0.365155481,0.3640087058,0.3608402293
4Geah4y0,2024-05-24,0,0.2906866223,0.2894189089,0.2888891208,0.2935517204
vH0n2Oce,2024-05-25,0,0.5326437155,0.5267504178,0.5265161087,0.5295602016
dA0IbJRq,2024-05-25,0,0.6308797545,0.6306527612,0.6302948374,0.6311200955
C8gorSqB,2024-05-26,0,0.4768631788,0.4673377081,0.4614828039,0.4572628901
Kv03XAVh,2024-05-26,1,0.4771810809,0.4765754106,0.4840347675,0.4792200605
OC6fZW0t,2024-05-26,1,0.3568782607,0.3588258687,0.3604812438,0.3585611404
CzIeyKWQ,2024-05-26,0,0.2672969651,0.2682263345,0.2722620104,0.2661410633
xlUsyNDU,2024-05-26,0,0.1507263016,0.1502047288,0.1507119729,0.1497458229
jHw8OqUO,2024-05-26,0,0.6516302648,0.6531335776,0.6530405243,0.6346364691
vqDSf5TG,2024-05-26,1,0.6501418108,0.6502140706,0.6445421098,0.651102463
COgZROCd,2024-05-26,0,0.6697938956,0.6722602207,0.6673708214,0.6666694152
UNQZxqqI,2024-05-26,1,0.7204904005,0.721672181,0.7106351907,0.7127885466
GvkHkMSN,2024-05-26,0,0.2764976178,0.2925155068,0.2888144355,0.2859940274
ALAYv5E5,2024-05-26,0,0.2818778984,0.2726818486,0.2737841805,0.2810455951
xz3NLgkU,2024-05-26,1,0.7132138818,0.71418373,0.7124377728,0.7116137084
46YPzpxo,2024-05-26,1,0.2218515896,0.2208892878,0.2222457857,0.2211721521
KKHKR6aU,2024-05-26,0,0.2917285942,0.2910962011,0.2905884471,0.2925528131
rRj9irbB,2024-05-26,0,0.5311203267,0.5221303669,0.5131560614,0.4860583648
xI1zUyP0,2024-05-26,0,0.7441563455,0.7469223916,0.7495544372,0.751184719
zPVmp0jo,2024-05-26,1,0.5592978995,0.5690623771,0.5678745831,0.5676603498
Kfdd12K6,2024-05-26,1,0.5233955907,0.5290578037,0.5210774121,0.5216319477
tSwqUm0m,2024-05-26,1,0.6861139104,0.6880841711,0.6900845464,0.6904261594
2a95S1km,2024-05-27,1,0.5746015933,0.5803148112,0.5714642386,0.5721749986
CfECTSUH,2024-05-27,0,0.2022257752,0.2010792398,0.2030521437,0.2014022796
OYsVoApn,2024-05-27,1,0.7647076887,0.7642270881,0.7645438207,0.7647800851
nkzfBQDc,2024-05-27,0,0.2701296878,0.2703418317,0.2700810936,0.2703025362
zoukP7vP,2024-05-27,1,0.6054096525,0.6061944611,0.6098745892,0.6104715231
hhbBVl05,2024-05-27,0,0.2316320546,0.2308645387,0.2300455594,0.2297281452
OEy1FxA7,2024-05-27,1,0.3649180002,0.3665362834,0.3683075088,0.3669785158
bXkqSFgD,2024-05-27,1,0.7317281824,0.7332741205,0.7315086235,0.7222066229
fXYOOhO7,2024-05-27,1,0.9701081134,0.9726755218,0.9747298355,0.9771358512
WKbSVcfl,2024-05-27,1,0.834924905,0.8352582397,0.8310973053,0.831538361
lSc0g4Tb,2024-05-27,0,0.1973711896,0.1939788342,0.2179054715,0.2183645389
hnw294rA,2024-05-27,1,0.6333875809,0.628902521,0.6350061341,0.6345585123
vJTyMsSF,2024-05-27,1,0.7033882763,0.7032614609,0.7040448295,0.7050824563
ppIt2Mzp,2024-05-27,1,0.5215462054,0.584772134,0.5747652461,0.560346143
6XqI1Dt1,2024-05-27,0,0.8149533352,0.8099914226,0.8106322101,0.8116254152
KzAiGCef,2024-05-27,0,0.1536916444,0.1546180556,0.1540740134,0.1593976318
SxVCNf3K,2024-05-27,0,0.3190985257,0.3192951595,0.3190144301,0.3249763339
AuHBndGE,2024-05-27,0,0.4451007969,0.4468385798,0.4535109639,0.4470820039
ttJHrmFt,2024-05-27,0,0.3858660855,0.3859126588,0.3842573286,0.384078437
E1RA7rDM,2024-05-27,0,0.3852497483,0.3823067785,0.3804174782,0.3802109611
pIe93ZBl,2024-05-27,1,0.760813884,0.7609576783,0.7619084042,0.7621287962
tCBk005d,2024-05-27,1,0.4037201988,0.4101872068,0.4084755301,0.4032739028
Y5byO3c3,2024-05-28,0,0.1208941913,0.1208965008,0.1169976337,0.1207711026
pMigt6EN,2024-05-28,1,0.8727539915,0.8714310407,0.8714992899,0.8718550204
WCQBbmUi,2024-05-28,1,0.330450822,0.3307515556,0.3364732241,0.3367755805
O8GrIYQs,2024-05-28,1,0.6488201699,0.6472349456,0.6432500231,0.6432122944
lhe5RcLh,2024-05-28,1,0.7670988036,0.7643541831,0.7650596936,0.766513533
zB6ygqbT,2024-05-28,0,0.5849302389,0.585556748,0.5855135411,0.5875372901
IXnMNFKH,2024-05-28,0,0.3403711393,0.3410372216,0.3409758741,0.3394093207
EcmQaiBD,2024-05-28,1,0.5106473202,0.5111029436,0.5124038825,0.5118200114
nBTYSku0,2024-05-28,0,0.1248501149,0.1235120384,0.1225022702,0.1208075093
t2fheQbn,2024-05-28,0,0.1424415453,0.1294878105,0.1209718467,0.1111487741
rwNsRT9C,2024-05-28,0,0.3224288907,0.3222911437,0.3224725021,0.3190829235
lG18CUfJ,2024-05-28,1,0.8080546244,0.8077779629,0.8088047462,0.804745297
tSicTJjt,2024-05-28,1,0.8731057507,0.8746875785,0.8752366573,0.8763705666
xfXiSRUa,2024-05-28,0,0.1092529466,0.1066683838,0.1046840663,0.1028164534
x8CQtRqg,2024-05-28,0,0.3829009598,0.3368507947,0.3447892491,0.3650077689
SbrXuczn,2024-05-28,0,0.4057347736,0.4032629128,0.410001534,0.4094791343
U1kaQ5aC,2024-05-28,1,0.5468876186,0.5474627643,0.5473541816,0.5472275953
EcVQUBAm,2024-05-28,1,0.7000125637,0.6995604852,0.6999712841,0.6938054719
S0DaEjQ6,2024-05-28,1,0.4637941481,0.4637107717,0.4641728591,0.464328083
fDlfzYnQ,2024-05-28,0,0.2901025681,0.2898991133,0.2897539485,0.2918084619
Eo1jSOKN,2024-05-29,1,0.3041014568,0.3017219723,0.306765077,0.3075777064
G2XzhMS7,2024-05-29,0,0.3565397381,0.363646912,0.3634686314,0.3630847293
pYRQ5MhL,2024-05-29,1,0.8853947879,0.8877437562,0.8872237872,0.8850998097
8rF5Ug0t,2024-05-29,1,0.8499563711,0.8516276052,0.8517068165,0.8451835537
6seUkSa3,2024-05-30,1,0.4030294868,0.4031027914,0.4031357595,0.4122407748
O2RLUPVo,2024-05-30,1,0.5867596572,0.5871734105,0.5862670328,0.5933596718
SlRPtOZG,2024-05-30,0,0.7988748061,0.7995122046,0.8007796697,0.8021450843
drr2Ldqg,2024-05-30,0,0.2170167246,0.2099217559,0.2094420966,0.208246162
r59bzUm3,2024-05-30,0,0.3264129864,0.3222150629,0.3200291703,0.319835362
IDYmsXqn,2024-05-30,1,0.5095068639,0.5140595544,0.5150499457,0.51543596
E36LE2U6,2024-05-30,0,0.09518549867,0.1022517372,0.1009190123,0.1024773829
S2dA6G0D,2024-05-30,0,0.1202930668,0.1205362409,0.1177827739,0.1168543621
AsSVilb4,2024-05-30,0,0.7637926075,0.7586424251,0.759992778,0.7610323329
6kkQfcuC,2024-05-30,1,0.6744284229,0.6757330619,0.6762443611,0.6750077247
0zuJHErI,2024-05-30,1,0.5749394971,0.5667506959,0.5720325124,0.57161604
Kn64ZuSj,2024-05-30,0,0.6153308355,0.6163300424,0.6176971296,0.6235448218
GMLOOVko,2024-05-30,0,0.2421660167,0.2485376944,0.243855161,0.2422870899
WMaVOkUH,2024-05-30,1,0.6140376792,0.6053811863,0.606381901,0.6085851091
CKkKhwU8,2024-05-30,1,0.6486476103,0.648208309,0.6483339252,0.647991239
dGRbvhID,2024-05-30,1,0.6362653493,0.6355804372,0.6378207524,0.6386643433
2asEZy1s,2024-05-30,0,0.3932280929,0.3853573675,0.387808179,0.3929141353
29lwl6UF,2024-05-30,0,0.3047013779,0.3039656893,0.2971181861,0.304089153
vuiqn4yK,2024-05-30,1,0.579052268,0.5778825763,0.5718835744,0.5718879039
IiTOdbq2,2024-05-30,0,0.2062993274,0.2023286286,0.202798462,0.2019602848
8WzLzHWr,2024-05-30,1,0.3634689997,0.3641620331,0.3641443166,0.3621640316
EBlKL1O7,2024-05-30,1,0.8741356455,0.8743889214,0.8744501958,0.8750231514
QBsJbsLP,2024-05-30,1,0.2577387765,0.2631421908,0.2627219811,0.2564049239
dCoWquW1,2024-05-30,0,0.2167271569,0.2227854413,0.223886581,0.2235480567
CvfOrlFD,2024-05-30,0,0.6995684874,0.6871910414,0.694142271,0.6913406356
CKuKDQ3s,2024-05-30,1,0.3668377854,0.3729752435,0.3721812353,0.3712218252
hzamJntK,2024-05-30,1,0.3381729559,0.33844553,0.3349418793,0.3334251405
6D9JIu6L,2024-05-30,0,0.3968635669,0.3986586757,0.3993402845,0.4007303115
A9pfopT1,2024-05-31,1,0.4810934635,0.4881117924,0.4887282964,0.4817931747
t2W5ju5s,2024-05-31,0,0.580034278,0.5758403127,0.5796074027,0.578941719
jJA0QzeC,2024-05-31,1,0.8331069651,0.830375242,0.8287925807,0.8303006343
bRWcGDgn,2024-05-31,1,0.6893775713,0.6908156742,0.6886576257,0.6887430609
4AMklASq,2024-05-31,0,0.1171556154,0.1165999137,0.1147064491,0.1148103343
0UDWv37L,2024-05-31,1,0.6222641017,0.6215915451,0.6170068275,0.6181664806
A94H6IrB,2024-05-31,0,0.4572678689,0.4581334892,0.4582038241,0.4600907817
2HKElJZg,2024-05-31,1,0.930250758,0.9317453808,0.9304321744,0.9294779861
dG9gffce,2024-06-01,1,0.3648932218,0.3713047199,0.3704827589,0.3700127415
zoTD7AWI,2024-06-01,0,0.7785744961,0.7785339423,0.7774110957,0.7773445899
AsOMnc46,2024-06-01,0,0.221047946,0.2211922435,0.2177598426,0.216782845
8vZwImyR,2024-06-01,0,0.2849253729,0.2828769029,0.2819909379,0.283394224
d4i7SZqI,2024-06-01,1,0.7869230022,0.7825195798,0.7822420445,0.7820980215
ro54tmjA,2024-06-01,0,0.2497246971,0.2567298617,0.2571958199,0.2584428587
AX6dr9Lc,2024-06-01,1,0.7151401435,0.7162416298,0.715665444,0.715994584
OGxg1gid,2024-06-01,0,0.5145278812,0.5098346633,0.5118862146,0.5127823272
hrXBDPYG,2024-06-02,0,0.2888513414,0.2927028915,0.2888946434,0.2893380477
nkfmbaKh,2024-06-02,1,0.9172934224,0.9166437815,0.9170135989,0.9175921663
nPOVsFWI,2024-06-02,1,0.8215364895,0.8179068995,0.8177279938,0.8176686044
W2aCtO23,2024-06-02,0,0.3619738808,0.3607986974,0.3615903654,0.3626614304
KMCKtMVi,2024-06-03,0,0.2921374796,0.2925848924,0.2883166174,0.2873977685
bwkTpYR1,2024-06-03,0,0.2785379613,0.275367642,0.2757099105,0.2755656083
pMcnRele,2024-06-03,0,0.2625152236,0.2649874695,0.2638951534,0.2599451227
UJ0Uw5cK,2024-06-03,0,0.2203463701,0.2236701681,0.2237181258,0.2229583458
AwEFlGp4,2024-06-04,1,0.7340180772,0.7337489741,0.7335652588,0.7343577753
KnvC2bld,2024-06-04,1,0.8685904027,0.8705057127,0.8687626389,0.8692040364
pOb6Hm3n,2024-06-05,1,0.2691517738,0.2710998505,0.2674889136,0.2667748792
4WV1lKJD,2024-06-05,1,0.2865035905,0.2855805982,0.2847154627,0.2807211167
GzLYPSjf,2024-06-06,1,0.7853302127,0.7883592703,0.7892860311,0.7895603372
U3zvlZBj,2024-06-06,1,0.4819368175,0.4824673197,0.4840141049,0.4830591706
2y9oTnKN,2024-06-08,0,0.2257790626,0.2079921574,0.1970753364,0.1828292408
z3nSuQ3T,2024-06-08,0,0.5724650737,0.5686083659,0.5561889242,0.5519144232
E9ZgfPIM,2024-06-08,0,0.5714847984,0.5715834665,0.6356601943,0.6335897092
6qWodolA,2024-06-08,1,0.673395717,0.6774822486,0.6907282464,0.6998455748
YeHUWUKb,2024-06-08,1,0.279989233,0.2880804098,0.2871908977,0.2866300293
SYnz5FWs,2024-06-08,0,0.1660521331,0.1360914966,0.1310264659,0.1228433897
pUswb7Jc,2024-06-08,1,0.6456775426,0.6567428266,0.6667468738,0.680108843
bci3oUZi,2024-06-08,0,0.2429926269,0.2399936455,0.2386925844,0.2286646957
4IKgVHqf,2024-06-08,1,0.8884179808,0.8936901,0.9038503169,0.9067666506
YcCARZrJ,2024-06-08,1,0.5056598313,0.5148791102,0.5178827989,0.5242423397
pCl71tQk,2024-06-08,1,0.7074963672,0.7155723475,0.7232244396,0.7304532535
KndLAp33,2024-06-08,1,0.5475026344,0.5672621348,0.5674301342,0.5647080762
SCaT8OXF,2024-06-08,0,0.4989035712,0.5037267308,0.4761939465,0.446802414
69FxV8kB,2024-06-08,0,0.7756986508,0.7567343038,0.7512046707,0.7589487202
UVpnRkml,2024-06-08,1,0.9124266465,0.9134192295,0.913528517,0.9138676819
lSmx722S,2024-06-08,1,0.3265792303,0.3151191468,0.3032234016,0.2914824356
I1EGNQso,2024-06-08,1,0.6939647407,0.6975695037,0.6977867646,0.6951555213
tvrGaKf2,2024-06-08,1,0.4258900694,0.4373415455,0.4746082198,0.4998444614
YXU1NNn9,2024-06-08,0,0.3377741504,0.3012957039,0.2963480066,0.2971908224
2klKsnZG,2024-06-08,0,0.1623394465,0.1518931178,0.1429194343,0.1317369155
xUNLYjjn,2024-06-08,1,0.9381587662,0.9412900141,0.9427803186,0.9447182318
4vEYnsBd,2024-06-08,1,0.6647354519,0.6750633533,0.6831828112,0.6186438579
CrO1TeE6,2024-06-08,0,0.2057579221,0.183444341,0.1700534075,0.1548983457
6NfBq844,2024-06-08,1,0.6517634945,0.6785660952,0.6734976051,0.6731280507
WQFQl3tp,2024-06-08,1,0.2693156626,0.2684023909,0.2800648286,0.2741722298
Mgs3t9Da,2024-06-09,1,0.4991355788,0.5103202461,0.5131984955,0.5165951009
AFi2x1BC,2024-06-09,1,0.3970730099,0.4009677288,0.3877361177,0.3941916232
zJKRtI7r,2024-06-09,1,0.5180435625,0.4871305519,0.4988466015,0.5077366919
tC1G8p95,2024-06-09,0,0.5425729979,0.5394628293,0.5379098991,0.5250345583
YeRn3fdn,2024-06-09,0,0.4963109062,0.4930839067,0.4944748578,0.4909830983
QaRtetcd,2024-06-09,0,0.3985961579,0.389949144,0.3520563497,0.369415953
n9xd66IO,2024-06-09,1,0.5271924486,0.5008818375,0.5216279567,0.5289586785
vPA6ek46,2024-06-09,1,0.9201134628,0.920811389,0.9217479812,0.9249687486
80Az26qT,2024-06-09,0,0.6516485254,0.6532547401,0.6312631203,0.619352421
0EFTfCEl,2024-06-09,0,0.4212033112,0.4367102742,0.4385938139,0.4383931735
0C2VK5XH,2024-06-09,1,0.5801026585,0.5790724567,0.5797730587,0.5794859831
z3ftZehS,2024-06-09,1,0.18851494,0.1864971035,0.2071715875,0.2073772322
S0grmn0B,2024-06-10,0,0.5143442909,0.5227492687,0.5241457513,0.5230403769
t4JH1oF4,2024-06-10,1,0.6367883112,0.6333858739,0.624367741,0.6241806587
tU2BYrie,2024-06-10,1,0.8606232722,0.8617854311,0.8615679444,0.8657282982
xddKWML7,2024-06-10,1,0.6210614251,0.6237984537,0.6122035454,0.6232121078
zRdjoQUN,2024-06-10,0,0.4943768535,0.4967411813,0.4964444898,0.5029087579
nkt4tnPj,2024-06-10,1,0.4405723315,0.4355339371,0.4466591241,0.4479520035
AqBYc3ET,2024-06-10,0,0.3127867378,0.3137229682,0.3129933042,0.309372682
KbYMu4ho,2024-06-10,0,0.2666091821,0.2789064322,0.2772793891,0.2763614012
2H4Xo81T,2024-06-10,0,0.3303706547,0.3309023409,0.3313148755,0.3392074041
hnTk4kHc,2024-06-10,0,0.3011467836,0.298368219,0.3169403646,0.3191881714
23oHrLrp,2024-06-11,1,0.4341318434,0.4392624227,0.439795652,0.4313539044
CY6xj3jA,2024-06-11,1,0.8097484098,0.8092196068,0.8098807171,0.8099861878
OCK1q05D,2024-06-11,0,0.6928569254,0.6913913027,0.6809226982,0.6807192975
n5Q837ph,2024-06-11,1,0.6351998321,0.6216935188,0.6222544589,0.6229356209
tS14hsxi,2024-06-11,1,0.7124623859,0.7123096027,0.7128122092,0.7201671398
t4JKaLkf,2024-06-11,0,0.428143482,0.4274433776,0.4278142192,0.4200374601
Igx1hPic,2024-06-11,1,0.2767503979,0.2863030092,0.2816285312,0.2766163916
feyD8kjg,2024-06-11,1,0.8347970849,0.835992401,0.8279578578,0.8303570139
fXSpmr6l,2024-06-11,0,0.7131493378,0.7127049515,0.7198227251,0.7201124142
lEMb2ToA,2024-06-11,0,0.4828652451,0.4798831939,0.4849905744,0.4901679788
OzTT47kI,2024-06-11,0,0.3682659024,0.389874153,0.397340549,0.4039468882
MmOsk8Vb,2024-06-11,1,0.6568121359,0.6539299038,0.6528173316,0.6537773481
2Zm6fQDE,2024-06-11,0,0.2194171403,0.2179209846,0.2176188846,0.2164765407
IeyXHIvR,2024-06-11,0,0.1393779337,0.1383574392,0.1442342496,0.1538368441
l6vt73cK,2024-06-11,0,0.738581531,0.7394811769,0.7229449117,0.7256612841
EHHPaPqH,2024-06-11,1,0.7438913652,0.7372662264,0.7376740331,0.7375847642
bVvQtaDd,2024-06-11,1,0.4063269705,0.4038861195,0.4115968872,0.4108846977
4Az9j3M9,2024-06-11,0,0.550035943,0.5119978883,0.520446712,0.5226041828
KlVB1sLs,2024-06-12,0,0.1650517276,0.1630086483,0.1583614981,0.1594555456
jaMgoMz1,2024-06-12,0,0.5828923543,0.5825716422,0.5726104625,0.5741860232
OlxFh4rR,2024-06-12,0,0.2043547097,0.2137818497,0.2123432346,0.2046014676
tQSZDyEU,2024-06-12,1,0.5127287677,0.518556249,0.5282862524,0.5284799881
AHfc7SOQ,2024-06-12,1,0.5017537866,0.5133681044,0.5094794056,0.5090677105
fVgG8xrS,2024-06-12,0,0.6652481893,0.6660075138,0.6620451754,0.6611195774
6XaolsLM,2024-06-12,0,0.6279126062,0.6260125137,0.6296190748,0.6329299939
n50dP0Np,2024-06-12,0,0.4329221856,0.4356173671,0.4362751953,0.433178443
vk0I9FoI,2024-06-12,1,0.8419205949,0.8419048305,0.8374154343,0.841104742
IH6G7g33,2024-06-12,0,0.3201639404,0.3222325152,0.3209944493,0.3047954877
d4ZjDFom,2024-06-12,0,0.4038439703,0.4003819441,0.4043861067,0.4039910257
dKyk7Qv3,2024-06-13,1,0.2342035353,0.230778039,0.236169819,0.2300411584
vy3AlnGN,2024-06-13,0,0.211368698,0.2114890664,0.213217195,0.213283022
djbVgCk3,2024-06-13,1,0.5720779034,0.5696011175,0.5706405324,0.5758325715
00vuFVve,2024-06-13,1,0.6192123569,0.6119160249,0.6163793081,0.6226629222
E9qJxV96,2024-06-13,0,0.8689106274,0.867048148,0.867348599,0.8659740903
IHWR8wG7,2024-06-13,0,0.2661651138,0.2697087711,0.262451814,0.259881457
tCBrqo0c,2024-06-13,1,0.5104641905,0.5108211586,0.5011307165,0.4987716952
bTmOs4vC,2024-06-14,0,0.4141224659,0.4169120911,0.4096153727,0.4089854886
p84fYQt3,2024-06-14,0,0.336973476,0.3352856111,0.333550021,0.3401450656
4demKq5F,2024-06-14,1,0.2954775559,0.3102735206,0.3183860678,0.3183632944
EPPQeQTQ,2024-06-14,1,0.8162899547,0.8204198818,0.8229886197,0.8240607326
QJs3ZQT1,2024-06-14,0,0.367615092,0.367645772,0.3709039042,0.3674202958
l8eHNni3,2024-06-14,0,0.7319510455,0.7248109213,0.7231199834,0.7266272901
fLnYiykD,2024-06-15,0,0.3461127105,0.3473166688,0.3479680109,0.3469189311
0hYMmmUH,2024-06-15,0,0.7132202933,0.7098395229,0.7160325436,0.7165747038
fZgvwWFa,2024-06-15,0,0.2376976162,0.2335033162,0.2775190998,0.2700489698
SnhnyApC,2024-06-15,0,0.5572903442,0.5530501913,0.5485029788,0.547281785
2acE9S1b,2024-06-15,0,0.1406519521,0.1334989189,0.1336732166,0.1416938337
M9DmORGi,2024-06-15,1,0.7330323842,0.7270489285,0.7276357498,0.7316239409
OEoN76WA,2024-06-15,0,0.4516601451,0.4592491742,0.458061838,0.455161175
UFQ10OOp,2024-06-15,0,0.7732582247,0.7760724833,0.7797822265,0.7804727639
bTy6iVUh,2024-06-15,1,0.8146271278,0.8211596258,0.827126751,0.8326025971
l2rlL6LO,2024-06-15,0,0.6470356974,0.6455489333,0.6444614586,0.6450513244
OYotKxl4,2024-06-15,1,0.6506052788,0.6513986793,0.6383857264,0.6396986886
tz4hqhKr,2024-06-15,0,0.3757291671,0.3687549122,0.3691539699,0.3693942553
CCVSqvTq,2024-06-15,1,0.9133062435,0.9206436648,0.9265703578,0.9343575175
b70Vvhom,2024-06-15,1,0.6683369273,0.6695721377,0.6803594882,0.6787930564
Kd5m48Eb,2024-06-15,1,0.4711975275,0.4739014132,0.4801432711,0.4799938491
Y5WUoRbU,2024-06-15,0,0.3825529818,0.3843148001,0.3856892133,0.3877081084
Euxb7xLU,2024-06-15,0,0.5045804464,0.5028708133,0.5043400822,0.5187257956
tCgd2nqB,2024-06-15,0,0.5411204367,0.5419094084,0.5489013754,0.5477494026
0IVsBKL5,2024-06-15,0,0.2623339681,0.2627122921,0.2812075657,0.28198746
nk8mZmFO,2024-06-15,1,0.588598737,0.5891336115,0.5914316292,0.582647366
tSwj9bjI,2024-06-15,1,0.8025438453,0.8101973038,0.8202105392,0.7859183341
xEmcgi0t,2024-06-15,1,0.8637315239,0.8742451442,0.880015052,0.8840367144
WxvRE2Mt,2024-06-15,0,0.5243101975,0.5312335757,0.5323608715,0.5336709753
fZg6BlXo,2024-06-15,0,0.08349268259,0.07601883408,0.09186784177,0.09991550632
AVqV5p1N,2024-06-15,0,0.1582998459,0.1437788628,0.1349407742,0.124280026
Uwu2iS2k,2024-06-16,0,0.485213762,0.4839979969,0.4804408624,0.4778790559
zTTyeyTN,2024-06-16,1,0.4312301184,0.4383201477,0.4368218853,0.4361904958
OjXdDw0k,2024-06-16,0,0.5740843152,0.5741380357,0.5584691121,0.5571328278
nwvGJZNE,2024-06-16,1,0.7897597734,0.7904233482,0.7879127592,0.792196703
4tidwtx2,2024-06-16,1,0.5689556588,0.570407608,0.5681085169,0.5657018584
QB3wTbIP,2024-06-16,0,0.4979178371,0.4978373808,0.4970785523,0.5025486123
YcvUQjVs,2024-06-16,1,0.2192569399,0.2141783307,0.212385313,0.2087721176
EDccWC7K,2024-06-16,1,0.8130944804,0.8122824478,0.8083515136,0.8084784845
Yg4t6VB5,2024-06-16,1,0.6175756832,0.6247361509,0.6236838918,0.623705605
jmxfE8MF,2024-06-16,0,0.6284260952,0.6283271117,0.6283927821,0.6289383474
4I89npFF,2024-06-16,0,0.4195435824,0.4172315124,0.4166896569,0.413863021
GULY6QEk,2024-06-16,0,0.5217150493,0.5250402058,0.526861236,0.5319399994
tl9y3td3,2024-06-16,1,0.5497055036,0.5511405243,0.548417427,0.5546696602
r15SbruJ,2024-06-16,0,0.3479266557,0.3611641851,0.3603995259,0.3595019767
KS32zVNr,2024-06-16,0,0.3427364047,0.3469048096,0.3469226282,0.3462223122
dls8LPTr,2024-06-16,0,0.4144026473,0.4058957117,0.3963304884,0.3865311085
MHHlO4Sr,2024-06-16,0,0.4313876454,0.4333451876,0.4353693583,0.4256505851
SWq3GZyI,2024-06-17,0,0.4779557593,0.4774085907,0.4764845722,0.4678606474
jZQm0Jdc,2024-06-17,0,0.6046177761,0.6001442214,0.6017666389,0.6046910301
Ewu6zP3U,2024-06-17,1,0.4014637214,0.4007148895,0.408914453,0.4033281577
OQ5Aq2to,2024-06-17,0,0.3678908176,0.3701725049,0.3770704121,0.3770019016
fBFvkOIN,2024-06-17,0,0.7959415134,0.7902797324,0.7913756494,0.7965559115
nJVWaA2E,2024-06-17,0,0.1895666246,0.1888629744,0.1844630572,0.1855129798
lEU2KQLU,2024-06-17,1,0.6822790574,0.690285524,0.6843908524,0.6834319965
bqMVjplB,2024-06-17,1,0.2992753382,0.2984180156,0.3006400011,0.3000445759
GIeYsk5t,2024-06-17,1,0.3919192893,0.392545464,0.3848549116,0.3832915318
6Nhpx7A7,2024-06-17,1,0.7243129616,0.7262769663,0.7237232849,0.7239062388
SvnBOxYo,2024-06-17,0,0.5523994673,0.5610977163,0.5615909126,0.5598577361
pbmkv745,2024-06-17,1,0.5378700981,0.5386395935,0.5372705183,0.5282626726
WrZebcR9,2024-06-17,1,0.5131351059,0.5038863009,0.505567872,0.5063759646
WIVSWfMb,2024-06-18,0,0.4944148922,0.4969381721,0.4997081817,0.5037256295
b5XKYGin,2024-06-18,1,0.6773708596,0.6772701728,0.6717758928,0.6787454287
KYxnO8M5,2024-06-18,0,0.2955969267,0.298289795,0.2988075212,0.2996518169
QVNNh6Jb,2024-06-18,0,0.5324122789,0.5306902799,0.5282229601,0.5255292219
zcmBED6U,2024-06-18,0,0.5746783267,0.5740967978,0.5726075329,0.5786245561
zBSqTCLN,2024-06-18,1,0.5764714375,0.5754534739,0.575677246,0.575888011
0hpJMG2b,2024-06-18,0,0.4427361974,0.44922954,0.4550920795,0.4493454819
U3UEfSln,2024-06-18,0,0.3589448108,0.3599037484,0.3524357355,0.3505608826
bckxvTue,2024-06-18,1,0.478498225,0.4783144828,0.4756957075,0.4789348743
tlRfMniI,2024-06-18,1,0.8091745212,0.8076054974,0.8099976186,0.8104065884
SpPyVYjB,2024-06-18,0,0.5682710907,0.5680683872,0.5686711743,0.5666640166
dKwSKfXA,2024-06-18,0,0.6997886494,0.6992529598,0.6932671365,0.6912374043
hOjcxoZH,2024-06-18,1,0.6140070635,0.6057415138,0.6055618291,0.6064349323
lWgttTZh,2024-06-18,0,0.588408312,0.5889394549,0.5872574293,0.5841311099
QBXchmgD,2024-06-19,1,0.5954684719,0.5966520133,0.5964973457,0.5961206106
vuqbbZme,2024-06-19,1,0.8574424093,0.8554852109,0.8551903803,0.8558278082
2VeTukBr,2024-06-19,0,0.2610002548,0.2650076035,0.263842901,0.2633063841
h6ZSnOTP,2024-06-19,1,0.3848370056,0.3907457851,0.3889522566,0.3919099231
bLaWyWI0,2024-06-19,1,0.7333730455,0.7323407823,0.7334280231,0.73572656
S2beQ3Hl,2024-06-19,1,0.7042379561,0.7105238063,0.7063349561,0.7047368952
EubWDaVi,2024-06-20,0,0.1842660374,0.1850635524,0.1811866427,0.1834378735
lEM8qQHa,2024-06-20,0,0.4101105104,0.4087618592,0.4083277258,0.4162180259
KnCYH94j,2024-06-20,1,0.4360236239,0.43730127,0.4372784649,0.4370390475
OdxRmeLM,2024-06-20,1,0.4408294778,0.4419219491,0.4354589929,0.4341121455
SCDC4D9a,2024-06-20,1,0.7990467663,0.7988919647,0.7980536647,0.7981359102
C2zQLclR,2024-06-20,1,0.6187607154,0.6189151347,0.6168819153,0.6104985941
dtqkMofo,2024-06-20,0,0.3107076324,0.3118157647,0.3109688796,0.3184550397
8EVuuMgM,2024-06-20,0,0.3944637633,0.3914407571,0.3921252912,0.3918568769
EyGmym7k,2024-06-20,1,0.2304556634,0.2321179182,0.2354323436,0.2372697516
MgJgmsXq,2024-06-20,0,0.2223705688,0.2217769462,0.2211002042,0.2212355311
SlL3Lpgt,2024-06-21,1,0.4417910969,0.446603233,0.4446700557,0.4469047087
UyfIocZ8,2024-06-21,1,0.5228019145,0.5277862579,0.5302665741,0.5283768827
rFfl6wZr,2024-06-21,1,0.6992982168,0.6991307381,0.6952042287,0.6954085399
f5AWIyxR,2024-06-21,0,0.6635370849,0.6645476153,0.6616562146,0.6649221454
tAMgaUG6,2024-06-22,1,0.3372973174,0.3392414533,0.3398413587,0.3374178713
82Z68YgK,2024-06-22,1,0.5042149596,0.5047114075,0.5003917464,0.5006115395
h2w2R1Ik,2024-06-22,0,0.4137429305,0.4168385815,0.4164715891,0.4163693581
CUUx3CHs,2024-06-22,1,0.8598162949,0.8694236663,0.8811964475,0.8928111003
8Q3x08BG,2024-06-22,1,0.6747148105,0.6735218448,0.673689655,0.6744178318
CfhtG2kg,2024-06-22,1,0.256783359,0.2442994666,0.2352353878,0.2249221157
ERdVgCYj,2024-06-22,1,0.6752613441,0.6740717561,0.6748818142,0.675571407
Y9tkEtK5,2024-06-22,0,0.6154864338,0.6271036901,0.6261274311,0.6263779209
prTp1jnf,2024-06-22,1,0.6089274199,0.6105526543,0.614290392,0.6149391782
jBf5O5gl,2024-06-22,1,0.3968860577,0.3916613817,0.3917946491,0.3906450182
MZM2nzPQ,2024-06-22,1,0.5641064558,0.5639739882,0.5633997483,0.5636221104
KrYS8orQ,2024-06-22,1,0.4417542312,0.4399092396,0.4378760256,0.4372632793
2mwQFgeA,2024-06-22,1,0.8563650225,0.8559653035,0.8562338578,0.8562110584
6LqHHFQc,2024-06-22,1,0.3726200512,0.373405253,0.3753503921,0.3752603177
UwmlxnUN,2024-06-22,0,0.6242288098,0.6244416918,0.6173416952,0.6176157559
4G9a3P5m,2024-06-22,0,0.5684945525,0.5612173247,0.5641794749,0.5706316466
CtD713z0,2024-06-22,0,0.8841556561,0.889870639,0.8954081065,0.8986934323
Q3JNcLZO,2024-06-22,1,0.6002818542,0.5970746811,0.6060253406,0.6046197521
4UlYHOKt,2024-06-22,0,0.09387849244,0.09298197312,0.09348362953,0.0974005618
KQvcCKlI,2024-06-22,1,0.5406240724,0.5405964273,0.5348504675,0.5333942792
zoTlCqhB,2024-06-22,0,0.3678433527,0.373136016,0.3718800562,0.3703483901
6ZpttbI6,2024-06-23,1,0.6529385174,0.6543354255,0.6548913956,0.6620907379
KInYsKmf,2024-06-23,0,0.5344449044,0.5379810907,0.5340214499,0.5329311253
x0bvHHW9,2024-06-23,0,0.6974112236,0.6972671562,0.6968662485,0.6962858458
KEEdmqu9,2024-06-23,1,0.3833584315,0.3859955432,0.3915766694,0.3898980104
n3onfihg,2024-06-23,1,0.7846913312,0.7849202671,0.7851383488,0.7777197617
nyN7g2Hl,2024-06-23,1,0.8251385949,0.8258824279,0.827284454,0.8255227055
pKMUeL8a,2024-06-23,1,0.5670660506,0.5668670656,0.561349678,0.5624073437
6DRpKsqJ,2024-06-23,1,0.5817699773,0.5827820448,0.5822075465,0.5841807838
ShoEWuxe,2024-06-23,0,0.1224889003,0.119744621,0.1186025602,0.1167004532
hGdhRPrI,2024-06-23,0,0.6178978575,0.6168085338,0.6230399255,0.6221847656
lhRgPWhJ,2024-06-23,0,0.3075908919,0.3081620863,0.3093225882,0.3016121322
dQfWLbsJ,2024-06-23,1,0.4508842394,0.4497910863,0.450546607,0.4489628553
Sp3FPtrf,2024-06-23,1,0.7192382896,0.7189634719,0.7162840336,0.7196806459
zB6NNKC6,2024-06-23,1,0.6653716601,0.6732888278,0.6677021959,0.6652590484
EPkmf4SQ,2024-06-24,0,0.7727039349,0.7726783321,0.769165346,0.7681020176
IVcpBAQG,2024-06-24,0,0.3510828546,0.3510875715,0.3513072944,0.3527296359
UTku6OrK,2024-06-24,0,0.5195166288,0.5185095274,0.5193705302,0.5129994244
dblLuhw0,2024-06-24,0,0.3608986831,0.3599832273,0.3556551967,0.3613283526
fBZJbtyf,2024-06-24,1,0.3518947509,0.3531153912,0.3509199795,0.3516383944
EqY29QU0,2024-06-24,1,0.3416968291,0.3428331929,0.336561874,0.342387236
reOoRhO6,2024-06-24,1,0.697149594,0.6915951414,0.6917705556,0.6923756928
CdB6FAaC,2024-06-24,0,0.1128880446,0.1129879562,0.1138241285,0.1127103377
nTUxTEgf,2024-06-24,0,0.5708009931,0.5751372878,0.5740852762,0.5749341972
Um4tmzoQ,2024-06-24,0,0.6452281856,0.6435674714,0.6418724902,0.640892658
SOXRdK56,2024-06-24,1,0.7623952487,0.7621418452,0.7608254874,0.761683857
YRimFe1M,2024-06-24,1,0.3606519838,0.3577843707,0.3630578649,0.3628336869
QPWR7Dgd,2024-06-24,1,0.5537294412,0.5525795822,0.552421984,0.5524102021
OjRzebzJ,2024-06-25,1,0.5728727589,0.5726997565,0.5713958303,0.5714816475
8rmER2Ds,2024-06-25,0,0.3566959125,0.3561165959,0.3556854723,0.3520509281
IHvfBn0l,2024-06-25,0,0.1525410391,0.1514669496,0.1497357348,0.1504297369
xSQCrxs1,2024-06-25,0,0.7164886197,0.7160256776,0.7157047939,0.7154112728
UcwJ9ZOq,2024-06-25,0,0.4064095015,0.4086742668,0.4096855289,0.4072083279
0WfCsE8m,2024-06-25,1,0.4164135188,0.41597412,0.4148045815,0.415043738
0CtB026s,2024-06-25,1,0.6829963151,0.6807169895,0.6800280209,0.685938588
Qe1h9leT,2024-06-25,0,0.5809544829,0.5804083346,0.5794462377,0.5762503698
CICMTfGF,2024-06-25,1,0.6462846549,0.641049751,0.642244217,0.6501020838
WW2j2IEU,2024-06-25,0,0.3757345386,0.375940187,0.379900861,0.3734488753
CC9wBAo3,2024-06-26,1,0.4805542663,0.4791986534,0.4758274761,0.4769732454
IXfhlBXj,2024-06-26,1,0.7291350036,0.7236319991,0.7189385129,0.7632839742
jVhPitKE,2024-06-26,1,0.7691893814,0.7684983669,0.7688074834,0.765211656
MyrhnE5d,2024-06-26,0,0.5837530966,0.5838965282,0.5851889071,0.587534921
8niAurNq,2024-06-26,1,0.4872889187,0.4874826081,0.4836806867,0.4820246211
j1DyibVs,2024-06-26,0,0.3513535923,0.3514534333,0.350798022,0.3501847916
AeR9UKon,2024-06-26,0,0.5867520966,0.585892579,0.5899920857,0.5840358902
0tGMh2m3,2024-06-26,1,0.7627921776,0.7577699037,0.7600373633,0.7604114701
Ee6R2V3s,2024-06-26,1,0.3915763602,0.3908588269,0.3902607076,0.3917505814
UidjcRXI,2024-06-26,0,0.544765919,0.545996588,0.548044309,0.5531426569
trx5kEig,2024-06-26,1,0.6832649251,0.6827932743,0.6775572341,0.682522788
U59Xo5lR,2024-06-27,0,0.6020785811,0.6011267204,0.6013903807,0.6064186663
UT3Ip9Gd,2024-06-27,0,0.3405770753,0.3407794899,0.3421251612,0.3458167713
Gby0a36T,2024-06-27,1,0.677475975,0.6795066313,0.6766666413,0.6777530575
d6GWi7e5,2024-06-27,1,0.7251212936,0.7343410013,0.7251640874,0.7281408025
pMRT33uP,2024-06-27,0,0.1710047186,0.1590680536,0.1495621529,0.1305510146
4hmTzuoQ,2024-06-27,0,0.3027888355,0.2883434912,0.2594486698,0.2412144264
l2bC92nR,2024-06-27,1,0.4927302524,0.5025555217,0.5040311264,0.5045132221
AucHlnhB,2024-06-27,1,0.8875921543,0.858716938,0.8636138684,0.8686427986
fiosmZG6,2024-06-27,0,0.6113230569,0.610963268,0.6096226463,0.6148620699
thBGib1M,2024-06-27,1,0.5234131463,0.5268363465,0.5260015134,0.5112925285
hQyPIz0L,2024-06-27,0,0.6494548837,0.6495343532,0.6447193463,0.6470922406
SYUUdP2L,2024-06-27,0,0.5343154624,0.5387499294,0.5414591983,0.5433751242
0OYbVI8m,2024-06-27,0,0.4751326771,0.4624719945,0.4664566436,0.4705452817
61mj2Kv1,2024-06-27,1,0.7431787165,0.751709995,0.7474352574,0.7494835021
SM0idGmp,2024-06-27,0,0.5504066968,0.5508727815,0.541251046,0.5551311235
2Tta0b9D,2024-06-27,0,0.6448807316,0.6554521505,0.6480354587,0.6475866494
AsKY7Jo3,2024-06-27,0,0.3974728157,0.3971199638,0.3982957754,0.3977355851
CGBnosMa,2024-06-27,1,0.7638929469,0.78606186,0.7979151683,0.8122972695
KAYYx4Bk,2024-06-27,0,0.3748276483,0.3652575784,0.3676624596,0.3735530675
h8xDfk1M,2024-06-27,1,0.243836076,0.244831127,0.2493969912,0.2469626305
lOB1eCRG,2024-06-27,1,0.4954599225,0.4972625876,0.4973896582,0.5008839681
Y9vrFcdK,2024-06-27,1,0.5103828014,0.5091523065,0.5030337791,0.5033519829
27FizHoC,2024-06-28,1,0.3152680802,0.3160237697,0.3157795462,0.3163556299
jsNulwBm,2024-06-28,1,0.3234413512,0.3181751792,0.3190818702,0.3194416717
Esgby0Rs,2024-06-28,0,0.3832145122,0.3830139426,0.3832752099,0.3807066318
trGYI48F,2024-06-28,0,0.3157006563,0.3154752501,0.3155005062,0.3114124484
r7MM9UN9,2024-06-29,0,0.4985869215,0.4975856445,0.4973503392,0.494675929
nZ7iuWbc,2024-06-29,1,0.3833003265,0.3845814248,0.384565942,0.3816880779
IiaqNdrK,2024-07-01,0,0.6154487891,0.6150232999,0.6135570621,0.6132908141
S8qNkCbs,2024-07-01,0,0.3035285429,0.3040385781,0.3038867817,0.3042941026
rsHY7BKP,2024-07-01,0,0.1346824886,0.1337453005,0.136717239,0.1379064085
W6kMb7sC,2024-07-01,0,0.6472012463,0.6378863415,0.6381503839,0.637124566
fyVIbnQE,2024-07-01,1,0.5263367186,0.5273132112,0.5274347664,0.5348561281
jmUnp8SI,2024-07-01,1,0.6405248206,0.6424485473,0.6461129469,0.6383096281
Amkuzj8t,2024-07-01,0,0.5456256962,0.5559869863,0.5604011797,0.5627355805
E7WGvRYr,2024-07-01,1,0.7208708421,0.7218209323,0.7212388649,0.7111081993
UN2zV1mR,2024-07-01,1,0.8774422409,0.8790765988,0.8796499217,0.8826805925
nuopKpZ8,2024-07-01,0,0.2255720697,0.2258209963,0.2265666752,0.2263967756
4IEW6gB5,2024-07-01,1,0.4165432546,0.4152819268,0.4113466081,0.4116080731
Qqg9rzzH,2024-07-01,1,0.5734374537,0.5738842518,0.5736115892,0.5690462206
GjJRdQfR,2024-07-01,0,0.4372178765,0.4363129342,0.4363162713,0.4349057666
nLUOx53e,2024-07-01,0,0.6001026714,0.5997196691,0.5990738379,0.5977834673
hfwlyhSj,2024-07-01,0,0.1299213447,0.1296678706,0.1294765647,0.1285532284
YkGzaeKc,2024-07-01,1,0.7696379759,0.7698435521,0.7698532793,0.7730732347
nZ9ci4Il,2024-07-01,1,0.5347976293,0.5259817872,0.5277053998,0.5278964282
rHiVDh56,2024-07-01,0,0.4147775807,0.4210749124,0.4221925489,0.4204536455
UVIl1FL0,2024-07-01,0,0.7803905552,0.7752440827,0.7758690332,0.7767099267
WxYPZZRP,2024-07-01,1,0.601851934,0.592815391,0.5950008091,0.5985981975
xtOIj9b4,2024-07-01,0,0.5033377055,0.4997173857,0.5031809181,0.5048891
8GtM30lf,2024-07-01,0,0.1772623645,0.1762005428,0.1785570911,0.1814231064
dQhieYzK,2024-07-01,0,0.620560992,0.6201396906,0.6133641926,0.6115796308
fyX7MhQc,2024-07-01,0,0.3538576538,0.3550343156,0.353452102,0.3517194675
6q8cdss2,2024-07-01,0,0.4271729224,0.428297409,0.4305106958,0.4309663765
vqovCWZI,2024-07-01,0,0.5329514376,0.5249891105,0.5297998645,0.5334760426
Ai1D0TCa,2024-07-01,1,0.4006474959,0.3978567407,0.3946410675,0.3940663593
K6ErcZlA,2024-07-01,1,0.645975463,0.6485236454,0.6509172601,0.6482354684
lzjFHz6s,2024-07-01,0,0.0845857203,0.0848780852,0.08658318632,0.08671894102
2Rc52krm,2024-07-01,1,0.4453811023,0.4474411319,0.4507699495,0.441102559
jNEdUDkm,2024-07-01,0,0.1766863462,0.1702947291,0.1679057895,0.1636895656
rmOXzqY7,2024-07-01,0,0.2285628387,0.2285343453,0.2275408319,0.2268660338
bJ4kb3Ck,2024-07-02,1,0.5540351887,0.5464233851,0.546697469,0.5528511472
buz6LhQb,2024-07-02,1,0.6134912883,0.6187501611,0.6165966916,0.6163880775
lOXVmjTg,2024-07-02,1,0.4494007714,0.4521378569,0.451982623,0.4592805247
0APGmDbU,2024-07-02,1,0.6248433551,0.630879879,0.6347388304,0.6425496331
r136krm1,2024-07-02,0,0.2482865924,0.2482619191,0.2472297781,0.2475209074
p0fJvIFa,2024-07-02,1,0.9060737329,0.9066940949,0.9105398962,0.9059988491
GE1EmMHD,2024-07-02,1,0.3034154265,0.3022589238,0.291113325,0.2916438234
ClgZ5fEb,2024-07-02,0,0.2379995574,0.2361367242,0.242655461,0.2409875836
pEZigHUh,2024-07-02,1,0.3776561657,0.3724421826,0.3724001107,0.3713335103
88ERWNIE,2024-07-02,1,0.854716776,0.8577083043,0.8521218715,0.8530422532
fXAPGBSG,2024-07-02,1,0.6960158058,0.6958813095,0.6958541401,0.7003054896
8Gnr4YrB,2024-07-02,1,0.6536707668,0.648433959,0.6556424163,0.6588793542
hvw0iea5,2024-07-02,0,0.2774276749,0.2774773034,0.2775183728,0.2715409669
MJCHIXc4,2024-07-02,0,0.6163343521,0.616083193,0.6143305294,0.6187378266
zPsFNJu1,2024-07-02,1,0.9378649146,0.9399056495,0.9387629632,0.9385678646
hQcRxdpC,2024-07-02,0,0.3044672558,0.3047146778,0.3091810746,0.30874038
vcl6PuBl,2024-07-02,1,0.670766989,0.670735825,0.6658777418,0.6646686193
EDkj2CDN,2024-07-02,1,0.6310353926,0.6281710024,0.6279126907,0.6278138217
YZ5ZzzFO,2024-07-02,0,0.3246837834,0.3335713178,0.3338638638,0.3328776794
pzTWAtde,2024-07-02,1,0.4221301188,0.423497191,0.4237933298,0.4244176328
boRMdjyo,2024-07-02,0,0.5727870069,0.5717700163,0.5657168273,0.5665839097
CMUOC2Rr,2024-07-02,1,0.7732836566,0.7650376042,0.7674014886,0.7693921958
QiJ8KgTi,2024-07-02,0,0.1872375858,0.1852788618,0.1852117171,0.1838565914
f5lhIO3L,2024-07-02,0,0.4370325583,0.4308275173,0.430844277,0.4455702177
h2Fvn0NP,2024-07-02,1,0.844874473,0.8421621397,0.8410660805,0.8389908365
EJAaOdVI,2024-07-03,0,0.4531300654,0.4533232789,0.4480152721,0.4473664707
EgR8kZTH,2024-07-03,1,0.4403138222,0.4408528941,0.4397693309,0.4356555546
KGylD4Xg,2024-07-03,0,0.1075661129,0.1077618576,0.1072851091,0.1065190714
Op6Atvom,2024-07-03,0,0.3628622825,0.3640857807,0.3635200545,0.3674678414
WYa38zmI,2024-07-03,1,0.5544440954,0.5512558121,0.5482696838,0.5470597158
lntqew0t,2024-07-03,1,0.6001486282,0.6086420643,0.6081060686,0.6087216421
pvJrSvWg,2024-07-03,0,0.4618667602,0.4547823459,0.465346764,0.4648610282
vyeR7Gqn,2024-07-03,0,0.3570588844,0.3564511737,0.3554212756,0.3577735434
t6CiQI06,2024-07-03,1,0.7233492841,0.7231534886,0.7230098349,0.7222052913
t26IHasT,2024-07-03,1,0.474315704,0.4771446618,0.4828441099,0.4838161254
QDMGdKyg,2024-07-03,0,0.5087268038,0.5083683951,0.50778297,0.5069080581
vJHdiPaD,2024-07-03,1,0.6026572776,0.6020256894,0.601793905,0.6037110936
GK6p6z8K,2024-07-03,0,0.1866005366,0.1871070981,0.1866314113,0.1876800504
WdzZ3uwq,2024-07-03,0,0.6355599933,0.6311832382,0.6322795986,0.6369335423
EHa75IUa,2024-07-03,1,0.2396341868,0.2397290411,0.2402611259,0.239884311
8dEXhxyI,2024-07-03,1,0.7208816412,0.7211882977,0.7231015797,0.7262567875
ldR6xOAs,2024-07-03,1,0.5933657874,0.5882926956,0.5929870296,0.5952259505
tACuiG5U,2024-07-03,1,0.522377668,0.528305606,0.5216476683,0.5185084665
jFfG8336,2024-07-03,1,0.6301215038,0.6300596939,0.6293494749,0.6266046496
0Q1QpbBF,2024-07-04,1,0.6363378063,0.6372456719,0.6396836785,0.6461889398
CUKOfb65,2024-07-04,1,0.8263623509,0.8270500551,0.8273745018,0.8295400857
KGLIEJpA,2024-07-04,0,0.1244382575,0.1245799981,0.1241593075,0.1235897002
xI9IKiC7,2024-07-04,1,0.7378878372,0.7367944106,0.735978148,0.737847712
OfcUeF87,2024-07-04,1,0.5681536656,0.5638233436,0.5614007022,0.563031627
Qk240OQa,2024-07-04,0,0.5344887291,0.536645052,0.5309482493,0.5362063973
YmRVwMLq,2024-07-04,1,0.4117007128,0.4120352096,0.4117025133,0.4119946008
fuaeBw86,2024-07-04,0,0.7230403053,0.7221519849,0.7214510407,0.7219048953
nqXClu7b,2024-07-04,1,0.2844863835,0.2885870376,0.2874286354,0.2874489372
AX0jOegm,2024-07-04,1,0.5218286153,0.5204976311,0.5225777114,0.5208412004
Sxy0HJwe,2024-07-04,1,0.7631599269,0.7617386776,0.7625317818,0.7633795247
bcP6Ib9d,2024-07-04,0,0.2852752069,0.2890152378,0.287723865,0.2849132992
zD5NZdM8,2024-07-04,1,0.805892045,0.8051859618,0.8022848027,0.8020968003
jeCuMhAa,2024-07-04,0,0.2727749458,0.2729565367,0.2764481328,0.2774336821
2a9Cykv2,2024-07-04,0,0.6051495439,0.6041563786,0.604570231,0.6044267318
YaVKnJyB,2024-07-04,1,0.87104842,0.8710653417,0.8743513839,0.87622231
QcO18Z2n,2024-07-04,1,0.9390739416,0.9399832648,0.9402493156,0.9401349979
rJhw4PFF,2024-07-04,0,0.2503204953,0.2504249507,0.2465851847,0.2467797608
8SpSPtHM,2024-07-04,1,0.4053804668,0.4070645339,0.4061008051,0.4042821762
8GnkmevB,2024-07-05,1,0.5359710409,0.5343570209,0.5305394724,0.5333376513
SUf8gLxH,2024-07-05,1,0.5064765365,0.5112875147,0.511415625,0.5122604235
dCsNKfsQ,2024-07-05,0,0.5523839088,0.5526776795,0.5526926926,0.5508545675
tC9PVKCD,2024-07-05,0,0.3648202825,0.3612741198,0.3615578002,0.3617985992
WO2YFl6d,2024-07-05,0,0.3317705852,0.3332478112,0.3325284311,0.3341141412
8bsbZmSP,2024-07-05,0,0.1299404267,0.1327545787,0.1318856044,0.1313145742
nF9PcHHk,2024-07-05,1,0.4704542627,0.4701275933,0.4687884233,0.4705621437
IX2Es0f4,2024-07-05,0,0.3805709432,0.381184166,0.3841727891,0.382944902
WdtUBUIM,2024-07-06,0,0.2799180925,0.2798905822,0.2805300351,0.2754764295
dtBHiz2e,2024-07-06,1,0.6545250728,0.6566098934,0.6548810722,0.6544870151
I9luzuT0,2024-07-06,1,0.434307511,0.4338022378,0.4355649387,0.4344500365
vkvwlgdC,2024-07-06,0,0.4141120711,0.4112370779,0.4125795331,0.4173534748
Yq5BO72S,2024-07-06,0,0.898595001,0.9007288627,0.9008872749,0.9008634725
2PMTnNqf,2024-07-06,0,0.6255444985,0.6268737629,0.6257160749,0.6258235455
2qegZlc4,2024-07-06,1,0.5893541468,0.589371445,0.590598901,0.5878585746
vm5Bj474,2024-07-06,1,0.8494450593,0.848467476,0.8513817046,0.8522763807
vXlCO5VG,2024-07-07,0,0.4700978697,0.4684872888,0.4680501685,0.4721399134
YHQFuqlI,2024-07-07,1,0.1925793736,0.1952551928,0.1952993517,0.194425701
WGtAri36,2024-07-07,1,0.2285087977,0.2310509239,0.2310964354,0.2317565661
Ctqm8iFL,2024-07-08,1,0.7658119376,0.7660111694,0.7638162403,0.7648684596
drCzYkcB,2024-07-08,1,0.6336609615,0.6299332968,0.6312554883,0.6301369851
zBUewoZj,2024-07-08,0,0.4010413995,0.4010767584,0.4014289054,0.3967264926
fa9n7QnI,2024-07-08,0,0.6622873923,0.661447398,0.6617512266,0.6610999948
65BScME4,2024-07-09,0,0.2514793072,0.2530079234,0.253093096,0.2513246309
xxGFEmvh,2024-07-09,1,0.4567360373,0.4530630744,0.4544919909,0.4565201695
GhbcosW0,2024-07-10,0,0.6184230015,0.6189931322,0.6181144957,0.6215077142
nusbObvI,2024-07-10,1,0.7413399355,0.7405537833,0.7443895856,0.7451574463
WA9sqwet,2024-07-11,0,0.5223712032,0.5225021577,0.5219386297,0.5220503561
KIG4DzP0,2024-07-11,1,0.1882832036,0.1888011781,0.1862554283,0.186664315
raYZ8ZVo,2024-07-13,0,0.9092372341,0.8907187481,0.8936715,0.8959988623
zVdphpzP,2024-07-13,1,0.4043649584,0.3994188206,0.3782014769,0.3801325673
jsXgCmLt,2024-07-13,0,0.4667446617,0.4600205656,0.4547120684,0.4418249192
CjCKcl6m,2024-07-13,0,0.4848134784,0.4786360829,0.4517500709,0.4441243382
GlIJ6qkI,2024-07-13,0,0.3050029759,0.2910963506,0.2350671796,0.2238623357
Y50TeSz0,2024-07-13,1,0.6866078564,0.7142492878,0.7402263936,0.7577471193
tW3yf65C,2024-07-13,0,0.7730536188,0.7868835506,0.7979750174,0.8118720643
GCWs7D0b,2024-07-13,1,0.3330768944,0.3295413351,0.3405891298,0.339317069
CxiM3eif,2024-07-13,1,0.4442470378,0.4438540306,0.4443948927,0.4436727989
fZTA85K5,2024-07-13,0,0.3236820142,0.2883323712,0.2881552657,0.2888871616
2qNnmbhS,2024-07-13,1,0.5565308944,0.5267533815,0.534704002,0.5372248823
8pS0fFae,2024-07-13,1,0.6677580939,0.6840398551,0.6274815632,0.6304745137
tzrM1c7L,2024-07-13,0,0.6695983135,0.6935140815,0.7017889009,0.7079420386
n9Q2ARkg,2024-07-13,0,0.319138186,0.2767486522,0.2754220313,0.2736488793
tbQ8hgU7,2024-07-13,1,0.7024010125,0.7013791828,0.7012322595,0.7040384773
6HTwkKNF,2024-07-13,1,0.4701326332,0.4710847604,0.4744350049,0.4642712365
CIYidyVr,2024-07-13,1,0.6423601256,0.6386244322,0.6435522354,0.6268780316
bF8IsxGk,2024-07-13,0,0.4430672435,0.447642608,0.4582871315,0.4751437898
K0VVjtg3,2024-07-13,0,0.3361594022,0.3270574976,0.3159802842,0.2892592199
WvkyVbWq,2024-07-13,1,0.7556074671,0.7588437509,0.7597361788,0.7528094996
v5hqTx1d,2024-07-13,1,0.4612316569,0.3777970972,0.3728171873,0.3562762354
zFftFP44,2024-07-13,0,0.4597065091,0.5095482873,0.4760301076,0.3832199421
fs2RuGp2,2024-07-13,0,0.1986105016,0.1994804708,0.2009057905,0.1758344014
bBSiK5eL,2024-07-14,0,0.2759892287,0.2965240183,0.2610632529,0.2701969915
I3ikEdr3,2024-07-14,0,0.6690971372,0.6671052323,0.6580255697,0.6571337796
zsLvauek,2024-07-14,0,0.3710839278,0.3495458387,0.3512944686,0.3530215894
2LEb0N5L,2024-07-14,1,0.6329544552,0.6424283536,0.6509331802,0.6449476658
lAjmYSc2,2024-07-14,0,0.4246795982,0.4728057829,0.4573542935,0.4465745441
tzpUeSen,2024-07-14,1,0.2866090168,0.2770041407,0.2708085364,0.2684801138
2XWsU7r9,2024-07-14,1,0.4580992241,0.4624095736,0.4640513163,0.4413263866
4t3KWzve,2024-07-14,1,0.5078049745,0.4899583238,0.4921306065,0.4914888958
YeBpfVyJ,2024-07-14,0,0.4347098055,0.4352242872,0.4385462715,0.435395653
8p673FmR,2024-07-15,0,0.641525434,0.6502755617,0.63594356,0.6375983551
jqYeoGRr,2024-07-15,0,0.5286434626,0.5294917653,0.5281604702,0.5360211858
px46b6kf,2024-07-15,1,0.6844491339,0.7072584187,0.7151928116,0.721749721
YgEdkPSG,2024-07-15,1,0.7495593298,0.7607835859,0.7792111139,0.7867338988
xt8MWGCk,2024-07-15,0,0.4511810755,0.4674535054,0.4666865963,0.466744003
QZm50SKs,2024-07-15,0,0.1772315936,0.1747903954,0.1746662505,0.1678355018
h27EdpK6,2024-07-15,1,0.6985773244,0.6751774187,0.6812292811,0.6869881431
04xdtRCr,2024-07-15,1,0.4635261479,0.4505009052,0.4515827441,0.4571224825
W0xwpDdf,2024-07-15,0,0.5561477856,0.5578758734,0.5653332674,0.567034746
YRiPjx4L,2024-07-15,1,0.4128881846,0.4121798551,0.4106602271,0.4099404592
dWV4v5se,2024-07-15,1,0.8270615275,0.8187760906,0.8192573938,0.8303636874
4dZCxqC7,2024-07-15,0,0.1758042307,0.1782581606,0.1795628348,0.1764611626
jNKnw5qA,2024-07-15,1,0.6745231324,0.6726915385,0.6474040145,0.65057567
EHeNfOlJ,2024-07-16,1,0.6232650767,0.6180035397,0.6028828295,0.6198855439
buUuD54m,2024-07-16,1,0.4719326433,0.4671709016,0.4753015178,0.4800109658
nVHb5yJE,2024-07-16,1,0.4396622014,0.4538903446,0.4527785507,0.4418309375
Q1lHhbZ8,2024-07-16,0,0.2849981958,0.2835069055,0.2834511067,0.2832100536
OdW3qfde,2024-07-16,1,0.8957048771,0.8961096921,0.8861400361,0.8873051309
tOm9IRtQ,2024-07-16,1,0.3668375582,0.3523026527,0.3503657794,0.3477387311
p6BUUfs2,2024-07-16,1,0.590350978,0.602909019,0.6033181093,0.6050443193
ABXKKdTr,2024-07-16,1,0.5672278595,0.5681822351,0.5790207784,0.5775567432
QNFBTiCD,2024-07-16,1,0.7442301915,0.7461754327,0.7482707078,0.7508458597
KOPCsYQ7,2024-07-16,0,0.5805739722,0.588672855,0.5902761775,0.571794318
E3UyHES7,2024-07-16,1,0.5025981481,0.5024308506,0.5033744167,0.5042293858
phCa0n4E,2024-07-16,1,0.7427361375,0.7389819633,0.7354052134,0.7354559824
v3cbie4K,2024-07-16,1,0.4731477702,0.4741225528,0.4728160327,0.4732288169
IcC3VDs1,2024-07-16,0,0.3251514929,0.3358496806,0.3341324287,0.3328765812
drOfXZCl,2024-07-16,1,0.8444871696,0.844175727,0.8440832016,0.844480289
6cHNvIKE,2024-07-16,1,0.2929552609,0.3047687971,0.3061396426,0.3031887142
IyyTIzbe,2024-07-16,1,0.5523808043,0.5541476517,0.5639747765,0.5649999816
QaXOxdkR,2024-07-16,0,0.4333905301,0.4409839444,0.4377473329,0.431071089
YH880SFd,2024-07-17,0,0.5076921779,0.5126520498,0.5088491198,0.5061908954
hhMvFv5N,2024-07-17,1,0.7171730516,0.7150740219,0.7295167493,0.734387036
IkInADCd,2024-07-17,1,0.5542933118,0.55556501,0.546551699,0.5502567757
zZrUoZRs,2024-07-17,1,0.6039202657,0.605690628,0.6066252068,0.6072055925
hY3BHd2m,2024-07-17,1,0.4057442491,0.409227369,0.4075033179,0.3998324012
dMbNZWIc,2024-07-17,0,0.310700719,0.3109943484,0.307433078,0.3087076579
IkS4nA23,2024-07-17,1,0.6036983004,0.6021697615,0.6059527547,0.595967615
vuFqzXGq,2024-07-17,0,0.122269289,0.1217821764,0.1199158845,0.1154777999
fiDslre5,2024-07-17,1,0.378007985,0.3766264982,0.3800124706,0.3791529966
rDFwcISq,2024-07-18,0,0.606098478,0.5975855882,0.5982950439,0.5963286238
zZxTUI04,2024-07-18,0,0.5170201747,0.5241526309,0.5198316923,0.5119629189
hn1fH72N,2024-07-18,1,0.854316462,0.8547892079,0.8561520705,0.8557096543
6qtSSk9j,2024-07-18,0,0.6635904572,0.6673445492,0.6686278246,0.6784430261
AuoDeDwp,2024-07-18,0,0.5870777109,0.5703062283,0.5680836621,0.5696136743
OtAoloN8,2024-07-18,1,0.4333538103,0.431000584,0.4228190795,0.4219069648
AFDHQNGN,2024-07-18,0,0.4892091463,0.4864755641,0.4912464948,0.4867194511
fDlI0LvB,2024-07-18,1,0.7813526426,0.7774371085,0.7773564249,0.7771926608
IaN8XfkS,2024-07-19,0,0.4319116086,0.4346799956,0.4414991033,0.4392319193
0d4KQSDc,2024-07-19,0,0.6330963149,0.6298722323,0.6327384907,0.6331576342
WQy1rmJb,2024-07-19,1,0.6689566076,0.6701598026,0.6680219287,0.6716744396
ULieljFN,2024-07-19,1,0.815602691,0.8137658577,0.8173583113,0.8157533488
fkEWB0Ll,2024-07-19,0,0.5009952599,0.4973266708,0.4995517113,0.5035870277
4GZfEkh5,2024-07-19,1,0.7175510984,0.7094984981,0.7120930487,0.7121930945
SWalnNS9,2024-07-19,1,0.7738946398,0.7731359878,0.7702167504,0.7676028604
426CYNx2,2024-07-19,0,0.225738236,0.2258106298,0.2280345952,0.2206346055
hze4dwn9,2024-07-20,1,0.4954838356,0.5089817836,0.5056394601,0.5047314183
l2lDfHGL,2024-07-20,0,0.4022467908,0.3884694491,0.3928467326,0.3942889516
vTbTfQA4,2024-07-20,1,0.3239272613,0.3269467145,0.3247018288,0.3138916551
x6JxHASa,2024-07-20,0,0.3692493738,0.3847578254,0.4358618884,0.4567730805
0t8IYZg2,2024-07-20,1,0.654138243,0.649902621,0.6450452474,0.6282352096
4hLUIWcm,2024-07-20,1,0.6672620179,0.6878873273,0.7008669379,0.7210370223
pCt4XVCt,2024-07-20,0,0.2914918205,0.2685538681,0.2544249463,0.2369347455
tbGgDSRO,2024-07-20,1,0.6017865178,0.6180275757,0.5741564854,0.4797432654
6sF9zdPk,2024-07-20,0,0.6488089604,0.6315979698,0.6294126769,0.6332053142
Kpuqkevq,2024-07-20,0,0.3437995617,0.46348082,0.4646326914,0.4439395792
jkee4Xrf,2024-07-20,0,0.2837591002,0.2684771868,0.255533255,0.2373733674
hKjtZrlo,2024-07-20,0,0.4238873054,0.4210129032,0.4214463682,0.4177540697
KUnC0krJ,2024-07-20,0,0.3842322372,0.3844533177,0.419537859,0.4103921734
fT0Gpek1,2024-07-20,0,0.521131382,0.5215691083,0.5216176128,0.5243842313
WvDMqqpT,2024-07-20,1,0.3193393861,0.3122504567,0.308810517,0.3018086807
bFb32BD6,2024-07-20,1,0.6840997904,0.6821402017,0.6793453334,0.6839386738
0GvTj0id,2024-07-20,1,0.5561342859,0.5559600809,0.5667904708,0.5447231829
0rmxg4uH,2024-07-20,1,0.7266089255,0.7353437336,0.7442755397,0.7478587476
WSvCV9sg,2024-07-20,1,0.9075133495,0.9121246811,0.9211752831,0.9233964365
lGqm04U9,2024-07-20,1,0.4152401406,0.5410156419,0.5379197231,0.5259911793
W2eLdnth,2024-07-20,0,0.3653261365,0.3652159208,0.3628911234,0.2729562634
ERtaoDw8,2024-07-20,0,0.2836997965,0.2810505785,0.3203219623,0.3146641827
nyubOhzQ,2024-07-20,0,0.1361233665,0.1396883896,0.1439698433,0.153179086
f1ESaSxB,2024-07-20,1,0.6996689696,0.6934162155,0.6955582136,0.6936019907
dl5Av5QN,2024-07-20,1,0.4762102739,0.4774783284,0.4790437565,0.4718223865
zoe3hDS0,2024-07-20,0,0.3610394877,0.3753997625,0.3772309304,0.3769661768
EwPuTby1,2024-07-20,1,0.7497150692,0.750210772,0.7501060361,0.7486175426
2i5xuKnn,2024-07-20,0,0.4643633849,0.4665210766,0.4693164836,0.4601691036
ALY1U6uI,2024-07-21,1,0.7976014433,0.8022733811,0.801488658,0.7989318109
OxhbvR1D,2024-07-21,1,0.677879455,0.6761298035,0.6729806853,0.6681597888
SWZPhQG6,2024-07-21,1,0.5807429641,0.5701634311,0.5681532577,0.5751410319
OzkKpiTi,2024-07-21,0,0.6164035411,0.6161327174,0.6143453618,0.615933423
8dxrzF53,2024-07-21,1,0.4721006653,0.4734152288,0.4630918028,0.4674945928
SAbktmX0,2024-07-21,1,0.4351151396,0.4387905238,0.4379382003,0.4389122279
nN9mLWxo,2024-07-21,1,0.6117306045,0.6057529013,0.6079158187,0.5858833704
dUdYMmyo,2024-07-21,1,0.3612251988,0.3620913695,0.3609717557,0.3549672236
Iu3x5FFa,2024-07-21,1,0.6809146431,0.6798137258,0.6894285407,0.6927182038
GzV2Lz0t,2024-07-21,0,0.4092815652,0.4052097517,0.4140990748,0.426475907
G0zxaBOr,2024-07-21,0,0.5144094727,0.5396020946,0.5580925168,0.5167252849
tde1UVrB,2024-07-21,0,0.1297369818,0.1199714285,0.1118325975,0.1027127765
YkYZDAbU,2024-07-21,0,0.1608941523,0.1889514574,0.1932402533,0.187426185
pn3uO9vS,2024-07-21,0,0.5523507205,0.5465209116,0.5459380179,0.5517378769
hGtys9SG,2024-07-21,0,0.3784466342,0.3763147498,0.3763228619,0.36734655
E9g9S9DN,2024-07-21,0,0.4393957228,0.4420716543,0.4392072724,0.4372089401
OWEWPV9F,2024-07-21,1,0.7348334119,0.7349446626,0.7364045653,0.7374895477
tIltneAD,2024-07-21,1,0.4144969296,0.3960524479,0.3844766637,0.3800978549
2NZ5vVO8,2024-07-21,1,0.7843622605,0.7679143032,0.767159691,0.7775980247
bkTEx9gL,2024-07-21,1,0.6011507497,0.6047950209,0.6175486463,0.6184782847
jm8gVQoe,2024-07-21,0,0.3879753167,0.3793361834,0.386456759,0.3849936907
UHRAp7pT,2024-07-21,1,0.6888690459,0.6899188841,0.6899180541,0.6858808578
UXJpXnHr,2024-07-21,1,0.3776705043,0.3807834744,0.3870539183,0.3859920384
hClli88E,2024-07-21,1,0.9198383279,0.919962801,0.9204692375,0.9200182334
ATnKGRW1,2024-07-22,1,0.7041350064,0.6946526898,0.6981857517,0.6991005108
GUgBIm2k,2024-07-22,0,0.6332866947,0.6339758716,0.6391124949,0.6389738272
MefMEoSs,2024-07-22,0,0.2639894446,0.2501227754,0.247769969,0.2466614278
x461T4G7,2024-07-22,0,0.3572785655,0.3533631031,0.3528478273,0.3512434727
GxdxB3R6,2024-07-22,1,0.5043974073,0.5042048234,0.4992710084,0.5117068046
z5L3d4CD,2024-07-22,1,0.7628748309,0.7626796638,0.7648530945,0.7655521638
Y9zB1HAE,2024-07-22,1,0.6311282324,0.6363443808,0.6319635161,0.629733395
2iNebQs1,2024-07-22,0,0.2092888984,0.2090037437,0.2088773499,0.2112520643
8lx0Aogn,2024-07-22,0,0.3005308984,0.2994538926,0.3031383784,0.3018606895
8GGWwEI7,2024-07-22,0,0.4614885272,0.4568003903,0.4539585163,0.4534647368
rBrVCPdf,2024-07-22,1,0.4080533386,0.4006516303,0.4143518414,0.4331789713
jD3jK74K,2024-07-22,0,0.7048865655,0.7157805741,0.7407365574,0.7679072935
v92rq9fm,2024-07-22,1,0.3474710642,0.346057515,0.3498991258,0.354038402
z3IOuzle,2024-07-22,1,0.3337885952,0.3359607628,0.3359937836,0.3345859825
xAwH58kR,2024-07-22,0,0.7021896983,0.7050122656,0.7077025598,0.7099790207
nFZqumcT,2024-07-22,0,0.5208705938,0.5444021662,0.5546516589,0.563484405
8hUn0nDl,2024-07-22,1,0.7620332956,0.7629405316,0.7582123675,0.7588180813
pjwTrVc4,2024-07-22,1,0.6323830094,0.6325583039,0.6315152162,0.6376596649
0OjismPa,2024-07-22,0,0.3029042031,0.3078547811,0.3089073312,0.3056665039
C4ko9sdJ,2024-07-22,0,0.3354542132,0.3294371486,0.326498497,0.3236581447
fFumFe1B,2024-07-23,1,0.5472267676,0.5466263702,0.5394714718,0.542020543
4WTNUt05,2024-07-23,1,0.5174792432,0.5127201646,0.51692845,0.5180070413
IuF65QWg,2024-07-23,1,0.6008333579,0.6001364312,0.5926831071,0.5927176276
zB2XuuwA,2024-07-23,0,0.3567965074,0.3549421211,0.3630495612,0.3538472433
dK3vZ9Ek,2024-07-23,0,0.2696171044,0.26965634,0.2700796073,0.2641230204
hj7rSfc6,2024-07-23,0,0.1724093499,0.1723077138,0.1784104633,0.1829570554
88GCtUDE,2024-07-23,1,0.5913648816,0.5959180321,0.5981312137,0.5999341618
Eifa7Nbl,2024-07-23,1,0.5694757157,0.5677122245,0.5691093442,0.5701912154
nFcFotfd,2024-07-23,1,0.4561049918,0.4550467378,0.4560499726,0.4591749318
lQOg0zS1,2024-07-23,0,0.3692684982,0.3685866089,0.3706371081,0.3801853063
KISKG2Y8,2024-07-23,1,0.8472690967,0.8465467862,0.8457109131,0.8461366407
WUNP68sQ,2024-07-23,1,0.1066546468,0.1034739197,0.1054461448,0.1066820261
tGXREmkg,2024-07-23,0,0.3824433793,0.3762368236,0.3839159845,0.3915268644
2uag6mfT,2024-07-23,0,0.4535810306,0.4564339711,0.4529568049,0.4588962297
xlEskkKU,2024-07-23,1,0.7258958301,0.7208685719,0.7222846279,0.7205485891
MHJZLFEN,2024-07-24,1,0.9120442595,0.9119882581,0.9113601372,0.9110983657
8OQI9gOi,2024-07-24,1,0.4119949975,0.4131331493,0.4129316891,0.4134229214
jgo6WeE7,2024-07-24,1,0.5985443932,0.6028659806,0.6031839924,0.5978688199
YemhvcUi,2024-07-24,1,0.5326166899,0.5331970756,0.5336000967,0.5317688551
t8VL7Tbs,2024-07-24,1,0.5429159927,0.5418099469,0.5426017405,0.5402916664
nicYkTPQ,2024-07-24,0,0.766155994,0.7680508028,0.7616200053,0.7568307746
v7w5A9P0,2024-07-24,1,0.8047236564,0.8042834686,0.8046898501,0.8026261743
bu2qbFgK,2024-07-25,1,0.5341366539,0.5328925977,0.5310025732,0.527475127
OxW246IU,2024-07-25,1,0.7291730057,0.7245026727,0.7232266448,0.7218589393
UoFTgHcM,2024-07-25,0,0.6384021341,0.6389304224,0.6390509659,0.639630115
vZqP2I05,2024-07-25,1,0.6997502088,0.7002841102,0.699377795,0.700013175
zyC0e3je,2024-07-26,1,0.4986817514,0.4985025744,0.4990166407,0.4923559659
UD31cWs9,2024-07-27,0,0.2565825369,0.2570336081,0.2564823281,0.2561683003
lK5YgcyH,2024-07-27,1,0.9365876028,0.9387967587,0.9386498092,0.9385497675
OCAwvloe,2024-07-27,0,0.5644600068,0.5622164432,0.5609129648,0.5563551861
KrbJpF76,2024-07-27,1,0.5165523804,0.5007887957,0.5011163667,0.5159952675
j362lc8s,2024-07-27,1,0.6559185103,0.6708303783,0.6700384078,0.6700174932
0GYiaEMa,2024-07-27,1,0.5429729422,0.5681117491,0.5691133548,0.5682753088
8IgD6dUP,2024-07-27,0,0.4917879026,0.4932997028,0.5047711584,0.5075135038
6Dy0chiC,2024-07-27,0,0.5853298063,0.5830797084,0.5808437308,0.5806682098
4luq1zhm,2024-07-27,0,0.410540731,0.3946395496,0.4275218131,0.4238520434
hABQrgxJ,2024-07-27,0,0.4099616129,0.4115624379,0.3906620581,0.3963534818
hYLVZypo,2024-07-27,0,0.7294964406,0.7295681276,0.7297853526,0.7389516775
bT9Anywf,2024-07-27,1,0.409224017,0.4073845886,0.4043927077,0.3924634953
KvEHcuxh,2024-07-28,1,0.6309603126,0.6310199281,0.6351597306,0.6347712155
ADI6ubMN,2024-07-28,0,0.7125170922,0.7051157,0.7063331898,0.7057626678
Cvf0YO8t,2024-07-28,0,0.3591193801,0.3588995958,0.3585608214,0.3647008736
MomePoWP,2024-07-28,0,0.4612793735,0.473213283,0.4708127525,0.4704413833
fcrO6exK,2024-07-28,1,0.6833345726,0.6916711874,0.6908745019,0.6891273781
fwdmlS4e,2024-07-28,1,0.4950913674,0.49801267,0.5065686902,0.5072876661
thN6ykLk,2024-07-28,1,0.5822738063,0.582332201,0.5763762668,0.5777847818
vRVj8mdR,2024-07-28,1,0.7595867261,0.765706524,0.7707514907,0.7774888981
M9VsGsgC,2024-07-28,0,0.6637111484,0.664492835,0.6544919338,0.6546445882
86m9W2wg,2024-07-28,0,0.2404524121,0.2475449527,0.246978565,0.2476339369
xnuQSKxI,2024-07-28,0,0.2453969188,0.2453154819,0.2445660993,0.2435762981
2Jk9ZkRq,2024-07-28,0,0.1737083438,0.1733916074,0.1733649757,0.1725481237
UeAV05l1,2024-07-28,1,0.3704381823,0.3710982932,0.3702732875,0.361152559
tKoHUt85,2024-07-28,0,0.6237499809,0.613137497,0.6147147738,0.6233768069
UgcXQb7U,2024-07-28,1,0.8557490479,0.8559965049,0.8556197899,0.8555585801
tf2QeJ64,2024-07-28,0,0.3928955074,0.3936018609,0.3936001089,0.3990759726
UR6GYfvn,2024-07-28,0,0.2233380576,0.228691473,0.2280890318,0.2273252006
EiQrIUMH,2024-07-28,1,0.6600948152,0.6727805602,0.6705712188,0.6712517136
tCcPO8nf,2024-07-28,0,0.2428271168,0.2356777326,0.2365040718,0.2446626789
raxrA9RE,2024-07-28,1,0.2442968001,0.2438334899,0.2443604311,0.2447466134
xv79eACL,2024-07-28,0,0.4114809396,0.4124079847,0.4128971898,0.4183301276
E5LEZSk2,2024-07-28,0,0.583379463,0.5864109836,0.5853161746,0.5758050586
4UQvMlFi,2024-07-28,0,0.4170608307,0.4219640714,0.424441067,0.4253956521
8MDkqGv0,2024-07-28,0,0.4912241129,0.4797398999,0.4790650416,0.4786019649
MBrtjlzq,2024-07-28,1,0.64435583,0.6360240336,0.6358261236,0.6376042659
j5kdn6Z7,2024-07-28,0,0.5100185974,0.5105985699,0.5104014063,0.5149692552
x0KbsKiB,2024-07-28,0,0.3006541469,0.298012046,0.2899853654,0.2882541958
EqSZH3Oa,2024-07-28,1,0.3619571033,0.3750522249,0.3728951724,0.3720195492
Y7Nso2hn,2024-07-28,1,0.8251121029,0.8345870716,0.838014689,0.8007890794
8tMM2RJl,2024-07-28,0,0.4816619198,0.4810496172,0.4815303547,0.4820119404
rPJjELNO,2024-07-28,0,0.1306384004,0.1302516435,0.1304356467,0.1306972044
CvfPnEdC,2024-07-28,0,0.4693304953,0.469932882,0.462367526,0.4626798478
bBATLHat,2024-07-29,1,0.3141933277,0.3183088125,0.3170371982,0.3178064162
bwqbKDfn,2024-07-29,1,0.9543861019,0.9557971496,0.9558739706,0.9554216628
f5x7IiPb,2024-07-29,0,0.2362990007,0.2359968423,0.2362401374,0.2364503157
hWvXAi46,2024-07-29,0,0.3191050789,0.3245197091,0.3242604405,0.3229826456
pUTfOtIP,2024-07-29,0,0.5319675672,0.5340420401,0.5357321599,0.5367357865
vBe31E6c,2024-07-29,0,0.2560507178,0.2562768986,0.256962336,0.2609561147
z5DMhpOP,2024-07-29,0,0.1907194151,0.1913680251,0.1919657811,0.1911425443
Sj2pIZb5,2024-07-29,1,0.4430184654,0.4426254604,0.4393362794,0.4409806904
SYjRd5wJ,2024-07-29,0,0.7137519238,0.7157899813,0.7159499444,0.7150123146
M9FKjXBL,2024-07-29,0,0.3529266034,0.3541010254,0.3542829319,0.3541459738
f7DppSgD,2024-07-29,0,0.1083007107,0.1083925582,0.1107933151,0.1106880046
CI0KRPxg,2024-07-29,1,0.5124034844,0.5209180188,0.5128275576,0.5145823319
zw7oyXAr,2024-07-29,1,0.7660634407,0.7722065876,0.7708475112,0.773765523
j1RG0SUN,2024-07-29,1,0.7945977189,0.7945049055,0.7887786064,0.7880153734
QJeUBj1D,2024-07-29,0,0.2201999833,0.2202377591,0.2199724389,0.2198337337
CKyOhOU8,2024-07-29,1,0.6577233196,0.6587579464,0.6604310399,0.6613949267
YyXrVKx2,2024-07-29,0,0.5661605566,0.566516995,0.5529465617,0.5507473049
0OYzXt8k,2024-07-29,1,0.3410149485,0.340256004,0.3395356893,0.340494101
xfkXzftJ,2024-07-29,0,0.5661754886,0.5637528483,0.5637246843,0.5631786345
tvh4x3pS,2024-07-29,0,0.5067903546,0.5057441761,0.5065079508,0.5052083229
Cb0mtoo3,2024-07-29,0,0.3124551908,0.3123321211,0.3129261765,0.3130924129
ncCSJKXo,2024-07-29,0,0.4787826188,0.4697386526,0.4706582891,0.4685050563
AZgDOT55,2024-07-30,0,0.2113529939,0.2159935921,0.2164168751,0.2174964029
IFqI8MaM,2024-07-30,1,0.1363511022,0.1363632988,0.1374182473,0.1380417732
SQU7NQbU,2024-07-30,1,0.3536133612,0.3542726719,0.3549110157,0.3549997202
r93A4vvg,2024-07-30,0,0.4847067771,0.4900986118,0.4891994294,0.4932074233
nXteufz1,2024-07-30,1,0.1805987397,0.1807856212,0.1808801651,0.1812090345
0UB4uaPF,2024-07-30,0,0.5813027818,0.581415359,0.5808534169,0.5795130702
Qs0Ot7B5,2024-07-30,0,0.6277475081,0.6192100244,0.6217182393,0.6212041248
xEuaA70k,2024-07-30,0,0.6136228604,0.6175621738,0.6125037851,0.6129674086
drIuByhA,2024-07-30,1,0.9635029065,0.9635961789,0.9636262494,0.9635886203
nL81Isgd,2024-07-30,1,0.3514112086,0.3394308649,0.3398422462,0.3400901425
rDNQSFGG,2024-07-30,0,0.2537471911,0.2530302741,0.2513646943,0.2508472516
AaPIUyn4,2024-07-30,0,0.1928188004,0.1983243301,0.1967067631,0.1960654495
YDldvPFF,2024-07-30,0,0.3226748676,0.3063285029,0.3030254444,0.3008753501
IJ3ezGEs,2024-07-30,1,0.6163627584,0.6163838284,0.6052260454,0.6157861405
jPgd7FSb,2024-07-31,0,0.7329636599,0.733689935,0.7339774061,0.7344095755
OSvlcmko,2024-07-31,0,0.21116307,0.2105947713,0.210890735,0.2119532653
0fHwJZmI,2024-07-31,0,0.5783789493,0.5700297008,0.5700102429,0.5687628202
jyKdWjx8,2024-07-31,0,0.5965299644,0.602495502,0.5990529463,0.5978409355
pvFeWEQ8,2024-07-31,1,0.7753982497,0.7679588744,0.7689241045,0.769924654
KWZGjtuK,2024-07-31,1,0.9424318563,0.9404113353,0.9395502013,0.9427194012
29YH1n9E,2024-07-31,1,0.2524241425,0.252428037,0.259794199,0.2521469898
2JBAtoyI,2024-08-01,0,0.8555592201,0.8585238495,0.8585731584,0.8580956677
2aLxGgtS,2024-08-01,0,0.1961828302,0.1944543314,0.1944455668,0.1954695404
nNNDOp0s,2024-08-01,0,0.3482650777,0.3479014477,0.3458525182,0.3461761742
4vhUxrKj,2024-08-01,1,0.4869921128,0.4872461641,0.4786229391,0.4868931648
hWdO37Uq,2024-08-01,1,0.6423753334,0.6390579599,0.6476491216,0.649665884
GYJcszwe,2024-08-02,1,0.9671614116,0.967824311,0.9677446616,0.9677144139
xOpMoW3M,2024-08-02,0,0.692132209,0.6978757216,0.6908906082,0.6895637959
vmNEXJAM,2024-08-02,0,0.5811891047,0.5843046694,0.5782034673,0.5713909507
vsUNaiC5,2024-08-02,0,0.3782311768,0.3750786399,0.3664401604,0.3622932195
jVCrlWyK,2024-08-02,1,0.7456492772,0.7472716905,0.7485549198,0.7553914208
88Gkqd8r,2024-08-03,1,0.7086397356,0.7089889217,0.7070175757,0.7075932367
Kdy9FGHN,2024-08-03,1,0.769000807,0.7678755362,0.766905631,0.7691391313
KAG92Ym3,2024-08-03,0,0.8103586993,0.812066272,0.8090862212,0.8121196546
M30zO8VN,2024-08-04,1,0.1947913653,0.1913151534,0.1835111077,0.2083663842
SIYcOxs4,2024-08-04,1,0.7370516881,0.7379699092,0.7314705014,0.7312021261
hO8JRjWb,2024-08-04,1,0.7697150782,0.7785533288,0.7798690342,0.7781639924
va790EXa,2024-08-04,1,0.3565715655,0.3546871748,0.3637434291,0.3630218262
8vaQdWWO,2024-08-04,0,0.54932492,0.5497567657,0.5524289405,0.559781234
MsPaBVoI,2024-08-04,0,0.4068289311,0.4025905798,0.4423516528,0.4354827053
OpS6MGBG,2024-08-04,1,0.5172794337,0.516480417,0.5181820557,0.5229731726
8Y5ZO3Y7,2024-08-04,0,0.4165504677,0.4174398755,0.4172630965,0.4147138143
h2XrFDng,2024-08-04,1,0.5163016158,0.5370497626,0.5387775673,0.5488883569
CtBmyb9l,2024-08-04,1,0.6423363047,0.6407911091,0.6410018832,0.6541783331
n5UzHZHt,2024-08-04,1,0.6548374822,0.6517428474,0.6400714883,0.640067465
zR0Ibh2C,2024-08-04,1,0.3461556271,0.3480783047,0.3470917689,0.3562685933
YLhITC1n,2024-08-04,1,0.3271334855,0.3232139335,0.3364172054,0.3344065746
EHLiDiH5,2024-08-04,0,0.4306996859,0.5120233946,0.460909108,0.4285385863
f5zjQbCi,2024-08-04,1,0.6751421134,0.6783774535,0.6657033483,0.6581302938
0lCRPU0B,2024-08-04,1,0.6111958425,0.6119236483,0.6134915115,0.6140630217
4zlMKxP7,2024-08-05,1,0.8471474516,0.852169197,0.8498302036,0.8426958894
842LdigM,2024-08-05,1,0.6100872037,0.611514792,0.6060066961,0.6063949356
IygqqSPF,2024-08-05,1,0.6278367719,0.6278926053,0.6273175636,0.6314523342
niRAYJ5t,2024-08-05,1,0.6314339531,0.6417183767,0.6243657428,0.6234535445
S6CRe59L,2024-08-05,1,0.5731429856,0.5738507439,0.5739017502,0.5734575325
G6iu10o1,2024-08-05,1,0.7611935579,0.7625518271,0.7652081212,0.7679621241
ruEblN1e,2024-08-05,1,0.7289221946,0.7163996252,0.7119552057,0.7214047838
vRc18rgR,2024-08-05,0,0.6600376162,0.6588549685,0.6635595134,0.6660830087
jgNwt286,2024-08-06,0,0.2225475956,0.2183849133,0.2202679232,0.2205425781
Uqfv48ek,2024-08-06,0,0.679603895,0.6879308907,0.6875472434,0.6799448358
WOnVrUan,2024-08-06,1,0.4333655534,0.4403943102,0.4438970642,0.4396875668
lfADI7Ar,2024-08-06,0,0.2041809082,0.2025311732,0.20070976,0.2005412033
EXmCS8F5,2024-08-06,1,0.4081906672,0.4091244705,0.4011157848,0.400823154
pM3MGoue,2024-08-06,1,0.6027675773,0.6036610707,0.603739662,0.6040718955
jJ6UEP97,2024-08-06,0,0.2314446954,0.2309013236,0.2307053995,0.2369194806
rwa2ZYfc,2024-08-06,0,0.4383682545,0.4371153047,0.4432137281,0.4429778692
WEqHxT1E,2024-08-06,0,0.6914728107,0.6917034772,0.6959353976,0.6957712837
tKk4UUpg,2024-08-06,0,0.161684188,0.1622986727,0.1549998358,0.1566272066
YmqnunaB,2024-08-06,1,0.4310931925,0.4313404171,0.432995489,0.4389323648
4z6JMwqp,2024-08-07,1,0.584893946,0.5782936426,0.5777184366,0.5748808721
WxS3TOO0,2024-08-07,1,0.5270418045,0.5289240536,0.5248598412,0.5216020215
ddVYPkI8,2024-08-07,1,0.603645435,0.6044434806,0.6072378566,0.6124783461
KpJCQnpI,2024-08-07,0,0.4867749696,0.4911045195,0.4905671224,0.4907772855
vkjws8Ub,2024-08-07,0,0.2620079178,0.2611943583,0.2620965076,0.2664446071
vumPz7WQ,2024-08-07,0,0.4083389757,0.4001001095,0.4103975654,0.4112926022
lUQMqp9s,2024-08-07,0,0.3346292767,0.3300109808,0.3348689891,0.3357661105
dfUUsOwf,2024-08-07,1,0.6087620083,0.6113140989,0.6128571631,0.6148981329
hOOsOTnL,2024-08-07,0,0.4454501917,0.4452068512,0.4456233109,0.4335899888
SAMKOQEU,2024-08-07,1,0.5350628826,0.5205018206,0.5219847982,0.5229621768
hfuLsLJj,2024-08-07,0,0.3791002884,0.379219306,0.3813844264,0.3740379737
bPTeVpfl,2024-08-07,0,0.3641344506,0.3634837033,0.3526379697,0.3620182957
r55fgPEF,2024-08-07,0,0.2230146606,0.2231284483,0.2281600246,0.2263778961
WtnRbkO8,2024-08-07,1,0.6980863415,0.6982517664,0.6972034647,0.6951832944
OhpTd25k,2024-08-08,0,0.2778412155,0.2787057748,0.2735211135,0.2731902344
fZopG115,2024-08-08,0,0.6055893362,0.6007012852,0.6023283083,0.6016997976
ldZ0T6hg,2024-08-08,0,0.3663232284,0.3677501415,0.3680338633,0.3736991212
2Z51uIUG,2024-08-08,0,0.2042058537,0.208843074,0.2032720709,0.2019395117
6Pu3cKQr,2024-08-08,1,0.9150401544,0.9149909786,0.914128303,0.9139214829
KY0yUh1f,2024-08-08,1,0.6470784764,0.6486593857,0.6511002406,0.6525212574
tWLM1GSN,2024-08-08,1,0.6295995353,0.6365720294,0.6361258703,0.6388088222
jmxD7qA6,2024-08-08,1,0.3612194752,0.3628876889,0.3622675251,0.3615460902
vsSprRyB,2024-08-08,0,0.5822936682,0.5771652272,0.5769557379,0.5836658569
ran95VVr,2024-08-08,0,0.5425155323,0.5414743988,0.5449271982,0.5412264226
SCmXkKr4,2024-08-08,0,0.107002602,0.1063793992,0.1088293193,0.1071871651
Clayk884,2024-08-08,1,0.7872845507,0.786953467,0.7863790688,0.7835133416
xh4vKcrh,2024-08-08,0,0.7431326241,0.7411352122,0.740906993,0.7467733943
6RQSrfBC,2024-08-09,1,0.3993935323,0.399679167,0.3996555576,0.3927799839
EL7wd38N,2024-08-09,1,0.5574933693,0.5580637739,0.5575146947,0.5595121
4ECvm7nS,2024-08-09,1,0.7694583052,0.7688724953,0.7681952038,0.7678676623
Yk2zNZfT,2024-08-09,1,0.4446242762,0.4496805361,0.4435127217,0.4457712952
Y9h2dmFa,2024-08-09,0,0.7168191749,0.7123066555,0.711787738,0.7135729536
Qqkfb9pm,2024-08-09,0,0.4141856901,0.414642738,0.4070292944,0.4089243748
dpDznlBl,2024-08-09,0,0.8153929985,0.8149161998,0.8154960086,0.8143910911
E70HhpcR,2024-08-09,0,0.1628612765,0.1620509988,0.1615647346,0.1614567416
juSc3dFk,2024-08-10,1,0.6599370507,0.6636566206,0.6624324545,0.6626787905
OCCmMBml,2024-08-10,1,0.1639609999,0.1655938683,0.1657517785,0.1638964932
dUUMT7bC,2024-08-10,1,0.748925193,0.7445573534,0.7434721676,0.7439180659
KIGz6vtg,2024-08-10,1,0.4472674158,0.4466743016,0.4401640287,0.4412318628
ngxoUG8s,2024-08-11,0,0.4775616719,0.4797760723,0.4841525648,0.4847130409
023SBZhD,2024-08-11,1,0.5566183757,0.549925734,0.5516801982,0.5582318821
thXWMa1E,2024-08-11,0,0.5112521024,0.5038024708,0.5038030334,0.5057791921
S8eEZxoK,2024-08-11,0,0.5741046729,0.5829495841,0.58204968,0.5828118735
E5VvLwWQ,2024-08-11,0,0.5001812994,0.5078962253,0.5091965298,0.5063065857
YkCBFHgl,2024-08-11,1,0.4634214732,0.4814770542,0.4805419252,0.4807539977
nZg2OCxJ,2024-08-11,0,0.5008942188,0.5027288067,0.4920800024,0.4909343992
v9jfQY76,2024-08-11,1,0.6172745354,0.6179280746,0.6194241094,0.6204978662
GjP33Tkm,2024-08-11,0,0.4509778452,0.4523733157,0.4532672374,0.4546280431
rcDb8rFD,2024-08-11,0,0.6035985042,0.6041430588,0.6015030765,0.5998930043
bDNKtfhm,2024-08-11,0,0.3609131161,0.3653063658,0.3672563162,0.366004996
CzUzwCiC,2024-08-11,1,0.8442409223,0.8435168887,0.8398916198,0.8435989697
SUWlnGUP,2024-08-11,0,0.6492667613,0.6473689855,0.6502316018,0.6522203247
K6zgSfwf,2024-08-11,0,0.334971483,0.3348928081,0.3322792532,0.3310892607
vNVSvYMa,2024-08-11,1,0.786796315,0.7901428989,0.7901670809,0.7914309327
Qqkpad97,2024-08-11,0,0.3584154316,0.3588442567,0.3600251299,0.3660766219
h8ttKC3N,2024-08-11,0,0.3200045962,0.3196892325,0.3205563531,0.3216658318
vmFJDeO0,2024-08-11,0,0.2941554214,0.2926790147,0.2936114801,0.2935517924
YVLv9kSP,2024-08-12,1,0.6170520053,0.6203291745,0.6194140411,0.6243866771
pbJ0YH9d,2024-08-12,0,0.626437107,0.6249372333,0.6239320429,0.6209788099
UkFkc7o4,2024-08-12,0,0.4525038084,0.4494399952,0.4468098687,0.4463261801
WjRDrHkf,2024-08-12,1,0.2431229881,0.2439031139,0.2431555889,0.2395287993
2esQcgf5,2024-08-12,1,0.4900926489,0.5022837118,0.4949228602,0.4937640123
GvivVCwo,2024-08-12,1,0.6637313384,0.6642985264,0.6653069863,0.6682497996
Q5MmLdBC,2024-08-12,0,0.4896356936,0.4937766641,0.4933794039,0.4944608057
AL0PzrA6,2024-08-12,0,0.4718382544,0.4727690373,0.4702670119,0.4693055233
6NCPU9r9,2024-08-12,1,0.6902566818,0.6875924668,0.6860312646,0.6842584558
rZUDzBke,2024-08-13,0,0.5040397677,0.4992038417,0.498383195,0.498116899
GWvfi2CM,2024-08-13,1,0.6383163085,0.6371586446,0.6372880289,0.6380877984
lEpT3udS,2024-08-13,0,0.4599666006,0.4558521174,0.4575060489,0.4587759889
6yr4oS3D,2024-08-13,1,0.2622054965,0.2680247823,0.2693256791,0.2689172658
bPJU1mlf,2024-08-13,0,0.5637333618,0.5638688597,0.5639341394,0.5633898596
lKmwepDc,2024-08-13,0,0.4750211001,0.4733569698,0.4726679011,0.4653588739
xdjmkA4l,2024-08-13,0,0.4533203847,0.4443183518,0.4446228286,0.4457163658
YNqdmlZ0,2024-08-13,1,0.7577942547,0.7589922889,0.7585496972,0.7577234397
6yn9K3yo,2024-08-13,0,0.578023523,0.5780174743,0.5799300316,0.5849404898
tEQBvPSG,2024-08-13,1,0.6405491541,0.6385764539,0.6399811553,0.6419890373
MqQj9VeK,2024-08-13,0,0.2513459238,0.2531331394,0.253566304,0.2559600974
xAVL39Js,2024-08-13,1,0.3668083885,0.3672248076,0.3609936135,0.3617305329
nFVPotzp,2024-08-14,1,0.8854805617,0.8865721129,0.8872700675,0.8882715466
zyCK7Nd3,2024-08-14,0,0.316744782,0.3213481178,0.319877787,0.3152412128
YoMabJJk,2024-08-14,1,0.5341220476,0.533685253,0.5403166172,0.5415881778
xtKKx3cT,2024-08-14,1,0.7023527947,0.7014757371,0.6964493696,0.6954701854
v1OMYlK7,2024-08-14,0,0.3719480887,0.3710446291,0.376186724,0.3770636561
ERShmmfA,2024-08-14,0,0.5206387723,0.5213051456,0.5263642708,0.5249680831
fcS3tob4,2024-08-14,1,0.6520676976,0.6428164994,0.6493259426,0.6496493103
Ysver7Ti,2024-08-14,0,0.4480575016,0.4535523273,0.4553089734,0.4572567661
rsPYqK4d,2024-08-14,1,0.6159843444,0.6148443234,0.6088393499,0.6173620882
4I2lqMF8,2024-08-14,1,0.5081882627,0.5075406806,0.5071130975,0.507156488
vRBFojQ1,2024-08-14,0,0.3183767325,0.3198718742,0.3207637612,0.3201338608
Y35CXBb5,2024-08-14,1,0.9437701117,0.9445093729,0.9438618872,0.9439701024
SM4HfWtR,2024-08-14,0,0.6226415266,0.6213585908,0.6243521065,0.6237227363
YB5jXtLj,2024-08-14,1,0.5808601716,0.5812418642,0.5821656102,0.5710854952
CUQzL8W0,2024-08-15,1,0.8075799275,0.8081421384,0.8078614349,0.8069887951
OUPcj3h3,2024-08-15,1,0.3696823243,0.3691093644,0.3694898578,0.3640847722
lMI6KRfm,2024-08-15,1,0.2679913924,0.2681132192,0.2611438675,0.2620377932
ptraW0IP,2024-08-15,0,0.4010284376,0.4011846033,0.4016314289,0.4020578967
0YeeuwIF,2024-08-15,1,0.6580425663,0.6597150527,0.6641624362,0.6639221821
d8XNr3XA,2024-08-15,1,0.8705914903,0.8680356368,0.8687547344,0.8710368309
zLDQ6lyA,2024-08-15,1,0.4392572572,0.4401869419,0.4407584044,0.435770699
z9q3ULVq,2024-08-15,1,0.1932824968,0.1933014282,0.1932153445,0.1934547667
ILQrbPPP,2024-08-15,0,0.4491213179,0.4485978785,0.4527435077,0.4483827175
p2c9r3UO,2024-08-15,1,0.6300293772,0.6311350302,0.6300128006,0.6288765018
Ec9iE9un,2024-08-15,0,0.3858053332,0.3951328294,0.3946340496,0.3952774813
U3vDlxdE,2024-08-16,1,0.6510226094,0.6524170163,0.6554151919,0.6542500276
vqizInEE,2024-08-16,1,0.8701570929,0.8710290045,0.8708377236,0.8707223868
hKIm6zcC,2024-08-16,1,0.6273149062,0.6286847027,0.6270852308,0.621369397
W27kNsjf,2024-08-16,0,0.4464250873,0.4453110599,0.4442950358,0.4459585891
CW5is3sQ,2024-08-16,1,0.7576161004,0.7563369507,0.7553719345,0.7520709174
6scpEx8T,2024-08-16,1,0.5047581703,0.5036924857,0.5031312654,0.5035626823
foA6uMen,2024-08-16,1,0.7048191654,0.7060437207,0.7061466743,0.7104022499
Ayg1xM9k,2024-08-16,0,0.453624568,0.4546214708,0.4519191465,0.4517711729
CSLXdV1K,2024-08-16,1,0.5888655264,0.5896946111,0.5917171047,0.5953740215
p0vvTsu2,2024-08-16,1,0.7023862736,0.702398326,0.7014575139,0.7006625312
4nlREiKi,2024-08-16,0,0.6390934582,0.6383498022,0.6373228326,0.6370176781
b3lheZKH,2024-08-17,1,0.8498460126,0.8615380402,0.8710936075,0.8840882192
tQWd2VAm,2024-08-17,0,0.3031441481,0.309022863,0.3127503551,0.3153108246
juSLg6a3,2024-08-17,1,0.816195266,0.8194436713,0.8196761889,0.8194329042
StV409u0,2024-08-17,0,0.506090971,0.5066422641,0.507943892,0.5078155286
67MBxO9E,2024-08-17,0,0.5000956412,0.5017947611,0.5031389114,0.5052124793
QBqPEKH7,2024-08-17,0,0.5302212054,0.4407576948,0.4155922721,0.4310443049
xGvU0wit,2024-08-17,0,0.6635898277,0.6698325469,0.6760095304,0.6870386599
Ue4UcIeD,2024-08-17,1,0.7535399574,0.7538011265,0.7517260063,0.754540725
KEtHGtme,2024-08-17,0,0.3665448457,0.3670063367,0.3678336941,0.3670064172
O8ODbmAC,2024-08-17,1,0.8317030672,0.8439220443,0.854665663,0.8669274731
SKyQrpEc,2024-08-17,1,0.6291310296,0.6303204945,0.6284845788,0.6292640282
Onm8I2Ir,2024-08-17,1,0.3058154909,0.2891992459,0.275418815,0.2574582106
jwopcej5,2024-08-17,1,0.3376861381,0.3170752699,0.3003074621,0.2797147183
Slc16rHU,2024-08-17,0,0.3206905363,0.3081272174,0.2973981879,0.3290311859
dMMLdRvP,2024-08-17,1,0.3270366731,0.3217613782,0.3197879221,0.3527883726
vs6r2sY1,2024-08-17,1,0.4149264554,0.4180930773,0.4210019924,0.4187176121
67IEkhRs,2024-08-17,0,0.3418762681,0.3418557485,0.3400164843,0.3372775884
CIjTpAlf,2024-08-18,0,0.6630252114,0.6664366094,0.6647633216,0.6612183072
6giyE8It,2024-08-18,1,0.4726666083,0.4744143055,0.4760978237,0.4782330406
zc3X18Oh,2024-08-18,1,0.2509056922,0.2306858251,0.2270075288,0.2247522748
CSo1yh8r,2024-08-18,1,0.5505326158,0.550761364,0.5499309264,0.547532684
UNdyaHLh,2024-08-18,1,0.7412309134,0.7412516422,0.7279943051,0.7282657377
EckBLTvP,2024-08-18,1,0.7540975849,0.7505798755,0.7478437419,0.751567951
Ork11Q9E,2024-08-18,0,0.3072376662,0.3045838496,0.3025414238,0.2963506718
OEwnyFwJ,2024-08-18,1,0.714578395,0.7162758309,0.7196457668,0.711226385
KKBlhhdK,2024-08-18,0,0.4308169849,0.4330496201,0.4338428093,0.4410973871
v7kqCnmg,2024-08-18,0,0.5280644361,0.5272292695,0.5281070545,0.5337274918
Ac0ZbGbE,2024-08-18,1,0.9515224405,0.9515448038,0.9517941751,0.9521505588
4AQMDKue,2024-08-19,0,0.3957916213,0.3884791074,0.3948130896,0.3955836692
8rXDFtBr,2024-08-19,1,0.5907833455,0.5987801639,0.5987360003,0.5976305156
fu7v1sdk,2024-08-19,1,0.4323107662,0.4326639436,0.4275146155,0.4270263253
4EfJYsvA,2024-08-19,1,0.8501634424,0.8567287129,0.8577163909,0.8565588449
xOOUBbA7,2024-08-19,0,0.4471117922,0.4326884934,0.4094310492,0.3989512973
GphZMOI8,2024-08-19,0,0.3462519056,0.3467718079,0.3469083268,0.3466098514
nik82ZFd,2024-08-19,1,0.5462773395,0.5463269759,0.5476765816,0.5548618562
IkOcpfwo,2024-08-19,1,0.6584473933,0.6599576775,0.6601707165,0.6619660344
ddP4LD4F,2024-08-19,1,0.2741794846,0.2733946778,0.2825127028,0.2706969762
lWLdNZZ2,2024-08-19,1,0.4506187003,0.4516243737,0.4521994733,0.4436663093
b9L863YR,2024-08-19,1,0.636773478,0.6372586043,0.6375291277,0.6380817488
C8704FUG,2024-08-19,1,0.6555644226,0.673472874,0.6824634211,0.6810481192
j70maLQ1,2024-08-19,0,0.5311211487,0.5373260249,0.5284308442,0.5298618702
IBDDJiZR,2024-08-19,0,0.3450295504,0.3391555714,0.3398458019,0.3406745985
CYYnYjlL,2024-08-19,1,0.5159734472,0.5265978031,0.5247966423,0.5260516449
OChhC9R1,2024-08-19,1,0.5095847131,0.5035467719,0.5046229073,0.504930569
Qmg7zvBC,2024-08-20,1,0.8484767294,0.8492092601,0.8516488866,0.8519574711
SxqSqrlQ,2024-08-20,1,0.4342439528,0.4295669158,0.426987187,0.4285645135
x0trL2mL,2024-08-20,1,0.4425200495,0.4423810045,0.441376813,0.4508011129
UFEhAoZ2,2024-08-20,0,0.352429156,0.3526325707,0.3535858591,0.3525790407
nNPbvMBm,2024-08-20,1,0.4566938678,0.4574848868,0.4544329912,0.4504512139
KzO6x0t0,2024-08-20,1,0.250846494,0.2516337132,0.2495615778,0.2496417162
8z192gaT,2024-08-20,1,0.9659259448,0.9656603119,0.9657651658,0.9664115379
rTFq8cVi,2024-08-20,0,0.2147309263,0.2128088725,0.2123372386,0.2106662924
0WjtMvdJ,2024-08-20,1,0.6848119037,0.6860891577,0.6844283221,0.6858196453
G6uvzDJ8,2024-08-20,0,0.1496266659,0.1473755623,0.1452138348,0.1380678708
4r4h6y04,2024-08-20,0,0.2853435889,0.2841815458,0.2778686778,0.2757801636
SpaqEVdk,2024-08-20,1,0.674769936,0.6764550101,0.6767514941,0.6732175279
SbvISUBr,2024-08-20,1,0.7119489257,0.7183551028,0.7173144412,0.7169948586
rR4eJ27e,2024-08-21,0,0.8491170705,0.8489623763,0.8492724438,0.8481124041
xpGGRuI5,2024-08-21,0,0.5892409976,0.5895584488,0.5879016234,0.5884369718
8zJffIBU,2024-08-21,1,0.3650086755,0.3569373328,0.3635607675,0.3622820671
j7SjTtT9,2024-08-21,0,0.5471696497,0.5469920986,0.5474926316,0.5514621231
roT00QCF,2024-08-21,1,0.557704989,0.5644139401,0.5634588122,0.563714982
v5AeoF1M,2024-08-21,1,0.7136189145,0.7143502833,0.7146274022,0.7103117985
I7kADizg,2024-08-21,1,0.6896295981,0.6896375545,0.6895438676,0.688393082
Ag4xXeBr,2024-08-21,1,0.5792786652,0.5863422427,0.5790414418,0.5751803289
vNXYFQ6D,2024-08-21,0,0.4963265775,0.4962800432,0.490481635,0.4893532858
S8imkeXQ,2024-08-21,1,0.4885575827,0.4949176209,0.4858898648,0.485292045
dKebu2iM,2024-08-21,1,0.6104295173,0.605411547,0.6054311004,0.6047188837
h21vHQto,2024-08-21,0,0.3317699965,0.3266281401,0.3264295625,0.3321429819
GS4IrmBm,2024-08-21,0,0.2840660101,0.2845045482,0.2845919004,0.2852228453
rXNeF8Yh,2024-08-21,1,0.6989054221,0.6950701007,0.6949570084,0.7025284215
S4yKT7KD,2024-08-21,1,0.7390917737,0.73854235,0.7393750139,0.7335853592
CYf3COUi,2024-08-21,0,0.251823426,0.2543100823,0.2542598627,0.2535997833
Ue8CH7uQ,2024-08-22,1,0.6655998635,0.6701459032,0.6694825106,0.6683890507
6up2Q1Cr,2024-08-22,0,0.4906381728,0.4903164826,0.4844538538,0.4851642921
dKJQmLDa,2024-08-22,1,0.6005615155,0.5951193445,0.5955194858,0.5966015068
vBVc1Yrh,2024-08-22,0,0.45625132,0.4516541015,0.449614303,0.4500270833
0QJ6aCD4,2024-08-22,1,0.5203496308,0.5150048592,0.515006822,0.5135557224
GWf4KmPH,2024-08-22,1,0.6003826051,0.6002888288,0.595894124,0.5989803986
M3rM2XGb,2024-08-22,0,0.3003117821,0.2960444046,0.2963838472,0.2998342028
8jNEcjrH,2024-08-22,1,0.3359763232,0.3375227384,0.3363697782,0.3354381795
zBYOIH1n,2024-08-23,1,0.3362971635,0.3324023783,0.3381814941,0.3373015279
WOnRzFYi,2024-08-23,1,0.4274105786,0.431893496,0.4319698258,0.4301109194
jT9vDBto,2024-08-23,1,0.5260338291,0.5266379522,0.5265492083,0.5273226915
d2dI8B7k,2024-08-23,1,0.3554700311,0.3522395658,0.3521767454,0.3504629284
v5ACgPMG,2024-08-24,0,0.6760696588,0.6761137641,0.6721565375,0.673133472
WOQRbKbd,2024-08-24,0,0.3837274493,0.3851136949,0.3862142309,0.3869404194
Ekq8Sf7M,2024-08-26,1,0.4353485067,0.4350626351,0.4391161367,0.439967789
UFlwNYUq,2024-08-26,0,0.3165428318,0.3161276253,0.3170095216,0.317472455
Ic68egy9,2024-08-26,1,0.6806950919,0.6751227041,0.6740344395,0.6739161785
K417Wo2t,2024-08-26,1,0.8445228843,0.8449997247,0.8420862688,0.8409182575
K8gvEx9l,2024-08-26,1,0.724698143,0.72516796,0.7240621637,0.7173660433
OdbOS315,2024-08-26,1,0.4768129135,0.4775564063,0.4726594741,0.4730906647
vRZk8WKE,2024-08-26,1,0.2599993239,0.2608599047,0.2619591153,0.2637041162
UyQDZBEk,2024-08-26,1,0.4788317066,0.4731696963,0.4730028283,0.4740415655
4hRcCrHO,2024-08-26,1,0.4321206486,0.4309179322,0.4311871158,0.4312474018
nHMluYjS,2024-08-26,0,0.3016940676,0.3001916207,0.2995789708,0.3113922625
2ioeAf8D,2024-08-26,1,0.7595648065,0.776578535,0.7897542322,0.805428063
CKs4pTS7,2024-08-26,0,0.1891123568,0.1888873355,0.1891280854,0.1856664973
INkaUGxA,2024-08-26,0,0.1140850995,0.1153089665,0.1169008796,0.1166582915
C2WCcHO7,2024-08-26,1,0.3546545195,0.3465497569,0.3398889577,0.3360051497
pCnXQsWH,2024-08-26,0,0.3107060955,0.3055556449,0.305262418,0.3052761213
x2TLXkq2,2024-08-26,1,0.6608629044,0.6655656854,0.6645342423,0.6655191227
U1948ZFj,2024-08-26,0,0.250296543,0.2496590732,0.2484589361,0.2478938574
GCvZaM7K,2024-08-26,0,0.4581830727,0.4567863672,0.4580347815,0.4672170771
E3OtsfMF,2024-08-26,1,0.7666542138,0.7653076364,0.7642576497,0.7635624997
EPB3yX6C,2024-08-26,1,0.5351534074,0.5310374146,0.5236496454,0.5259669267
GWfGUPWh,2024-08-26,0,0.5246629043,0.5252973945,0.5236916946,0.5249573512
0tOb6AkR,2024-08-26,0,0.2823516392,0.2782418435,0.2821481736,0.2818422639
Ghlenkbe,2024-08-26,0,0.6490117566,0.6565370192,0.6621499085,0.6657728009
QN9GgX5L,2024-08-26,1,0.7788334188,0.7816829624,0.7767396405,0.7770616531
SAEaLKGE,2024-08-26,1,0.8409840977,0.8421650966,0.8334185132,0.8340697261
KSHLQFhf,2024-08-26,1,0.816232604,0.8171999426,0.8025962562,0.8039547933
AgYlE4nC,2024-08-26,0,0.42307611,0.4227866852,0.4233220171,0.4219962784
IyVXrGi3,2024-08-26,1,0.4543778081,0.4597683551,0.4599877757,0.4599443813
EVEDSyOs,2024-08-26,0,0.1906883473,0.1888825726,0.1883540505,0.1885549317
jVxnLCad,2024-08-26,1,0.6211484447,0.6213695482,0.6220573093,0.6236620444
pAiiWx8c,2024-08-26,0,0.5578015758,0.5622110844,0.5571015054,0.557603036
zyI7JboR,2024-08-26,0,0.06019839826,0.0593424179,0.06034741542,0.06107619217
t4o0R4Tb,2024-08-27,0,0.2470007483,0.245926099,0.2440614932,0.2447392913
xltWNacm,2024-08-27,1,0.6265618012,0.6202254044,0.620500002,0.6249452115
2JZ8PrbB,2024-08-27,0,0.8154851841,0.8152978392,0.8105411577,0.8095841344
6a8ewgx0,2024-08-27,1,0.8807562632,0.8809998175,0.8798175406,0.8893993171
dtervrD4,2024-08-27,0,0.5856574269,0.5859764302,0.5860762523,0.5917653737
foYtYc0K,2024-08-27,0,0.6852639751,0.6865007854,0.6823805047,0.6668200738
lzYGNMSN,2024-08-27,0,0.1235282074,0.1231686167,0.1227585179,0.1220288231
tr6UOgN6,2024-08-27,1,0.687568203,0.6866015424,0.6872926499,0.6903996092
zu0CZAyP,2024-08-27,1,0.9531519399,0.9526855453,0.9525009031,0.9524912902
YwrhTQbn,2024-08-27,1,0.7154136679,0.7223280965,0.7232895435,0.7257422514
EyjoXZaK,2024-08-27,1,0.7696440678,0.764069877,0.7634745767,0.76333431
vkY4awfe,2024-08-27,1,0.7279339956,0.7280859775,0.7249765472,0.7267015058
vDxmKHdC,2024-08-27,0,0.3796869185,0.3798031662,0.3797142406,0.3796143713
hbBTWftI,2024-08-27,1,0.2926409706,0.2928679694,0.2931879699,0.2995954026
04YfmGQb,2024-08-27,0,0.1633237935,0.1634209576,0.1594638621,0.1590921322
b9RHRDNs,2024-08-27,1,0.46254257,0.4626658563,0.4625629849,0.4638768252
4GiPpypQ,2024-08-27,1,0.9472279693,0.9456042621,0.9459655478,0.9461905739
4xunkxdn,2024-08-27,1,0.3924057404,0.3921297555,0.3896705237,0.3973145259
6PinCGw1,2024-08-27,1,0.7483252436,0.7534630175,0.7549392984,0.7551427244
nqwYNVM6,2024-08-27,0,0.3584888172,0.3580129757,0.3582983854,0.3578792354
bH9Dzwsg,2024-08-27,1,0.392268795,0.3976041646,0.3965697718,0.396282921
lQ4xVYAU,2024-08-27,0,0.3297566315,0.3291885121,0.3285570684,0.3278935711
IaTct8DE,2024-08-27,1,0.5305699612,0.5835383741,0.6342514906,0.669762178
6ZUPPihf,2024-08-27,0,0.1934276088,0.1934293705,0.1932278196,0.1984411811
0E1Zu4rh,2024-08-27,0,0.1132414048,0.1122200957,0.1090395728,0.1076911832
0nweuF7m,2024-08-27,0,0.3551097303,0.3685140343,0.3658486596,0.3599783894
ji65xaCt,2024-08-27,1,0.5540930527,0.554425139,0.5542851816,0.5539958682
KWcMYGB5,2024-08-27,1,0.5311250292,0.5288724388,0.5289719636,0.5296477528
CQzeIeRO,2024-08-27,0,0.4235099936,0.423244461,0.4307009242,0.4310059465
8KEmI0jo,2024-08-27,0,0.7665182032,0.7648868655,0.7598848509,0.7598457805
KdytM9iJ,2024-08-27,0,0.1889663817,0.1889230106,0.1885710492,0.1875143201
2HEjBCKh,2024-08-28,0,0.3253988816,0.327554838,0.3284016306,0.3256098419
IwCWkg2S,2024-08-28,0,0.318317966,0.3185399903,0.3182355204,0.315248656
nRsZncwR,2024-08-28,0,0.6889011931,0.6872127115,0.6913766641,0.6782472985
ng22pXPk,2024-08-28,0,0.4942015397,0.5000931459,0.4905891436,0.4887311053
MBINiFXF,2024-08-28,1,0.7671205676,0.7704095734,0.7719473852,0.7738978475
llBroxo4,2024-08-28,1,0.8064522758,0.806994414,0.8064360404,0.8065539648
SYMZnbGi,2024-08-28,0,0.4706004258,0.4730443813,0.4717304972,0.4712743136
h8bWSyne,2024-08-28,0,0.2706904633,0.2670182983,0.266789891,0.267915889
h0QFeRLb,2024-08-28,1,0.786941913,0.7887421354,0.7903434496,0.7919983393
pdGnFCIl,2024-08-28,0,0.08856707251,0.08842211378,0.08967288669,0.08805023222
4rQrxtP8,2024-08-28,1,0.8050452447,0.8078518168,0.8076794251,0.808227498
rarPfyj2,2024-08-28,1,0.7032518462,0.7029228364,0.7032061548,0.7004463165
6BO5sy1l,2024-08-28,1,0.7509382874,0.7474978874,0.7500896865,0.7501220671
foSKXP53,2024-08-28,0,0.05035072417,0.05047810897,0.0503034597,0.05008824629
4QGQC9Bm,2024-08-28,1,0.7338705487,0.7348540197,0.7365260638,0.7293107838
vgrtoAF7,2024-08-28,1,0.4457523579,0.4500547224,0.4495670423,0.4428464958
Ei4KDjvm,2024-08-29,0,0.2145004416,0.2144746638,0.2102678072,0.2142540487
U3nGdh4l,2024-08-29,1,0.57190271,0.5666468843,0.565760564,0.5661542824
dzMAO7h5,2024-08-29,0,0.3511448199,0.3518012465,0.3516542538,0.3499237847
WEDtEaIO,2024-08-29,0,0.6518342673,0.6522603453,0.6525392194,0.65384507
WG4CwPSi,2024-08-29,0,0.6765439863,0.6768942934,0.6823541352,0.6816325658
KU0p2EtR,2024-08-29,0,0.4228263702,0.42533427,0.4213326356,0.4262106485
0Ik8i6gJ,2024-08-29,0,0.7023510285,0.7045975781,0.7041363443,0.7036426099
bFCy4zCE,2024-08-29,1,0.6915477252,0.6926346452,0.6938362633,0.6891133879
Aui8Tgz2,2024-08-29,0,0.2282267818,0.224373736,0.2232536463,0.2213759257
nobwlXnR,2024-08-29,1,0.962026608,0.9634418729,0.9629624361,0.9616544682
GEwnPg16,2024-08-29,0,0.1984056549,0.198831636,0.2019876496,0.2014032608
42vArBAl,2024-08-29,0,0.4161940036,0.4215570116,0.4214189766,0.4207831403
S4i0gSO6,2024-08-29,0,0.5740816452,0.5731306505,0.57242892,0.5752909486
6iYl0zxi,2024-08-29,1,0.7284801244,0.7281800005,0.7290840016,0.7246172898
W0GC0bTI,2024-08-30,0,0.2028578029,0.2026237257,0.202180395,0.2062263868
hSM4SMzJ,2024-08-30,1,0.8314577179,0.8313084442,0.8266186965,0.8265103383
04Yrik6j,2024-08-30,0,0.2992699418,0.2991929853,0.300018304,0.3015143032
x4zavi5m,2024-08-30,0,0.7699118379,0.770804784,0.7723329523,0.7719734038
xUqY2XnC,2024-08-30,1,0.581747214,0.5815563994,0.5818624732,0.582212016
8KYxDWS9,2024-08-30,1,0.5507543242,0.5468703114,0.54721536,0.5484085475
IHvfDyDO,2024-08-30,0,0.6911039057,0.6894240707,0.6877318263,0.6853684317
UuftRRCt,2024-08-30,0,0.1499959267,0.1496326461,0.1488739636,0.146675261
hCEjVo5e,2024-08-31,1,0.6371742731,0.6338027743,0.6346769619,0.6396090327
4pBowqUq,2024-08-31,0,0.423271718,0.4243463316,0.4233093156,0.4239596232
hMPQImuh,2024-08-31,0,0.1596960658,0.1593696871,0.1587199664,0.1585373047
ba6LFOk2,2024-08-31,0,0.131157339,0.131314678,0.1318663019,0.131706409
65qW0FJ6,2024-08-31,0,0.3345307414,0.3340020139,0.3295540743,0.3290009336
bmOlrg0s,2024-08-31,0,0.2273541818,0.227182122,0.2242987435,0.2318893939
b9afOwhB,2024-08-31,1,0.8768677534,0.879245558,0.8793016737,0.8795329414
21MvZMyQ,2024-08-31,1,0.3951901929,0.3959176259,0.3915374503,0.3912288583
GKlSxzcS,2024-09-01,1,0.7852647933,0.7851030033,0.7852495856,0.7887259088
AJyYoYjt,2024-09-01,1,0.2780861112,0.2820249433,0.2823574114,0.2827541384
YPt8lGlB,2024-09-01,0,0.173295535,0.1731431446,0.172504749,0.1704788585
KvrYsMvP,2024-09-01,1,0.6423705986,0.6424188417,0.6427453915,0.6412090304
CMG3VKnI,2024-09-02,1,0.4737904316,0.4748103409,0.4744114241,0.4785992215
zZGAyTm3,2024-09-02,0,0.3553448355,0.354802314,0.3540263787,0.3544690265
WnTgwvmd,2024-09-02,0,0.5983778164,0.5973177038,0.59617952,0.5982994635
zgLd1jZo,2024-09-02,1,0.838455952,0.8413588442,0.8389109475,0.8391228842
nVoj7zyP,2024-09-03,0,0.5359209441,0.5311893652,0.5313527483,0.53589656
4rA3G8lJ,2024-09-03,0,0.3081373352,0.3085096204,0.3081467106,0.3051130564
SQ25yQyn,2024-09-04,0,0.371380372,0.3706392505,0.370640613,0.3688454619
pdj4wMQF,2024-09-04,0,0.7529504199,0.7568670613,0.7566965315,0.7569254387
bTge5vP8,2024-09-05,0,0.2561848763,0.2593713605,0.2588178542,0.2563256148
dMli7pF1,2024-09-05,1,0.5969020235,0.5967176501,0.5967117064,0.5945860319
06kzvtUt,2024-09-07,0,0.330492645,0.3223625139,0.3258492122,0.3236734684
8jHPlcra,2024-09-07,1,0.1494157822,0.1491887194,0.1541606693,0.1802386161
GGKXnyDB,2024-09-07,1,0.8067657614,0.8185138908,0.8287907597,0.8418235778
QugiAdJC,2024-09-07,0,0.3864061226,0.3724225153,0.3739909812,0.3745564172
tlyvYaBJ,2024-09-07,1,0.4074613757,0.4073985946,0.3914864307,0.3918675949
xKM9SwZt,2024-09-07,1,0.574345121,0.5829965182,0.5372749255,0.4960278146
AHx6USdp,2024-09-07,1,0.7887915392,0.7909133864,0.8005521259,0.802978436
lSLHLbEC,2024-09-07,1,0.7966312782,0.7958260459,0.7934713887,0.8000516488
h0S8NKq0,2024-09-07,0,0.1674433913,0.1584865461,0.1289453835,0.1204166411
p82dLMRD,2024-09-07,0,0.2027121849,0.1757066495,0.167393655,0.1554710986
x2sodujP,2024-09-07,0,0.1621724781,0.1918933699,0.1935933846,0.1941007851
CInyEvKm,2024-09-07,1,0.8513499326,0.8526877523,0.8555768895,0.8552250569
GYD3q26J,2024-09-07,0,0.5,0.5,0.5,0.5
Qod111zr,2024-09-07,0,0.4273729699,0.4432329195,0.4398126828,0.4319339143
MgabYybI,2024-09-07,1,0.5472454645,0.5741302772,0.54362254,0.4958057019
hEFAcJZ6,2024-09-07,0,0.4173070515,0.4152262565,0.4100590271,0.3862758202
hE7sxKbg,2024-09-07,1,0.8537336448,0.8714546557,0.8788400505,0.8883401191
xnZKlSCQ,2024-09-07,0,0.3244179184,0.324251312,0.3239345965,0.320961232
6cqTJ9j9,2024-09-07,0,0.8269874656,0.8379937284,0.8388838462,0.8407162123
lt1jzbT5,2024-09-07,1,0.7496852703,0.7498873842,0.7486251948,0.7474663464
nyTGjJDn,2024-09-07,0,0.5152844176,0.5241216901,0.4422843138,0.4331107501
tzd5J0dQ,2024-09-07,1,0.7267104556,0.7275011224,0.7287809274,0.7248957982
YXzpCIl0,2024-09-07,0,0.3332407872,0.3351304363,0.3576425168,0.3575068183
YoGIQH3g,2024-09-07,1,0.7542248167,0.7699174723,0.7823503388,0.7993593806
YBa9au5f,2024-09-07,0,0.2315779264,0.2477301546,0.240691919,0.2313595768
jmrp3KLu,2024-09-08,1,0.754808082,0.7540521409,0.7637034893,0.7654348187
SIW2eaqj,2024-09-08,1,0.7248725049,0.7234402447,0.7225950664,0.7084311416
rqYtG6qN,2024-09-08,1,0.4668014245,0.4518250967,0.3997323403,0.3901122551
IqmFVWQJ,2024-09-08,0,0.5643865102,0.5525117106,0.5558995733,0.5598414956
nBosp0Gg,2024-09-08,0,0.6328747096,0.6307611825,0.624404782,0.6242248804
xzmmMEp8,2024-09-08,1,0.4877604208,0.4723234314,0.4807214762,0.4926069928
bs5OM0g9,2024-09-08,0,0.1324179908,0.1371039746,0.1329049001,0.132240318
EgmK52JA,2024-09-08,0,0.521138744,0.5230251061,0.521953488,0.5121612599
UXRREWxr,2024-09-08,1,0.544336044,0.5793110477,0.6001578697,0.629814147
YD6dqUOT,2024-09-08,0,0.4074873515,0.4035808096,0.4013607974,0.3940999569
dxmBDdGe,2024-09-08,1,0.6658042703,0.6822481177,0.6502233945,0.6199266607
IkKOMuxC,2024-09-08,1,0.3975587772,0.3830259447,0.3869700339,0.3906109064
OpbQ70QA,2024-09-09,0,0.3966893906,0.3815303889,0.3338202434,0.3257814736
UqQckhAq,2024-09-09,0,0.6581643079,0.6753100471,0.6754414025,0.6726426635
WdMaiutU,2024-09-09,1,0.9627798201,0.9643973128,0.9563758985,0.9562936542
ryjI9Meb,2024-09-09,0,0.2961081133,0.2886843237,0.2989607531,0.2992426045
ANiABrRo,2024-09-09,0,0.4253027361,0.4141796614,0.4148445107,0.4138233863
x8Mg9D1F,2024-09-09,0,0.5323519516,0.5337416712,0.5418807723,0.5355699252
0thxmuNK,2024-09-09,1,0.6881078329,0.6883927329,0.6889276362,0.6942135639
CKBsRc01,2024-09-09,0,0.5736367468,0.5697312232,0.5692696615,0.5693416243
GhIYSJVl,2024-09-09,0,0.3648179481,0.3547327581,0.3573753545,0.3556434669
tb6AI9jO,2024-09-09,0,0.6482931928,0.648295697,0.6483292478,0.6505662099
8p82KVLB,2024-09-09,1,0.545909313,0.5427144974,0.5439775423,0.5440081752
0zD55MkG,2024-09-10,1,0.6820939558,0.6833789944,0.6749571364,0.6741593984
48Jd7rL3,2024-09-10,1,0.5693285953,0.574331498,0.5790697783,0.5746610113
nXnWjNzN,2024-09-10,1,0.7153698431,0.7033760979,0.7136538922,0.6949141769
OWIig1BH,2024-09-10,1,0.7662933809,0.7442131852,0.7477683683,0.7515471423
j5gNhq6A,2024-09-10,1,0.5184139417,0.5196225489,0.5230386641,0.5379530243
MRA5uSns,2024-09-10,0,0.2987139096,0.2979650772,0.2993451516,0.2905822474
jaE6mWvd,2024-09-10,0,0.5855395786,0.5868136628,0.5862471138,0.5682254255
4hBoODMn,2024-09-10,0,0.2319761072,0.2323404593,0.2318401786,0.2311046186
vR3Tl1h8,2024-09-10,0,0.5165329177,0.5124963708,0.511812318,0.512713176
I56hBZW2,2024-09-10,1,0.5234664838,0.5268376078,0.5201360305,0.5158168945
IFw2o1bp,2024-09-10,0,0.6344861417,0.626086914,0.642435283,0.6393494231
ALK17iWR,2024-09-10,1,0.7291665452,0.7335938487,0.7404863241,0.7415874327
46jKxDyt,2024-09-10,0,0.664521402,0.664565254,0.6702186885,0.6716104683
Uer8sJpr,2024-09-10,0,0.1356876977,0.1337605436,0.131953282,0.1289510005
QNyHucFf,2024-09-10,0,0.2818049302,0.2796114365,0.2813965396,0.2737416649
CIEgMiia,2024-09-10,1,0.5197271195,0.5188780547,0.5182085041,0.5182810553
p4bDtMxE,2024-09-10,0,0.4006106944,0.3994262953,0.3989157146,0.3908939067
IuPuP620,2024-09-11,0,0.3636204441,0.3536254254,0.3736003144,0.3611638039
StuHZEk8,2024-09-11,1,0.6055425849,0.6069157712,0.6087272314,0.6037758882
zgVgqTqO,2024-09-11,0,0.4834256284,0.4873412343,0.4816498498,0.4830753635
6F2ouAJS,2024-09-11,1,0.1892272772,0.1936874852,0.1932889388,0.1933331482
jLsY0Quk,2024-09-11,0,0.5615407073,0.5516109204,0.5526700117,0.5602734673
Qy5aLOUc,2024-09-11,1,0.3476709977,0.3394427329,0.3365426281,0.3466971067
WOAzRJbI,2024-09-11,1,0.1816991219,0.1846823081,0.1841709248,0.184133405
2uwZU5MT,2024-09-11,1,0.402719713,0.4033202726,0.404993653,0.3973413767
8dQ2ThoP,2024-09-12,1,0.5114032134,0.5083709691,0.5108708198,0.5139958314
A7LZUH7G,2024-09-12,0,0.331898966,0.3430397555,0.3378125101,0.3382685554
84AN4rGh,2024-09-12,0,0.641723369,0.6367796354,0.6368673107,0.6371211471
U1Dv3jYC,2024-09-12,0,0.2639234041,0.2618392213,0.2602828662,0.2617342471
KvKeSWsr,2024-09-12,1,0.6835329429,0.6789425586,0.6784759851,0.6749143358
YwAsMAwa,2024-09-12,1,0.4218421792,0.4273850007,0.4315377182,0.4261241375
roHEZN8i,2024-09-12,0,0.7725434177,0.7730556639,0.7735150151,0.7807663823
0pApu52R,2024-09-12,0,0.4943910971,0.4939958627,0.4938223183,0.4873391824
QyupQI2D,2024-09-13,0,0.626308356,0.6262713681,0.6276971662,0.6273388322
2XprLvHL,2024-09-13,1,0.5310165602,0.5336889973,0.5388068837,0.5399789712
8vLnK5hD,2024-09-13,0,0.3177012994,0.3140184046,0.3145332669,0.3169285284
lGJ3HSOq,2024-09-13,1,0.6040825982,0.6074576089,0.6039499307,0.6024016812
O6NJ7Gog,2024-09-13,1,0.5584614562,0.5602400034,0.558958777,0.5607421504
IwrIoHB7,2024-09-13,0,0.4053427338,0.4041780504,0.4035136127,0.3984273241
lhsxxViT,2024-09-13,0,0.3520076674,0.3509400506,0.3504176556,0.3474848413
6cTWnanQ,2024-09-13,1,0.7366656184,0.7535570979,0.7671261354,0.7832056077
pAkgPGBG,2024-09-13,0,0.2632058078,0.2490095521,0.2374660038,0.2221612712
fN1Kwe9C,2024-09-13,0,0.1374922623,0.1339463343,0.1291472554,0.121055119
INm1NftT,2024-09-13,1,0.4713381467,0.467271763,0.4605962056,0.4558608497
be8BuHv0,2024-09-13,0,0.3466891555,0.3465782241,0.3499680193,0.3376811896
QsA3swAm,2024-09-14,1,0.882702199,0.8865254651,0.8898080349,0.897510916
bgTiLngo,2024-09-14,0,0.3384630436,0.3382951432,0.3895289265,0.4120687003
0riQHY3j,2024-09-14,1,0.856594071,0.8630110555,0.8690230855,0.8726810614
SlqCuxdc,2024-09-14,0,0.401346479,0.3929065192,0.4154768835,0.4574836417
tIhxTbCi,2024-09-14,1,0.8947529338,0.8940636558,0.8643907339,0.8667973841
lrdpRxs4,2024-09-14,0,0.390808407,0.3720164741,0.3544971137,0.3341801735
KrrBnukL,2024-09-14,0,0.6639577548,0.6641858189,0.6708974473,0.6644120698
tfhvDYbe,2024-09-14,0,0.5226028705,0.5273197442,0.5267266712,0.5279382167
lxuzYlgB,2024-09-14,1,0.4895602291,0.4884630771,0.4891568447,0.4914882229
As6x5jhc,2024-09-14,1,0.5003419234,0.5048169806,0.5084259164,0.5106657941
WCvr8G46,2024-09-14,0,0.2250471121,0.2114150501,0.1975907093,0.1787911275
nagBEXqT,2024-09-14,1,0.8215539302,0.8280846946,0.8311970924,0.8340621108
ne3acZ9U,2024-09-14,1,0.7644741705,0.7723572419,0.7788909556,0.7824897298
6azQDffB,2024-09-15,0,0.7549657342,0.7565572654,0.751677901,0.745933416
SYEVEgiI,2024-09-15,1,0.7569255224,0.7580766027,0.7626792707,0.7599703421
vsI6LrUG,2024-09-15,1,0.5796365098,0.5754970408,0.575260583,0.5795631001
4zQyVhU9,2024-09-15,1,0.8785062306,0.8797179011,0.8800064433,0.8830412004
CUG4JK9j,2024-09-15,0,0.4984535002,0.4963572453,0.4872154692,0.4968751852
tnQYOtnT,2024-09-15,1,0.824467993,0.8264148697,0.8112229901,0.8079605801
lWBPSOn4,2024-09-16,0,0.5850990045,0.6264297856,0.6159022016,0.6103530217
hQgisO1c,2024-09-16,1,0.7282044301,0.7292846046,0.7313651231,0.734600735
QkEpTWbM,2024-09-16,0,0.234063839,0.2287378121,0.2291543067,0.2289915704
pfoBqhq3,2024-09-16,0,0.5206759873,0.512104604,0.5125051963,0.5119634023
tWuvmR5s,2024-09-16,1,0.5018484819,0.4974136668,0.5063496165,0.4961560322
h0bPLlid,2024-09-17,0,0.6046154216,0.5947516949,0.5961461467,0.5959461091
dY4GNAMq,2024-09-17,0,0.3963298091,0.3963984208,0.3966134065,0.3964198279
bwNTWEac,2024-09-17,0,0.336383882,0.3436675342,0.3432534215,0.3445765059
rVvs9B7j,2024-09-17,1,0.6623919526,0.6705850296,0.6775565127,0.6843903402
6ow2UpF5,2024-09-17,0,0.7733340943,0.7769616822,0.7721527851,0.772564249
rHDVeMlC,2024-09-18,1,0.9271111289,0.9261844287,0.9268544548,0.9281099264
YBHzlPPN,2024-09-18,0,0.2260131821,0.217500243,0.2169587254,0.2148912015
UDmdsNZI,2024-09-18,1,0.3245021303,0.3250745034,0.3191786918,0.323883262
MD16oDPp,2024-09-19,0,0.7124808478,0.7187668557,0.7187946484,0.7192955463
KCD2nKVr,2024-09-19,0,0.3425785679,0.3431036103,0.3424128666,0.3401981145
EDZmPiBr,2024-09-19,1,0.7709377144,0.772745902,0.7683226142,0.7669164477
ne3v2vgR,2024-09-19,1,0.7553889232,0.7486403089,0.7497844109,0.7570237948
bDkZGB6r,2024-09-20,0,0.375726445,0.3761368097,0.3746998016,0.3695750495
d0JmDxPj,2024-09-20,0,0.1952052471,0.1930450308,0.1952267346,0.1944955669
vByRfSG6,2024-09-21,1,0.4129269558,0.414198629,0.4128130549,0.4196937346
jNllKZhL,2024-09-21,1,0.529262594,0.5239933278,0.5235160713,0.5237788421
jqz6d7D7,2024-09-21,1,0.5867034059,0.5849972364,0.5852946564,0.5816762781
jsREnrIq,2024-09-21,1,0.41854726,0.4214193441,0.4220748378,0.4295852811
xOpQgZrg,2024-09-22,0,0.5236927187,0.5260035559,0.5249595825,0.5286555961
6m6sytNq,2024-09-22,0,0.3220727681,0.3210869012,0.3150116044,0.328393442
G2aArOU9,2024-09-22,0,0.2532670979,0.2498203126,0.2475106257,0.239074125
SGZOmJ6k,2024-09-22,1,0.8142826824,0.8131734563,0.8196489986,0.8209052098
UsoHEnB5,2024-09-22,1,0.4639120925,0.4630686681,0.4618347111,0.4575227184
z5FBt2aM,2024-09-22,0,0.6129876805,0.6130475484,0.6118312502,0.611546161
8WhhguqS,2024-09-22,1,0.8686816675,0.8816590608,0.8898018672,0.8991557515
8Sd8G8tg,2024-09-22,1,0.9554701658,0.956830045,0.954101188,0.9475641637
8fJuFe5l,2024-09-22,1,0.5483621915,0.5465144266,0.5353100982,0.5408991712
Mweb2ILr,2024-09-22,1,0.5013003428,0.5022695739,0.5029276952,0.4981055484
xCS9KHsR,2024-09-22,0,0.4614618658,0.453184305,0.4494671442,0.4458354641
xzBdBD4D,2024-09-23,0,0.6767607889,0.6781289945,0.6888938397,0.6916907206
Gdv1MwDE,2024-09-23,1,0.1539387327,0.1525271884,0.1553211422,0.1540095967
2gER7vbL,2024-09-23,1,0.6349249646,0.6381599553,0.6336852771,0.6337467631
4MClDZZ0,2024-09-23,1,0.4309416331,0.3917456674,0.347056749,0.3174160042
x8lPCQuI,2024-09-23,1,0.6234672457,0.628826228,0.633908089,0.629621992
f9nxcNq3,2024-09-23,0,0.6533983754,0.5824911494,0.5985774274,0.6067565663
zswXocy2,2024-09-23,1,0.355728877,0.3575788659,0.3648124488,0.3672789385
fig60dje,2024-09-23,0,0.5531055213,0.5496068105,0.561066,0.5739229666
zJfpe1EF,2024-09-23,1,0.8288189049,0.8445940899,0.854222437,0.8664321173
02g0IUBt,2024-09-23,1,0.7309289391,0.7476225771,0.7175839164,0.7018249757
jJnFbzL7,2024-09-23,1,0.8008013596,0.8141868621,0.8252626385,0.8392066329
CxVWOFqB,2024-09-23,0,0.3194682826,0.3211070494,0.3145903818,0.3071584823
Ox8heas4,2024-09-23,1,0.558375961,0.5527352335,0.5528392509,0.5607503566
rcwGScpn,2024-09-23,1,0.6393483554,0.6404932002,0.6470417802,0.6469016436
j5R1iHtT,2024-09-23,1,0.8961585137,0.8965692013,0.8953731833,0.8994961741
jP9pcLCi,2024-09-23,1,0.4486544493,0.4521677178,0.4365495307,0.4366985048
CbOBtuBD,2024-09-23,1,0.3294223564,0.3310476705,0.3306842852,0.3275674452
GAyOQyFb,2024-09-23,0,0.5704208267,0.576719025,0.57766309,0.5715624756
lOyC0bD6,2024-09-23,1,0.319682341,0.3891171025,0.3738425488,0.3563171801
IwAkU9rQ,2024-09-24,1,0.4678320983,0.4705138082,0.4699316302,0.4760866787
MybkzrAN,2024-09-24,1,0.5649061901,0.5743615211,0.5694044449,0.565675384
GYixL55C,2024-09-24,0,0.4557049911,0.4589178635,0.4596089554,0.4622158381
6N46UIx9,2024-09-24,1,0.6723642451,0.6818468411,0.6834613337,0.6822567156
dIEsakWO,2024-09-24,1,0.4920480346,0.4929122803,0.4939980167,0.5009216253
EZdilYH6,2024-09-24,1,0.5496694258,0.5499800183,0.5597776926,0.5600281165
WATH4g2m,2024-09-24,0,0.4816865048,0.482271439,0.4822013461,0.4812885154
dEMPXswQ,2024-09-24,0,0.2426839669,0.2341999843,0.2409385524,0.2404047431
Oji0ZVXr,2024-09-25,1,0.5592331847,0.5610723427,0.5664414795,0.5670981945
z3QY0B1C,2024-09-25,0,0.2028950886,0.203302742,0.2033563095,0.2039873724
Ma0anCnJ,2024-09-25,0,0.2043432485,0.2042500895,0.2094898093,0.2028030946
rXVQKWIk,2024-09-25,1,0.700791236,0.7110088194,0.7067185493,0.7026293509
hK8rjfmf,2024-09-25,1,0.2035072772,0.2033431621,0.1972329909,0.198054194
YLreUqjn,2024-09-25,1,0.8330199784,0.830128367,0.8327333397,0.830475329
IknnSEQF,2024-09-25,1,0.6773068885,0.6803732156,0.6816209647,0.6830183418
8AcaHWog,2024-09-25,0,0.3454631412,0.3381861615,0.3377974496,0.3374296413
SK5UvhAL,2024-09-25,0,0.3283221726,0.3209212506,0.3174847312,0.315161999
Umx4SNKb,2024-09-25,0,0.5590453734,0.5549397845,0.5638082937,0.562408887
d2hp8gZq,2024-09-25,0,0.7046316992,0.7041146006,0.7020307507,0.7074631065
EDLGyeY0,2024-09-25,0,0.1758359799,0.1674849923,0.1602805651,0.1497870427
UT5i6X3d,2024-09-25,0,0.1892951954,0.2036018791,0.2280555008,0.2160265345
WhCLtEu9,2024-09-25,0,0.4138170662,0.4098158091,0.4092645599,0.4131703031
fimTcok3,2024-09-25,1,0.8329241777,0.8497117077,0.8597280789,0.870985284
pf5zhGIs,2024-09-25,1,0.5640964721,0.57151154,0.5703469884,0.5710612916
2Z1BcxeK,2024-09-25,0,0.3810967169,0.3820015484,0.3826126347,0.3833271823
xEuCQ1kB,2024-09-25,0,0.2698527964,0.264155341,0.278236014,0.317081548
EHueQheS,2024-09-25,0,0.26033677,0.2525816122,0.2556559966,0.2554973679
zurnAFvQ,2024-09-26,0,0.2022479909,0.1942595165,0.1856877565,0.1749540669
6mI8wH3l,2024-09-26,1,0.3440090031,0.3335323452,0.3351548519,0.3355745797
AuFPZY2D,2024-09-26,0,0.1573345832,0.1554860783,0.1819911251,0.1804002386
4nKZIAm2,2024-09-26,0,0.7914491192,0.7981160574,0.8067351129,0.8173677037
na5zdPJF,2024-09-26,0,0.4552790576,0.4545252218,0.4531849139,0.4539276147
pxlvUzd3,2024-09-26,0,0.3142537379,0.3150933791,0.3193189113,0.3197890775
vq5tzrcd,2024-09-26,0,0.1818588502,0.1819698305,0.1848589567,0.1867437285
tOe7FAG5,2024-09-26,0,0.4098827987,0.4100246668,0.4105225998,0.410498509
GOhLMHUO,2024-09-26,1,0.37777278,0.3693556628,0.3700594785,0.3759753932
SG9TlkW7,2024-09-26,1,0.3969722725,0.3976580667,0.4025147856,0.4023320937
feB4i1Xi,2024-09-26,0,0.9327100861,0.934751464,0.9340631227,0.9342281243
YZiMDMof,2024-09-27,0,0.2828646842,0.2824097165,0.2889961254,0.2884386161
6qbsMad4,2024-09-27,1,0.4642653074,0.4572134983,0.4562647281,0.4615616463
ULRtbg9L,2024-09-27,1,0.4766234912,0.476491234,0.4757650589,0.4756877181
AmDKtDGk,2024-09-27,0,0.2315410737,0.235552591,0.2294776958,0.22936343
fktVB0G6,2024-09-27,1,0.8308627406,0.8300146022,0.8302339862,0.8348273512
Qy7OP7pJ,2024-09-27,0,0.4215694585,0.4203987294,0.4250392202,0.4301115591
bFCXeLpK,2024-09-27,0,0.5870205675,0.5854815884,0.5857485186,0.5850795203
COqMo2Qk,2024-09-27,0,0.6909309257,0.6885152435,0.6872013616,0.6850765076
bcwPKS6L,2024-09-27,0,0.1572132966,0.1605996814,0.1610590135,0.1609027153
l4y5ltxP,2024-09-27,1,0.5798933575,0.5781237435,0.580128525,0.5885773415
EFn0bcak,2024-09-27,1,0.2540737767,0.2541918463,0.2549456222,0.2601437803
j1ZPMIPG,2024-09-27,1,0.6836979136,0.6783558837,0.6755776565,0.6800449427
r1BdnlZj,2024-09-27,0,0.1224714359,0.125824396,0.1265975741,0.1269501723
lEO8fqve,2024-09-27,0,0.8132917707,0.8146419292,0.8198568248,0.8149103453
8fHydyb2,2024-09-27,1,0.8199239445,0.8179139237,0.8169006137,0.8154955022
SjhGRauQ,2024-09-27,0,0.3824742816,0.3866692912,0.3866651859,0.386033021
jJtM3mH8,2024-09-27,0,0.3371528445,0.3468178827,0.3471931795,0.3466761709
jPRko6gD,2024-09-27,1,0.701150163,0.70156588,0.7028959512,0.7029257304
tpkBmBxQ,2024-09-27,0,0.3354442218,0.3349558166,0.3350665994,0.3353548679
AyXe9Kpm,2024-09-28,1,0.9578866082,0.9581125232,0.9582683494,0.9597276838
Uqzdvyzg,2024-09-28,0,0.1445003065,0.1418725007,0.1405262589,0.1419082029
jmhHJbME,2024-09-28,1,0.259856762,0.261170326,0.2608831421,0.2680376476
bRMbeYWQ,2024-09-28,0,0.227647754,0.2270987894,0.2300750704,0.2297920735
MBfCi3a3,2024-09-28,1,0.5773744171,0.567194499,0.5672547115,0.5677276233
CQjZ8I43,2024-09-28,1,0.8372595582,0.8370486691,0.8363060229,0.8308520597
pGGoTxcl,2024-09-28,0,0.6739555126,0.6756190406,0.6871704711,0.6804130756
trAMaZrm,2024-09-28,1,0.7779396238,0.7786209333,0.7714139147,0.7727640346
vPIUXkKk,2024-09-28,0,0.2197716126,0.2213983551,0.2214441775,0.2208913155
ptIHhN87,2024-09-28,0,0.2060959128,0.210312175,0.2097451107,0.2100673287
EDimYQlA,2024-09-28,1,0.8583877451,0.8588499218,0.8584300004,0.8586139585
pj1JTQFE,2024-09-28,1,0.3090468216,0.3097389339,0.309122272,0.3132284741
Mw1ZcI7E,2024-09-29,0,0.2126723985,0.2127693631,0.2130726918,0.2158501297
4b6KlNmp,2024-09-29,0,0.6099258921,0.6109801839,0.6071918477,0.608731566
CUbZFFRh,2024-09-29,1,0.2111817222,0.2111241686,0.2124186206,0.2090304759
bXgxv8Zj,2024-09-29,0,0.1589541349,0.1578703039,0.1578689362,0.1581914841
6Tsh0Gum,2024-09-29,1,0.6119496423,0.6123862948,0.6119221459,0.6126794792
ATADacP1,2024-09-29,0,0.2396124837,0.2453914919,0.2445276532,0.2406600907
WnFom9p1,2024-09-30,1,0.865433067,0.8649145229,0.8651379463,0.8678554387
SzbIhRSG,2024-09-30,1,0.2237722505,0.2201265728,0.2210481603,0.2259314827
pbDyZIPj,2024-09-30,1,0.8373658482,0.8374874998,0.838374719,0.8352298084
be61d9Ti,2024-09-30,0,0.690247425,0.6882069733,0.6891638019,0.6899435806
rVtUJ5Wa,2024-09-30,1,0.6473872174,0.6457274039,0.647105026,0.6464883981
tf8lCCP6,2024-09-30,0,0.4945514705,0.4878907505,0.4890204818,0.4945829817
CE8Yzqk1,2024-09-30,0,0.1364242547,0.13469689,0.1362417543,0.13900995
rqSNq3yP,2024-09-30,1,0.4066153414,0.4051282463,0.4046961682,0.4100547295
vLlw9muH,2024-09-30,1,0.2130346246,0.2131101569,0.2138769331,0.2115563557
hEyx8oG6,2024-10-01,1,0.2988779306,0.2980551289,0.2952134526,0.2944689718
dQd5mZjD,2024-10-01,1,0.7727404765,0.7730728755,0.7730958271,0.7749792593
4CTT4PcK,2024-10-02,0,0.1259315537,0.126219829,0.1255700621,0.1264581596
EHgSJ1f4,2024-10-02,0,0.2501104955,0.2513887665,0.2502476255,0.2501651314
KxuxXJQp,2024-10-02,0,0.3078439212,0.3133728286,0.3129044478,0.3128617688
tW3GYwTF,2024-10-03,0,0.1079893374,0.1083570882,0.108828273,0.1071678588
tfKaa0B5,2024-10-03,0,0.1338419822,0.1333240138,0.13598121,0.1358409614
C2KGrTKq,2024-10-04,0,0.7027498935,0.7032212497,0.7016737561,0.7027464622
CUAnw4eB,2024-10-04,0,0.4530714711,0.4514841002,0.4519281927,0.4496254356
rZ4Fl6Oq,2024-10-05,1,0.7027024086,0.7030577395,0.7033936484,0.6983190927
WzL4uR6j,2024-10-05,1,0.4821413891,0.4807151209,0.4821297842,0.4850061311
WjFeYove,2024-10-06,0,0.4819725077,0.4808172896,0.4818871682,0.484550082
CznUMr4k,2024-10-11,0,0.5629093114,0.5757975422,0.587869623,0.5974973986
G40bS4tS,2024-10-11,0,0.3949149325,0.3995952711,0.4012536427,0.4086672114
Kx7kUQBF,2024-10-11,0,0.4603887441,0.4542246335,0.4540526347,0.4442841481
tSB7gsuR,2024-10-11,0,0.5652504948,0.5744336761,0.5749633874,0.568651765
bqfHrQQ8,2024-10-11,1,0.8362826921,0.7883389549,0.7969299206,0.8041881996
lzMeL2KN,2024-10-11,0,0.8445913334,0.8447254384,0.8466870947,0.8470737294
p67RFtro,2024-10-11,1,0.4501501871,0.4508088647,0.451850898,0.4588187339
OlC6wpzh,2024-10-11,0,0.4167353912,0.4250530651,0.4246008394,0.4244516114
jsZeyrJr,2024-10-11,1,0.7104559608,0.6706718421,0.6796244973,0.6867334748
ptlQjcPP,2024-10-11,1,0.6764616303,0.6769034715,0.6772259163,0.678132636
IgQCXaI7,2024-10-11,0,0.4609462159,0.4647997847,0.4637861939,0.4643440029
WEFEyO44,2024-10-11,1,0.7236184879,0.7328781462,0.7403518271,0.7463094536
Y18ae3AE,2024-10-12,0,0.2843765052,0.2788269122,0.2627335188,0.2580665031
ptS4ZLme,2024-10-12,1,0.2138313697,0.1946818511,0.1818075091,0.1670545853
Wx2VKMY1,2024-10-12,1,0.6160203509,0.6131781117,0.6097417399,0.6215432316
hU3NZ1ZG,2024-10-12,1,0.7937683778,0.794027626,0.794513633,0.7957147576
ptOzsJtp,2024-10-12,1,0.6630494525,0.6705233092,0.6689188668,0.6667172568
4M21SJRj,2024-10-12,0,0.2514345338,0.2560874706,0.2564094332,0.2559719499
0f7VXu4T,2024-10-12,0,0.2603400069,0.2587215688,0.2574875345,0.2500365162
CC3sWns3,2024-10-12,0,0.3014832232,0.2975642967,0.2961879377,0.2900602643
WdMrucBd,2024-10-12,1,0.5931533004,0.5958447118,0.5922318852,0.5746427266
08n4nuJM,2024-10-12,0,0.7516811287,0.7545463332,0.7590153553,0.7668683953
dGkmjNJc,2024-10-12,1,0.4053717979,0.4063790067,0.4259033901,0.420742013
hrqdl1lA,2024-10-12,0,0.2660918288,0.2640799129,0.2665466094,0.2688763757
2Ji2FU3C,2024-10-12,0,0.6841854581,0.7003054631,0.6890260533,0.6884741953
OCKrvKuK,2024-10-12,1,0.4337495713,0.427484841,0.4247946439,0.4170878409
UX5wTgXI,2024-10-12,0,0.5120819921,0.5099983674,0.5110903603,0.5077705179
2DWNPxvg,2024-10-12,1,0.7713841077,0.7738988105,0.7712757298,0.7703808652
Gx60hvyB,2024-10-12,1,0.5139078602,0.5183911785,0.5210358706,0.5230831903
jqb2l1ad,2024-10-12,1,0.224720379,0.2256775072,0.2266752188,0.222515471
d01NRb9t,2024-10-12,1,0.8469569415,0.8579580845,0.8679289033,0.8785481768
W6sSX6fK,2024-10-12,0,0.3919082177,0.3891344729,0.3877472253,0.3930801743
lK1rf9Ps,2024-10-12,0,0.3821528347,0.3779918341,0.3743135214,0.373116794
dCRNjzJk,2024-10-12,1,0.6506759201,0.6540333984,0.6365829279,0.6387054081
hKUWmJpI,2024-10-12,1,0.5895472047,0.5990755017,0.5984679026,0.5871581897
6ibgHjZa,2024-10-12,1,0.5691763999,0.5765880446,0.5760196527,0.5748162618
2sbC8Jic,2024-10-13,1,0.5156114272,0.5055376731,0.5042899835,0.5013844077
4G9m7Fs3,2024-10-13,0,0.6233994509,0.6205643193,0.6152522955,0.617173634
2wGEb0uf,2024-10-13,1,0.6180288065,0.6174211748,0.6259381667,0.6198612057
ADCe5gCF,2024-10-13,1,0.6311358598,0.6302125577,0.6406005906,0.6350506112
l8R0qCkd,2024-10-13,0,0.2875973409,0.2794949793,0.2786971099,0.2844093577
WS043XtS,2024-10-14,0,0.7162905769,0.7173805569,0.7260755727,0.7258887056
KpH6L3Q1,2024-10-14,1,0.3565194324,0.3589800746,0.3603041021,0.3549790363
WO4KQ0vg,2024-10-14,0,0.2812114491,0.2804179978,0.2825816044,0.2869848209
p446JqXP,2024-10-14,1,0.5708086591,0.5759060064,0.575824989,0.5747138315
2qV2aOuf,2024-10-14,1,0.9123802559,0.9126506408,0.9126825622,0.912306753
zcBBSM9t,2024-10-14,0,0.4718325787,0.4715522459,0.471648762,0.4657807215
2BizbB4k,2024-10-14,0,0.5060366522,0.5106620265,0.5108515799,0.5089914457
6yYBF3T7,2024-10-14,1,0.4554093074,0.4586420278,0.4592131334,0.4581882615
Wltz6rmK,2024-10-14,0,0.704011159,0.7022581823,0.7145110841,0.7074936639
xdUdBwPa,2024-10-14,0,0.2378647388,0.2455240596,0.2441850816,0.2348738167
WI7VfIvJ,2024-10-14,1,0.4670151317,0.4761003826,0.4775051378,0.4767712004
jXXUJhR8,2024-10-14,1,0.3419690685,0.3412508221,0.3413091316,0.3338187717
GttlDafm,2024-10-15,0,0.5292879049,0.5253813024,0.524386739,0.5248510703
WOMJetuJ,2024-10-15,1,0.5200809023,0.5194858324,0.520459671,0.5200536618
M5oNjX8D,2024-10-15,1,0.8148176405,0.8155288287,0.8198558157,0.8171322107
b59NdvA6,2024-10-15,1,0.8057190787,0.806764875,0.8004222917,0.8014901216
nRkIILWP,2024-10-15,0,0.8206885898,0.8320059601,0.8395057773,0.8445690253
bwoqdkZ1,2024-10-15,1,0.8971935966,0.8978992936,0.8982406882,0.9002586706
ObJBc2A6,2024-10-15,1,0.8021739769,0.8018550184,0.7998327219,0.7982130573
zs7gta8K,2024-10-15,1,0.504174214,0.5030832544,0.5076623763,0.5078849291
j749qGCi,2024-10-15,1,0.355023752,0.3576472014,0.3544302351,0.3511910626
lvIODrgC,2024-10-15,1,0.5011090061,0.513176328,0.5055718568,0.5029440624
zyzjU3wg,2024-10-15,0,0.3479312262,0.3477085491,0.3478058861,0.3469507271
txDEl2fl,2024-10-16,1,0.2559698473,0.2493532901,0.2507203743,0.2498317702
4x3SOv95,2024-10-16,1,0.8759325104,0.8731716344,0.8739114879,0.8742048995
MmOqML3M,2024-10-16,1,0.8413087544,0.8414047371,0.842760333,0.8449919234
x2qoC1Pa,2024-10-16,1,0.5146611745,0.5130607813,0.5179995407,0.5247500712
QeopkKX8,2024-10-16,1,0.6056167615,0.6070555762,0.6072838226,0.6152373911
CAQEwGFc,2024-10-16,0,0.07662577044,0.07767918401,0.0780462312,0.0786819457
bwoUAZB4,2024-10-16,0,0.2556179922,0.2631223965,0.2618333984,0.2566856671
IZywp7Z7,2024-10-16,1,0.2802639928,0.278843731,0.2789877606,0.2731276285
M7rUoT4e,2024-10-16,1,0.4710262968,0.4765853215,0.4740671151,0.4679070891
OM9uxccD,2024-10-17,1,0.5982174082,0.5978300963,0.5980804891,0.5983734814
vim31IcC,2024-10-17,1,0.2062996154,0.2041647413,0.2012895972,0.1995271597
SpmhoVA7,2024-10-17,0,0.07323378573,0.07332144012,0.07499179159,0.07481884822
WnPGnJuh,2024-10-17,1,0.7006895066,0.7010574638,0.7049080035,0.7021787723
AZiy5H2k,2024-10-17,1,0.8597566375,0.8605655945,0.860953592,0.8585587588
bciKGVOG,2024-10-17,1,0.3626189832,0.3631211828,0.3682438007,0.3662112848
tnMY7DRj,2024-10-17,0,0.7045704135,0.7121486301,0.7128235541,0.7123556461
rPTgueCb,2024-10-18,1,0.4291990694,0.4301781485,0.4299813803,0.4343415509
beC0d1w2,2024-10-18,1,0.3833779728,0.3872307385,0.3884756025,0.3899705068
tp3A1ePk,2024-10-18,1,0.6816204798,0.6826357345,0.6800254374,0.6795268927
dbvie1j3,2024-10-18,1,0.6207097884,0.6192290118,0.6196790014,0.6259840474
reCvncDk,2024-10-18,0,0.372882796,0.3708122199,0.3712906436,0.3673021019
OWppxvJD,2024-10-18,0,0.2763539343,0.2760368631,0.2807516711,0.2796283841
235QCQM5,2024-10-18,1,0.8494361953,0.8541577369,0.8539670354,0.8543142868
UyhJEnhg,2024-10-18,1,0.7089023703,0.7072236746,0.7067639176,0.7038223074
Ozm57VpQ,2024-10-18,1,0.7300267617,0.7385081106,0.749558165,0.7562509611
fJwy298m,2024-10-18,0,0.1559780254,0.1560921934,0.15347075,0.1525628628
ruAIqShJ,2024-10-18,0,0.4414318065,0.4267839216,0.4085469166,0.3808652562
IcO0d5xP,2024-10-18,0,0.3060089903,0.2888932998,0.2751575126,0.2549572585
lIWq0mw0,2024-10-19,1,0.8152942378,0.8318433558,0.8425385729,0.8558888774
MVUibR7C,2024-10-19,1,0.3882823406,0.3906228101,0.4129800427,0.4150446253
bVbZA4iI,2024-10-19,0,0.2084428193,0.2051109129,0.2059170247,0.2068366364
GCj9mAgf,2024-10-19,1,0.8974471177,0.90628258,0.9127276739,0.920549941
z5LIzdDs,2024-10-19,0,0.6531480924,0.6536042023,0.6535764863,0.6528201198
rcojatkT,2024-10-19,1,0.4120039002,0.4113242658,0.4096918948,0.4075752752
r5oeBAWO,2024-10-19,1,0.7168009808,0.6282175696,0.552115975,0.5535929139
bqbUXzom,2024-10-19,0,0.4017817005,0.4041589852,0.4065027734,0.4022703908
f5tYDfpo,2024-10-19,1,0.3995129797,0.3960240911,0.4009520669,0.4000344957
GdO271Vj,2024-10-19,1,0.8669999521,0.8728543279,0.8744520766,0.8732397317
0Qi4T73U,2024-10-19,0,0.6530729872,0.6558346647,0.6634115753,0.6649738308
Q7LMokJb,2024-10-19,1,0.8221873823,0.8223977968,0.8214144211,0.8248253891
bLJUqTmB,2024-10-19,0,0.3844294835,0.3849054538,0.3860841541,0.3962274168
6kudTCSj,2024-10-19,0,0.4764366396,0.4590305019,0.4241495985,0.4019766207
46Of7mSh,2024-10-19,1,0.5966355807,0.6020822161,0.6040740092,0.6046150269
bgeKjy1e,2024-10-19,1,0.6757694749,0.6763630325,0.6756843711,0.6804203976
UuSDmBln,2024-10-19,0,0.1770325796,0.1711220924,0.166252131,0.1637792506
bezvB5nA,2024-10-20,1,0.6815242105,0.6897952083,0.6912419864,0.6905194349
4n2E4oup,2024-10-20,0,0.563650872,0.5626950202,0.5571927863,0.5603084915
xIPvtBTg,2024-10-20,0,0.8011766679,0.8034198169,0.8048954251,0.8050880837
8jwDd6XG,2024-10-20,1,0.8915900719,0.8979774599,0.9038103322,0.9102916756
COq4bS24,2024-10-20,0,0.1835443631,0.1801472308,0.1796378705,0.1790825668
4f2BhcWr,2024-10-20,1,0.2922819468,0.2920612977,0.296921997,0.2974460927
AZgqkOPj,2024-10-20,1,0.3771118557,0.3783215374,0.3782795301,0.3770208206
I35Uut3L,2024-10-20,1,0.3198785193,0.3207622941,0.3205419592,0.3247454617
xtnVCRHc,2024-10-20,1,0.6336798542,0.6353611815,0.6342697693,0.6317853124
t4yLfp2T,2024-10-20,0,0.1557069198,0.1448007732,0.1358026238,0.1253418192
OMJUJQBb,2024-10-20,1,0.3533827748,0.3531268776,0.3531430657,0.3472655453
bcFqREA4,2024-10-20,1,0.4914501676,0.4915016109,0.4908390176,0.4914167792
dIOIonie,2024-10-20,1,0.5666862345,0.5672123789,0.570148261,0.5759742639
WzuvgUbL,2024-10-20,0,0.4366427241,0.4358512765,0.4361411407,0.4322993657
x8QD62oB,2024-10-20,1,0.6377910727,0.6364281718,0.638080948,0.6384985932
UPTZBcNj,2024-10-20,1,0.6860880579,0.6880790782,0.6836245085,0.6902291436
UwmIm3cM,2024-10-21,0,0.4879690324,0.4839216814,0.4832948937,0.4837259913
OOOL4tGN,2024-10-21,1,0.3295551403,0.333549757,0.3326684439,0.3258830644
AZTTgYKl,2024-10-21,0,0.3905862793,0.3985605389,0.4010129521,0.4052696326
U13njs1U,2024-10-21,0,0.6073194833,0.6083445045,0.6078650341,0.6146254489
dl5vh3WH,2024-10-21,1,0.4800646659,0.5037481951,0.5010891409,0.4988485948
8SYdApnn,2024-10-21,0,0.420849703,0.4214381982,0.4206163739,0.4134978604
xSleJuVG,2024-10-21,1,0.9385722301,0.9399180092,0.939927387,0.9410472131
WYs435RH,2024-10-21,0,0.5616889715,0.5661816221,0.559412075,0.5589986234
r95haKwo,2024-10-21,0,0.5735739124,0.5839687139,0.5768720558,0.576494071
j1VwsteK,2024-10-21,0,0.3880687645,0.3829502221,0.3819742245,0.3815296818
KWm2yKIs,2024-10-21,1,0.3514374039,0.3506116291,0.350018128,0.3471573047
xY94uQnC,2024-10-21,1,0.3795077598,0.375500486,0.383376913,0.3851510107
WUomL104,2024-10-21,0,0.6375948421,0.6401111595,0.6409422228,0.6420944857
z3hvNNVi,2024-10-21,1,0.1148852769,0.1127353605,0.1122165326,0.1126090744
lCuJXyI6,2024-10-21,1,0.7145019741,0.7192589641,0.7172871149,0.7125434304
bsw4HJaT,2024-10-22,0,0.274342434,0.2740275993,0.2749131716,0.2742715104
GvcWgP15,2024-10-22,1,0.6364678959,0.6437846682,0.643219318,0.6446568301
AHQDgJvQ,2024-10-22,0,0.3836298131,0.3831932143,0.3849381089,0.3879809223
SdiAZcmf,2024-10-22,0,0.4960511275,0.4920711517,0.4921329744,0.4986907386
CvAmPoyI,2024-10-22,0,0.4228490495,0.4212262497,0.4216225059,0.4178955765
6mCqlc2m,2024-10-22,1,0.6671051569,0.6658533925,0.6669862765,0.6690951599
O8vd5Rd5,2024-10-22,0,0.2505581078,0.2397899378,0.2358564913,0.2312515308
na5Fc72t,2024-10-22,0,0.2400334185,0.2399545602,0.2423643536,0.2379509148
8EgOeoXh,2024-10-22,1,0.5273987029,0.5258555192,0.5274868866,0.5261852329
dzQ5w4HO,2024-10-22,1,0.3665724714,0.3608780772,0.3625290421,0.363919688
Ghx58OGb,2024-10-22,1,0.7515099169,0.7517647127,0.7507709278,0.747793772
vB3pjmLr,2024-10-22,0,0.2568611014,0.2501275532,0.2589857235,0.2588063288
2mmLYgRQ,2024-10-22,1,0.7631335699,0.7629696182,0.762294283,0.7619903567
hKp5BDy1,2024-10-23,0,0.4730108796,0.4720595051,0.4662480716,0.4701184636
xSYbaM0d,2024-10-23,1,0.362255094,0.3576640871,0.3566502512,0.3547269346
dhidDZ6l,2024-10-23,1,0.5072920416,0.5159252784,0.5137407815,0.5122203005
rNKtubEl,2024-10-23,1,0.8093634402,0.8116979329,0.8119978413,0.8125575228
OWh5sTjn,2024-10-23,0,0.2197307223,0.2139611608,0.2148380772,0.2169897649
YTpaglZb,2024-10-23,1,0.4003636087,0.4023738419,0.4097251013,0.4102187584
jLoi6nmT,2024-10-24,1,0.7453283004,0.741903903,0.7418326537,0.7410554192
AJB9iJpS,2024-10-24,0,0.3549573447,0.3577851238,0.3627849138,0.3586017026
tpHIj14t,2024-10-24,1,0.3127417666,0.3109355088,0.3113480692,0.3096998237
j3hmrvB7,2024-10-24,1,0.5761597056,0.5726791028,0.5727974104,0.5719595146
bRG6QN2l,2024-10-24,1,0.9258663433,0.9252850173,0.9257482432,0.9260515063
23cBt6I5,2024-10-24,1,0.8903286252,0.8889475539,0.8892987255,0.8895049163
vZ1SyNVp,2024-10-24,0,0.6601863701,0.6572084073,0.6603791875,0.6648678282
QgItugcm,2024-10-24,1,0.5035842798,0.504306984,0.4940860157,0.4957721111
hzTWfmzJ,2024-10-24,1,0.3467991827,0.3484837329,0.3530676836,0.3481911566
0ClOMBsJ,2024-10-25,1,0.6981610594,0.698731905,0.6984808127,0.6984367189
d66oIFfJ,2024-10-25,0,0.3848873913,0.3780888708,0.3793575221,0.3804468635
jFMOHgz3,2024-10-25,1,0.6663228363,0.6638709412,0.661297805,0.6628547785
xQLaLGJt,2024-10-25,0,0.5434931976,0.5476482412,0.5454110694,0.5422000974
nmmD76uh,2024-10-25,0,0.6126315575,0.6172825502,0.6115496138,0.6103436696
6mSJplaL,2024-10-25,0,0.157149246,0.1519408401,0.1479529481,0.1612523314
Kb0Rtubm,2024-10-25,1,0.7053964342,0.7088545433,0.7084257351,0.711108679
pKbxYAFF,2024-10-25,0,0.2652386884,0.2476264049,0.2356025245,0.2195702162
C2bucrV1,2024-10-25,1,0.3928220981,0.3950437023,0.3976090127,0.3972567453
Y3e7ypM7,2024-10-25,0,0.3649319034,0.3412784801,0.3211766519,0.3001822515
C6IYvJSa,2024-10-25,0,0.8750310163,0.8761991182,0.8804289148,0.8815028372
rFtPO6x2,2024-10-25,0,0.4620298451,0.4407265961,0.4224665766,0.3986543324
hp2pWlpS,2024-10-25,1,0.7261392738,0.7372533013,0.7488912216,0.761994272
xx2bw6ie,2024-10-26,1,0.9806046377,0.9819246951,0.9828115739,0.983663989
nVJNTJCU,2024-10-26,1,0.6838609168,0.6886744136,0.6892963559,0.6885805278
A1rHQS7k,2024-10-26,1,0.740827827,0.7451923167,0.7484295882,0.7544065133
jL3juSMr,2024-10-26,1,0.7342463403,0.7380983974,0.7429850856,0.7510773641
QcrgamEE,2024-10-26,0,0.4506640367,0.4334715311,0.4074483909,0.386245348
EaQpfXGr,2024-10-26,0,0.5559130962,0.5570158842,0.5606643098,0.5587082917
UuxJXRJH,2024-10-26,0,0.308673566,0.2789039273,0.2883194997,0.28851317
zJbplm4b,2024-10-26,1,0.7762297288,0.8156275947,0.8226671212,0.8333399406
tK5yj9Zo,2024-10-26,1,0.8087992335,0.8221727615,0.8209152614,0.819549127
8WdhnRYA,2024-10-26,0,0.1782335797,0.1786910843,0.1789239059,0.1687776409
rk52wWkt,2024-10-26,0,0.2537344876,0.2694722962,0.2679598238,0.2396999476
MFYAZmk5,2024-10-26,1,0.8274833104,0.8300806935,0.8167439179,0.795280081
O0YJRghK,2024-10-26,0,0.07794262829,0.07751963025,0.07931646242,0.08061825648
roFjMXFs,2024-10-26,1,0.4987719947,0.4950904014,0.4907501155,0.4919943612
pCQrm1Kc,2024-10-26,1,0.8471864629,0.8493520782,0.8474217786,0.8471793757
SEIsK2jB,2024-10-26,0,0.7927871678,0.7919024163,0.792095429,0.7916046136
tIrHY154,2024-10-26,1,0.7027094054,0.7007674351,0.7024213622,0.7072014758
YoxaqJJM,2024-10-27,1,0.6638871689,0.6122823884,0.6181167738,0.6213528134
x40xGBBb,2024-10-27,0,0.5253959337,0.5272631279,0.5187567923,0.5214513246
dCX3JlCD,2024-10-27,1,0.5859286222,0.5935874549,0.591508163,0.5878552395
hA78Uree,2024-10-27,1,0.6837349056,0.7120373229,0.7054112532,0.6888210762
veHVhYe3,2024-10-27,0,0.3816941913,0.374224934,0.3927009333,0.3790593521
MLuj7OGD,2024-10-27,0,0.6769960487,0.6582209531,0.6617563767,0.671102716
KSPfHNdB,2024-10-27,1,0.6495581168,0.6615760632,0.6263809376,0.628916324
0bNCjerm,2024-10-28,1,0.6698905832,0.6710030576,0.6732809439,0.6761621033
QNVTYwc3,2024-10-28,0,0.4047084564,0.4049267359,0.4038217363,0.4046078134
AcUnGdMt,2024-10-28,1,0.8500066193,0.8485225713,0.851414382,0.8548074438
nLIs7JqQ,2024-10-28,0,0.2538639217,0.2524846747,0.2515455167,0.251013342
zsLoxdTg,2024-10-28,1,0.3076567527,0.3137774912,0.3197205524,0.3310413669
WS4ldHKP,2024-10-28,1,0.2326601638,0.2265536219,0.2253284376,0.227107233
fof8SoT0,2024-10-28,0,0.6091089988,0.6092124311,0.6095979946,0.6094318568
xUBbw3sJ,2024-10-28,0,0.3884541784,0.3857472608,0.3704421033,0.3688604463
OOGIrbJb,2024-10-28,0,0.533208466,0.5502115406,0.5225481926,0.4091589223
8lKssorf,2024-10-28,0,0.3605086459,0.3612618444,0.3668435905,0.3722954932
Ykf3oAKr,2024-10-28,1,0.4645530003,0.4772836625,0.47346265,0.4777954429
63hBqlke,2024-10-28,0,0.3494894287,0.3587359152,0.3614776374,0.3585048122
E5DWjWdL,2024-10-28,1,0.665200606,0.6532966249,0.648918413,0.672201434
29S9pKln,2024-10-28,1,0.6093377669,0.6107323633,0.6169159663,0.6195934233
M1kwdgyP,2024-10-29,0,0.4508661214,0.4481769861,0.443902107,0.4479664936
UHiJGXgS,2024-10-29,1,0.745207549,0.7478170532,0.7459802438,0.7460960802
r7Ogzzb6,2024-10-29,0,0.204719656,0.2062069584,0.2049306138,0.2050456891
hKzLlEe2,2024-10-29,0,0.216038973,0.2438321465,0.2325496997,0.2188696625
QZeUcF6C,2024-10-29,1,0.9413892985,0.9416869783,0.9418259589,0.9421767671
df4D1c7m,2024-10-29,1,0.731902588,0.735173984,0.7438791691,0.7448165437
Ae55dQE8,2024-10-29,0,0.6113643448,0.6108630074,0.6118188893,0.6077767895
hMcMayx0,2024-10-29,0,0.1309854432,0.1285298472,0.1297808559,0.1284572125
YTrrBz5d,2024-10-29,0,0.5132574053,0.4889905437,0.4901280757,0.4906579451
K6xDjzRk,2024-10-29,1,0.7579851837,0.7650627246,0.7668090583,0.7676910449
CGNBsSJ7,2024-10-29,0,0.5611351965,0.5658199758,0.5695868623,0.5826427042
r7z3lTkK,2024-10-29,0,0.5399740242,0.5407300929,0.5579818122,0.5446139689
2BcGQPcD,2024-10-29,1,0.4656516139,0.4720538341,0.4537067151,0.4560352401
zXD2cKfE,2024-10-30,1,0.6900889931,0.690627298,0.6918552587,0.6961225826
zcagEO56,2024-10-30,0,0.2264355393,0.2269688082,0.2268186234,0.2266750823
UyONUCbk,2024-10-30,0,0.4897345085,0.4953951337,0.4938347596,0.4936097702
d2n80p7N,2024-10-30,1,0.8335476205,0.8343842161,0.8336548362,0.8313034262
djUPtxlB,2024-10-30,0,0.6283533476,0.6265161196,0.6273737301,0.6263375884
hINYvGIN,2024-10-30,1,0.4919702816,0.4915027401,0.4890271951,0.4785713096
EkRYr7Ds,2024-10-30,1,0.8921127435,0.8930215423,0.8930718614,0.8949604271
zqv7U7bl,2024-10-30,1,0.7602975984,0.777871456,0.7945668886,0.8140085426
pC4qB6p2,2024-10-30,1,0.5243213682,0.5286282683,0.538050526,0.5380090979
4bbR1MYg,2024-10-31,0,0.5740570497,0.5637617436,0.5721874037,0.5724460444
URSQm7NH,2024-10-31,1,0.4925827084,0.4908934713,0.4946906421,0.4890575512
Aqchn7aJ,2024-10-31,1,0.672980081,0.6723299913,0.6765518822,0.6752564203
E55bFZ3n,2024-10-31,1,0.7908870861,0.794361658,0.7949186781,0.7910506633
88I1AL8K,2024-10-31,0,0.4089755159,0.4108824794,0.4115492224,0.4106517904
IiwOJmjt,2024-10-31,1,0.2868321009,0.2853238075,0.2882513044,0.2990882464
hWb4PhOG,2024-10-31,0,0.5445857938,0.537320911,0.5335458418,0.5313362695
SlPppvD5,2024-10-31,0,0.3907919386,0.390637918,0.3954289783,0.4001774101
W6FCejMt,2024-10-31,1,0.553154969,0.5433784957,0.5449453156,0.5573668149
bDTSlyec,2024-11-01,1,0.5286723685,0.5278789524,0.5254667737,0.5286910957
2HGDOelL,2024-11-01,0,0.2809839774,0.2870800074,0.2872047326,0.2854594342
S0FToPon,2024-11-01,1,0.7756487641,0.7753414121,0.772294506,0.7713042622
d6pGerVG,2024-11-01,1,0.7223362139,0.7263006804,0.7267021881,0.7269881241
W2uPzV24,2024-11-01,1,0.5463025789,0.5510761736,0.544423261,0.532296841
lIQRUHh4,2024-11-01,1,0.6016209925,0.5967454497,0.6047830654,0.5883852622
0lCbfyMi,2024-11-01,0,0.5366274429,0.5331002138,0.5293566497,0.5381127446
zkHJVxR0,2024-11-01,0,0.356314921,0.3557138383,0.3569830443,0.3617479895
d0ZBemC4,2024-11-01,0,0.5402072356,0.5345380444,0.539376917,0.5472657349
4IUirPTk,2024-11-02,0,0.4062397806,0.4049659724,0.4059933633,0.4089482358
K2EX4dM5,2024-11-02,1,0.5313689713,0.52758923,0.5277612337,0.5290508951
WA5BN0Br,2024-11-03,1,0.5962398793,0.5957687347,0.5949703548,0.5956058609
l6dncUNk,2024-11-03,1,0.4028992837,0.4047619236,0.4054877302,0.4044443145
0ldFwqRa,2024-11-03,1,0.6164224332,0.6178164283,0.6232633511,0.6212499189
jTyZxdwg,2024-11-03,1,0.3834648845,0.3870728631,0.3815605128,0.3816363574
fBV9418s,2024-12-26,0,0.5791934141,0.572501284,0.5627682929,0.5125195618
xSQSGVc4,2024-12-26,0,0.3464358767,0.3495205223,0.3585152104,0.3870884213
t0XJIiTi,2024-12-26,1,0.7464453196,0.7589525958,0.7588546183,0.7633887998
b3SQ0J76,2024-12-26,0,0.6958820355,0.7006266628,0.7057144968,0.7062816959
xEof2WrB,2024-12-26,1,0.8433437515,0.8539080191,0.8628953649,0.8736031531
AwfwANpK,2024-12-26,1,0.8703031966,0.8797329397,0.8880376513,0.899172182
Gbco4hEb,2024-12-26,0,0.2646622168,0.2778467791,0.2563793705,0.2433416697
2yZH2uwf,2024-12-26,0,0.4608583728,0.4651375231,0.4672505176,0.469079621
8Ygw6Eqn,2024-12-26,1,0.6580552341,0.6584689288,0.6577685439,0.6601966209
pvk20ADN,2024-12-26,1,0.4378576376,0.4626221613,0.4668388202,0.4666472124
l6pYflyo,2024-12-27,0,0.5650426343,0.5659173053,0.5645548241,0.5475605693
jH9e8LXr,2024-12-27,0,0.8803360569,0.866537347,0.8721436642,0.8843534821
prREaikB,2024-12-27,1,0.7116580463,0.7130605731,0.7146152739,0.7319041953
Cnvs3Qe3,2024-12-27,1,0.4601638749,0.4638743922,0.4919009725,0.4900185854
vqqmsqZq,2024-12-27,1,0.804297744,0.8127706323,0.8204949772,0.8255403149
Wj1fuN3d,2024-12-27,1,0.623092083,0.624224797,0.6248888307,0.6267066531
nmalqW4U,2024-12-27,0,0.2925403071,0.2953195708,0.2929210527,0.2679320658
WCxVi0m2,2024-12-27,0,0.3047418486,0.3047322095,0.3113184689,0.3277201847
CUS61DKb,2024-12-27,0,0.4010862579,0.4015787758,0.399091496,0.3840518012
I3XqShnT,2024-12-27,0,0.4589811211,0.4717815451,0.4707515608,0.4675557189
CAMTgMIk,2024-12-27,1,0.7175033255,0.720197236,0.7407203193,0.7071741692
pG246a2e,2024-12-27,1,0.8285535773,0.8084077823,0.8162176906,0.8206478747
KCsk14QF,2024-12-27,0,0.5261091221,0.4878227741,0.527547725,0.5254365592
QPStvgtH,2024-12-27,1,0.6613336573,0.6625559924,0.6569888778,0.6502996013
bJUGF3u9,2024-12-27,1,0.6675937304,0.661153675,0.6253779754,0.6199397076
GvybareS,2024-12-27,1,0.5935804179,0.5896365898,0.5745493688,0.5422537094
judunmw2,2024-12-27,1,0.699578113,0.688252714,0.6868604765,0.6884775904
KYIPDsAL,2024-12-27,0,0.5190856114,0.5227517155,0.4931609146,0.5223707496
dpJSRJ46,2024-12-28,1,0.5292704204,0.5287749945,0.5282796734,0.528424105
0vTsbro2,2024-12-28,1,0.5767694805,0.5742225622,0.5749482417,0.5821802101
rNCCV15s,2024-12-28,0,0.1606944245,0.1653045481,0.1549010672,0.1623585754
bVKKgrC6,2024-12-28,1,0.5389980646,0.5369498307,0.5148744612,0.5190287766
AmooGyOp,2024-12-28,1,0.5522039643,0.5862447125,0.5608656082,0.557536608
KI4Nm1RP,2024-12-28,0,0.579003424,0.5975901173,0.5811727732,0.5785742001
bD1Tdv4t,2024-12-28,1,0.7447440306,0.728004591,0.7279503311,0.7278826217
pQkNldU9,2024-12-28,0,0.5426525909,0.5463534546,0.5455115587,0.5583018416
b5yUKKA5,2024-12-28,0,0.4208662721,0.4176864826,0.4169267142,0.4291031893
j7v2tJJa,2024-12-28,0,0.5703877408,0.5705631696,0.572225107,0.5552654403
QPhpgd35,2024-12-28,1,0.6469221916,0.6645610311,0.6637836858,0.6583828087
CYpf8sRa,2024-12-28,1,0.4365799304,0.4405420673,0.4521379349,0.4770416265
hCCyQcZI,2024-12-29,0,0.5986482261,0.5957504347,0.5776891808,0.5759959918
4jtfrukm,2024-12-29,1,0.7619963451,0.7688443785,0.7733020572,0.7891590202
dCeAjamp,2024-12-29,0,0.29569336,0.2931058189,0.296385342,0.3054142662
r1N2f8lI,2024-12-29,0,0.5555175689,0.5557902235,0.5792220461,0.5820351703
UPqDO2Bt,2024-12-29,0,0.4368445059,0.4356702955,0.437130007,0.4342838741
b7bJ5ZnB,2024-12-29,0,0.5998973247,0.6252303714,0.624964104,0.6246448065
2kzyx0Yj,2024-12-29,1,0.6587536309,0.6632665663,0.6553813403,0.6448653422
4EGVcseA,2024-12-29,1,0.9257098506,0.9248536071,0.921933837,0.9281143019
4A4yeIYh,2024-12-29,0,0.4954636639,0.471342619,0.4736299058,0.4944302806
KnWIxyJO,2024-12-29,1,0.4834122912,0.483301291,0.4826749267,0.5109048899
xSEwdLPM,2024-12-29,0,0.7430652437,0.7701686356,0.772807344,0.7653342232
tExB4aQO,2024-12-29,0,0.7337757598,0.747662049,0.7470143493,0.7453640468
xjmLMttg,2024-12-29,1,0.6507546068,0.6448462319,0.6431035103,0.6317401687
v1dn98g3,2024-12-29,1,0.4824285389,0.4827568369,0.4984309826,0.5021655074
YkdhizYH,2024-12-30,1,0.6474449805,0.6464988462,0.648719394,0.6630073052
IeBimRWq,2024-12-30,1,0.4931044886,0.5158360356,0.5160239639,0.5169218671
nZXAvclC,2024-12-30,1,0.9598225384,0.9595585141,0.9593901203,0.9588595663
UHk1kE2U,2024-12-30,0,0.6142670861,0.6137088402,0.631916905,0.6141405554
pUPA9Hmn,2024-12-30,1,0.4599863154,0.4419560431,0.4492206113,0.4600633044
8tl35QhS,2024-12-30,1,0.7144925739,0.7356266288,0.7385348432,0.7411351295
jseB7eIb,2024-12-30,1,0.7864243011,0.7850919575,0.7761651688,0.7722867699
bRnkefQi,2024-12-30,0,0.2735089533,0.2745489489,0.284504225,0.2843371444
8nNMa3Qc,2024-12-30,1,0.6713951877,0.6734194224,0.6597822368,0.675206673
j9yjoPS1,2024-12-30,0,0.8052417382,0.7972060492,0.7977453728,0.8087628484
rXoMbiLP,2024-12-30,0,0.2059161117,0.1925348502,0.1713051596,0.1587986914
vXCE7cNr,2024-12-30,0,0.5436801492,0.537014271,0.5524620265,0.5586177983
hbRAfT5F,2024-12-30,1,0.9303813726,0.930046233,0.9303284623,0.9327571937
YRBXiUpA,2024-12-30,0,0.1655240044,0.1656848889,0.1654346859,0.1720731587
EwBLbW3S,2024-12-30,1,0.7175829842,0.7154962906,0.699420063,0.6941803339
pf3tNIXi,2024-12-31,1,0.4343959947,0.4349743406,0.4347927793,0.4209751391
QLEao51d,2024-12-31,1,0.2070579768,0.2026833694,0.2029837802,0.2033466181
jcshZEuP,2024-12-31,1,0.5334713254,0.5331867984,0.5326193089,0.5316468895
4MIJTKYr,2024-12-31,0,0.7159931492,0.7172424887,0.7172000103,0.7040993069
zynSSPVb,2024-12-31,0,0.5021594226,0.5134116031,0.5091083336,0.5054853364
Wdx1tbIl,2024-12-31,1,0.9422114567,0.9389323451,0.939682218,0.9429128738
v9hJUo1n,2024-12-31,1,0.1351258892,0.1231089827,0.1241172891,0.1314128519
0xUHxGHD,2024-12-31,0,0.7846702864,0.7803016709,0.7898609726,0.7954752126
EcXKjM96,2024-12-31,0,0.4037837143,0.3765373474,0.4039042736,0.4047151612
pbJ42E43,2024-12-31,0,0.4661978356,0.471427062,0.4756442353,0.4794995311
4n2A2rzp,2024-12-31,0,0.4498226279,0.4644311367,0.462364595,0.4519027972
naetQ5wA,2024-12-31,1,0.4100029024,0.4162727189,0.4271285225,0.4080416439
MNzTl0vJ,2025-01-01,1,0.481063507,0.4959397018,0.4833356246,0.4828413238
nH2mbIKU,2025-01-01,1,0.2557486674,0.2377686913,0.2400807491,0.2479630821
MJtqgdJi,2025-01-01,1,0.6390481586,0.6378604101,0.6356711339,0.6252510962
29bIlwId,2025-01-01,1,0.8076545719,0.8097863978,0.8104061488,0.8066053086
GQgzylTI,2025-01-01,1,0.77552707,0.7757330089,0.7743352803,0.7677339469
Wzq9Zp6k,2025-01-01,0,0.7062290468,0.7149828932,0.7219152956,0.7116208551
Cn6h2ztg,2025-01-01,1,0.6629941808,0.6625730972,0.6572845775,0.6537312607
K2UkYz5F,2025-01-01,0,0.3538856174,0.3540142378,0.3529525711,0.3496536112
MHszpgQO,2025-01-01,1,0.306798669,0.3060028878,0.3076951523,0.2987518528
lSHQN88T,2025-01-01,1,0.4641759392,0.4627937238,0.4609806148,0.4616845995
4GRk3Zx0,2025-01-01,0,0.3714794205,0.3695815859,0.3678962549,0.3627241331
Ec1mYqOb,2025-01-01,0,0.5719857776,0.5527806784,0.5593504763,0.5712203733
Yya1DcHj,2025-01-01,0,0.4169871279,0.4271822006,0.4275322644,0.4343810455
Y5EvjZeD,2025-01-02,0,0.5489404412,0.5480202635,0.5476050152,0.5318231023
rFhj2QRH,2025-01-02,1,0.6318812625,0.6494054235,0.6377245037,0.6310645825
IX6YE3BN,2025-01-02,1,0.8348970258,0.8342968661,0.8314107998,0.8410949888
6a85fBEt,2025-01-02,0,0.4881436872,0.4908243261,0.4874412234,0.4884527672
ARXzP80S,2025-01-02,1,0.7394681826,0.7316920676,0.7361883853,0.7455419741
pAJ436cB,2025-01-02,1,0.556813802,0.5505035962,0.5485202531,0.5489277089
Oh86KDjg,2025-01-02,0,0.2749679893,0.2787573123,0.2793764739,0.2773091756
W6gVl7rI,2025-01-02,0,0.6156118994,0.615128896,0.61752555,0.615204414
vyXhtPmg,2025-01-03,1,0.863547885,0.8643267776,0.8654505484,0.8649966459
QRXWuCam,2025-01-03,0,0.7018887391,0.6990767403,0.7031084299,0.7038753359
4jb0Lazf,2025-01-03,0,0.6265839203,0.6234741148,0.6247859769,0.6219118826
CbQFO0lA,2025-01-03,1,0.9501846559,0.9496661667,0.9495111148,0.9488028569
ldDPDqzh,2025-01-03,0,0.1243876581,0.135766929,0.178962451,0.1659612666
4d5fHItp,2025-01-03,0,0.0870705932,0.0843033764,0.1099093897,0.1311889859
Yg08R83b,2025-01-03,1,0.8595536349,0.8707021,0.8808845533,0.8906774274
d4N1FdBd,2025-01-03,1,0.6565534534,0.6694128736,0.6694675435,0.6696889698
C2I2E18C,2025-01-03,0,0.2054601592,0.1934863925,0.1718695544,0.1612543004
f79c5Ind,2025-01-03,1,0.7210974252,0.7225320214,0.7213203469,0.728176184
pCONMvJM,2025-01-03,1,0.3318747891,0.333409986,0.3462592651,0.3494106527
GWW6QMJc,2025-01-03,1,0.8268023256,0.8137991241,0.8090528143,0.8578908986
zHVxjtro,2025-01-03,1,0.8007538048,0.8111762793,0.8061555069,0.8031408289
l4eOKrUh,2025-01-03,1,0.5391285212,0.5410025705,0.5428349328,0.5371443716
xMy3toXO,2025-01-03,1,0.6443933914,0.6473842116,0.6452517315,0.6484127721
M9BXBN44,2025-01-03,0,0.4822795912,0.4689499423,0.4730392863,0.4804822103
IuuUUMhg,2025-01-03,1,0.7291442141,0.733476429,0.7344150958,0.7096281712
KnphPIMU,2025-01-03,1,0.9068930848,0.9098595176,0.8844358159,0.887896731
nLWpRvhI,2025-01-03,0,0.3297135875,0.3247693874,0.3174012967,0.3154710268
EwFCWOLj,2025-01-03,0,0.2029284291,0.2018037403,0.2039043918,0.2152454517
61BBCuwP,2025-01-03,0,0.1094378977,0.09776438692,0.09170610925,0.08437014156
x00lw033,2025-01-03,0,0.4000937591,0.3976729454,0.3950594668,0.3910054554
Iy5tA1ZG,2025-01-03,1,0.9491729755,0.9165349035,0.9187649836,0.9290418773
AZqL2JRj,2025-01-03,1,0.7287769608,0.7290849884,0.7294884654,0.7189545922
Qy77Rxvf,2025-01-03,0,0.1816041386,0.1861515539,0.1851513665,0.1822805865
ULgHPnYA,2025-01-03,0,0.1515992794,0.1430555498,0.1353055217,0.1192100437
Q5rxT0N5,2025-01-03,0,0.1852574638,0.1846570662,0.2048250435,0.2038291431
MDoLWrOt,2025-01-03,1,0.6312857897,0.6345126262,0.6446423891,0.64271718
YiLl7vIq,2025-01-03,1,0.8692166362,0.8780354262,0.8844595997,0.888999444
0t20TUYo,2025-01-03,0,0.2341225056,0.2255905559,0.2201010194,0.2097278812
IB3ApHNc,2025-01-04,1,0.757440011,0.7587099837,0.760505942,0.7667283885
UocafSDc,2025-01-04,1,0.6860279788,0.697465474,0.6911490519,0.6877567476
QXEKyxKi,2025-01-04,0,0.4731159835,0.4721312364,0.4708569391,0.4751461248
6oXqaWHF,2025-01-04,0,0.4813051169,0.4748810099,0.4826244248,0.4802564123
Kz0GPG86,2025-01-04,0,0.3974754806,0.3856538085,0.3808055347,0.3735730205
jJ8oNHm1,2025-01-04,1,0.6070985491,0.6083151597,0.6057009404,0.6040293039
C6vktXTQ,2025-01-04,0,0.5596657482,0.5688582491,0.5698386735,0.5552643817
8vmukXyI,2025-01-04,0,0.5922640636,0.5946880943,0.5775588443,0.5905266698
IPjkwked,2025-01-04,0,0.3000023506,0.2949681442,0.2967161052,0.2851076165
fZaGkJpJ,2025-01-04,0,0.4512506943,0.4539382442,0.444084699,0.4547258992
Qg8ag1of,2025-01-04,0,0.3442584671,0.3387026651,0.3382155289,0.335821424
zH1rUKyP,2025-01-04,0,0.5295561952,0.5260453228,0.5287011035,0.5273709628
vwAieNGs,2025-01-04,1,0.4771998091,0.4741445901,0.4712424491,0.4719505329
SbtZxt1D,2025-01-04,1,0.7421486196,0.7449118313,0.7375971233,0.74710417
G4jFLTNG,2025-01-05,1,0.9247189001,0.923892018,0.9239361168,0.9248627895
llPUhHa4,2025-01-05,0,0.5362666582,0.5382281089,0.5407474257,0.5372542811
2HMeCLjt,2025-01-05,1,0.5339080565,0.5321294328,0.5416714449,0.5381283282
Svp47GEc,2025-01-05,0,0.9434849749,0.950950559,0.955445508,0.958581143
fD6yYgJG,2025-01-05,0,0.4945019061,0.493226486,0.4894449626,0.4850678017
nPrzXZxo,2025-01-05,1,0.3482362099,0.3525762916,0.352088489,0.3616912075
Clw2lF3c,2025-01-05,0,0.3228427544,0.3385416327,0.3357689918,0.3264661274
ITGokZbT,2025-01-05,1,0.3820647973,0.363682321,0.3738637262,0.3763930124
z5mC5fqA,2025-01-05,0,0.5807180368,0.5885132258,0.5925694407,0.593640999
M1NxieUG,2025-01-05,0,0.4814717543,0.4785466551,0.4760140458,0.4727197457
tUUIpX2M,2025-01-05,0,0.3613195064,0.3635753175,0.3254611242,0.3275365535
APWXDYRp,2025-01-06,0,0.4694643802,0.448084584,0.4511800798,0.4618180898
S2SjbCyp,2025-01-06,0,0.2644016338,0.2696795891,0.2712128227,0.2656021825
WdEC8wj5,2025-01-06,1,0.5854162454,0.5687240825,0.5714551023,0.5840936524
hMVLfwVi,2025-01-06,0,0.4579882027,0.4565772626,0.4528085947,0.4515234649
8GWAngY9,2025-01-06,0,0.3964652132,0.3946889016,0.3920171764,0.3881988358
vycgLGZA,2025-01-06,1,0.5223889524,0.519757277,0.517829489,0.5251640478
AsQ3AaLh,2025-01-06,1,0.4723598524,0.467976353,0.4785257622,0.4795224895
ALzqfPjf,2025-01-06,0,0.6821973588,0.6761927794,0.6744140219,0.675791401
zq0xPbzn,2025-01-06,0,0.421451032,0.4335719995,0.4288343695,0.4218000292
YFcidj6d,2025-01-06,0,0.4949817654,0.4948582689,0.4909355325,0.4919467119
KWPS4ekU,2025-01-06,0,0.5337802968,0.5579614653,0.5577717435,0.553275016
proGQBBj,2025-01-06,1,0.5453209409,0.5449239553,0.5426586047,0.5469239351
WAgoNx5b,2025-01-06,0,0.3342287481,0.3347841934,0.3482246469,0.3464554999
WWtL3YDM,2025-01-06,0,0.3145989892,0.3149482807,0.3157263567,0.3156400756
WhtOOUJ5,2025-01-07,1,0.4749243466,0.4749733633,0.4723087856,0.4743871948
0MkwKgb3,2025-01-07,0,0.5366420698,0.5326720851,0.5402603686,0.5319313399
MyvnIXSF,2025-01-07,0,0.6054364478,0.6180238469,0.6155087024,0.6160147303
0jo2Jf4N,2025-01-07,1,0.6497530177,0.6678321537,0.6691847895,0.6693936488
nq7HqDMj,2025-01-07,0,0.2702125674,0.2706527551,0.2744870768,0.2777703843
boDSZFl4,2025-01-07,0,0.6923731432,0.6890294298,0.6885252607,0.6849431444
Wt4sZZlA,2025-01-07,0,0.3107573453,0.3125502783,0.3114785367,0.3122527113
WjRHQB6j,2025-01-07,1,0.578220932,0.5840356411,0.5865166029,0.5851450568
GzDibpTE,2025-01-07,1,0.3646589346,0.3669036004,0.3595142145,0.3624896513
beKNE53e,2025-01-07,0,0.3020101475,0.291845211,0.2933318863,0.2905559554
v5SVCqY7,2025-01-07,0,0.4405291807,0.4341248317,0.4363715488,0.4403850097
vgnwYgEG,2025-01-07,1,0.786628039,0.7843051367,0.7840887693,0.7819334128
pfgUZFq4,2025-01-07,1,0.438666907,0.4441309502,0.4460610711,0.4464985649
hthXnsHs,2025-01-07,0,0.5243464236,0.5274007579,0.5225227786,0.5283585389
QgjuoLof,2025-01-07,1,0.3178542346,0.3145045396,0.315366256,0.3104335909
2NsfErBE,2025-01-07,0,0.3928931473,0.3998179425,0.3986918842,0.3929534701
foSl1Xyh,2025-01-08,1,0.8306948325,0.8363060367,0.836836875,0.8330793132
OjL9ffkt,2025-01-08,1,0.4811774188,0.4780278517,0.4990033754,0.4918847613
SEWdx36e,2025-01-08,0,0.316124783,0.3159037113,0.3153321606,0.3251695807
rJYqnj8K,2025-01-08,0,0.3229792462,0.3236458994,0.3237263584,0.3295709501
fePsI7Sk,2025-01-08,0,0.440846883,0.4425943397,0.4404549511,0.4394400867
pYefDhSj,2025-01-08,0,0.1369145065,0.1360734413,0.134771933,0.1310690974
2X0Xxpbe,2025-01-08,1,0.3676845841,0.3596203817,0.3632747674,0.3687753035
v31agtuq,2025-01-08,0,0.4202041042,0.4246292536,0.4256377927,0.4252976203
l2UH485e,2025-01-08,1,0.6441487083,0.6420785481,0.6405041178,0.6368762807
WppmkXn4,2025-01-08,0,0.567314197,0.5686474344,0.569222773,0.5727121303
dpaFrC2D,2025-01-09,1,0.6734437947,0.668766797,0.6705752105,0.6689202168
SrnTUAAt,2025-01-09,0,0.4350447236,0.4441597723,0.4415130077,0.4466516459
joF7lLIj,2025-01-09,1,0.43400367,0.4350558039,0.4337660689,0.4329993108
2ZZXAnMa,2025-01-09,1,0.473529632,0.4686083421,0.4757091028,0.4741882628
fkxQn4c4,2025-01-09,0,0.345665406,0.3479165812,0.3465466875,0.346419797
CtL5n5Hd,2025-01-10,1,0.5545458402,0.5557728949,0.5542503135,0.5537897858
KSFqh0JU,2025-01-10,1,0.3779163949,0.3784531867,0.3837436277,0.3813835856
j5a0BdGF,2025-01-10,0,0.4675513331,0.4677592585,0.4664125257,0.4624711582
SK7DguhI,2025-01-11,0,0.3043476004,0.3064856563,0.3085183046,0.3131434045
MaKQxIho,2025-01-11,0,0.1882491539,0.1758651555,0.1760166416,0.1793420204
65J4e1N5,2025-01-11,0,0.3061597772,0.3238441721,0.3221998823,0.3211247414
jyrwGY3d,2025-01-12,0,0.5582443209,0.5549275036,0.5555499237,0.5564675788
GvTTeVYo,2025-01-12,1,0.6891002964,0.6848204505,0.685946535,0.6906170477
0EX2ranL,2025-01-12,0,0.3026371604,0.2963550289,0.3145054672,0.3049196607
xlES24nT,2025-01-12,0,0.3165592605,0.3102965889,0.3193215352,0.3198520226
A1jvqXXr,2025-01-12,0,0.624815992,0.6392679553,0.6352228619,0.6324925964
OlOt9QjC,2025-01-12,1,0.9361965353,0.9360523171,0.9351152451,0.937075198
08GdcNhg,2025-01-12,1,0.3596380097,0.3628973107,0.3644658267,0.3657278155
pIiOL3zI,2025-01-12,1,0.6403437467,0.6402433208,0.6366889774,0.6460828982
8CdaR76t,2025-01-12,1,0.53605457,0.5329996914,0.5345866246,0.5401580836
IgbaOwek,2025-01-12,0,0.3874900371,0.3798337214,0.369574123,0.360872055
n3yHp5Qp,2025-01-12,1,0.6467560929,0.6412816042,0.6425116882,0.6473110221
WWKPwxd3,2025-01-12,0,0.3966508152,0.3862700877,0.3877039568,0.3923549136
zqtgJPW9,2025-01-12,1,0.7106895657,0.6985319071,0.7010638062,0.7003627769
WERl74LO,2025-01-12,1,0.8074019378,0.8038305335,0.8014781015,0.7967629351
4tNmaqOt,2025-01-12,1,0.4892499042,0.4816988066,0.4805368102,0.4824700295
zPHtzfeS,2025-01-12,0,0.6520367307,0.6596979105,0.6569406798,0.6553148004
tQf7Poyg,2025-01-12,1,0.3563808538,0.3646429226,0.3611015344,0.3642688464
4OqBpUBi,2025-01-12,1,0.5488878625,0.5471978886,0.5487377615,0.5561905288
xhlGNP55,2025-01-12,1,0.3703945812,0.3694631991,0.369151428,0.3668127469
tMKJ4QHG,2025-01-12,1,0.7698788106,0.7692337841,0.765801714,0.76431873
QgbbNGBM,2025-01-12,1,0.4365575464,0.429382227,0.4295084419,0.4345195312
WAZ1H31M,2025-01-12,1,0.2526335412,0.252398685,0.2546329049,0.2575453659
ncrk1WgR,2025-01-12,0,0.09239737763,0.0830017165,0.08428079796,0.08608385669
n7yStnBG,2025-01-12,0,0.6382036689,0.6367893328,0.6331908078,0.617838255
QVZTdb1E,2025-01-12,0,0.290730678,0.2815210019,0.2806812467,0.2947860912
vsdbiuqg,2025-01-12,1,0.6188150191,0.6201055834,0.6202060689,0.6205072113
ELi8MHP1,2025-01-12,1,0.6019922018,0.5822401482,0.5938185371,0.5952507572
2VapjR2N,2025-01-12,1,0.6225696472,0.6249199458,0.6256407004,0.6249305996
pvuVHfZq,2025-01-12,0,0.2383773245,0.2388120473,0.239087114,0.2395420504
E9T288Ii,2025-01-12,1,0.6185427615,0.6130532834,0.6179903978,0.6084020471
ITE8kGgl,2025-01-13,0,0.2123722424,0.2046597414,0.2052441028,0.2032618574
WdOYxwAr,2025-01-13,0,0.4618888872,0.4583827306,0.4546166379,0.4441675639
zoBLiJMU,2025-01-13,1,0.9115408547,0.9117965246,0.9120992973,0.9045919311
vaqfpLH8,2025-01-13,1,0.7235374622,0.7264251144,0.7287678225,0.7321333718
jurJr8t4,2025-01-13,0,0.7018873171,0.7048128969,0.6770181638,0.6859233668
CnbB9yoK,2025-01-13,0,0.2928368726,0.3280375319,0.3226573499,0.319827161
464d3eKj,2025-01-13,1,0.7187921767,0.7237534038,0.7260151064,0.7332597628
O8EtALgd,2025-01-13,0,0.2555535139,0.2531443641,0.2538072125,0.2507236433
OOdfukX7,2025-01-13,0,0.2083091404,0.204518433,0.2103001877,0.2090952719
jBbnsB2e,2025-01-13,1,0.8616504209,0.8615015354,0.8616058318,0.8608013439
ht0jPxsA,2025-01-13,0,0.1970280677,0.1954670496,0.1926521909,0.1934371615
WUJLeAHl,2025-01-13,0,0.3141250801,0.3168521625,0.315546593,0.3183971458
8W4bcrAj,2025-01-13,0,0.36773433,0.3611882154,0.3647786059,0.3689197772
SOHsyHve,2025-01-13,1,0.7919688237,0.7695323317,0.772703923,0.7775008187
I3BajFu9,2025-01-13,1,0.6119931095,0.6117256245,0.6108259469,0.611901131
f5dxhmYA,2025-01-13,0,0.4239146541,0.4215516465,0.4116757421,0.4121453074
dE6sRbCc,2025-01-13,0,0.5823910951,0.5892238034,0.5969308188,0.601821005
jcJDSBm2,2025-01-13,1,0.9377023162,0.9362616471,0.9445046277,0.9428467267
EDBxhSGD,2025-01-13,1,0.4753769257,0.4102410666,0.4316906044,0.4399913263
vJa8lgAL,2025-01-13,1,0.1811201038,0.1725031927,0.1713187864,0.1676762247
QgIGmfO0,2025-01-13,0,0.5063958034,0.5103929571,0.5162798818,0.4936204772
vXvs3hPE,2025-01-13,1,0.4061433623,0.4019136287,0.3955403596,0.3932271855
88MB6nm4,2025-01-13,1,0.6844268446,0.6799527396,0.67937899,0.6789920439
StLXBsPq,2025-01-13,1,0.7773235568,0.7770284224,0.7722212707,0.7737280762
KhBPoYhD,2025-01-14,0,0.1184297177,0.1179738831,0.1176591446,0.1184449664
IoITgln1,2025-01-14,0,0.2961081908,0.2949658119,0.295088956,0.3025114111
vcOXyGQF,2025-01-14,0,0.6826439524,0.6796569508,0.6775179599,0.6697008545
lSsoLo2c,2025-01-14,1,0.4034098378,0.4119812208,0.4110939893,0.4135856258
lhRyf93b,2025-01-14,0,0.344991666,0.3463926655,0.3456970728,0.347130033
Wf3CUXIk,2025-01-14,1,0.6492567898,0.6420899234,0.6428047545,0.6473670749
8MmFmcrI,2025-01-14,0,0.619818542,0.6160042349,0.6183502148,0.6227641788
lhXPteun,2025-01-14,0,0.2640593671,0.2625871352,0.2626186797,0.2620699959
6HVTCBMj,2025-01-14,0,0.3048989139,0.30465919,0.3052714089,0.305780175
hCzMqlsp,2025-01-14,1,0.5059978215,0.5067002656,0.5084271307,0.5112712436
EwsFODPH,2025-01-14,1,0.9343103204,0.9308550769,0.9310506859,0.9329623091
nonH39YF,2025-01-14,1,0.1028887563,0.1004903169,0.1012340825,0.102662933
Wz1kPyIj,2025-01-14,0,0.2596614067,0.2582221564,0.2633967906,0.2570907812
0EesiWlA,2025-01-14,0,0.1306733051,0.1342807537,0.1346804623,0.1342695553
xQki13aB,2025-01-14,0,0.6809179314,0.6765548187,0.675447536,0.6760114828
Qw4CbK6l,2025-01-14,0,0.1808441826,0.1781154613,0.1759912233,0.1789716042
bP5MsSBd,2025-01-14,1,0.7535992981,0.7544471264,0.7548624675,0.7556420765
ChFnVlSj,2025-01-15,1,0.9350530065,0.9349643646,0.9331926029,0.9329951631
06kNFk1b,2025-01-15,1,0.5825490848,0.5741672633,0.5764145651,0.5729675441
GGhavNuo,2025-01-15,0,0.2197838602,0.2166975315,0.2207112656,0.22023893
GMTo73d5,2025-01-15,0,0.2339246618,0.2296188306,0.2296866791,0.2329587459
hlhZhhKc,2025-01-15,1,0.8758936796,0.8769997003,0.877270318,0.8791223265
vZDvXZDb,2025-01-15,0,0.109131439,0.109961563,0.1067237852,0.1055853699
6ZxbLNdd,2025-01-15,0,0.2799719715,0.2785458639,0.2770759373,0.2751086211
negGdSY8,2025-01-15,1,0.640287159,0.6344691708,0.6349364409,0.6346538057
2Hbl2HE8,2025-01-15,0,0.06248503136,0.05998823178,0.06075824684,0.06119735051
MsLpqRl3,2025-01-15,1,0.5316280289,0.5311928326,0.5293834243,0.5272283854
S0qjmn4d,2025-01-15,1,0.8226318549,0.8238900927,0.8229574815,0.8237137817
8YPugaEd,2025-01-15,1,0.6667923363,0.667765754,0.6676609551,0.6700503065
KYSqF1hD,2025-01-15,1,0.8884223577,0.8894863089,0.8948970146,0.894963857
nTzROd3l,2025-01-15,1,0.6712107908,0.6740453341,0.6711962988,0.6715465462
WCd2Xr8s,2025-01-15,1,0.6137222159,0.6289925458,0.6178634173,0.6177122054
YHQAdM1T,2025-01-15,1,0.4686875577,0.4692453294,0.4679477588,0.4695689576
fFwTfZ6r,2025-01-16,1,0.8264632023,0.826942362,0.8275841055,0.8200454892
rNS1ZXmC,2025-01-16,1,0.3818251014,0.3874481272,0.3875902463,0.39363915
OQmiCgwP,2025-01-16,1,0.7808626475,0.7828838207,0.7824798223,0.7739479101
Gv9jDfzG,2025-01-16,0,0.1942935642,0.1896005625,0.1990958246,0.2010042677
xxj7A55D,2025-01-16,0,0.2457449917,0.2481648649,0.2501652882,0.2556919404
foffidG8,2025-01-16,1,0.7092757304,0.7083600986,0.7100322715,0.7097536506
vD6WidHL,2025-01-16,1,0.872256242,0.872290905,0.8725360571,0.8742646013
COBIvdwf,2025-01-16,0,0.5521901475,0.5514419508,0.5528741591,0.5534490482
44uEhDw9,2025-01-16,1,0.6660734386,0.6633171614,0.6629313854,0.6671754589
h2TGcL4s,2025-01-16,0,0.1725816985,0.1716956488,0.172208608,0.1757101898
zmhDrHPE,2025-01-16,0,0.5342184052,0.5342582472,0.5322831254,0.5303067775
xAP9qpc2,2025-01-17,1,0.7579000054,0.7532225276,0.7524779803,0.7518324752
Qy3UypRN,2025-01-17,1,0.2063684191,0.2103532962,0.2100791514,0.2108872928
jwTTZSzq,2025-01-17,0,0.110027952,0.1089269407,0.1088679766,0.1088400085
pdCWglSE,2025-01-17,1,0.5726179397,0.578705074,0.578482405,0.578453653
KIKpWpz8,2025-01-17,0,0.526370586,0.5267829746,0.5269306692,0.5220204123
EXLJo09r,2025-01-17,1,0.5604156371,0.5765297002,0.5770817582,0.5683754253
Yek4jzwK,2025-01-17,1,0.8634775079,0.8616652345,0.8635815987,0.8629126983
faaVhBEO,2025-01-17,0,0.5945907935,0.5942562864,0.5948544694,0.5900749169
hS0kWoVa,2025-01-18,1,0.4555184385,0.4557071993,0.4552607389,0.4564445128
06NmvCi4,2025-01-18,1,0.7028854751,0.6988437395,0.6983081328,0.701790946
tAfgfMAj,2025-01-18,1,0.7039221433,0.7049451808,0.7053512945,0.7069821844
0biEcHXQ,2025-01-18,1,0.7908446546,0.7893812556,0.7895155676,0.7913698481
GSAE14IG,2025-01-18,0,0.5700761139,0.5699601375,0.5681723221,0.5659707914
0n9qaQE8,2025-01-18,1,0.8093909948,0.8085445961,0.8083670951,0.8047528025
dCiLnhKH,2025-01-19,0,0.3697654348,0.3754007411,0.3761494266,0.3779559669
dtNx2RKc,2025-01-19,0,0.5321955661,0.5308324904,0.5376195468,0.5341308569
6ib5DiyQ,2025-01-20,0,0.06973248458,0.07017211028,0.07086353739,0.07113094697
IVHAiAE6,2025-01-20,1,0.5351038505,0.5416606277,0.5411181237,0.5377889512
hYLJwSL0,2025-01-20,0,0.7516574648,0.7489414653,0.7500680244,0.7489562077
0MRuoATQ,2025-01-21,1,0.8881212263,0.8879266959,0.8876141277,0.8889216928
tYbmPxLr,2025-01-21,1,0.60135815,0.6028112211,0.6058156374,0.605568592
O8zINa3K,2025-01-21,0,0.1346635989,0.1333545725,0.1334384518,0.134498924
veqGR4r4,2025-01-23,1,0.7908069169,0.7899833724,0.7899563936,0.7902535643
QioWaOJr,2025-01-23,1,0.1989648365,0.1932002706,0.194591769,0.1958559732
8K4tBkSG,2025-01-24,1,0.7044602196,0.7061098649,0.6956692755,0.6953233956
h8Mk2fqn,2025-01-24,0,0.4466837266,0.4435562429,0.4433504576,0.4202323681
vuDPEXSi,2025-01-24,0,0.5623493851,0.5832960897,0.5757623927,0.5722714558
IF7FdjDN,2025-01-24,1,0.8219974232,0.8326460774,0.8418987184,0.8532669997
v5dGmeUh,2025-01-24,0,0.5738385613,0.5848361142,0.5926463832,0.5996308862
EogoiUzo,2025-01-25,0,0.4543308919,0.4613732351,0.4669557979,0.4690549674
4CstribU,2025-01-25,0,0.4502689219,0.4506562771,0.4497880051,0.4499204442
IoOtmt8U,2025-01-25,0,0.7472787692,0.7474446121,0.7463934818,0.7490386748
MmE6bCrB,2025-01-25,0,0.4254225853,0.3931352357,0.3917808114,0.397977921
ENAb0YDb,2025-01-25,0,0.6360385758,0.6315802176,0.628434169,0.6267843505
n5GXCBc4,2025-01-25,0,0.2719998946,0.2439138515,0.2367865845,0.2303144377
ji82WKKM,2025-01-25,0,0.3911394759,0.3962247749,0.3956236146,0.379495429
WSCU9LPr,2025-01-25,1,0.4999904303,0.49353676,0.4888472506,0.4864429438
vBHPaHKO,2025-01-25,1,0.4576959576,0.4589498798,0.4629851258,0.4670309353
jujoygaL,2025-01-25,1,0.4146427219,0.4523906041,0.4571016042,0.4544356779
lCH3PAIa,2025-01-25,0,0.3322523947,0.3153052465,0.3179347863,0.3201191169
AFBgTSxH,2025-01-26,1,0.7468929742,0.7595806981,0.773742044,0.7815707814
p634sJcR,2025-01-26,0,0.2300313341,0.2315300783,0.2327037029,0.2319007931
bZCUUuEL,2025-01-26,1,0.358919673,0.404818257,0.3912788926,0.3818253728
hxAMW1q9,2025-01-26,0,0.2115118305,0.1973524092,0.186321488,0.1732804209
xURZ8bi2,2025-01-26,1,0.7397547849,0.7424056211,0.74406639,0.7410383809
GlfzxcLl,2025-01-26,1,0.5032820923,0.5090336637,0.480872914,0.4912611474
x4rqzyj1,2025-01-26,0,0.1667625925,0.169099087,0.1509079444,0.1392999141
naoILyy8,2025-01-26,1,0.5622119457,0.5722923272,0.570838453,0.5602904695
r7l1PJyq,2025-01-26,0,0.5937041137,0.5876670705,0.5828708445,0.5790972392
jcToktp1,2025-01-26,0,0.3717976344,0.3664750559,0.3527621436,0.3453667334
4GTRAKMk,2025-01-26,0,0.3760699184,0.3808920663,0.3823925683,0.3919541337
vgY3quTE,2025-01-26,1,0.3462438567,0.3423364346,0.3397990477,0.3353319093
Yqerr1C5,2025-01-26,1,0.5204893689,0.5305064033,0.5300087884,0.5300299383
xI1ZqNsg,2025-01-26,1,0.578072077,0.5790892941,0.5874185923,0.5860535542
hjerVH5K,2025-01-27,1,0.5809705719,0.5757839495,0.5721691995,0.5731758213
GEVC3uaf,2025-01-27,0,0.5737236457,0.5516831114,0.5636354527,0.5737230352
jNdFvS5D,2025-01-27,1,0.2510524173,0.245375799,0.2459140273,0.2516581957
rRMTacbJ,2025-01-27,0,0.5033826271,0.5062286117,0.5154887703,0.5182421969
bizNNZcf,2025-01-27,1,0.338644553,0.3490045701,0.349154572,0.3483073013
8lS451Us,2025-01-27,0,0.6397318768,0.6457205305,0.6458491672,0.6492131337
2PtEPeTs,2025-01-27,1,0.3584196941,0.3534924326,0.3498830047,0.3489266934
ADOL1JT6,2025-01-27,0,0.6850751697,0.673713894,0.6742162867,0.676588107
46b7tly1,2025-01-27,1,0.7192198357,0.7206008256,0.7246543432,0.7237833909
ENMadhS7,2025-01-27,0,0.4537530809,0.4542892418,0.4629600684,0.4647461675
4UEm9zq1,2025-01-27,0,0.6193609128,0.6149864141,0.615059459,0.616289873
6HJZYcUq,2025-01-27,1,0.6311744021,0.6361910747,0.6390804798,0.6449474452
U3bqUPko,2025-01-27,1,0.4472085599,0.4353539582,0.4364960236,0.4379658791
zsNmujbn,2025-01-27,1,0.5782699526,0.5770903476,0.5770009623,0.5742560044
rwVPTAie,2025-01-27,1,0.3530497132,0.3540900206,0.3540155778,0.3622807656
riAbrA6l,2025-01-27,0,0.4723641044,0.4629595643,0.4640428173,0.4691953672
tK3QfxPa,2025-01-27,1,0.3209231187,0.3095943638,0.3070641008,0.3047462462
OnwYRlM7,2025-01-27,0,0.4514523038,0.448546154,0.4494871276,0.4496863087
C8JSmWrR,2025-01-27,0,0.3241445745,0.3166516684,0.3163548167,0.3153207664
CfIe7EDD,2025-01-28,1,0.5723129593,0.5725574695,0.571144502,0.5771377383
GtQJkhEE,2025-01-28,0,0.4502411894,0.4485367323,0.4472693693,0.4473618462
vsbjtusI,2025-01-28,0,0.6367416999,0.6367524975,0.6468668649,0.6467069302
McoViTsh,2025-01-28,1,0.6758286998,0.6792658928,0.6790662875,0.6725950193
pOzqzWYa,2025-01-28,0,0.4400247626,0.4416867627,0.4428088536,0.4427955456
tjUiY93C,2025-01-28,0,0.5402412962,0.5530669893,0.5513355942,0.5521425366
r7QewUSb,2025-01-28,1,0.5114961886,0.5043025181,0.5054873778,0.5059590527
4ME4y8cB,2025-01-28,0,0.1424660972,0.1411044681,0.1409997472,0.1392864511
hUcAjiJt,2025-01-28,1,0.562734875,0.5479205378,0.5458198296,0.5467158822
b7xyxh4m,2025-01-28,0,0.6499907497,0.6594605344,0.6616293835,0.6615683574
CnICZoSN,2025-01-28,1,0.4672849146,0.4678838818,0.473207337,0.4665816862
WCtVpnwo,2025-01-29,1,0.6301811359,0.6385378624,0.6390414483,0.6415772598
bHBakIy0,2025-01-29,1,0.392330928,0.3944163245,0.3921366191,0.3842638493
tz4EvZio,2025-01-29,1,0.7394797875,0.7360199389,0.7374500176,0.7450905939
CEvpYYjJ,2025-01-29,0,0.5562118815,0.549596819,0.5489977332,0.5490948642
CUGLZH7T,2025-01-29,0,0.3540024399,0.3553622823,0.3475829341,0.3451096863
E3SaWmYO,2025-01-29,0,0.256828477,0.2618142515,0.2611737805,0.2535718842
Yy9CUhvm,2025-01-29,1,0.6894525897,0.6928703788,0.6925201077,0.6942434431
nT8IJAlJ,2025-01-29,0,0.2381844542,0.2395752626,0.2399919818,0.240479809
xxOpxRTr,2025-01-29,0,0.4289018558,0.425372936,0.4260726723,0.4237572717
WjX48u9U,2025-01-30,0,0.5896709965,0.595382815,0.5951198348,0.5884212945
xSY8GsA6,2025-01-30,0,0.22796727,0.2282067031,0.2292641614,0.2293736913
29zT0Ot9,2025-01-30,0,0.4520426456,0.4450479883,0.4482419876,0.4488707581
EeWCnUGU,2025-01-30,1,0.5299620841,0.5317379406,0.5379864209,0.5391598054
AmJ9D1QE,2025-01-30,0,0.4517999918,0.4629753449,0.4635959542,0.4577436605
2BiICYQa,2025-01-30,1,0.2964092466,0.2936592659,0.2926307554,0.2926970611
4nCNrAP1,2025-01-30,1,0.2514393325,0.2518267465,0.2517221822,0.2551244258
CjUiISrm,2025-01-30,1,0.8902248746,0.889439113,0.8889971806,0.8913683495
QXvx4kyq,2025-01-30,1,0.6719000554,0.6731528915,0.6744988739,0.6745123198
fywKB5Rp,2025-01-30,1,0.6137248117,0.6140039281,0.6188791882,0.6101491374
dlacBfAj,2025-01-31,1,0.7844327088,0.7815190177,0.7839617847,0.7885569624
0KltZXoo,2025-01-31,1,0.3463684393,0.3450088858,0.3502380322,0.3510733728
8roxggwH,2025-01-31,0,0.3999094376,0.3965124412,0.3949720364,0.3995518471
jom7g74m,2025-01-31,0,0.3707798322,0.3757649779,0.374122232,0.3739119893
hnuqTKyo,2025-01-31,1,0.6785412602,0.6811683683,0.6812664969,0.6784346862
2uguCsJq,2025-01-31,1,0.8001400471,0.7944866721,0.7945184024,0.7952494286
veN4T3kA,2025-01-31,1,0.7193207859,0.7173112752,0.7172743506,0.7173150558
dMYJCzgB,2025-01-31,0,0.6094062293,0.608939538,0.6068750623,0.6118656407
YDAZtis4,2025-01-31,1,0.1511845488,0.1341093175,0.1266364073,0.1177726928
OUNsy1go,2025-02-01,0,0.3633753631,0.3611945931,0.3592408229,0.3515500821
t6hSrDCi,2025-02-01,1,0.5658562212,0.5663286025,0.566210319,0.5656364931
t8NMkPJb,2025-02-01,0,0.4040172578,0.4083245971,0.4075653245,0.4084461233
fTbruVBG,2025-02-01,1,0.5047702477,0.5050965673,0.5055615537,0.5048486096
KW5fzax2,2025-02-01,0,0.431929561,0.4139712201,0.4049805034,0.3977565343
SbxCtNVN,2025-02-01,1,0.7740529256,0.7801753767,0.782873394,0.7892147764
4rvbbBOi,2025-02-01,1,0.5818392387,0.558895242,0.5582726802,0.5670090732
WWr3rq1B,2025-02-01,1,0.7985281863,0.8000380245,0.8008271335,0.8037640833
8hnkdtaL,2025-02-01,0,0.3674862208,0.3474316129,0.3568112019,0.3914118052
O0dnnR1n,2025-02-01,0,0.2227682828,0.2118511122,0.2127842438,0.213979723
C62nxL7k,2025-02-01,1,0.8890292544,0.8807257118,0.8852544787,0.8871461944
xANTTqnI,2025-02-01,1,0.6324115267,0.6406854338,0.6415567831,0.6431171175
0AX6dkg4,2025-02-01,0,0.3736954939,0.3732281364,0.377410752,0.3783227637
pGpep5Wb,2025-02-01,1,0.1389292186,0.1264338703,0.1187929656,0.1088159436
Mube4OYi,2025-02-01,1,0.3212776168,0.3189115208,0.3232045965,0.3212435284
dfKOK0Q1,2025-02-01,0,0.5344368358,0.5416219371,0.5418994249,0.5379993918
0SQFMMek,2025-02-01,1,0.4186124938,0.4185903751,0.4185886037,0.4206431317
6mCXsjvB,2025-02-01,1,0.7003027574,0.6997918713,0.6874416728,0.6876025396
zulsb2U8,2025-02-01,1,0.4804901155,0.5048382193,0.5266870464,0.4947555884
rmf1Je6F,2025-02-01,0,0.7908245264,0.7901517979,0.7905272111,0.7921132009
EDmxGfUQ,2025-02-01,1,0.9093320998,0.9158966923,0.9188910389,0.9204952348
YyHxSNGU,2025-02-01,1,0.4696771651,0.4756089059,0.474433116,0.4758574118
G0h9HZzS,2025-02-01,1,0.8521101011,0.8576418965,0.8626343142,0.865678539
CliCz8Wp,2025-02-01,0,0.19880858,0.1965039662,0.1987928115,0.2074732734
hIkEfTNG,2025-02-01,1,0.4700567579,0.4716356737,0.4727109261,0.4732644981
pYNOqC9b,2025-02-01,1,0.8068891767,0.807916832,0.785096864,0.7871044154
4tBLJHD4,2025-02-02,1,0.8808704493,0.8773766581,0.8822753043,0.8837424944
hzouOoNt,2025-02-02,0,0.5612640471,0.5625304839,0.5615441562,0.5609182991
ngWQHPIc,2025-02-02,0,0.3186195891,0.3169483412,0.3170508921,0.3187646216
zcPLFOdt,2025-02-02,1,0.4981222226,0.4935849127,0.4945409709,0.498594614
IVk2dnR0,2025-02-02,0,0.728730972,0.7301997932,0.7314465818,0.7340177468
veXG8CM0,2025-02-02,0,0.3363676677,0.3357322662,0.338547864,0.3395440319
I5pTIB2b,2025-02-02,1,0.4843116652,0.4818886153,0.4829615613,0.4881969423
jyEhrdJH,2025-02-02,1,0.6076769598,0.6150859609,0.6144773214,0.6135084206
Qs6KpzAb,2025-02-02,0,0.3422856377,0.3598498455,0.3594070558,0.3588644951
2FsB0wZo,2025-02-02,0,0.6199053279,0.607569399,0.6086535071,0.6037740957
t2En14Qk,2025-02-02,0,0.3282557287,0.3179250904,0.3027221027,0.2876607547
0679ZzfT,2025-02-02,1,0.5157937815,0.5144571365,0.5149233396,0.5124644137
6yb3h4Ib,2025-02-02,1,0.6454315521,0.6420229705,0.6469996374,0.6471304464
672IcVJc,2025-02-02,1,0.6192634373,0.6203231958,0.6158858932,0.6157176948
SGPp2J76,2025-02-03,0,0.7714726076,0.7691308036,0.7700799046,0.7745585952
nmwzpcKt,2025-02-03,0,0.4236774001,0.4217625089,0.4219887648,0.4214946241
YDSh0cxJ,2025-02-03,0,0.4165143421,0.4179424775,0.4246750192,0.4239986501
GjR9mTBd,2025-02-03,0,0.3693154856,0.3749991463,0.3683609669,0.3720156088
WlWy4uwf,2025-02-03,0,0.5004169338,0.5045116374,0.503652282,0.5036834569
EyWL8GGN,2025-02-03,0,0.5152126214,0.5071852478,0.5072716607,0.5090752678
nDECBubn,2025-02-03,0,0.5465791236,0.5542262195,0.5559954476,0.5516245799
Y31Hdz4n,2025-02-03,1,0.4920441057,0.4939034625,0.492651605,0.4883775322
0Age24Il,2025-02-03,1,0.4556103079,0.4542045838,0.4526017903,0.4501955594
8pEeBW33,2025-02-03,0,0.5151540094,0.5196331317,0.5174679459,0.5201582462
xWzcEKnn,2025-02-04,0,0.304386009,0.3051381128,0.3057443398,0.3133005208
8M7PPgZO,2025-02-04,1,0.8669111382,0.8679276158,0.8678374085,0.8682338896
UkoCbMHD,2025-02-04,1,0.8231860661,0.8221190193,0.8229399979,0.8232763247
UVfQfEYb,2025-02-04,0,0.4288270744,0.4269578098,0.4301291348,0.4289794566
GSUjtFJ5,2025-02-04,0,0.4070477322,0.4063157712,0.4069658848,0.408105005
phdBIvhm,2025-02-04,0,0.4027321575,0.4017701404,0.4005587154,0.4059420757
6BSDAxnB,2025-02-04,1,0.7327089944,0.729681097,0.7302401337,0.736705548
E95uO0UP,2025-02-04,1,0.5852819457,0.5861686177,0.5867187368,0.5824499477
ruM7xXIU,2025-02-04,1,0.4812758085,0.4898634783,0.4884278528,0.484379527
QHUp73uJ,2025-02-04,1,0.5097326529,0.5008229278,0.5141112889,0.5129201187
2V9G7rkL,2025-02-04,1,0.5154725806,0.507773686,0.5076300177,0.5089863905
hAHK9JSb,2025-02-04,0,0.5048140917,0.5036322968,0.5033284897,0.4979039538
MPXbvglI,2025-02-04,1,0.5966114263,0.5993097404,0.59290062,0.5900396224
IiRx9PA6,2025-02-04,1,0.5580551366,0.5597101406,0.5595921469,0.5491458025
2qgYhh3B,2025-02-04,0,0.5640753636,0.5599506819,0.5567604521,0.5465341977
K0yrrykg,2025-02-04,0,0.2692913572,0.2657307281,0.2728089103,0.2712841707
bypQU6Fb,2025-02-05,1,0.6272829743,0.6278429214,0.6285045105,0.6293586475
W8YUV5C5,2025-02-05,0,0.5443462142,0.5422679797,0.5349120659,0.5354359937
EP5T7ccB,2025-02-05,1,0.7096183684,0.710678778,0.7074484746,0.7036508242
n9Qxqgtn,2025-02-05,1,0.7909208542,0.7924615528,0.7931589648,0.793762498
tCuJXCiU,2025-02-05,1,0.8363294478,0.8318320777,0.8367123649,0.8368446372
WYB3ssX0,2025-02-05,0,0.1679844413,0.1688067538,0.1683530235,0.1691522107
C2G2v1Vs,2025-02-05,1,0.5089514403,0.5089099587,0.5042750863,0.5121823145
0SfrfMrI,2025-02-05,1,0.3946732933,0.3938433855,0.3949977294,0.3883993041
lrxEskWi,2025-02-05,1,0.3720707057,0.369712479,0.3688067481,0.3654237361
xUywQztp,2025-02-05,0,0.4118371303,0.4073123892,0.4091253964,0.4074016512
l43N0M1B,2025-02-05,1,0.5915361018,0.5903522217,0.5902424361,0.5916536133
KOX0kksp,2025-02-05,1,0.461355429,0.4607099292,0.4585164589,0.449865053
vs8dei6k,2025-02-05,1,0.3308191713,0.3280859166,0.3251097059,0.3244070279
IDMNv92n,2025-02-06,0,0.4591100271,0.4602112963,0.4656808592,0.458953791
zRz5KUKN,2025-02-06,1,0.6596818246,0.6610222424,0.6612545338,0.6551675951
fk8mOttg,2025-02-06,1,0.5635309822,0.5694957813,0.5692747637,0.5704283016
va9BCYYa,2025-02-06,0,0.6454701454,0.6522474894,0.6510482196,0.6504724486
4CitoNF5,2025-02-06,0,0.604680973,0.6041530644,0.6050428238,0.608864185
OUXqX5Fj,2025-02-06,1,0.7586342796,0.7588256037,0.7633227859,0.7607940709
02wHGmnR,2025-02-06,1,0.3661316194,0.3564931361,0.355639663,0.3605408543
659EVScS,2025-02-06,0,0.3206745986,0.322436301,0.3230093937,0.320910866
ncIes9ZO,2025-02-06,1,0.499786317,0.504900958,0.5051751585,0.5073280692
b9BOC7GM,2025-02-07,0,0.1621567353,0.1605202281,0.1572385514,0.1583273734
80jQ3CXi,2025-02-07,1,0.8232034674,0.822780342,0.82272795,0.8241635078
2NRLhnPj,2025-02-07,0,0.2090017826,0.2053879246,0.2055271069,0.2056051753
fHE7GkHc,2025-02-07,1,0.4844771894,0.4866334275,0.487126573,0.487018014
xtrs0UWG,2025-02-07,0,0.5103191689,0.5172451977,0.5163607667,0.5183167397
jPowA1Zj,2025-02-07,0,0.09670025996,0.09395742393,0.09338117897,0.09023354665
Uco35P8d,2025-02-07,1,0.4575677668,0.4559168802,0.4573607208,0.4670078683
p6TkTS03,2025-02-07,1,0.6627741586,0.6553165873,0.6581822094,0.6640558007
jq8GEToA,2025-02-07,0,0.5059008304,0.5050674751,0.5132071358,0.5111263655
GIRvNt9t,2025-02-07,0,0.5422130305,0.5409518063,0.5423063624,0.548319411
MNtQPROE,2025-02-07,1,0.3959598533,0.3980073068,0.3991750256,0.3970573792
IJRcR6VF,2025-02-07,1,0.7948165863,0.7975595499,0.7982527831,0.8039470352
r7Wot9uo,2025-02-07,0,0.3613455484,0.3619410633,0.3670228984,0.3614223303
UBQyKONk,2025-02-07,1,0.3406975439,0.3354973417,0.3445535864,0.343101592
EoL6Pp0S,2025-02-07,1,0.4971262236,0.5053631579,0.5133853677,0.5140985528
GQgY1j24,2025-02-07,1,0.8605840001,0.8677799098,0.8424083154,0.8450340132
tfGJf52T,2025-02-07,1,0.7177305595,0.7179594028,0.7175653296,0.7190511392
CK9EbHeC,2025-02-07,0,0.4137017008,0.4124819642,0.4117606887,0.4114094101
fByuu0Z2,2025-02-07,0,0.6498062878,0.6503273407,0.6535051094,0.6485736812
rsme7ovp,2025-02-07,1,0.5688832291,0.5637194119,0.5627370565,0.5595588208
ng8OnZEj,2025-02-07,1,0.7205638987,0.7239223523,0.7243796104,0.7245157448
Grmgt8Qh,2025-02-07,0,0.4730856983,0.4753349727,0.4756104661,0.4721912308
xIgjK0Fl,2025-02-08,0,0.5695474147,0.5667946586,0.5621382424,0.5632143381
Yw0mUBI0,2025-02-08,1,0.3641807302,0.364311231,0.363704642,0.3646361623
zZjURgMs,2025-02-08,0,0.3621267237,0.3647065842,0.364723337,0.357806366
tlmTw6jB,2025-02-08,1,0.4485268907,0.4497701539,0.4472286873,0.4504470935
0djWjHuK,2025-02-08,0,0.5126839583,0.5173598564,0.5231201991,0.520111717
lQb72YLr,2025-02-08,1,0.6357943016,0.6395543369,0.6362478306,0.6345970496
SjKb3aln,2025-02-08,0,0.5158330775,0.5162331719,0.5126528472,0.5121523219
xMDFfvPc,2025-02-08,1,0.6664989382,0.6662648453,0.6660520808,0.67166682
GUJj1bad,2025-02-08,1,0.6352284957,0.6384990845,0.6380187184,0.637656408
OxpcYm8e,2025-02-08,1,0.6665817164,0.6659702059,0.6672793871,0.6704327904
SYbVtXpo,2025-02-09,1,0.2294581215,0.2307674495,0.2338693712,0.2345022737
ADQTwsmI,2025-02-09,0,0.4733584714,0.472074845,0.472763984,0.4803157341
Gd84Gnkf,2025-02-09,1,0.5131270169,0.5102011252,0.5106255619,0.5096239518
lMhX0hxH,2025-02-09,1,0.3237513459,0.3241087988,0.3230149489,0.3222889209
2PI6FiiA,2025-02-09,0,0.2680347589,0.2637765855,0.2658653442,0.269150294
MifndO2n,2025-02-09,1,0.6445773227,0.6482365714,0.6485686373,0.6474491653
fsKeI8Ks,2025-02-09,1,0.7140219773,0.7091704137,0.7104766583,0.7163672204
hWQPQKfm,2025-02-09,1,0.6062144875,0.6084452077,0.6064837547,0.6045241184
faFbHDMc,2025-02-09,0,0.169953128,0.1732209612,0.1757481224,0.1747333123
ro7KsPmg,2025-02-09,1,0.5158548353,0.5175941056,0.5177551803,0.517100845
2RooTPYa,2025-02-09,1,0.4092818716,0.4067637972,0.4070476289,0.4151328082
WSExxLHU,2025-02-09,0,0.5692389795,0.5748367043,0.5751220376,0.5748458825
AX8CqoJt,2025-02-09,1,0.4619674785,0.4728399453,0.4722749978,0.4716117018
2mNLu3I5,2025-02-10,0,0.5335528704,0.5320176614,0.5324546384,0.5361573399
2D6CEQJ6,2025-02-10,0,0.5537418949,0.5547492751,0.5551258163,0.5513078256
lrhOzHz9,2025-02-10,0,0.4679419816,0.4684080006,0.4683051374,0.4659581591
AgrYpY5F,2025-02-10,1,0.649377268,0.6504295163,0.6501789714,0.6545080617
Kt1G4zwh,2025-02-10,0,0.3303689422,0.3308643845,0.331168144,0.3249189415
G8fP2E74,2025-02-10,1,0.7944435755,0.7890995654,0.7904346319,0.7904375249
E3xCgAUj,2025-02-10,0,0.644253222,0.6433150934,0.6434133038,0.6463762951
4UjlY3ug,2025-02-10,1,0.5197213298,0.5160967301,0.5169029327,0.5179082792
bTqcWsA5,2025-02-10,0,0.08126855587,0.07863788122,0.07902367428,0.07899231638
bu0LC4lJ,2025-02-10,0,0.3911653261,0.3912571399,0.3962848838,0.3941503979
AJTwVo4m,2025-02-10,0,0.3841825624,0.377618551,0.3810271244,0.3809848414
OtzfR33C,2025-02-10,0,0.4457256068,0.4468957356,0.4525762321,0.4523753286
Gra0ZZdB,2025-02-10,1,0.779787907,0.7790491126,0.7788717291,0.7801061733
K4Vb46RQ,2025-02-11,1,0.4943688277,0.4919745184,0.4910348697,0.4929127778
rRWup7wC,2025-02-11,0,0.2201426894,0.2215003128,0.2215594959,0.2238669255
j7SKWj4l,2025-02-11,1,0.7422588234,0.742420696,0.74257485,0.7396197188
277ZvVtI,2025-02-11,1,0.5762948548,0.5751562774,0.5722759062,0.57661962
YFewVZNF,2025-02-11,1,0.7927106283,0.7888847104,0.7912064705,0.791544869
0YqS6q3F,2025-02-11,0,0.8456683132,0.8407524863,0.8410367193,0.8412888566
E7Sj6SdE,2025-02-11,0,0.6044557832,0.6061997798,0.6059990537,0.6052573775
v18KmoZI,2025-02-11,0,0.7752651702,0.7827731221,0.7808809475,0.7799702573
CrKwdTGG,2025-02-11,1,0.1841447719,0.1842439634,0.1843389042,0.1851054211
tEh59yFL,2025-02-11,0,0.3564682759,0.356279261,0.3570558482,0.3578920817
lp7i4oAT,2025-02-11,1,0.6430305262,0.6368384892,0.6375059673,0.6421709287
pMNf9WP6,2025-02-11,0,0.8882899724,0.8876174028,0.887532578,0.8901887314
boJdwntf,2025-02-11,1,0.4208978315,0.4216920818,0.4216781914,0.4174385922
rTNfE9gK,2025-02-11,0,0.6096626753,0.6028619987,0.6030880783,0.6092171306
EgZGLJ4F,2025-02-12,1,0.8422461703,0.8425837881,0.8449244787,0.8443136784
vBROjh7m,2025-02-12,1,0.3544893094,0.3554810835,0.3565443955,0.3618737557
z3nhFack,2025-02-12,0,0.3884654486,0.389757308,0.3896852289,0.3937131319
z1qqkXWi,2025-02-12,1,0.6779971327,0.6831274936,0.6826602205,0.6810113425
zqj8IadD,2025-02-12,1,0.4514613672,0.4514831711,0.4512560107,0.451673577
KvdDiYO8,2025-02-12,0,0.1310742836,0.1277230812,0.1278085104,0.1285278194
noQZ8L3C,2025-02-12,1,0.6548375472,0.6565179895,0.6571137337,0.6540807039
rgTVQvC7,2025-02-12,1,0.4910982803,0.4905825247,0.4902155747,0.4902903984
UcurShkI,2025-02-13,1,0.3069838426,0.3076454693,0.3077211875,0.3079446228
4GV9peMq,2025-02-13,0,0.2515217424,0.2480516932,0.2516087349,0.25204213
xIycxDnD,2025-02-13,0,0.6080475687,0.6092548677,0.6103043299,0.6064106093
jckLinmg,2025-02-13,0,0.4838277586,0.4828238411,0.482548629,0.4822076266
CxarJF0s,2025-02-13,0,0.4852502743,0.4785324414,0.4803435797,0.4805434815
MkRXTWEa,2025-02-13,0,0.4874591817,0.4792840368,0.479595519,0.4804941377
UingyFMP,2025-02-13,1,0.4179563431,0.4175488296,0.4183405113,0.4185674625
lxTPVhpm,2025-02-13,1,0.735553885,0.7353298568,0.7301327459,0.7305457717
84hiHgVg,2025-02-14,0,0.1617779345,0.1621600576,0.1625663969,0.1635809598
ENMjHYDd,2025-02-14,1,0.8508586282,0.8538173419,0.8559398171,0.8591438339
tjxByOG8,2025-02-14,0,0.5629472929,0.5619846152,0.5587927017,0.559234484
IHKtSAqC,2025-02-14,0,0.5878013142,0.5868466272,0.5876105759,0.5872822327
YqToyf5S,2025-02-14,0,0.1469147566,0.1356015449,0.1264743981,0.1165142477
xpp8DBUI,2025-02-14,1,0.6177666698,0.6167845141,0.6163340554,0.6189631054
QJPwwGzG,2025-02-14,1,0.09257440568,0.08612941974,0.08241275771,0.07739500402
IeTsJfqp,2025-02-14,1,0.8564894825,0.8546971062,0.8548468963,0.8574271763
GUeaFXa6,2025-02-14,0,0.6140686589,0.6165126176,0.6173681201,0.6219319021
Qs8QTBc2,2025-02-14,0,0.4657263515,0.4673801255,0.4623089044,0.4625227356
6H9xux63,2025-02-14,0,0.3728116897,0.3719779509,0.3706624931,0.3709798151
WKpGtAb5,2025-02-14,1,0.1094444834,0.1075007938,0.1074811046,0.1093560222
M5RLDTso,2025-02-14,0,0.4241026095,0.4190688446,0.419621322,0.4199249714
QeiBgPZ9,2025-02-14,0,0.680078973,0.6804939928,0.681253427,0.6811138529
UTc2eo5c,2025-02-14,1,0.5199227962,0.5213299503,0.5252983766,0.5267044173
IkUqw4kT,2025-02-15,0,0.4499384172,0.4498237961,0.4492073089,0.4488421667
ChRyuQKG,2025-02-15,1,0.9588053539,0.9591912893,0.9595167726,0.9597855101
2N5GXsDj,2025-02-15,0,0.5724263921,0.5733434682,0.572160021,0.5777123628
GQXStnj4,2025-02-15,1,0.643948875,0.6440306803,0.6439474383,0.6383891075
lOcsF0ke,2025-02-15,1,0.5793812058,0.5827747264,0.5824469898,0.5813497601
rooqUHPs,2025-02-15,0,0.3787514395,0.3790323818,0.3752898879,0.375161746
bgHi0djm,2025-02-15,1,0.5330185923,0.5373994759,0.5366848966,0.533190937
OC4nvwfd,2025-02-16,1,0.4355553068,0.4294251922,0.4328946939,0.4332562499
KEnFJS6E,2025-02-16,0,0.170178448,0.1729709025,0.1726421398,0.1701782422
YJHCOElB,2025-02-16,1,0.4850595077,0.4795729754,0.4800843883,0.4801328107
Qe3Ca7Fr,2025-02-16,0,0.6036726333,0.6037360749,0.602541349,0.5986060472
vuo382bD,2025-02-16,1,0.5389065843,0.5381104679,0.5375940568,0.538447538
WEseAOT0,2025-02-16,0,0.4663319389,0.4663186038,0.4607733744,0.462256844
xGULhx9k,2025-02-16,1,0.8016358628,0.8016600985,0.8021547994,0.8045937983
6BMu5TiL,2025-02-16,1,0.5353756939,0.5370249255,0.5371417373,0.5415398749
n3J4QzKb,2025-02-16,1,0.6672986579,0.6675377359,0.67251258,0.6715414546
A5ps0KGF,2025-02-16,0,0.1244300263,0.1245052172,0.1265097268,0.1261108379
6qbVBy55,2025-02-16,1,0.6223819732,0.6216674462,0.621355803,0.6167960047
h8fTePE7,2025-02-16,0,0.4264942564,0.4222899199,0.4225376871,0.4220056802
I9nFFJ5t,2025-02-17,0,0.5512255775,0.547350124,0.5474159734,0.5469828202
GttOH6yR,2025-02-17,1,0.6751579227,0.6746860616,0.6743591233,0.6693574914
Gn1vtaPq,2025-02-17,1,0.5823396022,0.5921033631,0.5905455346,0.5881540267
CCRgCpal,2025-02-17,0,0.7845006146,0.7856381213,0.7857888876,0.7888394582
6XwjbboS,2025-02-17,0,0.3952102376,0.3901333021,0.3904277074,0.3917020602
zPkn8g4U,2025-02-17,0,0.3592492195,0.3553925187,0.3562773833,0.3566722864
xhnZ1tn3,2025-02-17,1,0.2360714965,0.2399593574,0.2391601602,0.2362131538
QmVeSdkn,2025-02-17,1,0.6842964339,0.685298444,0.6848284355,0.6815738422
QZkNDczg,2025-02-17,1,0.3841126533,0.3798899168,0.3861216554,0.3849760004
WEP7oL1M,2025-02-17,0,0.5258871587,0.5271730089,0.5276089164,0.5249846346
Wh6Kcope,2025-02-17,0,0.655562669,0.6512395999,0.6505578932,0.6518216657
vcdwAFZH,2025-02-17,0,0.2386891013,0.2429672232,0.2425265423,0.2427019567
6kwAHCS6,2025-02-18,0,0.374120211,0.3739357057,0.3743630037,0.3706059467
8EJfBpu3,2025-02-18,1,0.8956622729,0.8940386085,0.8958979669,0.895799526
CUvuCAU0,2025-02-18,0,0.4687051206,0.4679024803,0.4675963087,0.4678991171
riGYB5cD,2025-02-18,0,0.2710057744,0.2770065431,0.2766569953,0.2761321321
bcJkkWaD,2025-02-18,0,0.3594664774,0.3601622625,0.3602899588,0.3641226591
fghQWnrK,2025-02-18,0,0.1488155855,0.1463267112,0.1463282004,0.1466121096
jFjWDWal,2025-02-18,0,0.5898346291,0.5932774974,0.5883726047,0.5890500295
lQ2C75OH,2025-02-18,1,0.3850402072,0.3806653246,0.3815212433,0.3847513072
niX4P4zf,2025-02-18,0,0.8872865665,0.8867078322,0.8844435021,0.8844828012
4jvAg21m,2025-02-18,1,0.8724575611,0.8724958023,0.8725632541,0.8738527004
xrm8SX3K,2025-02-18,0,0.3001806938,0.3048883797,0.3043845216,0.3034702069
6LoVoUBi,2025-02-18,1,0.4244528238,0.4288701974,0.4283599528,0.4276219697
rsFv0mUH,2025-02-19,0,0.3761652882,0.3746827752,0.3790960181,0.3795875645
n16eBmPh,2025-02-19,1,0.4090192274,0.4076280138,0.4047749501,0.4052935849
WUF2J4w0,2025-02-19,0,0.8040595835,0.8060761959,0.8049639195,0.8049069528
AN7ZhE0l,2025-02-19,0,0.5715144978,0.5629290809,0.5643000598,0.5689105408
QX8fTlbt,2025-02-19,1,0.3138303072,0.3132749535,0.3138303863,0.3164154672
lhg6r6of,2025-02-19,1,0.4575661887,0.4572840399,0.4570955104,0.456261629
rg1jBeLc,2025-02-19,0,0.08186000976,0.0807993997,0.08194276043,0.0818988736
pO05Y9Xa,2025-02-19,1,0.6109292218,0.6115654118,0.6151221059,0.6113370859
x6HxM97C,2025-02-19,0,0.2611837729,0.2641942499,0.2652809184,0.2651378526
Yuyb6s84,2025-02-19,0,0.8542437779,0.8524405181,0.8523392911,0.8547608849
Qe98eQgn,2025-02-19,0,0.2466350473,0.2470380432,0.2499633087,0.2493352478
4hJUNVx0,2025-02-19,1,0.2121318782,0.2059561888,0.2062618422,0.2069487404
Malw2lY7,2025-02-20,1,0.252014961,0.2502663532,0.250488062,0.2503378716
ULaQrp04,2025-02-20,1,0.37407775,0.3771785491,0.3772562401,0.3779953412
6ko6DNzh,2025-02-20,1,0.8017019094,0.8024892497,0.8044506696,0.8028748492
Eg3FPBiK,2025-02-20,1,0.8456179341,0.8455017087,0.8458125505,0.8456653587
8h20Q2he,2025-02-21,0,0.5551931483,0.5547625684,0.5570710338,0.5578988217
GI5zcavf,2025-02-21,1,0.349717429,0.351829515,0.3508718496,0.351616452
Uebmwn9t,2025-02-22,0,0.3319039082,0.3325152374,0.3316478587,0.3325109879
86ajPTV0,2025-02-22,1,0.7067804425,0.7088762039,0.7096091573,0.7098915272
G8KBWBwR,2025-02-22,0,0.5026961297,0.492390162,0.4784700352,0.475849992
YP2LLfP8,2025-02-22,0,0.5031829971,0.5059780244,0.5075829947,0.5094865642
UidUJYgL,2025-02-22,0,0.5215319453,0.5237234729,0.523383636,0.5246796692
zVze5ZvS,2025-02-22,0,0.8767304622,0.8127318046,0.8188129452,0.8334826022
SnvHAUG7,2025-02-22,1,0.8252408169,0.8258411029,0.8332358095,0.8355571265
QNs0ECHr,2025-02-22,1,0.2660948864,0.2626803551,0.2628931307,0.290388113
zg1rRk1l,2025-02-22,1,0.8936046644,0.8965194429,0.9016062822,0.9041255373
8rH3YX8E,2025-02-22,0,0.1128765902,0.1105570576,0.1075993364,0.105637615
6DRQaD2k,2025-02-22,0,0.1495501291,0.1482808731,0.1467409389,0.1458667954
Mkyyo93s,2025-02-22,1,0.8143143734,0.828162248,0.8379240682,0.8494238378
hEuxg5k5,2025-02-23,1,0.5308666458,0.5292882614,0.5287291114,0.5296998941
bZrpmzJq,2025-02-23,1,0.2433783124,0.2373094111,0.2394190488,0.2400719487
CEOWTATr,2025-02-23,1,0.6021464882,0.6090866474,0.6143229561,0.6184576006
WYHsnvQ7,2025-02-23,0,0.5991946185,0.6008550092,0.6074170989,0.6074972587
Q1lLdmjt,2025-02-23,1,0.8347241719,0.8372900606,0.8363503885,0.8245969047
bNME4UJD,2025-02-23,0,0.6098574433,0.6074470597,0.607956603,0.609244256
IgrEy6PE,2025-02-23,1,0.6047861871,0.6101181549,0.6132165691,0.6172784359
zyjivvcl,2025-02-23,1,0.7161870157,0.7186109454,0.7176530429,0.7077781243
v3sn7eAF,2025-02-23,0,0.3839492578,0.3800124532,0.377690124,0.3547193166
WKS3744b,2025-02-23,1,0.622891586,0.6796015177,0.6833915851,0.6750187093
CIC29QZo,2025-02-23,1,0.4180099728,0.3940986288,0.3876024746,0.3894137431
vZcE5pve,2025-02-23,0,0.3707382967,0.3831232151,0.3790630283,0.3763498911
0vqpiqKH,2025-02-23,1,0.8399113993,0.8511443943,0.859254631,0.8689585762
d6xgkNlU,2025-02-23,0,0.2101765755,0.1971504177,0.1864167485,0.1653500514
voWB5rZA,2025-02-23,0,0.08196705125,0.07915238355,0.07880978229,0.07826850223
WbiTfRKh,2025-02-23,1,0.7492393449,0.7539542624,0.756523187,0.7412033506
6anhoEmd,2025-02-23,1,0.5812872194,0.604852447,0.6185898526,0.6361033472
W29As7lS,2025-02-23,0,0.6066839086,0.6090131649,0.6089942319,0.5896449159
Sp5Hobqn,2025-02-23,0,0.6716489805,0.6779597532,0.6815348511,0.6849628774
2o0txoCk,2025-02-23,0,0.2198790918,0.1982049768,0.1919965294,0.1968884239
6oyqZlml,2025-02-23,1,0.7413663486,0.7423355971,0.7433262436,0.7434442926
djj9jBJE,2025-02-23,1,0.5814939296,0.5849288792,0.5856792211,0.5759326216
bZKQp14j,2025-02-23,0,0.4889771364,0.4891404685,0.4889564591,0.4884967942
hAD5ZDMt,2025-02-24,1,0.4272888399,0.420563097,0.4182714183,0.4176262065
xOt4uoBD,2025-02-24,1,0.6595507578,0.6618207628,0.6596202479,0.663212325
CxwXKE7m,2025-02-24,0,0.1599590225,0.1482227359,0.1390615349,0.129109618
GhrGn2It,2025-02-24,1,0.8686351655,0.8667429357,0.8666527731,0.8660725151
Mk5MVVL5,2025-02-24,0,0.5914789017,0.5918164747,0.5912632781,0.58920841
bFt8Z43c,2025-02-24,1,0.5094228503,0.5161422638,0.5159634548,0.5105910427
lx7EXiig,2025-02-24,1,0.5879866479,0.5813634042,0.5811878142,0.5873616865
0xS3oJsB,2025-02-24,0,0.5439642771,0.5432125764,0.5433106761,0.5437820479
2wWcHNmT,2025-02-24,1,0.6483071366,0.6604561797,0.6619551319,0.6629956422
xpOdFAyP,2025-02-25,1,0.5007285703,0.4982938288,0.4989042934,0.4920246358
GUZmHW6C,2025-02-25,0,0.7727184712,0.7645874455,0.75253732,0.7433613718
6o5dhUMb,2025-02-25,0,0.4944399214,0.5178486169,0.5191853267,0.5056066048
fBwpqQqo,2025-02-25,1,0.4571182552,0.4566890217,0.4560494761,0.4648925738
YoIc6Fhf,2025-02-25,1,0.8638174646,0.8636366954,0.8638105145,0.8639257081
29tOptmg,2025-02-25,0,0.3772321643,0.3741991528,0.3703438325,0.3691864578
x0bHlklR,2025-02-25,0,0.7598181864,0.7642533745,0.7637357024,0.7643638641
Aw2DlnMN,2025-02-25,0,0.4048132803,0.4109233661,0.4096344083,0.4006929007
UPXkJqJG,2025-02-25,1,0.5892043291,0.5836266377,0.5846728726,0.5846112952
f1664gN6,2025-02-25,1,0.3418302653,0.3372939898,0.3432697109,0.3423874754
YVqmqTBl,2025-02-25,0,0.5623395828,0.5619983655,0.5630224969,0.560633039
W8lMB1Bj,2025-02-25,1,0.5475221739,0.5460367267,0.5412443814,0.5419906904
08QV6Tyh,2025-02-25,1,0.5664803026,0.5681890161,0.5721530152,0.5812976837
KUUGXrY9,2025-02-25,1,0.4022847593,0.4078596556,0.4066749021,0.4076260591
2Db5j8iB,2025-02-25,0,0.1945076699,0.192438936,0.1907880754,0.1881754114
G6i1QzpQ,2025-02-25,1,0.5081201282,0.5093636623,0.5092808669,0.5089885659
ARFDmGxJ,2025-02-25,1,0.496938028,0.4984117516,0.4923239425,0.500174102
2R9E2XiJ,2025-02-25,1,0.5192284688,0.5104383277,0.5166222754,0.516738371
C2SeSDsT,2025-02-26,0,0.3968461359,0.3949808165,0.3955111142,0.3922170872
82JggO24,2025-02-26,1,0.599062548,0.5991784057,0.6040916725,0.600384866
hvg6AR9j,2025-02-26,1,0.8526660695,0.8537223969,0.8538443361,0.85542
Y3kcLEmS,2025-02-26,0,0.4739781091,0.4690469594,0.4760178019,0.4758006229
AwCECmh5,2025-02-26,1,0.3928847076,0.3938405503,0.3936383943,0.3915676937
2HOIqTnT,2025-02-26,0,0.3905769891,0.3922001081,0.3914036851,0.3893634402
zRr8a2O8,2025-02-26,0,0.5743528823,0.5766054006,0.5768830682,0.578158728
pIRgeLUb,2025-02-26,0,0.5571619092,0.5532492083,0.5538888582,0.5568169062
zmWtKmDc,2025-02-26,0,0.1839891909,0.1829307475,0.1833928748,0.1836603511
Wv9tikqB,2025-02-27,1,0.3014672263,0.3024499778,0.303889612,0.3048915219
M3fOWQd3,2025-02-27,0,0.4868851374,0.4879094594,0.4918163195,0.4872472762
U51HVPaC,2025-02-27,1,0.6786033506,0.680025118,0.684087319,0.6780652217
lpatRn7b,2025-02-27,1,0.4298998765,0.4299467291,0.4305427551,0.4314425536
6ZIdibwf,2025-02-27,0,0.5495010541,0.544157075,0.5462535449,0.5465460927
Ug7lPQyB,2025-02-27,1,0.4695596408,0.4689041057,0.4623416413,0.4690955763
pnR2ekI6,2025-02-27,1,0.7559155232,0.762056173,0.7625838495,0.7627380462
bJOYFfY0,2025-02-28,0,0.3750905049,0.3764787006,0.3743287695,0.3819462963
4MpX99gc,2025-02-28,1,0.8258757858,0.825223703,0.8254019038,0.8229156721
betnPbBE,2025-02-28,0,0.4764025264,0.4683633605,0.4683537391,0.4667906723
WlI0A0GD,2025-02-28,1,0.2806558856,0.2791958048,0.2874545224,0.2842458964
pIReUFOq,2025-02-28,1,0.7290604326,0.7289996438,0.729030347,0.729442762
YVT8CVup,2025-02-28,1,0.6337826397,0.6340578831,0.6371891008,0.6383535684
0CdbuB1C,2025-02-28,0,0.174299356,0.1739798252,0.1738896064,0.1709736393
dUbPwTet,2025-02-28,1,0.5478714004,0.5459416468,0.5463749064,0.5456377614
xQFsgqMF,2025-03-01,1,0.8270549019,0.8262671238,0.8251532434,0.8256290241
8CWdDlPr,2025-03-01,0,0.3442832615,0.344599992,0.3427258937,0.3451039844
Kvr1VhAm,2025-03-01,1,0.6155402943,0.6158974266,0.6159542591,0.6160333458
l8aWdTv2,2025-03-01,1,0.3913324371,0.3913842436,0.3981525881,0.3950483136
WtWdVAas,2025-03-02,1,0.7370560518,0.7369516149,0.7345938022,0.7340269148
0GUMg00k,2025-03-02,1,0.8204865956,0.8235487678,0.8198818136,0.8209664209
6FnyjcrH,2025-03-03,0,0.5706824221,0.570445319,0.5622081943,0.5644410725
hWhEclpQ,2025-03-03,0,0.1387673486,0.127454482,0.1190063209,0.1096703864
prmhj6x0,2025-03-03,1,0.8531515818,0.8645886526,0.8730186637,0.8858840725
CzGRZphJ,2025-03-03,1,0.5194341759,0.5260837832,0.52703196,0.5282029042
vPIhjRgc,2025-03-03,0,0.2686989107,0.2743626233,0.2739537704,0.2743620334
rL71Cjfe,2025-03-03,1,0.8590750067,0.8702858178,0.8788888294,0.8896368705
nkM0l5O9,2025-03-03,0,0.505095807,0.5046258623,0.5024272911,0.5111380632
Ugwudz4T,2025-03-04,0,0.7023443109,0.7038227675,0.7042353814,0.7056558077
zk1bojme,2025-03-04,0,0.666369624,0.6737518267,0.665389417,0.6655842989
EXFrhGM0,2025-03-04,0,0.5088424166,0.50463544,0.4545224583,0.463049679
noEjjfiD,2025-03-04,0,0.7434260129,0.7069437686,0.7190969411,0.729023274
pvBzKAgK,2025-03-04,1,0.4357018252,0.4333430076,0.4323887402,0.442076649
ddBZK5d4,2025-03-04,0,0.6328926857,0.6535210207,0.6599749729,0.665739088
f7Tea0qB,2025-03-04,0,0.5848403061,0.5852027647,0.5802223165,0.5831130264
nB1RPpz2,2025-03-04,1,0.5181090539,0.518377498,0.5181526074,0.5187456031
QJHFATnl,2025-03-04,0,0.5020337196,0.5019710946,0.5028645161,0.5039790622
AqmMoSdL,2025-03-04,0,0.195958695,0.1935851291,0.1945011642,0.2085019639
8tE8F3GP,2025-03-04,1,0.6534612974,0.6632891737,0.6625244944,0.6625312629
lzAvzpGa,2025-03-05,0,0.5424592497,0.5404394599,0.535121011,0.5424114223
2wzElqVh,2025-03-05,1,0.5659656092,0.5663692292,0.5670389386,0.5664330325
h8GVy6om,2025-03-05,0,0.6414771517,0.6365338322,0.6375570543,0.6374504452
YqLN87H0,2025-03-05,0,0.4604044885,0.4558176028,0.4530187111,0.4498030706
dhFYpZE7,2025-03-05,1,0.7030328623,0.6896673637,0.6915212502,0.6942526042
dxVasSNP,2025-03-05,1,0.3943104368,0.3951407964,0.3868239732,0.3879838085
82Z5Lp16,2025-03-05,0,0.6885305351,0.6877230535,0.6831449383,0.693554422
6Bt5j50t,2025-03-05,0,0.6018622658,0.6074628298,0.6078498226,0.6075736955
ziYLnNa5,2025-03-05,0,0.4774814546,0.4838594575,0.4832455703,0.4780047355
Kx1IUlvK,2025-03-05,0,0.2328441892,0.2274703409,0.2283566202,0.2277901499
KQ0T6GyR,2025-03-05,0,0.266671159,0.2664040823,0.2703622097,0.2697154078
UuOHlHFr,2025-03-05,0,0.2694418231,0.2709638931,0.2685685182,0.2663342845
SrEW6onD,2025-03-05,1,0.2656379007,0.2744455601,0.2735348852,0.2630833744
Ob7K8x7E,2025-03-05,0,0.382187176,0.3887443277,0.3961247773,0.3977366295
Gn1eW1FO,2025-03-05,1,0.6036749738,0.5965340779,0.5950605725,0.5961996113
fXCnYNpC,2025-03-05,1,0.5625666089,0.5642489285,0.5704287573,0.562305901
4GsIuLgm,2025-03-06,0,0.2870889316,0.2849447786,0.2838037963,0.2856761927
AesofwhL,2025-03-06,0,0.3334696532,0.3342281193,0.3460917598,0.3433078408
pSWFA8Vj,2025-03-06,0,0.4836911466,0.4839700693,0.4837624332,0.4786060487
MZ0jYeV1,2025-03-06,0,0.5728014353,0.5492091629,0.552978377,0.5563607158
6V4sTy3F,2025-03-06,0,0.6808720787,0.6818142448,0.6883662596,0.68846669
QeVHUTMM,2025-03-06,0,0.7230693985,0.7235139567,0.7234619362,0.7227106295
Gdna1fal,2025-03-06,1,0.4250737886,0.4244365136,0.4257060324,0.4251332888
zwRPnepe,2025-03-06,1,0.7373082393,0.7445643754,0.7440546593,0.7436791748
IgAdNoFd,2025-03-06,1,0.8694787659,0.8697064524,0.869957252,0.8720452091
dGw1YBNc,2025-03-06,0,0.7003940362,0.7002922949,0.6991783297,0.6990732442
xrqwdaN8,2025-03-06,0,0.5214969499,0.5223933132,0.5228221827,0.5181225225
IVR9WkhA,2025-03-06,0,0.3751721667,0.3755252847,0.372143173,0.3755184228
vNskPS1s,2025-03-06,0,0.3206417826,0.3215859131,0.3206406042,0.3196010661
pU7FbL9e,2025-03-07,1,0.7648168921,0.7704788054,0.768994397,0.7703008109
xlQ4JX9l,2025-03-07,1,0.8528026726,0.8531431184,0.8535969175,0.8526231609
x4E19PA7,2025-03-07,1,0.7915684312,0.7911589346,0.7883501167,0.7877798456
tUnDJOVI,2025-03-07,0,0.3121714532,0.3068667397,0.3066265023,0.3073344218
xE9eheBk,2025-03-07,0,0.2332940578,0.2349671131,0.2373225546,0.2391009371
b51ZUcY2,2025-03-07,1,0.7648869984,0.7615794622,0.7608472254,0.7594401074
dQnCJSpS,2025-03-07,1,0.36870785,0.3689410408,0.3699301088,0.3701501657
SpgX4amR,2025-03-07,0,0.6770939636,0.6772262492,0.6729381664,0.6720207565
nmocN6Wg,2025-03-07,1,0.4038279346,0.404088967,0.4093022131,0.4022252918
006ZMxt0,2025-03-07,1,0.1775959552,0.1813352195,0.1814555722,0.1815023581
tYddpVlo,2025-03-07,1,0.6832628524,0.6812308879,0.681971278,0.6802784718
dnAYaptm,2025-03-07,1,0.4274175572,0.4232942226,0.4228796134,0.4276222488
xOKVucon,2025-03-07,0,0.08500344521,0.082728853,0.08291444775,0.08308860186
WS4VUzX7,2025-03-07,0,0.6251558576,0.6197896949,0.6199708926,0.6266707197
xAJqycyi,2025-03-07,0,0.1953767202,0.1966244929,0.1967212199,0.1963079227
jNAHZzs3,2025-03-07,0,0.1583590982,0.158249069,0.1610726399,0.1609560417
x0GLn0Rr,2025-03-07,0,0.3921867901,0.3932622293,0.3932074025,0.3926062125
f1lIS5Nr,2025-03-07,1,0.7526437753,0.7595178516,0.7595986988,0.7595159396
rBfaomb5,2025-03-07,1,0.7216252921,0.7133498988,0.7145070623,0.7138371121
6kDP7kof,2025-03-08,0,0.30466989,0.311492491,0.3109719626,0.3115793147
2RZCbHXa,2025-03-08,0,0.281359277,0.2808977565,0.2823580471,0.282145338
lWZxMyCs,2025-03-08,0,0.6842419694,0.6851444535,0.6834430839,0.6844846643
WnVeY514,2025-03-08,1,0.462923826,0.4621943375,0.4628583913,0.4622268469
nwAfl5GN,2025-03-08,0,0.4523564694,0.4579075569,0.4578300515,0.4582364555
GYcFP5gD,2025-03-08,1,0.4507691113,0.4552366377,0.4543686765,0.4535014602
Isx1eMNj,2025-03-08,0,0.1833024927,0.1819061415,0.1812334313,0.1802374795
QTn39YoI,2025-03-08,1,0.9230285704,0.9207420007,0.9207000116,0.9205344327
j3WJ0YwR,2025-03-08,1,0.7576057264,0.7581023122,0.7581816553,0.7535936951
f7q62jFi,2025-03-08,1,0.6274746541,0.6276619814,0.6275651192,0.6283488094
tEEQWM0t,2025-03-08,0,0.3720638553,0.3793151979,0.3784598457,0.3730673677
AH47QWLG,2025-03-08,0,0.2187741988,0.226729983,0.2259837412,0.2199599605
KbYYTZ2k,2025-03-08,0,0.7758670697,0.781932849,0.7811428943,0.7764751326
YNZreC1l,2025-03-08,1,0.8624536322,0.8624005232,0.8606499993,0.8633444991
Wzu2ivFl,2025-03-08,0,0.3241863157,0.3250716856,0.3305283397,0.3321249413
KrpA5Ppp,2025-03-08,1,0.6799202677,0.6850900305,0.6848183433,0.6842718507
Cp5vPXhA,2025-03-09,0,0.1161971409,0.11396912,0.1159113569,0.1164232152
jVGVQgOc,2025-03-09,1,0.7158934654,0.7179283562,0.7173642524,0.7141204154
naoV0r0T,2025-03-09,1,0.7687162359,0.7701137896,0.7739152644,0.7752561386
QoQrZmT9,2025-03-09,1,0.7489332191,0.7492775184,0.7495223967,0.7503221307
GIRgNWvK,2025-03-09,0,0.2240411458,0.2276843517,0.2272119933,0.2273567573
hdtvQmDi,2025-03-09,0,0.3630163608,0.3660026401,0.3662854692,0.3648480343
rRMQtIyA,2025-03-09,0,0.3442505831,0.3492155069,0.3476556057,0.3485438957
vTlmBKnI,2025-03-09,1,0.864608692,0.8658187639,0.8656787813,0.8653000623
rHNa79gR,2025-03-10,0,0.3601222842,0.3583098612,0.3585205893,0.3609262363
pCjlcADT,2025-03-10,0,0.442723876,0.4366129489,0.4389331676,0.4396611869
84SmMB3d,2025-03-10,1,0.8348121976,0.8349581382,0.8344834567,0.8348377128
lzU06rRN,2025-03-10,1,0.6572418905,0.6590660892,0.6590055473,0.6635796367
SKuh84dB,2025-03-10,1,0.8813963282,0.8815523263,0.8817283996,0.8817633177
ptnZiqCU,2025-03-10,0,0.5391999321,0.5365213363,0.5367365217,0.5383398009
EwXeiRwA,2025-03-10,0,0.6055010808,0.6089431914,0.6095668112,0.609525938
KfxpAQRb,2025-03-10,0,0.2152794444,0.2160773831,0.2165613424,0.2206599728
trnNS4zI,2025-03-11,0,0.2602898274,0.2566647979,0.2567910271,0.2570400431
YoOyTMmp,2025-03-11,1,0.3713426843,0.3710314597,0.3711713811,0.3702989653
xln4uJJk,2025-03-11,0,0.5767576602,0.5754163849,0.5796947135,0.5801755549
rqM0RNZI,2025-03-11,1,0.6376053228,0.6398706482,0.6391787447,0.6378930086
KSkdPcF8,2025-03-12,0,0.627318818,0.6278913002,0.6272050308,0.6230780577
tGkT8olB,2025-03-12,0,0.2528977492,0.2534920975,0.2532415674,0.2531730832
0pWBJSrm,2025-03-12,1,0.8792720497,0.8774004287,0.8778958695,0.8811098936
zDRBlN13,2025-03-12,1,0.4230301969,0.4248216546,0.4248193109,0.4296725621
jgyy3a4F,2025-03-13,0,0.2452015893,0.2471455807,0.2461084485,0.2457425636
8tpGT3cB,2025-03-13,1,0.625358931,0.6257752188,0.6271347207,0.6271679089
Ea2rVDBC,2025-03-13,1,0.8165857242,0.8162460153,0.8165504855,0.8164790555
E7vjpp4U,2025-03-14,1,0.281303119,0.2778160794,0.2786273532,0.2785685244
0WdqWBdn,2025-03-14,1,0.6811799797,0.68073617,0.6811432475,0.6858836011
4tVM21vn,2025-03-16,1,0.5895602647,0.5885767095,0.5823605972,0.588507822
f7yMbAqS,2025-03-16,1,0.590712866,0.5914140733,0.5942454262,0.5941090555
YeVHGr5D,2025-03-16,1,0.2131995038,0.2055264173,0.2052951166,0.2045297739
QB3S5Rje,2025-03-16,0,0.5191097048,0.5169535688,0.516794323,0.5169388824
EiIhgl7k,2025-03-16,0,0.4078353513,0.4079861455,0.4000159559,0.3994598294
QmLuFVT8,2025-03-16,0,0.1310868922,0.1212067443,0.1129632891,0.1046071503
h214pKOH,2025-03-16,0,0.5260276309,0.5294487163,0.5212603644,0.5275338755
YDOmD9bL,2025-03-16,0,0.1514583935,0.1403366779,0.1321150594,0.1213968038
YZywaJwB,2025-03-16,1,0.5744551593,0.5826174032,0.58297254,0.5835342402
4MbAtBNq,2025-03-16,1,0.4481706823,0.4469929725,0.4461623028,0.4484692743
l4D4vncK,2025-03-16,1,0.4174373982,0.4140868991,0.4117285145,0.4106949476
QPr1KQ5l,2025-03-16,1,0.7054208715,0.7092602386,0.709004938,0.6891771258
0S4CrbgU,2025-03-16,0,0.2729086278,0.2624209552,0.2542923667,0.2494925059
n5G0iSy2,2025-03-16,1,0.4704016474,0.4683482549,0.4675708194,0.47397821
nuX9I4z1,2025-03-16,1,0.4847052943,0.4850274801,0.4853039607,0.4924935466
0ALNXhQb,2025-03-16,0,0.6438173711,0.6432304966,0.6420926985,0.6468010814
fshVPnrR,2025-03-16,0,0.7143446723,0.7205359767,0.7206588609,0.7189021717
v7VvTq2K,2025-03-16,0,0.3432286856,0.3482906949,0.3779615076,0.3708679966
QRq52hp3,2025-03-16,1,0.5352251318,0.5381240067,0.5381730808,0.5403376677
bFbMR8DE,2025-03-16,0,0.2409602505,0.240797073,0.2406348937,0.2407709969
dz8entf5,2025-03-16,0,0.6055438098,0.6097058582,0.6089456851,0.6017086395
x8rU0u9b,2025-03-16,1,0.4412852367,0.4392152237,0.4372370546,0.4363372346
0lhJvkhd,2025-03-16,1,0.745352149,0.7472286249,0.7472375863,0.7487864915
6LBz45L7,2025-03-16,1,0.4649112537,0.4555407146,0.4695990365,0.4699873734
l4eYViH8,2025-03-17,1,0.4297576476,0.4322973754,0.4377809104,0.4394250971
bToO173L,2025-03-17,0,0.5813357908,0.5887906028,0.5903660106,0.5896466339
Q7ugZ563,2025-03-17,0,0.6083583986,0.6078489607,0.6099004152,0.6015501036
UyzVknL8,2025-03-17,0,0.5541334204,0.5566569513,0.5593326528,0.5661150168
tGgzU4bk,2025-03-17,0,0.436640371,0.4374292758,0.4316201979,0.4331615497
SxcJi8NN,2025-03-17,1,0.8132169242,0.809314735,0.8116607176,0.8154674099
zLmmc7Mb,2025-03-17,0,0.7629102787,0.7600444401,0.7539320706,0.7555262596
A73zf7z2,2025-03-17,1,0.5361603527,0.5361730338,0.5364789094,0.5379111577
jN07sITs,2025-03-17,0,0.1994638448,0.2014135595,0.2014619507,0.193284587
xj5DF9wJ,2025-03-17,1,0.6239301696,0.6245929157,0.6246836868,0.6299047532
8ADdJivf,2025-03-17,0,0.5380562874,0.5432317047,0.5397226843,0.5405810761
4x75HV86,2025-03-17,0,0.3498333686,0.3539385976,0.3534152783,0.3483219428
QPMI5kHN,2025-03-18,0,0.406660313,0.4061156022,0.4062134336,0.4142774838
OYTHzAGc,2025-03-18,0,0.4403050213,0.4411593753,0.4421531069,0.440508524
Q3orgCXH,2025-03-18,1,0.4936846832,0.4853757275,0.4872759069,0.4856413217
UB8rMA14,2025-03-18,0,0.6631272386,0.6612920425,0.6609253118,0.6610116658
Y35aIS0T,2025-03-18,0,0.41191772,0.4209023671,0.4194812462,0.4120587551
nFw7EJae,2025-03-18,1,0.5636345716,0.5629443532,0.5579318162,0.5575874478
z5wiVKop,2025-03-18,0,0.2572979732,0.2554279661,0.2547146742,0.2613471365
jX1KzsOM,2025-03-18,1,0.8520307882,0.8532819729,0.8507312429,0.8557439576
jJMoMs9T,2025-03-18,1,0.4873071586,0.4877501696,0.4875919709,0.4971474015
EDRMRouh,2025-03-18,0,0.5671583039,0.5701300329,0.5764263118,0.5767159808
MVviij2U,2025-03-18,0,0.2938022634,0.2935680719,0.2963355225,0.2883142537
foIHGLWj,2025-03-18,1,0.3942449978,0.3960820867,0.3960673644,0.3957435975
IwrzeY25,2025-03-18,0,0.3299259968,0.329446101,0.3299550674,0.3369330385
d8Dl0Tvo,2025-03-18,0,0.6089343037,0.6011030074,0.6087347048,0.6086642031
MwVUPP94,2025-03-18,1,0.32313887,0.3244341392,0.3282495317,0.3237760884
nu53vPOc,2025-03-18,1,0.4592118822,0.461331011,0.4545624754,0.453964547
K0NQYmoA,2025-03-19,1,0.5877472831,0.5810396793,0.5811897952,0.5881027823
dbAzOWWi,2025-03-19,0,0.4063411664,0.4144053125,0.4138105835,0.4077700118
xrF0Bgmn,2025-03-19,0,0.1734143713,0.1631221158,0.1605808537,0.1580284508
MLyaTbGd,2025-03-19,0,0.6836365783,0.6908354612,0.6904241693,0.686082193
Y7J1z1ME,2025-03-19,0,0.5454450777,0.5859220878,0.612282949,0.6324387081
rgJwO3vH,2025-03-19,0,0.5479763314,0.5503714294,0.5509752552,0.5508917912
Qw2iKlWG,2025-03-19,1,0.5379685159,0.5381791803,0.541810626,0.5338747211
r7bCx3gA,2025-03-19,1,0.6797341312,0.6802618066,0.6806502326,0.6747075035
4AY97BnB,2025-03-19,0,0.3741173487,0.3657040391,0.3653994666,0.3640677975
0I3tTIEl,2025-03-19,1,0.3750195783,0.3636171979,0.3604342741,0.3577784472
tYM9YviR,2025-03-19,0,0.4966380043,0.4879746498,0.4890959726,0.4891055069
hCtFCcU7,2025-03-19,0,0.6558947978,0.6418562497,0.6317485339,0.6233705344
YV1lRdq1,2025-03-19,0,0.5188740822,0.5113431628,0.5187813061,0.5199608937
dpV19XHb,2025-03-19,0,0.3869784313,0.3855134707,0.3861008251,0.3884758596
IysWC6Oj,2025-03-19,0,0.2562574027,0.2562938502,0.2606848108,0.2586785851
jmpbGuVr,2025-03-19,1,0.3456904123,0.3404887996,0.3412770721,0.3405958326
zVxYOFgU,2025-03-20,1,0.8726861412,0.8757436555,0.875811858,0.8755776038
4YK5eFa5,2025-03-20,0,0.3495103363,0.350133011,0.350565533,0.3504039122
UJlP0EV7,2025-03-20,1,0.4410049341,0.4407115431,0.4409472531,0.4406648778
4AtzF4jI,2025-03-20,1,0.7695777862,0.77062604,0.7699019271,0.7653389433
OOfTNLLq,2025-03-20,1,0.7069821731,0.7138894445,0.7080418894,0.7082368887
txsaYypA,2025-03-20,1,0.2753375263,0.2747370162,0.2699116429,0.2708117578
QN9WuLsS,2025-03-20,1,0.934997732,0.9345465227,0.934573369,0.9359044709
AF9pmxke,2025-03-20,0,0.6689587339,0.6680346978,0.6678897274,0.6682117744
O0CtXPbc,2025-03-20,1,0.622025967,0.622388248,0.6226110944,0.6216375064
fsCdwOR6,2025-03-20,1,0.3143249469,0.315020634,0.3178924075,0.3176346665
dEjsoFTF,2025-03-20,0,0.7731227098,0.7728266568,0.7691571507,0.7692411043
f14aJLnl,2025-03-20,0,0.4229308818,0.4233716363,0.4233323735,0.4295801254
0ncYnya3,2025-03-20,0,0.7264276204,0.7198239048,0.7189018987,0.7260842989
4l5a2R6C,2025-03-20,1,0.2838702881,0.2808463123,0.2810209634,0.2810128604
MiA5DJIr,2025-03-20,1,0.5928480754,0.5928316236,0.5939272734,0.5943150592
pUmuufFO,2025-03-20,0,0.4338483856,0.4323466608,0.4330020217,0.4344280906
AuqbYrWs,2025-03-21,1,0.6451407592,0.6395089129,0.6398515116,0.6464949267
CYOH24g3,2025-03-21,0,0.6844077266,0.682272432,0.6820202418,0.6775631648
GhrYVRY9,2025-03-21,0,0.08094475045,0.0792599522,0.07925538937,0.07965264841
KxFPdPD6,2025-03-21,1,0.5739108763,0.567983684,0.5675977742,0.5689363874
tY60YZCb,2025-03-21,1,0.1997694391,0.1999262274,0.1990094654,0.1927302422
GnFDGoKU,2025-03-21,0,0.2084923834,0.2110760153,0.2084008119,0.2021161034
MH5jxhXF,2025-03-21,1,0.9355063703,0.9376088779,0.9378600042,0.9381633557
Cd74g0Gk,2025-03-21,0,0.5860295686,0.5856133499,0.5868857266,0.5877316056
4vCzyIAT,2025-03-21,1,0.6913735369,0.6914816509,0.692321763,0.6925605031
KQlPXm4c,2025-03-21,1,0.3611405528,0.361237581,0.3664053327,0.3691191717
QsIHYvcD,2025-03-21,0,0.1463574406,0.1456416801,0.145480457,0.1452198047
lv2sSKME,2025-03-21,0,0.2854332532,0.28034776,0.2804182203,0.2842760955
hE5MYn14,2025-03-21,1,0.878353323,0.8805480579,0.8804150848,0.8809281
8676VeYj,2025-03-21,0,0.6127540691,0.6128788977,0.6134783319,0.615924184
nD8lWWIO,2025-03-21,0,0.2506718643,0.2507954433,0.2499256202,0.2543477941
p6DM33jA,2025-03-21,1,0.7354353506,0.731692494,0.732198853,0.7328669747
UsH2rIN9,2025-03-22,0,0.5172094,0.5237958867,0.5237831079,0.5233804877
29Iz1xhd,2025-03-22,1,0.8967811046,0.8971830214,0.8973025868,0.8960069252
tlXlcOR1,2025-03-22,0,0.2538191468,0.2584137151,0.2584940567,0.2539225415
A7HpAklg,2025-03-22,1,0.7895878581,0.7891253101,0.7890948576,0.7893810462
EZG8HhDG,2025-03-22,1,0.6166366393,0.6186811242,0.6188185812,0.6191089426
44PDMveD,2025-03-22,0,0.2168738448,0.2173313869,0.2196971564,0.2198392226
0EknByYg,2025-03-22,1,0.7690873799,0.773466408,0.7710368684,0.7714346684
nNLDBo7N,2025-03-23,0,0.3981881694,0.4032529572,0.4033091223,0.3971188454
feigMBvP,2025-03-23,0,0.5904888929,0.5906642376,0.5903408115,0.5898173071
t8mI2MmC,2025-03-23,0,0.1717366916,0.1697403725,0.1696259606,0.1696756161
Y7sVRFAm,2025-03-23,0,0.3042047708,0.300537646,0.3009741655,0.3040847671
CfnRkvKi,2025-03-23,0,0.8767459852,0.8771637518,0.8775536431,0.8774012311
Cdk668rA,2025-03-23,0,0.2136682413,0.2147050968,0.2153730456,0.2192234583
OEFWS1fl,2025-03-23,1,0.4454026338,0.4523603663,0.4469564976,0.4440773167
rFC9O1Lh,2025-03-23,1,0.3083762322,0.3137828534,0.3128902921,0.3118447685
EN8RBNbM,2025-03-24,0,0.5348271054,0.5366993269,0.5377263044,0.5422064626
hUcse6mA,2025-03-24,1,0.625056737,0.6294052417,0.6283631277,0.6272009
ABkQ8VGG,2025-03-24,1,0.8527098218,0.8526840537,0.8519111304,0.8546723727
4zzx7fdB,2025-03-24,1,0.4436566226,0.4433841703,0.4438810738,0.4431792981
Uo9ye2gm,2025-03-24,0,0.8330163148,0.8332322179,0.8330846131,0.834008385
tSPtIpVO,2025-03-24,0,0.3337446848,0.3377686238,0.337290587,0.3379311589
Uk18xg0e,2025-03-24,0,0.1982287528,0.1954542915,0.1957918017,0.1959344666
hd87FB84,2025-03-25,0,0.3142905861,0.3138587458,0.3138564801,0.312033473
hhj7JgH6,2025-03-25,1,0.7177572516,0.7144576558,0.7146132504,0.7185387307
IsjsgyPp,2025-03-26,1,0.05324345964,0.05258350955,0.05238338646,0.0524349163
xGEg8OyI,2025-03-26,0,0.2881359753,0.2921063656,0.2921030901,0.2910697915
8dGansKb,2025-03-27,1,0.808675194,0.8093654441,0.8096038901,0.8112164814
dl1QHDu0,2025-03-27,1,0.851182935,0.8513223869,0.8516439969,0.8518072048
pzLA7uQ6,2025-03-29,0,0.6370876299,0.6476521828,0.6616831933,0.7332259556
GCOPBRe4,2025-03-29,1,0.6136154614,0.6148576233,0.6171731965,0.6192606135
tv8GKnLh,2025-03-29,0,0.489365842,0.4935116667,0.4513785848,0.4380184797
vctpMvu0,2025-03-29,1,0.5693178338,0.574594086,0.5766925435,0.5629085631
CvIY95QG,2025-03-29,0,0.3233162438,0.2879053077,0.2661705309,0.2521006525
AigicStB,2025-03-29,0,0.6805971851,0.7142660693,0.6749237818,0.6766673336
t2EJ5JfJ,2025-03-29,0,0.3344524849,0.3241903701,0.3232858912,0.3228921365
8xY0IdvP,2025-03-29,1,0.5643624409,0.5809951912,0.5960541471,0.6131388951
zPZhKI9C,2025-03-29,1,0.8580207798,0.8638316621,0.8700858633,0.906798985
AJaXG4KH,2025-03-29,1,0.8440744509,0.8248579814,0.8107667572,0.8166892158
2gdPIQk5,2025-03-29,0,0.1650884429,0.1663962365,0.1692886466,0.1712936493
lWk9M8jt,2025-03-29,0,0.1259998043,0.1227599628,0.1547191122,0.149005243
raQHDmRi,2025-03-29,1,0.7029159733,0.7154578545,0.761480293,0.7726564797
SjrVkpZp,2025-03-29,0,0.3478661169,0.3601740342,0.3713221789,0.3134845838
8865TMnQ,2025-03-29,1,0.4362771548,0.4356586802,0.3960500136,0.3962348517
htrxO0Am,2025-03-29,1,0.4491214059,0.4386247509,0.4385408046,0.4048104687
2RkqalCb,2025-03-29,1,0.5832990256,0.5858199475,0.5873967792,0.5880729978
z1JCiW1C,2025-03-29,1,0.7053274775,0.7047386411,0.7049788637,0.7079915579
Qsr8O4uA,2025-03-29,0,0.6234437015,0.6278567572,0.648041818,0.6510993169
W6s0e6BN,2025-03-29,0,0.4158422525,0.4065925512,0.3976015796,0.38806698
IyLt8qeT,2025-03-29,0,0.5984567442,0.6780222716,0.6744613515,0.6799727248
UFlaQQAc,2025-03-29,1,0.8791686465,0.8769487257,0.8570587931,0.8395887354
29dD2NIj,2025-03-29,1,0.6689076554,0.6344095383,0.6357497049,0.6968578403
6adz1Asn,2025-03-29,1,0.6119039467,0.6178384208,0.5726192882,0.5788016138
IHUeVWWQ,2025-03-30,0,0.3057331404,0.3241759983,0.3329227412,0.3334090713
QuX4Lk4e,2025-03-30,0,0.3661394096,0.3626846042,0.3426455156,0.33232071
j7tv1sZO,2025-03-30,1,0.4706745469,0.4648729722,0.5011867573,0.4819430372
2TUiDXAr,2025-03-30,1,0.5950833639,0.6114387093,0.6198149499,0.581952427
AHlipqzQ,2025-03-30,1,0.559871728,0.555457585,0.5526115261,0.6084286732
C2YExhYG,2025-03-30,1,0.4597419534,0.468048255,0.4547034703,0.4552801888
IJRi8Jck,2025-03-30,1,0.7663550228,0.7730840815,0.7799907901,0.768562931
fL6lLpKt,2025-03-30,0,0.4112419762,0.414490261,0.4002970277,0.4024701592
nNiUsZJP,2025-03-30,1,0.7276678382,0.724990161,0.7274380699,0.7357303877
IX6QMICr,2025-03-30,0,0.5850432596,0.6065932914,0.6304704399,0.6267072066
xnwI2ODr,2025-03-30,1,0.7493648909,0.7372471124,0.7509384284,0.7805917883
z1ybqeED,2025-03-30,1,0.6199301989,0.6329510164,0.6545878479,0.6673060695
zDewcYXj,2025-03-31,0,0.4626679453,0.4656298081,0.4664745297,0.467397989
bD35H2J5,2025-03-31,1,0.4729823752,0.4737263596,0.4688075903,0.474624788
WQ1DFtlI,2025-03-31,0,0.2522859456,0.2498689214,0.244629232,0.246102132
t8eNoVSb,2025-03-31,1,0.7776173033,0.7893435923,0.7841736277,0.7851102396
OYyYIFfA,2025-03-31,1,0.4660130295,0.4664217324,0.4661152104,0.4661824467
jwX4TmDU,2025-03-31,0,0.6604377878,0.6551967734,0.6526033972,0.6536529583
lGLCBXnp,2025-03-31,0,0.125005591,0.1211366689,0.1704056948,0.1607481002
ficFmibn,2025-03-31,1,0.8103354869,0.8160427858,0.8132060547,0.8155091663
v5l5HNz3,2025-04-01,1,0.7261099739,0.7286976716,0.7291255842,0.731330979
SxeuWVL6,2025-04-01,1,0.2398531734,0.259682363,0.2565244777,0.2532030695
xzkWq9cB,2025-04-01,1,0.687761731,0.694145612,0.686485782,0.6911484748
rRWlnrC4,2025-04-01,0,0.6294716751,0.6316639087,0.62534456,0.6155761522
rDTdV9rI,2025-04-01,0,0.5030877224,0.5135480331,0.5193369464,0.4959124587
WbutHgPM,2025-04-01,1,0.5946132414,0.5957301957,0.5963003363,0.6035034803
f5jfQ0ko,2025-04-01,1,0.6597506549,0.6592890722,0.6610530487,0.6622676084
YXYIUiAc,2025-04-01,0,0.1269885296,0.1210003136,0.1119509955,0.1091797646
2oAdJOlg,2025-04-01,1,0.5100771952,0.5055456271,0.5173679616,0.5110067966
2JmPKyQc,2025-04-01,0,0.2927463435,0.2988141765,0.2976313813,0.2959158019
A7aT7GfR,2025-04-01,1,0.3491880963,0.3485097585,0.3486451662,0.3573394874
lnlclTQP,2025-04-01,0,0.6388530037,0.6470741459,0.6501270231,0.6540951847
8zuvYiif,2025-04-01,1,0.2915374596,0.286464345,0.2843252502,0.2782742693
ns00CAfT,2025-04-01,1,0.4658249246,0.4854559517,0.4786814373,0.4965993331
KnbYxbGr,2025-04-01,0,0.1893541799,0.189224724,0.1910770062,0.1934305959
fmNRSVvA,2025-04-01,1,0.6503792649,0.6493265599,0.6508897198,0.6651167802
UsVdpMtH,2025-04-01,1,0.4844538762,0.4814862394,0.47286777,0.47174644
AmmvrmSN,2025-04-01,1,0.2144123197,0.2139171697,0.213812785,0.2107377438
t4LZQ99M,2025-04-01,1,0.4075472538,0.4043663194,0.4119804241,0.4156078742
6NphS72N,2025-04-01,0,0.3045248934,0.3030960676,0.3025785162,0.3015351843
6RtX6lIj,2025-04-01,1,0.8586857054,0.8694483345,0.878664689,0.8799535635
z3bmU9jJ,2025-04-01,1,0.8178062561,0.8067559296,0.8149204913,0.8215079464
6q4pjl1L,2025-04-01,1,0.6046444788,0.6112492164,0.6064415297,0.6003606322
nsS5ni6m,2025-04-01,0,0.3023348162,0.2982870585,0.2970863725,0.2903587858
SjzEpVz0,2025-04-01,1,0.7640543145,0.7594191452,0.754951587,0.7636283359
StLngFee,2025-04-02,1,0.8654189031,0.8660956424,0.8654435543,0.8702439599
QDxMaqCd,2025-04-02,0,0.2415812418,0.2417198569,0.2417232317,0.2416453945
QRHfErRk,2025-04-02,1,0.5553108434,0.5530249035,0.551271965,0.5578468935
pAiUy8fn,2025-04-02,1,0.8388210943,0.8400996371,0.8406431934,0.8422649345
dYSpZjME,2025-04-02,1,0.676160012,0.6762534441,0.669217976,0.6673849586
t2UT89Qa,2025-04-02,0,0.2472460006,0.2473457755,0.2483997907,0.2486331978
hSS1PPoK,2025-04-02,1,0.6796925223,0.6712563774,0.6759613877,0.6737006501
KM4oXbR7,2025-04-02,1,0.4885760146,0.4866841011,0.4947279442,0.4915749625
n5GfMDPs,2025-04-02,1,0.8625525912,0.8668159799,0.869174944,0.8650033196
pQ7tIsvf,2025-04-02,0,0.1528578957,0.1534482752,0.1534572021,0.1552994316
8hrWL4Vb,2025-04-02,1,0.2666239653,0.2665579338,0.2657522766,0.2686522115
hl4xx3VP,2025-04-02,0,0.6071617634,0.6019292576,0.6034876995,0.603017547
OhWDMkCt,2025-04-02,1,0.3411119034,0.3335461235,0.3340648856,0.3337487081
fHhEaRbU,2025-04-02,1,0.5150889171,0.510333033,0.5094177407,0.5111665415
WhYbwCat,2025-04-02,1,0.6560484491,0.6617740784,0.6620828177,0.6617530033
dMxHelSF,2025-04-02,1,0.6883149232,0.6772877965,0.6778327727,0.6800067472
6Pcj2Eqf,2025-04-02,0,0.3445734743,0.3427091324,0.3496948119,0.3495621848
Au3Gvtum,2025-04-03,1,0.5176249851,0.5231296959,0.5237626333,0.5249072107
z76sPQ5C,2025-04-03,1,0.4388179775,0.4388459424,0.4407461391,0.440503263
QVPNF8P0,2025-04-03,0,0.3653876345,0.3586740144,0.3597809219,0.3600156934
APEiGVMs,2025-04-03,0,0.569745487,0.5693833746,0.5682926791,0.5753097067
OWf8Wtgm,2025-04-03,0,0.1879721963,0.1823553531,0.181325888,0.1794645876
YXpqNjXQ,2025-04-03,1,0.7948561432,0.7943888963,0.7943623735,0.7964930903
ljW14uHN,2025-04-03,1,0.6997611662,0.7011019579,0.6973307729,0.6924716274
jo5UC0AC,2025-04-03,1,0.6756178195,0.6787387969,0.6770457717,0.6773913467
fiwj8RBL,2025-04-03,0,0.8239081244,0.827284052,0.819303415,0.8234817292
K6WkYfPq,2025-04-03,1,0.2004452278,0.2014698234,0.2019173992,0.2041795647
8f3PMQQE,2025-04-03,1,0.4784217769,0.5094508348,0.5020059584,0.4980410288
hOK6kcg5,2025-04-03,0,0.6083700259,0.6089120805,0.6088386198,0.610036036
YJVxOeln,2025-04-04,1,0.6322908076,0.6326555482,0.6316962777,0.6315339342
jN6ZywFD,2025-04-04,0,0.2358047566,0.2303109912,0.2327197278,0.2339407493
dKgLat7K,2025-04-04,0,0.7072349398,0.7111323624,0.7102279328,0.7101098758
YgYHsxMF,2025-04-04,1,0.5928283995,0.5908906964,0.590249942,0.5917091973
EiIGqbi3,2025-04-04,0,0.3340445355,0.3181751022,0.3280964702,0.333127866
Ue0sAE7D,2025-04-04,1,0.4388268978,0.4358674978,0.4368604008,0.4379518226
nPlxLZQa,2025-04-04,0,0.7614741761,0.7661559756,0.7631900436,0.7707615566
tGon0NQ6,2025-04-04,1,0.2483438787,0.2459599594,0.2495173551,0.2467805402
UyhehFBN,2025-04-05,0,0.2452661024,0.2470153147,0.2502910685,0.2507157042
x2w7JmGa,2025-04-05,1,0.6544922164,0.6545680543,0.6531972207,0.6544285267
4h7HixM5,2025-04-05,1,0.5382752301,0.5356945515,0.5365751644,0.538796188
r9qkeEAm,2025-04-06,0,0.2120284114,0.2067728661,0.208804895,0.2081040608
Q9EBiys0,2025-04-06,1,0.6708028512,0.6708940537,0.6703193228,0.6667298432
8pW7NYg5,2025-04-12,0,0.5619196767,0.580080286,0.6241772585,0.6411245498
UZIeDZD7,2025-04-12,1,0.779740187,0.7811488259,0.7888038547,0.7816065551
MT5syw6E,2025-04-12,0,0.4152644833,0.4147221577,0.4146070121,0.4189269386
EedpVPeE,2025-04-12,1,0.761898364,0.7735315172,0.7870740389,0.7996715611
zyQnFeqe,2025-04-12,0,0.4142935797,0.408095006,0.4060218595,0.3985615291
prJHCHum,2025-04-12,1,0.8005576096,0.8110238505,0.7867902106,0.7008031928
dUxL0dU1,2025-04-12,0,0.5524618501,0.5542564073,0.5652775115,0.566770717
bmSaNDx8,2025-04-12,1,0.774147364,0.7708894064,0.7198356273,0.7629007368
IeajZGzR,2025-04-12,1,0.8397273944,0.8513415566,0.8598466789,0.870935168
lzGY8ZvC,2025-04-12,0,0.2197644691,0.252540229,0.3408744592,0.3318225353
SAMvHHEr,2025-04-12,1,0.8221991109,0.8235629798,0.8259976376,0.8317558962
hzwPwnue,2025-04-12,1,0.5382040596,0.5366399753,0.5438683811,0.5418700827
dKsOJjgU,2025-04-12,1,0.4751023035,0.5302931042,0.5395411675,0.4794214376
v5viRGft,2025-04-12,0,0.1824210387,0.16662629,0.1684605955,0.1672249005
rwo8MwiL,2025-04-12,0,0.6137207144,0.5972362006,0.58424128,0.5747589061
zXXaPfPh,2025-04-12,0,0.1939358276,0.146416694,0.1461743925,0.1459888803
tACQAeAa,2025-04-12,0,0.7197505533,0.7223485184,0.6745860221,0.678294863
Ak4s7D9O,2025-04-12,1,0.8366304911,0.7606805162,0.7789726137,0.7937167906
4CPGLCOH,2025-04-12,0,0.3708934197,0.3559137395,0.3433240171,0.3284933566
0Y7Ywfvn,2025-04-12,1,0.8024234913,0.8140018148,0.8433429885,0.8519138667
p8EnTusQ,2025-04-13,0,0.5141626242,0.5130324896,0.5117213992,0.5095622021
4pN5lqFt,2025-04-13,0,0.6006373754,0.5998871429,0.5788702843,0.5806036136
x6gRLcZa,2025-04-13,0,0.5336464861,0.5270885789,0.5221882771,0.5288489817
jDwcG7Mt,2025-04-13,1,0.6546910072,0.6580916411,0.6686611183,0.6748116485
6qGFqMr4,2025-04-13,0,0.3167874522,0.3379949609,0.3200804816,0.3186131888
WbeMtETF,2025-04-13,1,0.7347834153,0.7389059681,0.743071382,0.7489033932
vNyufwMM,2025-04-13,0,0.2274190164,0.1986157027,0.2164505036,0.2209957352
Q96quVSi,2025-04-13,1,0.7199894292,0.7189532389,0.7191461871,0.7235759666
tz8QcC3E,2025-04-13,1,0.4260977492,0.4221695335,0.4211671779,0.4212787112
hxt4fG3D,2025-04-13,0,0.7014409555,0.70377285,0.7321457254,0.7330174547
fwpZqysf,2025-04-14,0,0.7754713791,0.7827567293,0.7760253392,0.7849185333
2u5fiJlK,2025-04-14,1,0.744713674,0.7393778088,0.7442650092,0.7462733868
WMiAKKDr,2025-04-14,0,0.2924556149,0.2901824161,0.2884138701,0.2896816954
dn0AeGwo,2025-04-14,0,0.3711221328,0.3618864609,0.3566866433,0.3422034637
z5wZsoOb,2025-04-14,1,0.4730980945,0.4723802057,0.4760698412,0.4764853425
bBjQocCs,2025-04-14,0,0.7833086334,0.7805557502,0.7771750922,0.7594194589
vmeIIbre,2025-04-14,0,0.4312540738,0.4321486907,0.4338627455,0.4372057649
SOZUsymd,2025-04-15,0,0.4873683154,0.5075545429,0.5107042611,0.5058561925
CYvxwTT9,2025-04-15,1,0.5561718024,0.5577698717,0.5521734886,0.5575523138
0zmsrFB6,2025-04-15,0,0.2125652097,0.2117832262,0.2081467559,0.2088882425
2orxEOgC,2025-04-15,1,0.3106984003,0.2788888252,0.2502975001,0.2313484735
48yUvkac,2025-04-15,0,0.7988412657,0.8000504323,0.7971593661,0.7964046715
zwH1qba3,2025-04-15,1,0.471884333,0.4713315689,0.4720055528,0.462744226
8drWVdFc,2025-04-15,1,0.4736973559,0.4512335192,0.4526582195,0.466794448
4OLgv4IF,2025-04-15,1,0.4337847587,0.4311694904,0.431962887,0.4275938797
E590VyS0,2025-04-15,1,0.293926606,0.2855615127,0.2871244129,0.2799582249
86op8gNj,2025-04-15,0,0.646175668,0.636126451,0.6380871214,0.6388093767
dh5AsxUF,2025-04-15,1,0.4305913811,0.431024485,0.4417985687,0.4413144829
tAtvUzpA,2025-04-15,1,0.4730077758,0.459224072,0.4688936446,0.4694359909
WWWstPhB,2025-04-15,0,0.2380638614,0.2448352616,0.2439455289,0.2422422535
2JgFNGxp,2025-04-15,1,0.7076114169,0.7162227586,0.716026498,0.7166292709
QRJYbugT,2025-04-16,1,0.90165187,0.9021185375,0.9024438998,0.9024378847
xOfEDFaT,2025-04-16,0,0.2387615316,0.2392698986,0.2394712482,0.2405657773
CU06nlFc,2025-04-16,1,0.6633522345,0.6778399816,0.6644222204,0.6703737029
42C3vwrB,2025-04-16,1,0.7635979924,0.7663220467,0.7589478319,0.7687627068
8r3cHc04,2025-04-16,0,0.545959333,0.5389092405,0.5636249823,0.5591886784
Sbjv9Doe,2025-04-16,1,0.7425846586,0.7435495177,0.7435644707,0.7521352581
MR0z3xhf,2025-04-16,0,0.02318360289,0.02223612124,0.02259312872,0.02261558106
G865FyVG,2025-04-16,1,0.698796847,0.7001716737,0.6996306071,0.6877509849
6RruqCy2,2025-04-16,0,0.6101884126,0.6121478961,0.6178743643,0.6347089741
YXbyQJqo,2025-04-16,0,0.4262093629,0.4292278975,0.4300496494,0.429823727
K6QR6FT8,2025-04-16,1,0.2855214369,0.2795321605,0.2865434028,0.2792188947
SQEl25YA,2025-04-16,1,0.4399587964,0.4415458264,0.4417759262,0.4404143682
CzG9hNjS,2025-04-17,1,0.2863475799,0.2867385437,0.3040198415,0.3019112738
l8cIVCdL,2025-04-17,0,0.7292235425,0.728459968,0.7272757522,0.7255942002
IFwnmYIE,2025-04-17,0,0.2465686147,0.2438048427,0.2502049893,0.2491970746
rNKAdAyI,2025-04-17,1,0.5972825678,0.6085587427,0.6141011966,0.6156405843
Ktwy9ry9,2025-04-17,0,0.2662271227,0.2652899942,0.2648455815,0.2693208413
b1uXpY6k,2025-04-17,0,0.262293108,0.2602558634,0.2560864945,0.2592617134
lIfBnmmJ,2025-04-17,1,0.8861475528,0.886568781,0.8861876781,0.8861201945
SK7IpIoL,2025-04-17,1,0.7090674064,0.7069441191,0.7067489908,0.7106441538
MgwVRToD,2025-04-17,1,0.4864223009,0.4918313797,0.4836195366,0.4837716501
6yxnJ8MO,2025-04-17,0,0.6507694779,0.6584823922,0.6570312718,0.651037636
6ow6O3Ej,2025-04-18,0,0.3591302077,0.361681022,0.3583766697,0.356704507
Sf44jMUA,2025-04-18,0,0.3031537671,0.3048272442,0.3088608753,0.3060098281
vHnXsC4k,2025-04-18,0,0.2890073315,0.2903358089,0.2829778266,0.2873831381
QegX4MBN,2025-04-18,1,0.7515611302,0.7472559958,0.7458591873,0.7484108829
jLXzUPjT,2025-04-19,1,0.3595881858,0.3597130544,0.3603492984,0.3593896566
2ai8t1od,2025-04-19,1,0.1307970058,0.1281906446,0.128417563,0.1309227779
4W9fMZWp,2025-04-19,1,0.6761053742,0.6779285755,0.6737601048,0.6742756062
G00FSjC7,2025-04-19,1,0.7623262731,0.7637170328,0.7622589102,0.7602271407
zytc8NmC,2025-04-19,1,0.8142547489,0.8133915817,0.8133674427,0.8182254125
jHsPCRGU,2025-04-19,0,0.6076321277,0.605203598,0.6036645281,0.6031089468
vVT2usxh,2025-04-20,0,0.4955841662,0.4930177222,0.4926217212,0.4900047596
I3kQ30Dt,2025-04-20,1,0.7272744648,0.7262737462,0.7257940186,0.7306332452
zFt3zPEU,2025-04-20,1,0.644822977,0.6442876038,0.6375566966,0.6399482898
WphTpUM7,2025-04-21,0,0.1492722168,0.1481233948,0.1475313569,0.1419733129
4Y0ClCNr,2025-04-21,1,0.8547451824,0.8663262751,0.875518046,0.8875476696
lrCeNZOq,2025-04-21,1,0.2102962959,0.1942626878,0.1838818186,0.1701590923
AiueaTy1,2025-04-21,1,0.7570418914,0.7564811675,0.7560025242,0.7544468515
AV3Knjhe,2025-04-21,1,0.6777096743,0.6813166201,0.6901541672,0.6669130374
IHr3c76D,2025-04-21,0,0.5667325453,0.5644273928,0.5607266642,0.5541346299
dnpF4ODt,2025-04-21,1,0.6950633117,0.6777446304,0.6795800269,0.6829228447
r9TEE5tC,2025-04-21,0,0.817823749,0.81648949,0.8163885292,0.816908787
dSwoYjw2,2025-04-21,1,0.597919415,0.5977097058,0.5975882727,0.5983139744
pMeV0tD5,2025-04-21,0,0.5948806607,0.6063920951,0.6032642361,0.6024457025
bipF8XEE,2025-04-21,0,0.3590905267,0.3581773697,0.3587565113,0.3706480452
IaLPSe1M,2025-04-21,0,0.3242255884,0.2969010098,0.2892137653,0.2822191456
fJwO6BqR,2025-04-21,0,0.5290455744,0.5340345279,0.539250357,0.5424250597
W2oaseGF,2025-04-21,0,0.5296126219,0.5285564485,0.521719639,0.5204006209
IZgwaKsI,2025-04-21,0,0.4083436157,0.4090785301,0.4012291225,0.3997416971
zyhjqHo3,2025-04-21,1,0.6740774822,0.6684725632,0.6654210584,0.6507173318
dpXGUHW9,2025-04-21,1,0.8772698601,0.8868699061,0.8944374465,0.9028563295
plKufYaL,2025-04-21,0,0.5457068963,0.5664490997,0.550295564,0.5523330504
rs54LDgd,2025-04-21,1,0.5989148722,0.5719376824,0.5807262103,0.5937275445
4CmN22rg,2025-04-21,1,0.3798577628,0.3782745899,0.3779204038,0.3909432687
vTl7uZpS,2025-04-21,0,0.8080990221,0.8082073898,0.8105675983,0.8137750438
CzMXefV8,2025-04-21,1,0.3771471515,0.3826676211,0.3952593683,0.3923926563
jkPg1k7l,2025-04-21,1,0.6694859495,0.6557289005,0.6641575911,0.6654827259
O0QwzD8k,2025-04-21,0,0.4302401002,0.4532629184,0.4334432041,0.4013052759
KfhHWnY7,2025-04-22,0,0.5912586574,0.5913862315,0.5927696238,0.5920060803
KGNaSf33,2025-04-22,0,0.594455787,0.5816632045,0.5906172852,0.5949738004
bROZJ9l2,2025-04-22,0,0.6612954548,0.6702767085,0.6675718954,0.6599812465
jXeTxaTF,2025-04-22,1,0.5032495589,0.5021871276,0.5012634598,0.4952551672
UqxnPQtQ,2025-04-22,1,0.6636351399,0.6642450333,0.6681884238,0.6739321074
AXhDz7Qs,2025-04-22,0,0.372295112,0.3710907263,0.3703748151,0.3659475026
fgruRsuQ,2025-04-22,1,0.5432930782,0.5646387594,0.5589516689,0.5569595581
WCQC78de,2025-04-22,1,0.3354686416,0.3314081888,0.3373591955,0.341267642
AN3yFN65,2025-04-22,0,0.6294550313,0.6290070437,0.6270409301,0.6299642162
UkT20OiC,2025-04-22,0,0.4234108682,0.4244193929,0.4221855491,0.4260419661
zZ2Izueo,2025-04-22,1,0.3279213938,0.3293030852,0.3304962064,0.3253914998
j1LRLVJk,2025-04-22,1,0.6080590361,0.6116768219,0.6128201304,0.6146878645
lEp8dINs,2025-04-22,1,0.3904452045,0.3941341755,0.4009178129,0.3958873666
p8QnplID,2025-04-22,0,0.5994372899,0.5971383717,0.5907044758,0.5912201437
hK8bWV26,2025-04-22,0,0.5026683271,0.49624394,0.4855856445,0.4864529497
ptIJR0jB,2025-04-22,0,0.5708275792,0.5589789665,0.5595671695,0.5584447948
jF00zVYr,2025-04-22,1,0.4058122521,0.406704791,0.4068717241,0.4052503005
82XFLl8U,2025-04-22,0,0.4506719476,0.4527886674,0.4462996241,0.4548650426
IBFhhs06,2025-04-22,1,0.4397561226,0.4454146247,0.4458745876,0.4556664172
bu48Y83e,2025-04-22,0,0.3446455642,0.3380230586,0.3468932807,0.3453299528
6kcpD1yI,2025-04-22,1,0.387914913,0.3942363793,0.3885818768,0.3877542529
ITQ2Vrin,2025-04-22,1,0.6835235878,0.6904735662,0.6897757741,0.6796376958
h6LRPvLN,2025-04-23,1,0.6384538823,0.6481703499,0.6475793639,0.647424002
0rBEWoBT,2025-04-23,0,0.4162893512,0.4163687176,0.406941015,0.4087246573
zJfCoFy3,2025-04-23,1,0.3450446763,0.3544354908,0.3547904925,0.3567557234
dYrLqg6F,2025-04-23,1,0.8145827458,0.773681551,0.7717023736,0.7808043154
WC8gvvzH,2025-04-23,1,0.3418747342,0.3325107992,0.3262701439,0.3179385914
GENoVgiM,2025-04-23,1,0.8305362378,0.8233544855,0.8246001172,0.8265717475
WQ1pRPYj,2025-04-23,1,0.7287459496,0.726371942,0.7281600757,0.7280988832
4pkprMzh,2025-04-23,1,0.5212298617,0.529661463,0.5403752107,0.543396904
Cp9HPXEq,2025-04-23,1,0.3835585397,0.3846343563,0.3918786908,0.3901059652
On5ot054,2025-04-23,0,0.3791289431,0.3896209459,0.3890932863,0.3888305619
2ZNaxBbk,2025-04-23,1,0.6114552939,0.6061662002,0.6018295772,0.6022808764
OQTATMLb,2025-04-23,0,0.3834489171,0.3743229301,0.3847157836,0.3846865136
8C2QNBqd,2025-04-23,0,0.4896742463,0.4905516503,0.4862407744,0.4853210226
EkRUYyhc,2025-04-23,1,0.4179081807,0.4175259669,0.4189100751,0.4167256101
v3ehBu6U,2025-04-23,1,0.6573911388,0.6585199761,0.6598605751,0.6645794693
Cj2bKIro,2025-04-23,0,0.5107805875,0.5052665553,0.5024952161,0.5024466631
WUJTuiBL,2025-04-23,1,0.5962615391,0.6014421522,0.6054390329,0.6049414401
rksTsXzS,2025-04-23,1,0.7748978663,0.7809321934,0.7804496266,0.7775436095
MFUxXFM9,2025-04-23,0,0.3498002934,0.3529619316,0.3528898545,0.3517702714
bHLLsDt9,2025-04-23,0,0.4608713692,0.4593021242,0.4526055259,0.4513145264
QHMBb2MO,2025-04-23,0,0.6039483202,0.6057810602,0.596976256,0.6033433865
xdjUGqxg,2025-04-23,0,0.5539797803,0.5473245259,0.5468127717,0.5548912995
hdMsmXY8,2025-04-24,1,0.6244123519,0.6220925446,0.621911094,0.6242341531
GKSOb8g4,2025-04-24,1,0.5047409132,0.4968004092,0.496587886,0.4958411619
pfy8SmAj,2025-04-24,1,0.5872560448,0.581290529,0.5820000701,0.583103881
S4uLAgV1,2025-04-24,0,0.4792455246,0.4846605331,0.4855994881,0.4785454003
OIgX3YFc,2025-04-24,0,0.3829860062,0.3888086355,0.3883961747,0.3823797079
nDEqM6lA,2025-04-24,1,0.5265524394,0.5280454271,0.5267177856,0.5268146635
pAmKmEAM,2025-04-24,1,0.8326393311,0.8315936267,0.8308506694,0.8264311111
I7gwn0fC,2025-04-24,1,0.5568659428,0.5496155282,0.5489906518,0.5510671762
YkAwtSSE,2025-04-24,0,0.2361240836,0.2333632715,0.2329741219,0.2337118525
4WkbXiE8,2025-04-24,1,0.7397304237,0.7375298259,0.7351638605,0.7351977725
SjSBNJCm,2025-04-24,1,0.250397323,0.2460099966,0.2440932212,0.237241191
WShV31cR,2025-04-24,0,0.0632749019,0.06150337012,0.06142521041,0.06123730846
AF93OTMG,2025-04-24,1,0.283595644,0.2809629968,0.2800751018,0.2776512124
pfeVmMPa,2025-04-24,0,0.6565526666,0.6681652924,0.6622105419,0.6603991319
CK5thEqI,2025-04-24,1,0.7847371104,0.7847041918,0.783756573,0.7792592461
tE6Rix85,2025-04-24,0,0.2557499039,0.256264492,0.2611212944,0.2625917519
z3xmkeM7,2025-04-25,0,0.2904689886,0.2889921992,0.2881086506,0.2864249279
fctZWN2S,2025-04-25,0,0.2069913722,0.2058971059,0.2101517349,0.2030343469
4EKD1fPG,2025-04-25,0,0.3917449331,0.3883772515,0.3887385689,0.3887395756
C2MVJQLH,2025-04-25,0,0.3592966088,0.3618110311,0.3635045333,0.3645538515
GSx8nwx3,2025-04-25,1,0.9146495117,0.9145349676,0.9143344072,0.914405533
23BqHhyH,2025-04-25,1,0.5343913466,0.5339169395,0.5288046764,0.5310933274
EZSjcOQ1,2025-04-25,1,0.2938608692,0.2975751082,0.299792445,0.2995119202
zFpr4wkQ,2025-04-25,1,0.7477331341,0.743831472,0.7414956937,0.7478353275
EgmYOeio,2025-04-25,0,0.1883957736,0.1920342079,0.1923761349,0.1928706435
KAUOQY0T,2025-04-25,1,0.3408252384,0.3398441594,0.3389954718,0.3407531876
AZNbylFM,2025-04-25,0,0.4200664974,0.4257035644,0.4269426772,0.4238952292
xQqO9tgA,2025-04-25,1,0.309125027,0.3071575265,0.309484697,0.3094771252
4njnHlsf,2025-04-25,0,0.6873155131,0.6887438058,0.6858651446,0.6850957599
zVh9pH6F,2025-04-25,0,0.4458678249,0.440878557,0.4445653053,0.4440931463
nX4BeK8t,2025-04-25,1,0.8004436964,0.7971409539,0.7976415448,0.7983129589
OWvRTVKM,2025-04-25,1,0.8453688529,0.8453937408,0.8440576352,0.8435269302
QDtN0wBl,2025-04-26,1,0.7687969366,0.7704734128,0.7710921206,0.771170628
K6Oy17gd,2025-04-26,1,0.8748317291,0.8740698156,0.8742317149,0.8731024053
YyNuE23e,2025-04-26,0,0.7795763192,0.7807870799,0.7779617277,0.782614849
lpepUZAj,2025-04-26,1,0.7736690679,0.7723484051,0.7722611918,0.7699001187
fJahako4,2025-04-26,0,0.1638200635,0.1649912329,0.1674282086,0.1675377198
Uke5AKQh,2025-04-26,0,0.2484980748,0.2457918335,0.2462291723,0.2453466253
fgYwceAD,2025-04-26,0,0.221789357,0.2177424351,0.2199082939,0.2192322468
Qs4g7oXR,2025-04-26,1,0.2834471456,0.2797512925,0.2800858714,0.2790812268
2Px3ptF8,2025-04-27,1,0.795636435,0.794849982,0.7947439562,0.7979413394
lYUCaRx3,2025-04-27,0,0.4950270804,0.485474797,0.4866467677,0.4911118333
noQQZ3iK,2025-04-27,1,0.3728472275,0.3742662855,0.3735625329,0.3724867837
ANJwpXKP,2025-04-27,0,0.4805231839,0.4763308786,0.475074973,0.4812053275
l4BY5rIP,2025-04-27,0,0.7594152394,0.7578665841,0.7565990883,0.7583328703
Aa5kj2rh,2025-04-27,0,0.4062921154,0.3979407995,0.4019542822,0.4009144002
Sn8iItrT,2025-04-27,0,0.5531031839,0.5514537608,0.5642508463,0.5620324509
bcL5TGa5,2025-04-27,1,0.5022229205,0.5032127118,0.5024876931,0.4975815862
lW15iQJi,2025-04-28,0,0.3971216401,0.4011516552,0.3990214588,0.3988661768
Cl7cnDLj,2025-04-28,1,0.9170349821,0.9171197941,0.915798668,0.9161027784
rehZCyth,2025-04-29,0,0.2001846657,0.1971123629,0.1971332825,0.1974584888
zu2T3SwI,2025-04-29,1,0.7222571695,0.7204366663,0.7208405093,0.7236845912
zylopqvo,2025-04-29,1,0.6966370969,0.696055324,0.6980416197,0.6990712382
WEkkc5yG,2025-04-29,1,0.2922872027,0.2947563249,0.2946440175,0.2924966427
zXgIIajm,2025-04-29,1,0.8676297966,0.8646725948,0.8649035642,0.8668718168
hj7ftxSk,2025-04-29,1,0.5173341923,0.5205102255,0.5185455772,0.51842077
O0MEIAWs,2025-04-30,0,0.2873693083,0.2846174259,0.2848805326,0.2868482414
ldy7COdn,2025-04-30,0,0.515498754,0.5148368632,0.5139689,0.5164639842
K6lHFnKc,2025-04-30,0,0.2277408358,0.2289266961,0.2284026558,0.2277553496
pttk2wqS,2025-04-30,1,0.8164040292,0.8127797042,0.8125291901,0.8147855309
vsAxMc5D,2025-05-01,1,0.3736526133,0.3695921304,0.3708017015,0.3711360951
t2tQwRgB,2025-05-01,1,0.6904750361,0.6912618974,0.6900662558,0.6931819097
KEpwaiAT,2025-05-03,1,0.5968595894,0.5980405647,0.597698668,0.6011343124
hhpyHJ4t,2025-05-05,0,0.4447687371,0.4417167019,0.4352025133,0.4345157318
UBKYPEmB,2025-05-05,0,0.189239001,0.1788843876,0.1715681895,0.1657562144
bifjiinA,2025-05-05,0,0.4899790897,0.4745621815,0.470313955,0.4729371818
0ImqFcZh,2025-05-05,1,0.7698606298,0.7717799695,0.7713632714,0.7712420763
rHkWU0V7,2025-05-05,1,0.4810282464,0.4896472552,0.4877508716,0.471495699
zinOWM0e,2025-05-05,1,0.5220684453,0.5353468922,0.5300262949,0.5292647168
IwfQbxkC,2025-05-05,1,0.6396789608,0.6471077863,0.6467466803,0.644397572
00fDIWuo,2025-05-05,1,0.8166026578,0.806099744,0.7253379081,0.7190422836
OCSIh4NE,2025-05-05,1,0.38586983,0.389609018,0.3909251031,0.3885815174
jihYdGJO,2025-05-05,1,0.5935140166,0.5890336155,0.5845472211,0.5789163184
2P0sgDHc,2025-05-05,0,0.3164447482,0.3139908196,0.3090148644,0.309404334
UwHNYrWr,2025-05-05,1,0.5401917171,0.5435711986,0.552745594,0.551476907
plUGxhXG,2025-05-05,0,0.4314830054,0.4297659722,0.4258602378,0.4260325448
zJ8eV9Pj,2025-05-05,1,0.5607014469,0.5655634997,0.569328861,0.5777543257
lMz8vE24,2025-05-05,0,0.0913891764,0.08747453431,0.08517564566,0.07952906735
Ucu0BFYH,2025-05-05,1,0.4310205719,0.4230845248,0.4246001488,0.4256177404
jR8sOhIN,2025-05-05,0,0.1910621228,0.1929286076,0.1957801574,0.197454783
G8x0tzYi,2025-05-05,0,0.546891459,0.5594441102,0.558099205,0.5569543178
joXOzW1T,2025-05-05,1,0.6025430836,0.6213634694,0.6291934621,0.6366427955
A7m89g3U,2025-05-05,0,0.2279075092,0.2283026466,0.2280384051,0.2284053296
MB0H0bKa,2025-05-05,1,0.6238662909,0.6421119962,0.6549881452,0.6705152555
MoHQRzJb,2025-05-05,1,0.4921046627,0.4943043176,0.4871653629,0.4888741371
QJNHTdln,2025-05-05,0,0.3972649691,0.3889443787,0.3841339688,0.3659247516
MXyhDy45,2025-05-05,1,0.5397737268,0.5304837063,0.5298060371,0.5284933099
I3kQogrR,2025-05-06,0,0.5855181411,0.582237738,0.5892169437,0.5865966604
bFAZHDUa,2025-05-06,0,0.5589295455,0.5683516349,0.5713731733,0.571124414
O2s8iMP9,2025-05-06,1,0.7437093884,0.7476617768,0.7478698548,0.7475889968
MXFgoJmo,2025-05-06,1,0.7627527416,0.75820784,0.7575732955,0.7565490858
jB8TzXdL,2025-05-06,1,0.5957586315,0.586204226,0.5908715449,0.5894927772
vy1vm1ZG,2025-05-06,1,0.4927799593,0.497603222,0.4915419082,0.4917278995
xSYgNSpC,2025-05-06,1,0.5451821288,0.5447869189,0.5441090042,0.5498230539
rcPmtd9s,2025-05-06,0,0.3857714952,0.3973110874,0.3953764295,0.390079475
Ae9Njqzh,2025-05-06,0,0.2069009327,0.2002639125,0.1942533091,0.1911063292
hKf1uAX7,2025-05-06,1,0.4131918104,0.4126447185,0.4134767977,0.4123593613
AZXnv6jn,2025-05-06,0,0.3213460906,0.31837896,0.3237781914,0.3170077843
zytoK6SP,2025-05-06,1,0.5942868308,0.6015745137,0.6011913453,0.5945427312
ttyd1ifR,2025-05-06,1,0.5937544472,0.5948967572,0.5961533576,0.6037916923
IwO5jzt9,2025-05-06,1,0.541733924,0.5436505356,0.5314857357,0.5291141171
pl8pqhYr,2025-05-06,1,0.563107975,0.5633110963,0.5727343736,0.5611793722
rV2UDgsQ,2025-05-06,0,0.4516016515,0.4559668447,0.4567835589,0.4482663082
0QHSeVHl,2025-05-06,1,0.7519906379,0.7588968295,0.7505924017,0.7534678386
KGaDN99b,2025-05-06,1,0.5158575909,0.5205860401,0.5220121657,0.5212444617
vFP3zOkB,2025-05-06,1,0.5548299954,0.5542374441,0.5546396606,0.5642918994
8Sxl3DPE,2025-05-06,0,0.4505423097,0.4461112598,0.4449057969,0.4518632413
zsJCY1KN,2025-05-07,1,0.4899567146,0.4822846765,0.4829491705,0.4833065717
WC4rTuro,2025-05-07,0,0.1686338636,0.1687942712,0.1684598137,0.1629685263
lpNXZE3m,2025-05-07,1,0.3412725105,0.3407879994,0.3403263395,0.3410072676
4vr43n0d,2025-05-07,1,0.5627711808,0.5611314814,0.5653772621,0.5656043017
0nud9HWH,2025-05-07,0,0.1564260973,0.1423739788,0.1335449176,0.1224247986
QqyKSWm2,2025-05-07,1,0.3772692123,0.3690531116,0.3764271844,0.3774988069
0QR6N7iS,2025-05-07,1,0.5614176636,0.5610412024,0.5615617097,0.5652005585
QBaULOzI,2025-05-07,1,0.877186649,0.8901346777,0.9042626093,0.9106499518
rRYEPxHb,2025-05-07,1,0.6842915951,0.6866506676,0.687314873,0.6822597247
E5HElEAL,2025-05-07,0,0.5543312241,0.5520368403,0.5537370314,0.5533992477
z1V6Rbnn,2025-05-07,1,0.3577568197,0.3573797894,0.3581230315,0.3579270879
dYUkRkh3,2025-05-07,1,0.6253026024,0.6314137556,0.6310328843,0.6261955029
MwgwK25U,2025-05-07,0,0.2063617569,0.2045881607,0.2032656531,0.2067810213
hb1MNp65,2025-05-07,1,0.6504373246,0.649707404,0.6498000027,0.6501151271
h0ObPTMF,2025-05-07,1,0.4587979488,0.4597513118,0.4662077712,0.4646433352
Yaw47e1U,2025-05-07,1,0.5347386932,0.5392715632,0.5403285622,0.5424494063
ILCVlN44,2025-05-07,0,0.4358396109,0.4344463729,0.4275009769,0.4266521075
Auke58Vq,2025-05-07,0,0.3659528988,0.3606282573,0.36037138,0.3601226674
63dgsW2e,2025-05-07,0,0.3416458985,0.3350083676,0.3340730214,0.3327547277
4tNNNGoB,2025-05-07,1,0.7029559909,0.7064166547,0.7062666625,0.7078361746
dW7DP6yg,2025-05-07,0,0.4831098684,0.4786067502,0.4824467196,0.4829538809
Kxm4otA7,2025-05-08,1,0.4618751656,0.4617742978,0.4628903547,0.4699121204
Asroten3,2025-05-08,1,0.6668502985,0.6662014163,0.6653887118,0.6584828039
h0zYdgo2,2025-05-08,0,0.1131840341,0.1121144518,0.114256899,0.1150661796
UuzuJr7C,2025-05-08,1,0.5260395962,0.5298847768,0.5316202891,0.5251535241
YZF0f5TI,2025-05-08,1,0.5709599666,0.5709899932,0.5672735737,0.5730993743
KQlJCnqm,2025-05-08,1,0.6144467195,0.6150260803,0.6084117819,0.6073047681
C03ptPMq,2025-05-08,1,0.6230290644,0.6237029514,0.6235015633,0.6195803838
QJ1Ii2Ej,2025-05-08,1,0.8391304325,0.8383858248,0.8367710821,0.8366718562
nDQqqnvH,2025-05-08,1,0.4332944217,0.4370425398,0.4355382086,0.4291287878
z3Gzity2,2025-05-08,0,0.3016655105,0.3011939607,0.3007999525,0.3015109231
WdQiWZUF,2025-05-08,1,0.7581477626,0.7549868554,0.7549467502,0.7549634573
b1DTFhZj,2025-05-08,1,0.7822918518,0.7823483031,0.7778665088,0.7788636578
44VzV3Ic,2025-05-08,0,0.4924065237,0.4932012661,0.4922549934,0.4851913839
M7rT4f9D,2025-05-08,0,0.5807348754,0.581531472,0.5814184415,0.5865200065
GhISDMfS,2025-05-09,1,0.8043032618,0.8031394333,0.800715589,0.8028444573
K2jOyPml,2025-05-09,0,0.4927266113,0.4904211087,0.4898950376,0.4825816066
rLTSnUvh,2025-05-09,0,0.5975366015,0.5994664677,0.5997025277,0.6001585041
vD6fhlSi,2025-05-09,0,0.4342053391,0.4288013313,0.4301198162,0.4298052904
lO5NWLrH,2025-05-09,0,0.3319834362,0.3241625409,0.3289139902,0.3287812009
StaP0Crp,2025-05-09,1,0.3951814645,0.3937504115,0.3930441041,0.4006482605
0WOqTsmA,2025-05-09,1,0.7110427369,0.7065718549,0.7069329365,0.7045374439
x8Yp2AwQ,2025-05-09,0,0.1115482461,0.111692423,0.1137085135,0.1123244122
xGriwH7e,2025-05-09,1,0.3632615865,0.3548559439,0.3553617272,0.3589976946
CrM7ks8e,2025-05-09,0,0.3585279773,0.3533213377,0.3521268708,0.3569950629
v9hhzG66,2025-05-09,1,0.4937208378,0.4998945855,0.4993654258,0.4938915735
Gr7fzSig,2025-05-09,1,0.852692774,0.8517822638,0.8522096902,0.8526171929
tvvYL4Ub,2025-05-09,1,0.7308485443,0.7371044384,0.7373141651,0.7356240112
SUvCLitg,2025-05-09,1,0.8524982672,0.8490619279,0.8547253421,0.854346035
AeVzjoYH,2025-05-09,1,0.8608109148,0.8598809237,0.8607315409,0.8605426059
dlwl0pEF,2025-05-09,1,0.4478436749,0.4439940675,0.4553521927,0.4539454711
2J5CXqqH,2025-05-10,0,0.7098171547,0.7066401714,0.7066123252,0.7060682788
b1u1QOsR,2025-05-10,1,0.6465001994,0.6466294884,0.6452212071,0.6423396238
MHRVgLsT,2025-05-10,1,0.1807755397,0.1773567318,0.1769110601,0.177312658
t282la5j,2025-05-10,1,0.6324994197,0.6328309498,0.6337462679,0.6346793334
tU0f8TF5,2025-05-10,1,0.7528503957,0.7508963311,0.7519433258,0.7506236888
hl0FMvhD,2025-05-10,0,0.3069972312,0.3076770639,0.3080924576,0.3062998051
v3k2s0Bk,2025-05-10,1,0.3544772862,0.3546854491,0.35611654,0.3561632779
ImPuWa5S,2025-05-11,0,0.4097839203,0.4128922286,0.4127694642,0.4107549278
z3SYblto,2025-05-11,1,0.8170801489,0.8175025345,0.8180251888,0.817376762
CIABj1Ma,2025-05-11,1,0.822515697,0.8227183205,0.8229040238,0.8235741117
8hWfa1Uj,2025-05-11,1,0.5153638931,0.5193183689,0.5190594488,0.5168390395
65qrZy8O,2025-05-11,0,0.7935676818,0.795233133,0.7946095656,0.7947722321
GChBWsK6,2025-05-11,0,0.1527229797,0.1496127363,0.1489418029,0.1516264247
OUuwCvEd,2025-05-11,0,0.603063963,0.6033973383,0.6040362069,0.6041989903
A5Ku6cTF,2025-05-11,0,0.2838361198,0.2853291818,0.2849517685,0.2845726417
SCu3MFog,2025-05-12,1,0.3992720634,0.4039861336,0.4054819015,0.3999236499
S49VONPs,2025-05-12,1,0.5648534984,0.5645175144,0.5634424387,0.5650901375
nyJythPa,2025-05-12,1,0.5842171471,0.584317336,0.5839795458,0.5779351377
zyWR8VDG,2025-05-12,1,0.7369700097,0.7336013806,0.7336650103,0.7327588737
fTIYn0xp,2025-05-12,1,0.6883112828,0.6890784054,0.6895148847,0.6893221724
YcUye1DM,2025-05-12,0,0.2647395622,0.2712297053,0.2697794891,0.2693858736
jNAyWgvf,2025-05-12,0,0.2202787914,0.2161233956,0.2209788051,0.2197242444
UsiBHVL7,2025-05-12,1,0.7852430773,0.7821371558,0.7826807819,0.784766566
6Piw3wy0,2025-05-13,1,0.5599498997,0.5600631979,0.5603794622,0.559310022
Awr1kwJD,2025-05-13,1,0.2892713194,0.2912694483,0.2919108573,0.2930049584
rwLs5SBU,2025-05-14,1,0.4705043056,0.4705113742,0.4701485363,0.4705628674
0lhDcuXG,2025-05-14,0,0.6788089306,0.6759161169,0.6747984595,0.6783312408
4Gk2qXfo,2025-05-15,1,0.6837372732,0.680342033,0.6798991282,0.6792586521
O8KvRojf,2025-05-15,0,0.3925031364,0.3956869395,0.3971872957,0.3979696132
KG7Eb6fK,2025-05-17,0,0.1462038349,0.1312521031,0.1208507855,0.1110233944
v1logpIs,2025-05-17,1,0.6117189328,0.6142901279,0.6019330329,0.6058664737
EJKSz32D,2025-05-17,0,0.492163313,0.4927395871,0.4923776755,0.4909765518
lWPLohde,2025-05-17,0,0.3413941968,0.3184362397,0.3309294192,0.3347575163
pvTBvo3l,2025-05-17,1,0.6766525462,0.6770505528,0.6764008298,0.6822177315
lbngpuLj,2025-05-17,1,0.5681399075,0.5712643873,0.5716028286,0.5769864111
AoEUqWQ7,2025-05-17,0,0.5626091969,0.5651921994,0.5666329783,0.5597975845
CEngiOnf,2025-05-17,0,0.09922927124,0.09757189749,0.1000158259,0.09902436468
8tt2k2H6,2025-05-17,1,0.7568274417,0.7029339201,0.6620570371,0.6849855616
4EKhCb3U,2025-05-17,1,0.6456225249,0.6508516854,0.6493804653,0.6503352467
IFeNk1cT,2025-05-17,0,0.7951950607,0.809326538,0.8195830768,0.8328395692
xKSm6MsA,2025-05-17,0,0.3529506168,0.2402413953,0.2356215711,0.2348181788
d07EiNSG,2025-05-17,0,0.7463152678,0.7547891138,0.7652008222,0.8234313564
Qgnup7uR,2025-05-17,1,0.3839847217,0.384948986,0.3776776643,0.3760452539
t6MDmERr,2025-05-17,0,0.1046187438,0.1067718573,0.1071484612,0.1061319664
WfBLqB9e,2025-05-17,0,0.6259601867,0.6266155103,0.6263719771,0.6259445583
46Uu8rDc,2025-05-17,0,0.4201688239,0.3922287339,0.3761780343,0.3551780568
fw8JRhL7,2025-05-18,1,0.4207310615,0.4258551415,0.4255523223,0.426527629
MV221skC,2025-05-18,0,0.5920879115,0.5925897504,0.5938501097,0.5928715743
phnAzEpd,2025-05-18,1,0.5778555773,0.5766857299,0.586786908,0.5799071294
dEMlOmkd,2025-05-18,1,0.5514470591,0.5525481252,0.5517880005,0.5569585196
v7ZSH2Zh,2025-05-18,0,0.5878056615,0.5681136648,0.553623012,0.552202198
pdOXi4i3,2025-05-18,0,0.5812120878,0.5271958318,0.5503743431,0.5667310834
4Yr5eUvC,2025-05-18,0,0.5595927859,0.5596809925,0.5597532056,0.5523902279
jTmP0PGi,2025-05-18,0,0.5473140335,0.5469976187,0.5448572031,0.5443427315
I1lVcoxp,2025-05-18,1,0.5363678946,0.5150346983,0.5088129133,0.5526181275
KYpFzIvJ,2025-05-18,0,0.3080003152,0.3055845045,0.301567174,0.3009480695
IHpccjAa,2025-05-18,0,0.612192451,0.6053342097,0.6026435572,0.5966507945
bZ0wwMOp,2025-05-18,1,0.3826460804,0.3843049306,0.383396356,0.3830935241
jJUz6rJa,2025-05-19,0,0.1612397884,0.1597081464,0.1585270122,0.1564178388
I5WS74lm,2025-05-19,0,0.4183119792,0.4185195996,0.4277634435,0.4293510645
r7EIHfz2,2025-05-19,0,0.1183437868,0.1177077544,0.1178294761,0.1173531412
b1HWQbDF,2025-05-19,1,0.6340734879,0.6341638447,0.6398767915,0.6439513991
bLkdDQQP,2025-05-19,1,0.4830087309,0.4901038781,0.4876383863,0.4874233644
rc9fT5dC,2025-05-19,1,0.5418385868,0.5431618748,0.5452534053,0.5465100107
zR2xvNAU,2025-05-19,1,0.8905535311,0.8998765749,0.9068391573,0.9159807924
t4g71NS6,2025-05-19,1,0.3389615508,0.3322376103,0.3329342615,0.3336112118
bFd5ubS8,2025-05-19,1,0.7882493639,0.7931753682,0.7929990502,0.7951617813
Qy3DqRtg,2025-05-19,1,0.4608379126,0.4701247186,0.4682512009,0.4613195175
Aa91iq46,2025-05-19,1,0.6325048388,0.6341983681,0.6352153757,0.6360304232
j9ZwPxrS,2025-05-19,1,0.8012483752,0.8057722806,0.8075169629,0.8081798696
Auyx5Hjd,2025-05-19,1,0.6492200277,0.6367770886,0.6275324221,0.6406836524
nesYb3o4,2025-05-19,1,0.5663803667,0.5666838748,0.5666444943,0.5611408773
GA72RqRO,2025-05-19,0,0.4049299183,0.39997213,0.4060556456,0.40799551
WEcAkNYI,2025-05-19,0,0.4569126698,0.4561598032,0.4550192958,0.456062642
v3aucsGG,2025-05-19,1,0.5260007315,0.5306709051,0.5302456045,0.5269166778
8fZqwgqd,2025-05-20,1,0.4912833751,0.4907951361,0.4891999793,0.4870580833
fHfUuqtI,2025-05-20,1,0.3831981154,0.3923797706,0.3919732088,0.3854269148
zsBAJG5k,2025-05-20,1,0.3956315808,0.3875646986,0.4019675766,0.4041594331
nVFoVRRa,2025-05-20,1,0.7937386921,0.8059193901,0.8140934786,0.8211980026
v5CwXmcm,2025-05-20,0,0.2625255764,0.2601933946,0.2605544654,0.2705253929
SSXtcjiR,2025-05-20,0,0.1524776494,0.1571114976,0.1525693392,0.1524625143
2ZNNSKr3,2025-05-20,1,0.6256202825,0.6543326309,0.6634117102,0.669154631
lEWaWW8D,2025-05-20,0,0.1915976017,0.1938752218,0.1927240997,0.1952803918
IBa5omCt,2025-05-20,0,0.6621821777,0.6748365534,0.6729741642,0.5875517403
27aDZSem,2025-05-20,0,0.3217542203,0.3298955998,0.328886079,0.3237795812
U9oYYwLr,2025-05-21,1,0.3587980784,0.3613943432,0.3594484869,0.3583086589
nm3Kt0xJ,2025-05-21,1,0.4092832188,0.4044364388,0.4049891568,0.4084018225
pGO4wqqg,2025-05-21,1,0.7401539633,0.7383823758,0.7419648541,0.7454112048
SMvjPNhA,2025-05-21,1,0.4534508949,0.4493102694,0.4562871887,0.4550293233
KEWAeW1N,2025-05-21,0,0.2029018231,0.1988152911,0.1995073509,0.2025183849
x8bb6gzf,2025-05-21,0,0.7603813472,0.7592806329,0.7482875624,0.7494731341
ABTRBqmD,2025-05-21,0,0.2560752458,0.2542235597,0.2548897455,0.2627939171
jTRQOrZ7,2025-05-21,0,0.2102519834,0.2116406706,0.2094526313,0.2144394081
CAMsFHbD,2025-05-21,1,0.5266194541,0.5222833266,0.5225594727,0.5225129687
vRgNOFth,2025-05-21,0,0.3173441783,0.318508681,0.3167448902,0.3180744689
jXHxts96,2025-05-21,0,0.75735223,0.7566288987,0.7569459141,0.7520515688
6yQEwzQ9,2025-05-21,1,0.45856736,0.4501038492,0.4498497027,0.4484654177
zijq6G5U,2025-05-22,0,0.2324117439,0.2302975042,0.2257810493,0.2260437791
d0cRChbe,2025-05-22,0,0.5307306578,0.535931936,0.532585352,0.530890137
CUGRGuqo,2025-05-22,0,0.4839397052,0.4840759307,0.4889317335,0.486172789
v5z9TISj,2025-05-22,1,0.2470130851,0.2431637511,0.2428668001,0.2425359646
phS3AlET,2025-05-22,0,0.143825973,0.1414850893,0.1454683469,0.1446798933
6yr0VbxB,2025-05-22,1,0.605179194,0.6038149289,0.605402886,0.6117438188
rHyK7Xj3,2025-05-22,0,0.7196535909,0.7167320733,0.7152641524,0.723834366
h88K5Yic,2025-05-23,0,0.4132365432,0.4139245716,0.4147813273,0.4136599507
f37jQlBD,2025-05-23,1,0.8022682893,0.8020807006,0.8053462402,0.8044686175
d2zFjLb6,2025-05-23,1,0.4802886368,0.4729456497,0.4708644958,0.4773166017
6VIMGBD4,2025-05-23,0,0.5539911746,0.5534338646,0.5538188738,0.5492516868
4QOA0RuH,2025-05-24,1,0.4950504781,0.4959949148,0.4965447837,0.4929464727
SOilXJXh,2025-05-24,0,0.2854014309,0.285451945,0.2814565914,0.2864504241
M7OIETzS,2025-05-25,0,0.2192003043,0.2220177868,0.2211307614,0.2217904503
ljzaaiWG,2025-05-25,0,0.5778754316,0.5769879973,0.5769629623,0.5785973471
MRvNF3pS,2025-05-25,1,0.6272539304,0.6268073441,0.6212715256,0.6223933066
APrDgmmR,2025-05-25,0,0.51223004,0.511947749,0.5119314206,0.510411562
A7kscMgJ,2025-05-25,1,0.9257162172,0.923985831,0.9242590519,0.9256410778
tScQ04ff,2025-05-25,0,0.4392338469,0.4401300607,0.4405458364,0.4332739048
zDgGJFIO,2025-05-25,0,0.2826955542,0.2776656215,0.2765662302,0.2761672543
2au5e9IE,2025-05-25,1,0.737325755,0.740842783,0.7208358101,0.7240201662
fcKqlRAl,2025-05-25,0,0.6080822597,0.6086537376,0.6014181168,0.602842748
SUpu5nW9,2025-05-25,0,0.3539670039,0.3508603736,0.3504870545,0.3541906013
vqLgAs8k,2025-05-25,1,0.882490616,0.8861880515,0.8887797557,0.8913344006
E1yFHPFF,2025-05-25,1,0.5562748416,0.5711578309,0.5682590566,0.567923235
CdJ18Lx2,2025-05-25,0,0.1058473808,0.1009072604,0.1003132766,0.09943738545
fisj1D14,2025-05-25,1,0.6166226223,0.6146162914,0.6148552862,0.6100101785
EwsQ8b46,2025-05-25,1,0.6168612546,0.6082440845,0.6158246988,0.6157881648
OUDAbZUN,2025-05-25,1,0.8016748313,0.8023114805,0.8027807484,0.7962735543
v94pq59j,2025-05-25,0,0.6509460657,0.6603359931,0.6610201517,0.6623193321
82ksgDho,2025-05-25,1,0.4510994663,0.4503036097,0.4466188163,0.437347842
EwPQwJ3t,2025-05-25,1,0.4449644019,0.4454809107,0.4524178046,0.4525424332
KxcWtqGk,2025-05-26,1,0.2486200697,0.2493479229,0.2478409175,0.246761928
rXeGlzIb,2025-05-26,1,0.7364856907,0.7370380301,0.736049877,0.7385318968
Odvl3Q0M,2025-05-26,1,0.8883326635,0.8828351055,0.8845397762,0.8854146028
WlpCWBc2,2025-05-26,0,0.4887840939,0.4835359438,0.4744052562,0.4710336862
pbk9Ct5s,2025-05-26,0,0.1076499784,0.1048597959,0.1052186209,0.1053249157
Oldg4w1n,2025-05-26,1,0.6976298882,0.6953257891,0.6948015714,0.6965015084
hSW1IBy3,2025-05-26,0,0.5572317263,0.5666375586,0.5672919897,0.569217895
EsLAGk6F,2025-05-26,0,0.3726112621,0.3703130377,0.3694843173,0.3650055996
z9sTGGph,2025-05-26,1,0.6340269952,0.6334800357,0.6342096837,0.6297876462
ldFVtA3L,2025-05-26,1,0.867205509,0.8683890008,0.862252848,0.8633261917
WMo7dUEq,2025-05-26,0,0.4375592601,0.437087333,0.4377065804,0.4351915462
2snZbrP6,2025-05-26,1,0.3935380393,0.3942659479,0.3948332241,0.3936980829
d2f12HVb,2025-05-26,0,0.471463891,0.4679851966,0.4662742346,0.4657678167
St7aNcJa,2025-05-26,1,0.5946294855,0.5964245556,0.5962690432,0.5970133358
AVim7Het,2025-05-26,0,0.1794209404,0.2195274817,0.2097530054,0.2030758415
E53c7oT1,2025-05-26,1,0.5330213673,0.532602002,0.5245405285,0.5299200263
6DwIAKZg,2025-05-26,1,0.6759406948,0.6751475983,0.6743485811,0.671656668
KG3iPJlm,2025-05-26,0,0.226175862,0.2253415317,0.224304106,0.2201548309
n527jdmn,2025-05-26,0,0.3117587754,0.3125171979,0.3120999576,0.3173207683
K4sX681c,2025-05-26,1,0.8377398142,0.8391232829,0.8402127662,0.8400908665
nicIX5Q7,2025-05-26,1,0.3659180953,0.3623757643,0.3622465515,0.3607345876
KSPJc4Oq,2025-05-26,0,0.5322227378,0.5283021555,0.5213033357,0.5183401958
0WMKUuRP,2025-05-26,1,0.649829113,0.6560975571,0.6549159101,0.6552038216
G4A20e0B,2025-05-26,1,0.5227991746,0.5239268073,0.5238602111,0.5150324649
SOXjn5u1,2025-05-27,0,0.1011530609,0.1006419349,0.1003085202,0.1001379579
zwwD1DPH,2025-05-27,1,0.2394470115,0.2362915103,0.2336595563,0.2319293711
zRYlYEXH,2025-05-27,1,0.8708577805,0.8708785946,0.8703153589,0.8665896638
6cod5eQh,2025-05-27,0,0.2411275044,0.2523718478,0.2332084924,0.233798795
rJGszy35,2025-05-27,0,0.3391619519,0.3386910793,0.3456413022,0.339557426
G4juuNp2,2025-05-27,0,0.4654420316,0.4622139233,0.4625234553,0.4630937556
GpfOnEnB,2025-05-27,0,0.07467704788,0.0774536636,0.07744631249,0.07735435619
vaNyVlL8,2025-05-27,0,0.6112902605,0.6203476869,0.6207827627,0.6220901595
OjRapqAD,2025-05-27,0,0.4067587215,0.4071243361,0.4132946835,0.4125937146
QueKergd,2025-05-27,0,0.5693637028,0.5966097567,0.6175028767,0.6325559846
lde8LylC,2025-05-27,0,0.2506124162,0.2478483232,0.2461256224,0.2431134735
SluGf8qd,2025-05-27,1,0.2876505937,0.2895958254,0.2905458408,0.2913234582
niNYycYh,2025-05-27,1,0.2945879762,0.2952998799,0.2957401443,0.3013320152
nRwr3ZWi,2025-05-27,1,0.5896682748,0.5992598916,0.6004054182,0.60142759
6V0euWvo,2025-05-27,1,0.2901527576,0.2898883346,0.2878652502,0.285922127
vBq43Zf5,2025-05-27,0,0.4954851871,0.4954705796,0.4993380651,0.4992821265
tGHwmEAO,2025-05-27,0,0.3556806563,0.352999335,0.3518662268,0.3525080083
S41lWOU8,2025-05-27,0,0.8545497738,0.7852106408,0.7990592147,0.8106433087
8xzZ6xZI,2025-05-27,0,0.4901244763,0.4910573924,0.4910559154,0.4912488525
th5k97bk,2025-05-27,0,0.8513630049,0.8510277232,0.8461265574,0.8453849433
CWsuNpjt,2025-05-28,0,0.1924405402,0.1869292105,0.1873526829,0.1871495553
tfbjx7As,2025-05-28,0,0.4922022169,0.4987980515,0.4982740255,0.4976849556
McmtsKXr,2025-05-28,0,0.134296072,0.1314969379,0.1339408543,0.1332363296
08rO7uw8,2025-05-28,1,0.8385145228,0.8377659939,0.8372034269,0.8377522358
bRfTX6yn,2025-05-28,0,0.1686418704,0.1670104415,0.1668715709,0.1702151118
d4LWumeR,2025-05-28,1,0.2176630388,0.2164873968,0.2167878982,0.2160709643
pbTleNAa,2025-05-28,0,0.5564622752,0.5562139705,0.556234459,0.558485561
v9QbJm0m,2025-05-28,0,0.1459182002,0.145907384,0.1457880028,0.1462197454
WEoEpEDa,2025-05-28,1,0.7694094169,0.7720624855,0.7709175213,0.7714449302
O6eAaNqe,2025-05-28,0,0.5649092656,0.5635389392,0.5596693547,0.5612353936
G2eKjYqQ,2025-05-28,0,0.2874269098,0.2943582159,0.2928717826,0.2884979981
fHY6sU6C,2025-05-28,0,0.4413606384,0.44177432,0.4410024823,0.4358323496
QRsIc0nl,2025-05-28,1,0.9192546859,0.9195121664,0.9198375429,0.9193499254
Ek5E9LnS,2025-05-28,0,0.2694768107,0.2689822612,0.2684317022,0.2701129063
zgDWNj1n,2025-05-28,0,0.599692137,0.599178496,0.5854077139,0.5861826062
Me6rcoVP,2025-05-28,1,0.8198431811,0.8224357064,0.8246938545,0.8234058677
zaIHyKdl,2025-05-29,1,0.7877178245,0.7879043583,0.7868149947,0.7873297757
UsuRYciT,2025-05-29,1,0.5859400464,0.579926975,0.5806175284,0.5866070128
dr2pJ8bC,2025-05-29,0,0.2448546813,0.2426079192,0.2335318521,0.2392718775
vkQTduyJ,2025-05-29,1,0.753756556,0.7533248844,0.7554250805,0.7565572303
EeQcStC6,2025-05-29,0,0.2186249161,0.2199305404,0.22414275,0.2232669639
UTywWgs9,2025-05-29,0,0.2677280286,0.268833338,0.2731816376,0.2716306083
4huO4m8T,2025-05-29,0,0.3921994628,0.3908947864,0.3906928031,0.3882862365
8EBqMK7N,2025-05-29,0,0.2628260848,0.2794915201,0.2771299217,0.2749867107
4jGDgtaE,2025-05-29,0,0.3710134934,0.3668265642,0.366469844,0.3662863947
jq4OBivI,2025-05-29,0,0.1214533943,0.1184766013,0.1170691246,0.1155991048
UaQN5rBD,2025-05-29,1,0.8115376346,0.8077089056,0.8091072704,0.8100888232
8xnFHPcl,2025-05-29,0,0.5739839589,0.5777710982,0.5777958235,0.5776399955
dSyG69wH,2025-05-29,0,0.3298043739,0.3287532624,0.3308798959,0.32817579
CxkdVhLH,2025-05-29,0,0.4410526707,0.4369118544,0.4431893393,0.4426302853
KKevLiN8,2025-05-29,0,0.4117332286,0.4112707407,0.4093483771,0.40392135
IBLvWEb6,2025-05-29,1,0.7256790151,0.7244948694,0.7253944422,0.7295599288
fkG8R0fo,2025-05-30,0,0.2009380227,0.1988812415,0.1983386597,0.1982425145
2XCrOHk4,2025-05-30,0,0.4417051584,0.4411593765,0.4419530744,0.4417415022
Ea4ig6xn,2025-05-30,1,0.8358123383,0.8356496486,0.8329570858,0.8360038261
6HsCW3WO,2025-05-30,0,0.4677580741,0.4646832431,0.4736257052,0.4693223466
Qu3Gig1s,2025-05-30,0,0.08729985671,0.08543640555,0.08535610749,0.0868528973
SSLYyKP1,2025-05-30,1,0.6290017273,0.6317334547,0.6355149949,0.6292891438
QNFfpYWI,2025-05-30,1,0.8732449709,0.8736276611,0.8707059835,0.8715765245
hn9YZaWP,2025-05-30,0,0.1758749515,0.1755671431,0.1759360444,0.1744226481
fDjzFgjo,2025-05-31,1,0.8126609432,0.8107730519,0.8113352187,0.8122709461
zm0VgTnf,2025-05-31,1,0.4214105721,0.4223238109,0.4220570019,0.4156763838
Gld8xuVP,2025-05-31,0,0.3429003731,0.3452012723,0.3512201132,0.3513089162
4zIoS4uf,2025-05-31,0,0.4619746595,0.4628735974,0.4654277168,0.4664481332
2ueneaaC,2025-05-31,0,0.387619896,0.3877100818,0.3863949991,0.3861099832
EuG3MdF8,2025-05-31,1,0.5502466225,0.5494919846,0.5498078751,0.5498636937
SzGwaxyR,2025-05-31,0,0.1742621602,0.1740764102,0.1741472441,0.1777142154
j5T1KDwo,2025-05-31,1,0.6709052519,0.6716096436,0.6701816675,0.6658880748
vL0Miz7e,2025-06-01,0,0.4618162212,0.4611104894,0.4622754951,0.4625661109
SW1eugyf,2025-06-01,0,0.2924617315,0.2900268088,0.2904526442,0.2935493661
Eq8extkI,2025-06-01,0,0.2520163478,0.2494937169,0.2520608212,0.2520304713
tp3QsXv2,2025-06-01,1,0.7806456559,0.7771702059,0.7785430132,0.7822703026
zc5wz8Dk,2025-06-02,0,0.290064879,0.2896489716,0.2907144041,0.2909407902
A18QfjAT,2025-06-02,1,0.7832940699,0.7828512554,0.7831486314,0.7815609868
WWESjTIO,2025-06-02,1,0.1935570682,0.194808637,0.1934258217,0.1926613549
vTl5pGXO,2025-06-02,1,0.774176421,0.7706967961,0.7710854397,0.7720140669
Q5bYITHN,2025-06-03,1,0.6918151659,0.6900222047,0.6897653947,0.6932082119
KWBfNTjJ,2025-06-03,0,0.2783678255,0.2752130166,0.2743871292,0.2742596632
ptfuR9Kr,2025-06-04,0,0.3542753847,0.3555053665,0.3556807406,0.3551323758
2gnWdn04,2025-06-04,0,0.8876327518,0.88689552,0.8868472288,0.8876363541
jLPi8tCa,2025-06-05,1,0.4717814696,0.4703534578,0.4696181686,0.4730861891
UgXo9oID,2025-06-05,0,0.1161458003,0.1166416599,0.1167786655,0.1163201092
YiB7RlXp,2025-06-07,0,0.6303236307,0.632089191,0.6331705786,0.6365748377
WWGoMW6d,2025-06-07,0,0.0724186945,0.06714472539,0.06750342949,0.06594856221
pOt6t1hB,2025-06-07,1,0.4156290361,0.415257919,0.4278752154,0.4251772373
EscnQu8U,2025-06-07,1,0.8339098621,0.8321439499,0.8228280537,0.8241488491
tUbvS1wI,2025-06-07,1,0.8337407235,0.8470807518,0.8564790971,0.8715237994
SI0lthbS,2025-06-07,1,0.6968563772,0.7133994223,0.7270987539,0.7504585174
SQY4D2OO,2025-06-07,0,0.2770060907,0.2701046785,0.2633424584,0.2560050386
UZMgPs6F,2025-06-08,1,0.5437838698,0.5579322061,0.5678954859,0.4677001444
GMDEX59t,2025-06-08,1,0.1954279553,0.1963411678,0.1950431206,0.1925545242
tr0VO2nD,2025-06-08,0,0.3476021691,0.3648162867,0.3729479177,0.3781261414
O8hcrNNb,2025-06-08,1,0.8140043111,0.8270603981,0.8369878871,0.8489925262
jN8wOhxp,2025-06-08,0,0.2647689326,0.2512017764,0.2393460028,0.2016422427
UNWPouCG,2025-06-08,0,0.6562154928,0.6424288192,0.6482766882,0.6521151513
p25VTN85,2025-06-08,1,0.6175734472,0.6215490917,0.6231733706,0.6560694924
WbXvA9eR,2025-06-08,1,0.8321834328,0.8338788511,0.8338353073,0.8397323819
GEoYZyEc,2025-06-08,0,0.7006308761,0.6992788963,0.6846649216,0.6924930105
678n7o1T,2025-06-08,1,0.5267273638,0.5061650476,0.4966084592,0.4896122301
z7romcCs,2025-06-09,1,0.7436522174,0.7434112022,0.7443238704,0.743627751
dMWgoysf,2025-06-09,0,0.3647802339,0.3614723004,0.3521361981,0.3514877083
YXYYSMvm,2025-06-09,0,0.7942586584,0.7936965873,0.793300159,0.7857680596
I9Qe5dYP,2025-06-09,0,0.1530738158,0.1536452089,0.1535746279,0.1535113081
tjfrK1Fb,2025-06-09,0,0.6561528539,0.6613698429,0.6629371358,0.6572421054
OUgnkprS,2025-06-09,0,0.223880766,0.2055004736,0.189609951,0.1765423807
WfZMHdyn,2025-06-09,0,0.5581119733,0.5587045492,0.5543572702,0.5495305869
EaYQs2z2,2025-06-09,0,0.5518155408,0.550748,0.5500331381,0.5456981226
QVkf0Jso,2025-06-10,0,0.1879001728,0.1854289858,0.1790001443,0.1820679945
Ua4O5uKN,2025-06-10,0,0.352010309,0.3609653186,0.3500025195,0.3478060727
tnzJqO5k,2025-06-10,0,0.654627602,0.6554849936,0.6553490529,0.6557810175
Ump1qFB6,2025-06-10,0,0.6408624728,0.6511804459,0.6503246117,0.6384929129
QFwAsgtJ,2025-06-10,1,0.4247975549,0.4291053352,0.4282916208,0.4269436492
xf7Sazdm,2025-06-10,0,0.6591419023,0.6602191362,0.6632072177,0.6510304915
tvYtOMZi,2025-06-10,0,0.09240054801,0.08979593194,0.0879543183,0.09493888403
nyykM044,2025-06-11,0,0.1110509169,0.1109642948,0.1090429517,0.1052057109
U7GD55S8,2025-06-11,0,0.1300115918,0.1209530632,0.1150726734,0.1107217366
YXAF71kB,2025-06-11,0,0.8537634133,0.8547335766,0.8508487762,0.8530945676
f7oTFZrK,2025-06-11,0,0.5390392903,0.539184194,0.5340877103,0.5329641167
zeGeIBck,2025-06-11,0,0.2096193422,0.2108459113,0.2112815195,0.2123320385
0tf0TGlg,2025-06-11,1,0.6811111011,0.6811902952,0.6804869821,0.6735645691
UwZnmekB,2025-06-12,0,0.2374194896,0.2398404979,0.245249742,0.2444260979
hEwfeWxA,2025-06-12,1,0.3663127161,0.362260959,0.359760794,0.3626667627
YFmAQRJj,2025-06-12,0,0.4528646119,0.4519277229,0.4510869141,0.4494584909
ja84jbbB,2025-06-12,1,0.7187307161,0.7195716424,0.7213465091,0.7222311191
UmIO49zJ,2025-06-12,0,0.52704827,0.530941493,0.5292433945,0.5328510083
dp1CbuTk,2025-06-13,0,0.3511169552,0.3517005797,0.3517794794,0.3503557728
GE3OlGkg,2025-06-13,0,0.2040397295,0.2046835883,0.2049284234,0.2092156654
Yu9O7SmT,2025-06-13,1,0.4971716496,0.4973047345,0.4953229091,0.4942960863
hrDvICv9,2025-06-13,1,0.4799153077,0.4753177976,0.4682451959,0.4738853006
CrKyHwT0,2025-06-14,1,0.7186327397,0.7223690999,0.7225763362,0.7276665046
SGoFD4M8,2025-06-14,0,0.09327606476,0.08516774167,0.07950451395,0.07204168685
dM0wy9Gt,2025-06-14,1,0.4035206662,0.4034189356,0.4038993093,0.4004993915
C83Sk1U1,2025-06-14,1,0.8021718317,0.8021178422,0.8033215071,0.8075761313
W6gg7rIP,2025-06-14,0,0.5412653519,0.5290197279,0.5295800073,0.5378306195
GCjubvuC,2025-06-14,0,0.299202391,0.2998745287,0.3106291073,0.3144688802
QonlQs6E,2025-06-14,0,0.7714900407,0.7734122297,0.7742370995,0.7800899683
2kpP1Mum,2025-06-14,1,0.6527845834,0.653716644,0.6449255,0.6534364054
0UqNBriL,2025-06-14,0,0.4966284121,0.4950479541,0.494208443,0.5144933049
OxxlRx9b,2025-06-14,0,0.5332664954,0.5279811494,0.5254793703,0.5222461897
vF3V8egU,2025-06-14,0,0.6040148216,0.6009291197,0.5976897778,0.5990509492
GGQSIabl,2025-06-14,0,0.157534281,0.1455360937,0.1368558086,0.1217527545
K8NqFHcD,2025-06-14,1,0.3223716476,0.3219903527,0.3363987843,0.3360383957
IuZuTbvn,2025-06-14,1,0.6412530883,0.6406065938,0.6315783235,0.6305993137
xl8uun5M,2025-06-14,1,0.5928426227,0.5912214304,0.588473186,0.5908564825
KpucOLzR,2025-06-14,0,0.3315534333,0.3296996695,0.3283740908,0.3259550247
CvpldI9O,2025-06-14,0,0.3461597451,0.3730821327,0.3646369625,0.353378516
040WxLkK,2025-06-14,1,0.6641163075,0.6785546507,0.6812348156,0.6884458515
Ua2o6MEr,2025-06-14,1,0.8235981078,0.8270758491,0.8340704025,0.8283084875
buf22vE7,2025-06-14,0,0.2095341787,0.2127971321,0.2133524712,0.212550495
23XBDxiC,2025-06-15,0,0.5020077291,0.5010731769,0.5017687775,0.4984421295
2Ng0vcUH,2025-06-15,0,0.3131046837,0.3110229705,0.3121916018,0.3083258916
0Gt20snD,2025-06-15,0,0.5018933375,0.4961416455,0.4968897723,0.5013846505
KGLuR1Ci,2025-06-15,0,0.2935136641,0.2932593667,0.2950469136,0.2954943303
AeRjcbNj,2025-06-15,0,0.3493827529,0.3493874681,0.3519498135,0.3324461529
OQD8SgWb,2025-06-15,0,0.3042995815,0.3036479859,0.2956846613,0.2992962031
OID6EaPh,2025-06-15,0,0.7247540962,0.7322661095,0.7314229593,0.729870232
2uieJkgo,2025-06-15,1,0.7258949826,0.7254114207,0.7249373918,0.7294064706
8Szx34rh,2025-06-15,1,0.3169652377,0.3216874007,0.3201187786,0.3211253778
Qy7zGy4j,2025-06-15,0,0.3822559712,0.3701059414,0.3624884402,0.3538732734
23PcGLft,2025-06-15,1,0.382764354,0.3718101519,0.3821759874,0.3819790493
IFDEALAD,2025-06-15,1,0.5148381156,0.5159259936,0.5157561484,0.5076259413
h65POBVN,2025-06-15,1,0.5565724765,0.5575817468,0.5575076837,0.5571181613
2Hj5BzhU,2025-06-15,1,0.4373873014,0.4377320148,0.4419708705,0.4206282759
bPLyXsK7,2025-06-15,0,0.4756460127,0.4606887076,0.4731411227,0.4727749297
IuipOMfJ,2025-06-16,0,0.2807740878,0.2807094804,0.2815409406,0.2825736498
CbMac5qH,2025-06-16,0,0.515676507,0.5212579548,0.5151254662,0.5165318029
rZGq7n4L,2025-06-16,1,0.817249376,0.82775081,0.8344535786,0.8401808814
Uk1OnLkA,2025-06-16,1,0.5629930638,0.5606420325,0.5634644348,0.5631910747
pnqWoQnQ,2025-06-16,0,0.2749455087,0.2708223391,0.2695286202,0.276850303
Gbc2f9KF,2025-06-16,1,0.6616438165,0.6716354826,0.6659032509,0.6646031159
dIIy98Z8,2025-06-16,0,0.2885946225,0.2812240051,0.2816237406,0.2878032387
dQ2yQrQ6,2025-06-16,0,0.6882128136,0.6894169724,0.6842532257,0.6878776683
MsH7ooTN,2025-06-16,0,0.3149489293,0.313741463,0.316601294,0.3166564156
hxG4wpho,2025-06-16,0,0.8647781069,0.8643871744,0.8634178094,0.8601295026
n5Mrikan,2025-06-16,1,0.4405481617,0.4516313378,0.4508905221,0.4416850853
lUIam7bB,2025-06-16,1,0.6179568582,0.6069311853,0.6064189968,0.6125657479
4YIiaRE4,2025-06-16,1,0.6111799527,0.600726226,0.6008791871,0.6107783179
UDNPzUE5,2025-06-16,1,0.4243914563,0.4133932124,0.4064711088,0.3966633277
4WP2t4Am,2025-06-17,1,0.3779538247,0.3832893276,0.3826476827,0.3817831029
fVPjkTTb,2025-06-17,1,0.6295114739,0.6310357521,0.6284492226,0.628345281
pW2j1mph,2025-06-17,0,0.5854910279,0.5850149774,0.5821064006,0.5870339141
8rc8YRcd,2025-06-17,1,0.528415828,0.5260234833,0.5466145669,0.5485865692
ridYWoEU,2025-06-17,1,0.6596227692,0.6788811935,0.6775430854,0.6766372117
lCeAhmkS,2025-06-17,0,0.2606916191,0.2590150391,0.2663239445,0.2659517187
8dxsmRCk,2025-06-17,1,0.08655539752,0.07617401466,0.07116090671,0.06534798112
hITWeDP9,2025-06-17,1,0.2166520139,0.2166559059,0.2239527704,0.2241754019
K4VOcZfc,2025-06-17,1,0.6936189412,0.700020631,0.6933993254,0.6942919339
zRhQY7qI,2025-06-17,0,0.3465183462,0.3485624477,0.3477661014,0.3507085897
YDA8eqET,2025-06-17,1,0.5143293661,0.5117518884,0.5126509882,0.5130930949
MDupZXkU,2025-06-17,0,0.5952578686,0.6003758247,0.6025459623,0.5977105901
URrOUMTb,2025-06-17,1,0.7600019973,0.7623348825,0.7673210429,0.7679811712
GMuko5s2,2025-06-17,0,0.550319578,0.5515132037,0.5399276556,0.5400410723
Sv8heXPF,2025-06-18,1,0.4394749433,0.4356131117,0.4317219382,0.4393573702
MVtx1dcU,2025-06-18,0,0.2928969742,0.2992882524,0.2897450669,0.2927940092
rD7g7LTG,2025-06-18,0,0.5494921632,0.5481553811,0.5496159695,0.5485190141
rPmyuKXp,2025-06-18,0,0.5892484291,0.5882110201,0.5872279261,0.584642106
pQowpVcT,2025-06-18,0,0.2847208666,0.283116858,0.2909063904,0.2903114632
8UgSRVyo,2025-06-18,1,0.3850689295,0.3861751018,0.3863085492,0.3929253777
6ZbtCT7k,2025-06-18,1,0.5722170399,0.5784021984,0.5780116105,0.5743272725
8QF7GXz8,2025-06-19,1,0.723343492,0.7239719698,0.7295984534,0.7314436547
MyvRG80m,2025-06-19,0,0.5929003618,0.5914090562,0.5837251421,0.5835081463
pf5qCWZh,2025-06-19,1,0.6830942459,0.6778437145,0.6806309139,0.6822129564
EVhmQlhn,2025-06-19,1,0.9065138336,0.907677378,0.9060876932,0.9077491045
SdcrqY56,2025-06-19,0,0.3649529985,0.3720670755,0.3687364813,0.3695309524
vH8CBxzS,2025-06-19,0,0.207018525,0.2061646959,0.2028432636,0.203160483
OMBIZRAs,2025-06-19,1,0.1279362247,0.1303439083,0.1300491106,0.1300496527
6iGTVGd4,2025-06-19,0,0.3964173365,0.391310245,0.3917839323,0.3947061592
ChXywUEk,2025-06-19,0,0.2721777182,0.2667693581,0.2664643998,0.271484722
GzawjvPh,2025-06-20,0,0.5343802765,0.5353665155,0.5291949536,0.5310845065
n1MaXa5S,2025-06-20,0,0.656230672,0.6554794075,0.6570986477,0.6609948677
2ukB70jJ,2025-06-20,0,0.4514140289,0.4557075992,0.4498759242,0.450423206
f7VOXTG8,2025-06-20,1,0.426197015,0.4210362774,0.422002272,0.4184269977
dbUO0hB7,2025-06-20,1,0.3741907616,0.369654635,0.3753076131,0.3760672741
A39Zq3Vi,2025-06-20,1,0.6777573627,0.6780668846,0.6764096125,0.6797851408
6sTr7I9D,2025-06-20,0,0.5261435777,0.5311071138,0.5304483433,0.5260094286
jPFo6dtP,2025-06-20,1,0.3042288671,0.3049282905,0.3017205604,0.3023051931
8YiIXPRQ,2025-06-21,1,0.7895975846,0.7881166919,0.7876967599,0.7900473681
dbQ5OLlD,2025-06-21,0,0.4729283078,0.49310567,0.4920124278,0.4893996171
CpHgw9th,2025-06-21,1,0.7269752057,0.7308240619,0.73772522,0.7403549938
SIYlS3kl,2025-06-21,1,0.7388562337,0.744625373,0.7541623544,0.7569141247
xdQsXwJP,2025-06-21,0,0.841240234,0.8415850006,0.8402472701,0.842552476
bylAX4AT,2025-06-21,1,0.5959521191,0.5953658037,0.5932724505,0.5926079617
dxZ6F5lo,2025-06-21,1,0.6275299457,0.633069079,0.632116846,0.6274680422
SnIMTEL8,2025-06-21,1,0.5458728508,0.5470158761,0.553445145,0.5541594331
bsiKO9Rb,2025-06-21,0,0.5120519157,0.5262531385,0.5224444605,0.52259035
8nXjnPtK,2025-06-21,1,0.6981086556,0.7057905261,0.7055703167,0.6954620155
dC5vwL36,2025-06-21,0,0.1712061062,0.1619049574,0.1556353851,0.1493749711
MHgAZocE,2025-06-21,0,0.6825188718,0.6800635792,0.6816957062,0.6845981208
2FcBQVdn,2025-06-21,0,0.4478759588,0.4601322019,0.4615872755,0.4612594394
4vfSMmdB,2025-06-21,1,0.4284357172,0.4373361034,0.4363123986,0.4377080039
0WWdQsK0,2025-06-21,0,0.4836350679,0.4824627353,0.4807251395,0.4775211597
AFHSknQc,2025-06-21,0,0.2305325349,0.2304830641,0.2280521805,0.2192746475
0pCVvsZg,2025-06-21,1,0.7118122452,0.7112560885,0.7120251158,0.715112637
jBp2ZQuH,2025-06-21,1,0.5381112896,0.5388541705,0.5359309382,0.544213475
QgryLRQN,2025-06-21,0,0.5934283701,0.6003510903,0.5996317725,0.5921481118
hK8Nt34s,2025-06-21,0,0.1819523159,0.1819276034,0.1819662569,0.1936887807
r9PtSrYj,2025-06-21,1,0.7916747166,0.806368361,0.8171166197,0.8329180223
vTdmsCBi,2025-06-21,1,0.5801650531,0.5816702982,0.5857200767,0.5848063206
n3N16SBU,2025-06-21,0,0.5295847015,0.5288784579,0.5199625109,0.5273837483
pbF1ymB4,2025-06-21,0,0.386442506,0.3871098157,0.3875609926,0.3879341296
ni7JDGw9,2025-06-22,1,0.5449119375,0.542502601,0.5443322253,0.5441730287
MLuUTd4m,2025-06-22,0,0.6256376094,0.6213464854,0.6201082712,0.6197206603
zcmK469F,2025-06-22,0,0.4187962302,0.4197536106,0.4197573694,0.4195166689
OdpqwX6K,2025-06-22,0,0.4828742635,0.4903029407,0.4896999949,0.4927891259
E1ib6YVr,2025-06-22,1,0.623199131,0.6196883756,0.6240326881,0.6228620136
xOYAkRpS,2025-06-22,0,0.574851761,0.570351261,0.5705230088,0.5724406573
M1coOhYO,2025-06-22,0,0.4455113396,0.4457913675,0.4453261726,0.4452877647
EyfwQE3C,2025-06-22,0,0.3366599236,0.3315270938,0.3297845673,0.3276964959
fZwxSzZa,2025-06-22,0,0.5097939652,0.5115844895,0.5100552291,0.5115869049
l2jKqisJ,2025-06-22,0,0.5554310999,0.5548613726,0.5549739082,0.552106619
YimK0c8s,2025-06-22,0,0.529944362,0.5344660433,0.5311579376,0.5305622985
0fZy2Ydm,2025-06-22,1,0.410453005,0.4085555108,0.4071657088,0.4063056842
QFNerdJt,2025-06-22,1,0.6794844839,0.6800849779,0.6815112169,0.6810750422
SKNen5KE,2025-06-22,1,0.408132465,0.4080871683,0.4136710907,0.4161447391
Uc5hnbgl,2025-06-22,1,0.7330142716,0.7379687791,0.740240531,0.7409393795
MDJ1rGhD,2025-06-22,1,0.6005941955,0.6018947948,0.6020514416,0.6006010318
GdnPtCuh,2025-06-23,0,0.4676476937,0.4672427507,0.4665284868,0.4736271971
fmaOBitI,2025-06-23,0,0.4275870175,0.4289971219,0.4272926105,0.4280894745
tIjSbywf,2025-06-23,1,0.5215720436,0.522021295,0.5222424432,0.5256629732
0259aQIb,2025-06-23,1,0.6883983931,0.6898634873,0.6890413071,0.6860518794
2B30pxO0,2025-06-23,0,0.3454438892,0.3415910312,0.3421210446,0.3456328895
lKBm6JpK,2025-06-23,1,0.4178410503,0.418676723,0.4177132432,0.4171687078
0l4xJ8mo,2025-06-23,1,0.3758086704,0.3745161404,0.3816093207,0.375465558
jixisq3U,2025-06-23,1,0.4630010803,0.4657196467,0.4663309711,0.4615083693
rJCdC5PF,2025-06-23,0,0.5740939771,0.5753158308,0.5744004283,0.5731746469
6RStUYen,2025-06-23,1,0.6792223759,0.6789636492,0.6741809029,0.6820037522
2gMkSCQb,2025-06-23,1,0.7435395646,0.7459961411,0.745720674,0.7441294817
MkXpaHOF,2025-06-23,0,0.7577152252,0.7569103463,0.7528098865,0.7551359217
MBpzoR35,2025-06-23,1,0.4648126152,0.4638290561,0.4636699174,0.4620761614
bBxyLPgC,2025-06-24,0,0.5639531723,0.5627498441,0.5623413907,0.5627991357
lApXvjA4,2025-06-24,0,0.6955876322,0.6935131455,0.6947319539,0.6945491435
EgVAuTaM,2025-06-24,0,0.3157450861,0.3198024468,0.320690305,0.3206433551
8jPcQjeB,2025-06-24,1,0.4757760173,0.4643713167,0.4692249124,0.471086835
zsPcwz2d,2025-06-24,0,0.4382534491,0.437858138,0.4392930097,0.4395055471
U5D6OUPN,2025-06-24,0,0.5550703401,0.5486778003,0.5548194145,0.5547344973
vmH01nln,2025-06-24,1,0.4099928153,0.3960482893,0.4029942235,0.4076593367
UPNUUuvC,2025-06-24,1,0.6663525958,0.6669985104,0.667435311,0.666264239
EPTx1wf3,2025-06-24,1,0.5280231917,0.5255798278,0.5275324102,0.5202636411
fPrrq5YH,2025-06-24,0,0.454444763,0.4544237894,0.4503932053,0.4506038044
G0lk4464,2025-06-24,0,0.1710674066,0.1706554736,0.1677606146,0.1677769072
2TQkudXq,2025-06-24,0,0.3802504227,0.3720328515,0.3808553027,0.3809055747
8S8Hc4mB,2025-06-24,0,0.2490287038,0.2563040657,0.2553513334,0.2502668972
GU7TcmRs,2025-06-24,0,0.5472669968,0.5426222502,0.5409003804,0.5461736428
r5LgcegS,2025-06-24,0,0.2403524763,0.2335525602,0.233853689,0.2337962118
6cP0T3aE,2025-06-25,1,0.7332310907,0.7336803057,0.7331857512,0.7350128445
MDZUOUwB,2025-06-25,0,0.5418053407,0.5430458203,0.5435166361,0.5489377887
n96txkaU,2025-06-25,0,0.3755012825,0.3790205623,0.3829776766,0.3862939006
YJXBZMyf,2025-06-25,0,0.3683625346,0.3685344122,0.3725907379,0.3663710873
feoUMCfJ,2025-06-25,0,0.5199294874,0.5183700754,0.5153966978,0.5157338564
GbDgGOfo,2025-06-25,0,0.6848080067,0.6851466104,0.6846844842,0.6846503592
Sjxy8xWi,2025-06-25,1,0.3562709651,0.3533507914,0.3548796268,0.3551434421
0MJ4fz9L,2025-06-25,1,0.3742653237,0.3673283138,0.3659319607,0.3663376415
Y1dvK8up,2025-06-25,1,0.5289197514,0.5287166647,0.5301042434,0.5315336968
GGr98jAk,2025-06-25,1,0.6957803659,0.6985480534,0.6976874056,0.6965664348
6R4NRasg,2025-06-25,1,0.7603892598,0.756812429,0.7564294158,0.7556677816
t01dFtmL,2025-06-26,0,0.3595954599,0.3582990036,0.3580816902,0.3577231432
MRAV9PqB,2025-06-26,0,0.5805307053,0.5629538668,0.5566206292,0.5520864483
S2Szv58O,2025-06-26,0,0.4710832138,0.4672779037,0.4432491536,0.4455446209
hlKRgsUg,2025-06-26,0,0.6731470591,0.671231425,0.6704536918,0.6697269542
tvAc6Qng,2025-06-26,1,0.5708547866,0.5714293062,0.5772102773,0.5597949158
ngtBpv1D,2025-06-26,0,0.4786170391,0.4779464223,0.4777523479,0.4829145554
fZBGIOCd,2025-06-26,1,0.358470564,0.3669929572,0.3744335618,0.3788187522
rc7ZhnR9,2025-06-26,0,0.4111067441,0.4076656991,0.4041233225,0.4050596607
6oekZvYG,2025-06-26,0,0.501943481,0.4943647755,0.4882128423,0.4833855272
UwmS4xN8,2025-06-26,0,0.5607201966,0.5598545885,0.564511992,0.56343971
6VbQX9zi,2025-06-26,1,0.740224698,0.7401778112,0.7387396669,0.7383811647
YVqJ7get,2025-06-26,1,0.5738289185,0.5706644758,0.5711221085,0.5617368192
KjQnvRFD,2025-06-26,1,0.7210694075,0.7260534921,0.7276531973,0.7247073961
4Eb5d8Vs,2025-06-26,1,0.4470183144,0.4688587816,0.4703444517,0.4703598699
pW6ty134,2025-06-26,1,0.7173917807,0.6939412309,0.7003475221,0.7048333306
dE69HF6E,2025-06-26,1,0.4526751958,0.4514892318,0.4535219991,0.4571471873
OEerh8dn,2025-06-26,1,0.6445921447,0.6371331091,0.6476193375,0.6454530054
WIJig8qo,2025-06-26,0,0.7526468037,0.7528233465,0.7521259534,0.7432435742
YNJicHpJ,2025-06-26,1,0.6170740285,0.6161275082,0.6134895905,0.5952676193
MsLcVMDa,2025-06-26,1,0.4475739363,0.4372723963,0.4353166475,0.4361067303
Qwh2n0W0,2025-06-26,1,0.591489429,0.5858660864,0.5847817896,0.5862714871
fDOcMJXI,2025-06-26,1,0.5933934367,0.589250267,0.5867035152,0.5861302235
2oS0uVCt,2025-06-26,0,0.7280254393,0.7294775132,0.7284404835,0.7293500455
nB7nNFN8,2025-06-27,1,0.5928851722,0.5936576289,0.5910817299,0.5912446995
CtiCL2n4,2025-06-27,1,0.7194826671,0.7203099924,0.7220710886,0.7222207883
2w4TYjr4,2025-06-27,1,0.5771964384,0.5773919323,0.5782545879,0.5781549427
6swWmHl1,2025-06-27,1,0.63772678,0.6385688242,0.6391473235,0.6396684491
lWFIvXA6,2025-06-28,1,0.3573029868,0.3563760187,0.3549385698,0.3554472158
Ye7vAL5F,2025-06-28,1,0.5293567725,0.529187795,0.5283395274,0.5282330537
WbDqEIM7,2025-06-30,0,0.1265995031,0.1261518765,0.1254445758,0.1268727062
jwN3JDbm,2025-06-30,0,0.4140338174,0.4152988131,0.4151161586,0.4207767188
hpIHWak3,2025-06-30,1,0.2055930951,0.2047895599,0.2043035747,0.2045417703
b55VyMEE,2025-06-30,0,0.5726064426,0.5709325654,0.570265809,0.5666468772
v1Es0SEO,2025-06-30,1,0.3282674811,0.3330209407,0.3325360409,0.3299807532
Ao6HxYG0,2025-06-30,1,0.3904915494,0.4008660444,0.4018636568,0.3955724414
nsUq8peA,2025-06-30,1,0.5465817434,0.5523094365,0.5520950535,0.548651554
CAG5LZt2,2025-06-30,0,0.2953337705,0.2963803579,0.2963850728,0.2955152398
2JLSH0Nr,2025-06-30,1,0.9433119161,0.9435065847,0.9423408152,0.9427623042
rLo5U5Pb,2025-06-30,1,0.5454771939,0.5334872017,0.5325836877,0.5303974228
0jVV8dcd,2025-06-30,1,0.6015844474,0.6012816687,0.6009122896,0.5998259062
rZ6qunRN,2025-06-30,1,0.8302773142,0.8249117755,0.8244132589,0.8239547778
SrISD9SO,2025-06-30,0,0.6427124807,0.6499172654,0.6495024692,0.6482559964
OjLBHiTa,2025-06-30,1,0.6932411551,0.6971474101,0.7035823663,0.7065157118
4OepWjrg,2025-06-30,1,0.8700700235,0.8731051421,0.8732257222,0.8738660766
noKePrV8,2025-06-30,0,0.4344862439,0.4327379813,0.4354677715,0.4371192863
KIEKFVcC,2025-06-30,0,0.1873809888,0.1867050443,0.1868961818,0.1902290337
b7nCbFwK,2025-06-30,0,0.3767228215,0.3761055822,0.3767029379,0.3730470508
OCY0318k,2025-06-30,1,0.6402946615,0.6401672091,0.6395670163,0.6410043571
EepQmG9e,2025-06-30,0,0.3476463668,0.3411031282,0.3409180029,0.3392635392
KbI3NMaL,2025-06-30,1,0.8471923715,0.8485715872,0.8495472313,0.8496057935
KCyRSHlS,2025-06-30,0,0.3779188295,0.3799571271,0.3814950965,0.3673672102
AqPzGvhe,2025-06-30,1,0.4223653346,0.425115792,0.4313811408,0.4310991644
QDtuzZee,2025-06-30,1,0.4260365934,0.4381481843,0.4427749108,0.4460434836
vucU8NpS,2025-06-30,0,0.3485421802,0.3496632792,0.3538104251,0.3465471239
pvwnBhNP,2025-06-30,1,0.7213940659,0.7228565454,0.7242681941,0.724292753
dIdikB06,2025-06-30,1,0.8137815728,0.8158353002,0.8177497909,0.8216866436
nTUmYCQ7,2025-06-30,1,0.4013734012,0.4026274097,0.4021602851,0.4024712716
QkbhqwZ8,2025-06-30,1,0.8583403795,0.8587286418,0.8596630272,0.8585338047
WdrwYCDt,2025-06-30,0,0.5802763157,0.5794828563,0.5795961092,0.5861629978
Wxx91uw2,2025-06-30,1,0.7705232549,0.7716071386,0.7726394303,0.7707405643
CQdrI0zA,2025-07-01,1,0.2004447386,0.2003400093,0.2033366423,0.2028567852
YNZGERTH,2025-07-01,1,0.4118057162,0.4147933726,0.4212236029,0.422141862
0CrYofv8,2025-07-01,0,0.09134058947,0.09097809585,0.09063018022,0.09324986493
rZKY1lpC,2025-07-01,1,0.8327342622,0.8329481987,0.8288260536,0.8294750898
ImwXyeRr,2025-07-01,1,0.506523796,0.5021217959,0.4908969383,0.4925541677
htdHkxuq,2025-07-01,1,0.1325550492,0.1271868108,0.1429083839,0.1399595991
jur0I9Uh,2025-07-01,1,0.6463371379,0.6488979477,0.6493770509,0.6509893533
YuoiGv5M,2025-07-01,1,0.5824164888,0.5901543753,0.5889809323,0.5894876996
bLmkn3Yj,2025-07-01,0,0.3492711296,0.3493277949,0.3488999742,0.3447623234
KIvyKM5c,2025-07-01,1,0.8085586185,0.8058102375,0.806437492,0.8130539752
xdt8Gma5,2025-07-01,1,0.5220313064,0.5310303241,0.5306747371,0.5243976269
b3d0sH3L,2025-07-01,0,0.7147686854,0.7092258158,0.7096829855,0.7069758019
CjOUoxfE,2025-07-01,1,0.36253681,0.3530690624,0.3540323038,0.3554562997
GMTH5Wpm,2025-07-01,1,0.5010535182,0.4982805695,0.4985375223,0.4989551139
IiTrgg1s,2025-07-01,0,0.4131445628,0.4115865171,0.4101332331,0.4163175138
ALMQ3AFa,2025-07-01,1,0.6379837164,0.6485440556,0.6448358974,0.6404172572
QD02e7B4,2025-07-01,1,0.9046740592,0.903392454,0.9049234107,0.9048674309
4AdldJDj,2025-07-01,1,0.5674573088,0.5657988246,0.5655308704,0.5603174775
UPgiKVat,2025-07-01,0,0.271345899,0.2787047676,0.2782317195,0.2775120833
W0fQzCoD,2025-07-01,1,0.9074239824,0.9076204416,0.9073039801,0.9079287612
8tntfQhJ,2025-07-01,1,0.5746041652,0.5716013794,0.5702373244,0.5687648467
z3QsffmR,2025-07-01,1,0.5982983157,0.5997173481,0.5988918732,0.5968394712
4l39vfnl,2025-07-01,0,0.2928582117,0.2890618032,0.2858518828,0.2836947938
4r0amkVI,2025-07-01,1,0.6708106514,0.6697120278,0.669844356,0.675994281
ImcfcTth,2025-07-01,1,0.6028056155,0.6087960738,0.6088995302,0.6105409285
CnYIUwKF,2025-07-01,1,0.5990893098,0.6097902698,0.6091998426,0.6070686974
v5hFZPlo,2025-07-01,1,0.8417271711,0.8417392389,0.8410534088,0.8420982094
jFzyA6Qc,2025-07-01,0,0.2341516691,0.2336206103,0.2431181771,0.2420179155
nTlBgotH,2025-07-01,1,0.7475179186,0.7498256918,0.7513312109,0.7580120067
vyXYeGIE,2025-07-01,0,0.2109374328,0.2203791214,0.2167919705,0.2131707903
p4MxpGOQ,2025-07-01,0,0.8082013145,0.8021809433,0.8038945205,0.8055947293
4OyNAISq,2025-07-01,0,0.6625463193,0.6600549956,0.6613955823,0.6612442463
fghJiPAT,2025-07-01,1,0.1808772473,0.1814528201,0.1849059486,0.1848202515
4hDS38hT,2025-07-02,0,0.3011045084,0.2951230641,0.2961456757,0.2952539073
Y5zIhmRF,2025-07-02,0,0.2048623081,0.2048377996,0.207315383,0.2065712096
KbpRnul3,2025-07-02,0,0.7153450521,0.7174759718,0.7181668097,0.7175842926
Menl7KAC,2025-07-02,1,0.8561837295,0.8564338387,0.8573311219,0.8564815675
jokQxKWF,2025-07-02,1,0.3021931262,0.3025000429,0.3033778378,0.3066269702
IwM7Wi1b,2025-07-02,0,0.1569849158,0.1535828019,0.1533132451,0.156226446
Oz9afTN8,2025-07-02,1,0.7511284039,0.7488575119,0.7445659824,0.7457467541
ETLgM1vp,2025-07-02,0,0.6627635048,0.6645513178,0.6652267749,0.6570079471
zkNlbAtJ,2025-07-02,0,0.2716002964,0.2755481587,0.2748543265,0.276753385
lMxiR9xP,2025-07-02,0,0.7582672473,0.7580433915,0.7590246878,0.7599273007
rocRiceJ,2025-07-02,0,0.8616795878,0.8593234499,0.8598529471,0.8601122557
StFuTLid,2025-07-02,1,0.5834818194,0.5830563451,0.5836506523,0.5867519888
tdRUVEBt,2025-07-02,1,0.501084969,0.5064213834,0.5023497962,0.5007007792
04pfJ0we,2025-07-02,0,0.8020335817,0.7991290884,0.7996191319,0.7997904181
OrHIDxTa,2025-07-02,0,0.1927588831,0.1945741375,0.1954557335,0.1949895541
KSVzViw0,2025-07-02,0,0.6097091832,0.6080858777,0.6080325564,0.6074079363
2u9KX1CD,2025-07-03,0,0.4596806668,0.4579507872,0.4535366464,0.4541163384
vu7zOZ9a,2025-07-03,0,0.6662948112,0.6635604978,0.664565996,0.6635218873
UgV05Ogd,2025-07-03,0,0.5510333256,0.557052823,0.5515815677,0.5516728564
Awp4QxH0,2025-07-03,1,0.8793945191,0.8791782097,0.8792722697,0.8759869224
0tKANU1C,2025-07-03,1,0.4665549071,0.4716913422,0.4717568143,0.4684469047
phMPLHDt,2025-07-03,1,0.8348626078,0.8344595126,0.8255860573,0.827311746
xxYbR46r,2025-07-03,0,0.1140632374,0.1142131383,0.1160150399,0.1152053034
GEFFhI6T,2025-07-03,0,0.19804509,0.1962747708,0.1950568063,0.1936200423
K6C6eZv1,2025-07-03,0,0.2382105688,0.2413475185,0.239415235,0.2399072855
GlpbrBxn,2025-07-03,1,0.5663285199,0.5670204303,0.5678693024,0.5636728925
pGdtQTMH,2025-07-03,0,0.280072232,0.2795970366,0.2834890534,0.2793860933
GjZJUufR,2025-07-03,0,0.2044731309,0.2087890655,0.2049757063,0.2039789121
be4b5dTa,2025-07-03,1,0.8790788734,0.8760635462,0.8772212595,0.8772870769
Sv4ad074,2025-07-03,0,0.7576651516,0.7525650052,0.7531821626,0.7569921627
EwskJV5s,2025-07-03,1,0.5495017447,0.5541602462,0.5540801194,0.5490416307
GvL81AIF,2025-07-03,1,0.7974811779,0.7978967118,0.7970072327,0.799234338
nsxIaHy3,2025-07-04,1,0.407321189,0.4086292107,0.4072631995,0.403639872
bFGB9uhL,2025-07-04,1,0.3026433379,0.3026628962,0.3020843194,0.2991979205
OQcejhsh,2025-07-04,0,0.2109441662,0.2071782338,0.2068965213,0.2102060906
MJlfa8sK,2025-07-04,0,0.2964493151,0.2958788067,0.2960618886,0.2947977464
rT1GU5eC,2025-07-04,0,0.2232913721,0.2260968762,0.2256987287,0.22508711
StXtZsgg,2025-07-04,1,0.1035262437,0.1044132755,0.1038282651,0.1038674059
jTLXgMON,2025-07-04,1,0.4041094734,0.4036188806,0.4042742859,0.4045282734
zqzRJlsf,2025-07-04,1,0.8107744705,0.8079069035,0.8087097082,0.8119804324
KbYfufam,2025-07-05,0,0.4007181727,0.4002637387,0.4007674261,0.3968910551
EXHBnyCL,2025-07-05,1,0.7965411017,0.7942617179,0.7942577087,0.794848729
M3ErWDx2,2025-07-05,1,0.3480081924,0.3506066232,0.3463875856,0.3472734808
M9TnDT63,2025-07-05,1,0.2512220572,0.2530425666,0.2513652719,0.2506858057
jXua3fSH,2025-07-05,1,0.7129141905,0.7124495561,0.7105520488,0.7100737124
AHfD9GW0,2025-07-05,0,0.1362493578,0.1395930226,0.1387645681,0.1387627997
feJBCSuC,2025-07-05,1,0.7967096366,0.7969368974,0.7964537729,0.7970319026
AmyZFXBN,2025-07-05,0,0.3175492888,0.3162103768,0.313468911,0.3146363761
pMPBT8DU,2025-07-06,0,0.5275716993,0.5328182625,0.5319220183,0.5318386765
fR9qmE4b,2025-07-06,0,0.4624833156,0.4624288756,0.4616486271,0.4623978398
nmRPPgt3,2025-07-06,1,0.7527489087,0.7538862542,0.7548277384,0.7580019633
baGzkzzn,2025-07-06,0,0.4377789309,0.4351628504,0.4351160489,0.4332965048
hnghQ8iK,2025-07-07,0,0.669685822,0.6697972457,0.6683866481,0.6699725294
MqzdsnAL,2025-07-07,1,0.7825024474,0.7799961637,0.7807425589,0.783001079
KflPqflA,2025-07-07,1,0.63517754,0.6350106486,0.6310704361,0.6325103346
OSfGoGJc,2025-07-07,1,0.7657574106,0.7646216316,0.7672087122,0.7657661162
llyGoa1N,2025-07-08,1,0.9297559831,0.9295971649,0.9300733073,0.9310492204
lxcX1T4m,2025-07-08,1,0.7253767023,0.7273883325,0.7276360318,0.7285049853
OvNPjoat,2025-07-09,1,0.6848325378,0.6865353342,0.6881973367,0.6852002585
ny7NwRjl,2025-07-09,0,0.695775106,0.6957922357,0.6941968949,0.6955102657
x2iQ7G8j,2025-07-10,0,0.7349228415,0.7327261744,0.7339062507,0.7357365777
naTQKAYq,2025-07-10,0,0.2338938102,0.2326998461,0.2315772305,0.231129391
vHI3O3iM,2025-07-12,0,0.323404473,0.3245347455,0.3217225016,0.3230126596
8ClQT9nA,2025-07-13,0,0.3215409079,0.3291486412,0.3340692966,0.3152405988
xlWfX3Aa,2025-07-13,1,0.2279823341,0.2141293241,0.202670001,0.1888740035
za8MzIaf,2025-07-13,1,0.6570688351,0.5643878028,0.4851574577,0.4823103974
Kj8V7SPj,2025-07-13,0,0.685317408,0.6901430302,0.6942168511,0.7022092748
MFEar913,2025-07-13,0,0.4309771859,0.4139014549,0.3608517796,0.3441912738
4v0wXZbJ,2025-07-13,0,0.6292156198,0.6548721215,0.6813236087,0.699785393
nc0HVVHc,2025-07-13,1,0.4818539325,0.4668371358,0.4549485647,0.4376404867
jLk7Dl2T,2025-07-13,0,0.1546993983,0.1330665405,0.1355109786,0.1379517204
rijFxvVs,2025-07-13,0,0.2880308343,0.2900431614,0.2924305786,0.2927072418
UuI7tmWF,2025-07-13,0,0.2243070942,0.208821185,0.1816641105,0.1748405012
pEZ2VsuC,2025-07-13,1,0.5085221284,0.5285780045,0.5456165036,0.5088449998
GxhYRmHM,2025-07-13,1,0.7137674134,0.7280882335,0.7266001065,0.7247171779
ljYteno9,2025-07-13,0,0.4636467169,0.5235213995,0.5020082115,0.4835337377
MubjHW24,2025-07-13,1,0.3869608723,0.3788209755,0.3826858548,0.4172272498
ddoeXrg2,2025-07-13,0,0.6940281636,0.7011089192,0.6030004379,0.5739518756
je6GvR0S,2025-07-13,0,0.6832157024,0.7004513177,0.7191727992,0.7352903044
IoGgZPum,2025-07-13,1,0.8912174898,0.8908375144,0.890283498,0.8896860376
EFfrJhYi,2025-07-13,0,0.6792265648,0.6138570737,0.6221684619,0.6282626458
MFUNvnIP,2025-07-13,0,0.5617017332,0.5801651999,0.6239073938,0.6403304255
0UinZ4Ok,2025-07-13,1,0.7674832819,0.7686790417,0.7896432753,0.787265677
YgY4MRvp,2025-07-13,0,0.4628998895,0.5011722209,0.5084648394,0.514505141
I7iaFAXG,2025-07-13,1,0.4814236824,0.4748547593,0.4746789233,0.500003145
rZ46uo75,2025-07-14,0,0.7095349167,0.7339164657,0.7400998894,0.745563545
dvz4pXl2,2025-07-14,0,0.3487858646,0.3602493311,0.377912103,0.3785347155
UZEKo7Bl,2025-07-14,0,0.6255322795,0.6424564209,0.6572311717,0.6581839424
pb1h8eb6,2025-07-14,0,0.1513647418,0.152178052,0.156809131,0.1541517016
EL94obH5,2025-07-14,1,0.1298195991,0.1227508061,0.1169842407,0.09915511884
EREQKs1e,2025-07-14,1,0.5945269021,0.5963949416,0.5543915708,0.5705255376
04U6tyoT,2025-07-14,1,0.6869173015,0.6791478844,0.6969087037,0.6961146867
p0Gb6EBL,2025-07-14,0,0.2652652985,0.2570836995,0.2707953238,0.2689138186
KSZ2OyPp,2025-07-14,0,0.307822593,0.3088910994,0.2913973141,0.2928817417
W21FXu2b,2025-07-14,1,0.4650650005,0.4899466929,0.4865032269,0.4637111388
U3Yj79E5,2025-07-14,0,0.6662684565,0.6909662023,0.6961512031,0.6877755477
O0ddNHAt,2025-07-14,1,0.5252714854,0.5237000156,0.5032437768,0.505603038
CEdNy36U,2025-07-14,0,0.3098310866,0.3466611147,0.3387439981,0.3286200543
C2WMCRdL,2025-07-14,0,0.2658743748,0.2615080317,0.2624437515,0.280651406
UiG4uk1S,2025-07-14,1,0.4232968858,0.4128048292,0.4196605751,0.446888824
CMSw5zeC,2025-07-14,1,0.7217957137,0.7203980951,0.7237211958,0.7240403919
KnWo3EPO,2025-07-14,0,0.4559118802,0.4329171859,0.4316203045,0.4539668549
MuhYgpMb,2025-07-14,0,0.703162504,0.7147638443,0.7150084754,0.7153610994
j9JlRQBE,2025-07-14,0,0.5465581931,0.5417839612,0.5308951992,0.5255343689
O2R23NJ7,2025-07-14,0,0.2473070178,0.2395692555,0.2724130527,0.2853986977
WQHAbGQa,2025-07-15,0,0.1336515378,0.1304770195,0.1282000139,0.1349593924
QkYMJ8fm,2025-07-15,0,0.394821666,0.3989236046,0.4067747223,0.4029444232
OEgyFyBt,2025-07-15,0,0.5315042011,0.5172203531,0.5190641365,0.5121233734
fNZo75Kr,2025-07-15,0,0.273299587,0.270267595,0.2562416319,0.2536396179
fVPwGQgC,2025-07-15,0,0.3697487833,0.3687037426,0.3688184512,0.3606556234
GfZU6dQa,2025-07-15,1,0.5506716697,0.5483968735,0.5807859741,0.5752315738
f7siPUWP,2025-07-15,0,0.1928061678,0.191391438,0.1873517519,0.1864909597
QeLuMva4,2025-07-15,0,0.1749226537,0.167725927,0.1703491211,0.1691632522
2mwf5qke,2025-07-15,1,0.8871573035,0.8915068947,0.8630103233,0.8684779227
WEsIgySF,2025-07-15,0,0.3980480707,0.3823436432,0.3716804288,0.3613895314
zml9ecc3,2025-07-15,0,0.3330279753,0.2956958974,0.3709845001,0.3668267587
ht6JdfeC,2025-07-15,1,0.8527900366,0.8516033399,0.8587935666,0.8611717441
vuoQiFdS,2025-07-15,1,0.700833623,0.7095292648,0.7100587877,0.7109738685
dSiqDFug,2025-07-15,0,0.0966185398,0.09912677685,0.09725168348,0.09431063158
069RfYPO,2025-07-15,0,0.3622365994,0.3594498351,0.3768165099,0.361119082
rsyN8Iem,2025-07-15,1,0.7995178203,0.8016288564,0.801773813,0.8027649631
25YLS166,2025-07-15,1,0.6641144828,0.6617760471,0.6570291304,0.6547675426
OCMdngKk,2025-07-15,0,0.2459920976,0.2499814123,0.2492404968,0.2576238831
MHRVHnPa,2025-07-15,1,0.6670583423,0.6588042679,0.6663847158,0.6636780575
OQJyvDKk,2025-07-16,0,0.4169872705,0.4292219213,0.4267293978,0.4175696934
EB441RvJ,2025-07-16,1,0.8932414261,0.8927878806,0.8896438631,0.891372722
4lBqiUYi,2025-07-16,1,0.543530519,0.553497107,0.5508951576,0.5496464154
lf8EZFzp,2025-07-16,0,0.3589031017,0.35655895,0.3638468295,0.3630046647
lGkOHkMk,2025-07-16,1,0.7223858564,0.7248218225,0.7323159703,0.7307501471
v1bFwPyI,2025-07-16,1,0.5016724055,0.5012540146,0.5007233906,0.5014870934
Eanq8RDb,2025-07-16,0,0.3467878223,0.3496897665,0.3470886466,0.3404963284
4OXbFpA4,2025-07-16,1,0.2718252092,0.2799680094,0.2693389729,0.2701966398
hATsPeek,2025-07-16,1,0.6087636079,0.616484845,0.6158990765,0.6125717467
zRn6NFgd,2025-07-17,0,0.6317215221,0.6349304202,0.6341978003,0.6265609483
xGlQ37Ic,2025-07-17,0,0.597044309,0.6086992448,0.6034131648,0.6039716725
2olsHfsJ,2025-07-17,0,0.3631485407,0.3594962307,0.3600301101,0.3560879472
bVrrszm9,2025-07-17,1,0.4996961325,0.4990448839,0.4920518256,0.492175174
ERlePxJU,2025-07-17,0,0.3172324675,0.3187696423,0.3057841978,0.3201919342
MmtLp0VH,2025-07-17,0,0.4452587814,0.4696317075,0.4916390136,0.4831116813
IglyrKiC,2025-07-17,0,0.367006516,0.3767763196,0.3671260342,0.3662988738
UVQhLp7b,2025-07-17,1,0.5659327807,0.574684768,0.5800541207,0.5765019523
MZx7CMQh,2025-07-17,1,0.8834602836,0.885836001,0.8834403055,0.8857969408
CCZ0AUpR,2025-07-18,0,0.4737182202,0.4716734542,0.479351076,0.4702537603
lQMKAw2d,2025-07-18,0,0.3337085536,0.3421400008,0.3366369329,0.3370163785
U9JGCaAc,2025-07-18,0,0.4826780182,0.4851974636,0.4933187064,0.4919641397
EarXv6LU,2025-07-18,0,0.3397744871,0.3372584313,0.3317935313,0.336355321
Mizl0apA,2025-07-18,1,0.7688968908,0.7642525605,0.7614760227,0.7596317535
08hc9xuh,2025-07-18,0,0.7762090643,0.7750528046,0.7759808962,0.7760783528
IwUEVcgf,2025-07-18,0,0.3329273168,0.3301395726,0.3368699481,0.3340933376
pUu8lAHG,2025-07-18,1,0.6132038711,0.6185848931,0.6174533673,0.6178502708
buYnheX8,2025-07-19,1,0.8009752976,0.8153346882,0.8263215377,0.8392207585
WYu1Uiu2,2025-07-19,1,0.4546301328,0.4504608926,0.4470521967,0.4449737801
40JssVO7,2025-07-19,1,0.6139270543,0.6162208638,0.6113171618,0.6312432455
SY4x3CoR,2025-07-19,1,0.4090559249,0.391829038,0.379047952,0.3696249879
KfMejZ1L,2025-07-19,1,0.345353094,0.3794960373,0.4822782544,0.4124580261
4x3L29Bd,2025-07-19,1,0.394793304,0.3944149742,0.3917823589,0.3930361847
CWPaWDAk,2025-07-19,1,0.8323344224,0.8431241688,0.8360128879,0.7617639857
QDnQUURh,2025-07-19,0,0.6076468532,0.6205443976,0.60785971,0.6064208225
bNvHeUw1,2025-07-19,1,0.8685342331,0.8670811852,0.8637322427,0.8665214477
AVcBJXQ7,2025-07-19,0,0.6172492291,0.6162915871,0.6187046039,0.6077050226
WnLZrife,2025-07-19,1,0.4906470682,0.4313646917,0.4215471222,0.431819999
h0lIWjct,2025-07-19,0,0.4169592821,0.4305650119,0.4311420749,0.4308912092
pzN4j8RG,2025-07-19,1,0.4266084891,0.4287251904,0.422196139,0.421458632
K81U4YGE,2025-07-19,0,0.2978418345,0.3393528019,0.2855919198,0.2732648422
C6t9cj9l,2025-07-19,0,0.537437594,0.5418538571,0.5417755281,0.5469796972
G2J7CmCO,2025-07-19,0,0.8636250767,0.8674530433,0.8436911052,0.8468332816
voY2Etpd,2025-07-19,1,0.4814750978,0.4788130179,0.4782107077,0.4716313597
fkYPg88D,2025-07-19,0,0.3185123787,0.3243241754,0.3262689074,0.282900172
MutZS8d5,2025-07-19,1,0.3777286214,0.3706139494,0.3661562005,0.3546717765
jLXkPQeU,2025-07-19,1,0.555786843,0.5555937401,0.5560173731,0.5563696307
zwuD6mFU,2025-07-20,0,0.8630184954,0.8636292865,0.8660203412,0.8726613563
W6etMYDO,2025-07-20,0,0.4704777741,0.4819667377,0.4864931754,0.4893411431
nTSDQJc2,2025-07-20,0,0.4150002897,0.4100393643,0.3668691544,0.3395373738
tluwHOnR,2025-07-20,0,0.4440672484,0.4402238312,0.4130539721,0.4196182647
IRgNJuLb,2025-07-20,0,0.5127467867,0.5148220062,0.5166225246,0.4975025003
bV4eAJUI,2025-07-20,1,0.7813763023,0.7770023403,0.7764889433,0.7762899206
dQWLQvFa,2025-07-20,0,0.4043755139,0.4019827095,0.4038472761,0.4033065221
8xGaE9sC,2025-07-20,1,0.6189317232,0.6300743155,0.6304519104,0.6323750547
6oNbqUtn,2025-07-20,1,0.4695966715,0.4712297521,0.4713510298,0.4620878359
Ma0EL1jn,2025-07-20,0,0.4272790644,0.4286178144,0.4302148689,0.4367622751
U5qsRnRH,2025-07-20,0,0.4945477217,0.4896416016,0.4760961158,0.4731809805
A9YDS0pm,2025-07-20,1,0.7397618382,0.7394217875,0.7324657626,0.73279598
rZbJiYH0,2025-07-20,1,0.4995371093,0.5120356215,0.513698267,0.5103596104
va3KGuiT,2025-07-20,1,0.4764982942,0.4748801095,0.4748950974,0.4845856148
hAcxj2Ur,2025-07-20,0,0.1484764886,0.1504203678,0.1527308823,0.1516275362
WQTSf1dD,2025-07-21,0,0.3652002216,0.3669701464,0.3666264592,0.3632657148
nZBFI4lK,2025-07-21,1,0.786623446,0.789556349,0.7915641162,0.7909794402
hMyYOLBF,2025-07-21,1,0.6299062551,0.6167730711,0.6153833306,0.6148751148
r5coDrCs,2025-07-21,0,0.3472045493,0.348422752,0.3415005941,0.3394684434
vJBbAMdM,2025-07-21,0,0.5405414526,0.5401518294,0.5312032098,0.5311022518
vXjfBMtf,2025-07-21,0,0.5672984998,0.5705779405,0.5708456627,0.5631443394
IcI3ZZk3,2025-07-21,0,0.5581020613,0.5596439285,0.5740929752,0.5730904377
EPBCXDKF,2025-07-21,1,0.5367635626,0.5483908103,0.5491866312,0.5494906458
pUg290B6,2025-07-21,0,0.1478301721,0.1461947993,0.1451683691,0.1431635662
jiQHBWcd,2025-07-21,1,0.4958771629,0.4948008644,0.4945118212,0.4947883538
0EsvBIOb,2025-07-21,0,0.5071370967,0.5073056019,0.517877118,0.5054050996
UcDqQVCk,2025-07-21,1,0.2710047558,0.2708749481,0.2691048207,0.26947108
pdYPQss3,2025-07-22,0,0.3642315704,0.363572201,0.3629539483,0.3627137853
Wh8jCrS9,2025-07-22,1,0.494225937,0.4851628684,0.4769520713,0.4590761489
6qpJ19Uq,2025-07-22,0,0.5253901349,0.5245112996,0.5153484593,0.49951643
AwKsE4cc,2025-07-22,0,0.4578156557,0.4591680666,0.4591000864,0.4590461971
EyQtNatS,2025-07-22,1,0.5461753089,0.5480290454,0.5499624629,0.5501983797
dzhV40Kq,2025-07-22,1,0.7347740626,0.7432365596,0.7429346505,0.7425101136
Umjw3vkd,2025-07-22,1,0.6156787592,0.6173628477,0.6172970358,0.6076716785
baGLdNR0,2025-07-22,1,0.7913787478,0.7715410191,0.7548809644,0.7402543786
xpSCbqcl,2025-07-22,1,0.8535352608,0.853963532,0.8461527521,0.8330837741
KGcu9dgB,2025-07-22,1,0.6456174293,0.6469932017,0.6487316833,0.6484707196
St1m7zON,2025-07-22,0,0.6765238757,0.6763200903,0.6842798442,0.6794600468
CExK1Eoo,2025-07-22,1,0.6215172136,0.6162249213,0.6168400874,0.626501507
xOGiO9s2,2025-07-22,0,0.3493336864,0.3598771194,0.3584727447,0.3506603087
Uyx9DhTq,2025-07-22,0,0.5227471444,0.5226419631,0.5230441613,0.5219261814
IJgvnDZ8,2025-07-22,1,0.6624674164,0.6627601764,0.6628542967,0.6713481021
nwAKVikS,2025-07-22,1,0.1604496114,0.1470516982,0.1431627038,0.1371924229
KUKZFUPs,2025-07-23,1,0.5930754873,0.5953136275,0.6001436905,0.6036757546
QgIjETBi,2025-07-23,1,0.5323162589,0.5305247212,0.5279077528,0.5276315466
UFUUL11m,2025-07-23,0,0.3913676575,0.390827936,0.3824316099,0.3797735353
lrYkOx04,2025-07-23,1,0.7647760312,0.7657364411,0.7663172296,0.7701466359
A9Udcube,2025-07-23,0,0.2826373718,0.274693325,0.2689445717,0.2621769867
K2Uik6At,2025-07-23,1,0.7255301757,0.7249986885,0.7202649588,0.7236325601
jVCIbJE4,2025-07-23,1,0.8993361637,0.9044371095,0.9061348074,0.9068724443
Svb0CLl2,2025-07-23,0,0.4381788099,0.4373477585,0.4387387665,0.4309917868
ppYd2cSN,2025-07-23,1,0.6200198853,0.6224680937,0.6077470339,0.6084772385
t87Qar5d,2025-07-23,0,0.2782170402,0.2698658573,0.2713005759,0.2766165155
rXqfECq2,2025-07-23,1,0.3407342469,0.3402282727,0.3341850224,0.3350134521
rVbbGCw0,2025-07-23,1,0.7606175714,0.7625618128,0.7615490548,0.7665315744
v9MsiQup,2025-07-24,0,0.2255887554,0.2258843268,0.2281346408,0.235581291
8OvJNHfe,2025-07-24,1,0.6653127148,0.6650811489,0.6598315821,0.6681485294
x86kDDUr,2025-07-24,1,0.6303137632,0.6311804377,0.6343983651,0.6351429747
v3ZrrNXG,2025-07-24,1,0.4786716208,0.4900643228,0.4903000046,0.4831309982
xEmpCCfJ,2025-07-24,1,0.3362503696,0.3358839544,0.3375273072,0.3307886484
ziOv37PP,2025-07-24,0,0.7334040777,0.7276173416,0.7285533165,0.7291072044
z7UdF1Yg,2025-07-24,0,0.1526489425,0.1561864698,0.153323242,0.1476243758
Ob3JDQVF,2025-07-25,1,0.6020995955,0.6062673358,0.6026691516,0.6041168311
OlEg2JJE,2025-07-25,1,0.5427706703,0.5446435863,0.5473569554,0.5535520018
xQZIsBEk,2025-07-25,1,0.6551833735,0.6491326913,0.6524184372,0.654714818
QoGVpsL5,2025-07-25,1,0.6816046169,0.6887788043,0.68745444,0.6886962866
8x641RG6,2025-07-25,1,0.6410590353,0.6443040078,0.6428460898,0.6415738775
xWxfCrVO,2025-07-25,1,0.8582021887,0.857825654,0.8579861598,0.8574677085
x6RmDX8F,2025-07-25,1,0.416367817,0.4104742188,0.4094271209,0.413109291
IchLwhM7,2025-07-26,0,0.6267753897,0.628233973,0.6289736951,0.6250581718
4rrmFROh,2025-07-26,1,0.6208665862,0.6246312281,0.6340249148,0.6074167516
hnVBvrh4,2025-07-26,1,0.5758682245,0.5819105295,0.5749767794,0.5544064865
KrzII0Vp,2025-07-26,1,0.3653655861,0.3624196892,0.3600727719,0.3572789769
WI1UR48b,2025-07-26,1,0.6940129232,0.6985118299,0.695635494,0.6975706039
SpewQrwB,2025-07-26,1,0.6024268866,0.6124715189,0.6099456243,0.6024418955
OlpKBhI0,2025-07-26,0,0.6635788715,0.668786439,0.6822378281,0.6862769166
AqkvHmft,2025-07-26,1,0.5685194656,0.6029512553,0.6346162837,0.6541022204
xdteD5g5,2025-07-26,1,0.6798402458,0.6800209912,0.6798999636,0.6819501495
tlwC9NhU,2025-07-26,1,0.5272190544,0.5438442623,0.554684604,0.5695786779
WWt3t4Ni,2025-07-26,1,0.6086589455,0.6105524761,0.6116364788,0.6105699339
p4YS9WnD,2025-07-26,1,0.8229917328,0.8467122778,0.8549340839,0.865188658
rmYxwrph,2025-07-26,0,0.3600325596,0.3265356036,0.3345064325,0.3389692281
ngOmJzQQ,2025-07-26,1,0.7368366188,0.7447626258,0.7438231915,0.7455705368
Eu8BCOE5,2025-07-26,1,0.4399266284,0.4507572912,0.3768451685,0.3435564849
GOtCDEml,2025-07-26,0,0.6278533093,0.6254972712,0.6229334011,0.6241200479
ruxssMeC,2025-07-26,1,0.2574552645,0.2611213481,0.2591558103,0.2549948001
EuQuLdeE,2025-07-26,1,0.3505813547,0.3466146646,0.3457591964,0.3493539602
EcqqSxBF,2025-07-27,1,0.57990609,0.5852524144,0.5906993168,0.6004329856
hdYYStXr,2025-07-27,0,0.6268933185,0.6364470124,0.6370947367,0.6379116552
QcvPIYX1,2025-07-27,1,0.4851471382,0.4774203821,0.4792044979,0.4840542697
YaapQGuS,2025-07-27,1,0.7067469648,0.7086503808,0.7116501916,0.7168781541
thLPyxGD,2025-07-27,1,0.4257685828,0.4262102909,0.4197688213,0.415325552
WG8jiWXj,2025-07-27,1,0.5029021844,0.5042942086,0.5045616817,0.5006874829
6Z6sPbW7,2025-07-27,0,0.2981094416,0.2871304729,0.2872562931,0.2858776027
EiOZ5hgK,2025-07-27,0,0.3788289751,0.3795538481,0.376007945,0.3820110069
femxotgR,2025-07-27,0,0.4708321251,0.4601581741,0.4592644539,0.4573643894
b93ZQK1e,2025-07-27,0,0.3323559844,0.3320295397,0.3321680257,0.3404064224
CvhJYB34,2025-07-27,1,0.8089308224,0.8096264289,0.8100109048,0.8083091285
4rjGKf3k,2025-07-27,1,0.5276582717,0.5274890024,0.5382824198,0.5373247307
byQ6P7Qj,2025-07-27,0,0.1734189671,0.1775202172,0.1767165804,0.1743784
CCT8uKGl,2025-07-27,0,0.6466079262,0.6533595503,0.648424215,0.6480412379
M9B1okmA,2025-07-28,0,0.851922457,0.8553663024,0.8563680031,0.8354196198
QsIhmBIc,2025-07-28,1,0.7896133586,0.8162265472,0.8372029373,0.8496763165
UqQlZgIr,2025-07-28,0,0.4924477184,0.4935791398,0.4947793727,0.4933446474
hWlrfJVs,2025-07-28,0,0.3339649017,0.3313873345,0.3291848491,0.3266156294
8bDBau8K,2025-07-28,0,0.4011181943,0.4024394438,0.4026112722,0.4029465235
KYvXoX1l,2025-07-28,0,0.2934132641,0.2870664936,0.2870924385,0.2924481427
pQRGwbo1,2025-07-28,1,0.5949320304,0.6097844814,0.6088050665,0.6116787592
EXahgF9E,2025-07-28,0,0.5512602964,0.5507433259,0.5415951943,0.5430296209
YyN5VBH7,2025-07-28,0,0.2727861338,0.280440201,0.2791755151,0.273503817
vmmjhc0f,2025-07-28,0,0.03729113908,0.03698826121,0.03937278745,0.03725211949
QBJcXXne,2025-07-28,0,0.6983155649,0.7009626895,0.7018447842,0.6912019533
YDvJvGfL,2025-07-28,0,0.4260797657,0.4307798252,0.4465873099,0.431245342
0lb0igvR,2025-07-28,0,0.6657530051,0.6665720501,0.6662767848,0.6650948068
hnwupBW0,2025-07-28,1,0.4984217521,0.4857455182,0.4727749367,0.4621888217
nVqUn2OE,2025-07-28,1,0.2779393025,0.2918116782,0.2807503948,0.2772551409
6k3EbAof,2025-07-28,1,0.7403428503,0.7426933486,0.7292566541,0.7307054438
vaL06W2U,2025-07-29,0,0.123300174,0.1236534602,0.1217033673,0.1209521692
GKjr7S2K,2025-07-29,0,0.320497646,0.3206608141,0.3208240349,0.3268894165
l8yLl7yS,2025-07-29,1,0.6123484899,0.6069261516,0.6134028001,0.6139753514
lEWmrk1D,2025-07-29,0,0.4885314312,0.4762150961,0.4866315911,0.4853124419
h4WAtxQ8,2025-07-29,1,0.5266566241,0.522175778,0.5214318059,0.5200869064
bPa60WGs,2025-07-29,0,0.3374478548,0.3349818868,0.3396297403,0.3361852572
rL1iqHO8,2025-07-29,1,0.242393856,0.241810575,0.2415047843,0.2443227625
MNChrjd5,2025-07-29,1,0.4519143204,0.4616765561,0.4604587136,0.4565929587
dEbn5SL8,2025-07-29,1,0.547097262,0.5481611925,0.5357679337,0.5394804097
UHZvzDoe,2025-07-29,1,0.1166985932,0.1174232888,0.1170439038,0.1175110693
jwN0zdaK,2025-07-29,0,0.6974063127,0.6879992001,0.6882681419,0.6877016266
8rFu7QDs,2025-07-29,1,0.3203453224,0.321949917,0.3235451494,0.3287408519
fyB0tUQH,2025-07-29,0,0.8341287996,0.8346659291,0.8346788205,0.8336193672
AJTqAE35,2025-07-29,1,0.8069565379,0.8013062115,0.8030534016,0.805529166
061fackm,2025-07-29,1,0.7193134538,0.7180734056,0.716483194,0.715964882
xrwmYjG7,2025-07-29,1,0.3175110745,0.31797208,0.3227975337,0.3252690486
Kjj7wMBT,2025-07-29,0,0.4702303167,0.472455272,0.4711946964,0.474857684
OAyZFH2k,2025-07-30,1,0.8212071522,0.8217274552,0.8215642982,0.8215848141
I3wd9jEi,2025-07-30,0,0.6937213436,0.694840281,0.6943634633,0.6943245498
U3GEH5DE,2025-07-30,0,0.4808393426,0.4824299352,0.4760597503,0.4715490978
4A8l54rf,2025-07-30,0,0.4891822617,0.4881317772,0.4870460075,0.4892062618
dhaZ3zLE,2025-07-30,1,0.7607668834,0.7654392074,0.763679813,0.7586500697
KQ4skKNh,2025-07-30,0,0.03800615808,0.03751997118,0.036478992,0.03862475046
lzICcpMr,2025-07-30,1,0.4603444908,0.4702178725,0.4741349415,0.4741568654
0WbNIxVq,2025-07-30,0,0.2209515418,0.2196551319,0.2203706292,0.2249210815
Q5rvAxNh,2025-07-30,0,0.2391731307,0.2388338659,0.2411096735,0.2416250179
GfcoX3PE,2025-07-30,0,0.6043318622,0.6015343035,0.601170914,0.5978001029
WCdfNaAF,2025-07-30,1,0.4985201738,0.4974051478,0.5045561466,0.4982123648
vecc0W3e,2025-07-30,1,0.6006619791,0.5962691343,0.5975718043,0.6002733958
d8LA94Hk,2025-07-30,0,0.6184912121,0.6113314955,0.6121176703,0.6134108374
AJoA6ra3,2025-07-30,0,0.3025940934,0.3108430012,0.3125244078,0.3121365402
nqVC58DG,2025-07-30,1,0.905558542,0.9057686832,0.9044094029,0.9052776197
SloSz2Xo,2025-07-30,1,0.8197582004,0.8242046204,0.8194233198,0.819901001
OfLMZsJs,2025-07-30,0,0.1707704825,0.1735572272,0.1724561185,0.1726636025
GtdHlMUj,2025-07-31,1,0.4318209248,0.4306841347,0.4291168334,0.4273290656
dUl2QNAa,2025-07-31,1,0.5823646224,0.5894533406,0.5900275417,0.588631532
bcaGlyhM,2025-07-31,0,0.7835249968,0.782578322,0.7797494518,0.7768495894
pb5ofr7T,2025-07-31,1,0.8306617398,0.8306834363,0.8290021235,0.8277866121
6DowcV4K,2025-07-31,1,0.6375949785,0.6433238938,0.6429438554,0.6418230244
EFOwL5Sq,2025-07-31,1,0.5876088411,0.5876188308,0.5880719965,0.5861082613
8YPFoezH,2025-07-31,1,0.42334255,0.4251818642,0.4247755778,0.4251349117
h6BHk8Ei,2025-07-31,1,0.8380182914,0.8396971641,0.8397713394,0.8394010383
GnJrueS9,2025-08-01,1,0.7095014861,0.7140752346,0.7083121862,0.7102008469
0SSfewrR,2025-08-01,1,0.6277536312,0.6282149373,0.6302212614,0.6325109116
zwg671ll,2025-08-01,1,0.1236685685,0.1230963451,0.1230254285,0.1231727811
rDsh1jhR,2025-08-01,1,0.812413182,0.808763693,0.8073663627,0.8079362238
KvGZsC0s,2025-08-01,0,0.09773350613,0.10002702,0.09743545447,0.09642515667
G8vtoxDj,2025-08-01,0,0.5098238454,0.5064401927,0.5075880997,0.5088217924
joJr5c4M,2025-08-01,1,0.4846351393,0.4860491104,0.4871374171,0.4855977576
rcwdCEBk,2025-08-01,0,0.2827787725,0.2830902397,0.2836639926,0.2873035726
bizAxjVO,2025-08-02,0,0.4149556049,0.4089390607,0.4114546023,0.413144245
W4tWwOFa,2025-08-02,1,0.7696292784,0.7696098366,0.7660671961,0.7698459646
YgheMGYj,2025-08-02,0,0.7355220552,0.7347046487,0.7346264976,0.7324814126
rPDGTbtH,2025-08-02,0,0.3690744139,0.3633446196,0.3670768121,0.3681769314
xfsz4xlo,2025-08-03,1,0.6592771131,0.6588909072,0.6588124935,0.6598794611
lpu4lA14,2025-08-03,1,0.8223625496,0.8227290733,0.8229485339,0.8265471292
CCceBKeB,2025-08-03,1,0.1892427851,0.1916268413,0.1896700263,0.1899008028
tluQEEJ0,2025-08-03,0,0.3925347416,0.3982634141,0.3993521226,0.3996830573
rRrJSXTa,2025-08-04,0,0.2804054176,0.2831146078,0.2824297682,0.2801046823
KSoQ3LVA,2025-08-04,1,0.7433111469,0.7395401045,0.7403446963,0.7425718506
MB2Y28Wi,2025-08-05,1,0.6519553208,0.6492060626,0.6492214553,0.6486677752
dhZTirOj,2025-08-05,0,0.1302146336,0.132080201,0.1295696816,0.1278185683
QVev8fEl,2025-08-05,0,0.3220793658,0.3228068076,0.3214809213,0.3189881545
pniEKXcf,2025-08-05,1,0.9299527525,0.9306574963,0.9310778933,0.9321118029
nqXlWR1U,2025-08-05,0,0.7298971298,0.730896507,0.7375286543,0.7296263127
dASal9Hb,2025-08-05,1,0.6287118954,0.6300264383,0.6165254972,0.6172562063
fqZ6Q2UF,2025-08-05,0,0.5180899896,0.5068594145,0.5051333851,0.5063431129
Q3akaQVG,2025-08-05,1,0.4856716521,0.4908039053,0.4824938103,0.4822959826
UHFnu5vo,2025-08-05,0,0.5214055278,0.5226511543,0.5286969713,0.5318785497
lpPijVnn,2025-08-05,1,0.6776274249,0.6798298621,0.6784478192,0.6727012198
QkKGpRGN,2025-08-05,1,0.6223682891,0.6289817017,0.6300996073,0.6363946
EVYtYmXH,2025-08-05,1,0.2456164897,0.2470851256,0.2494235766,0.2570973958
IPG8nmnB,2025-08-05,1,0.5096971163,0.5069645274,0.5042488284,0.501212864
C0HGFoGc,2025-08-05,1,0.8600195841,0.8600943631,0.848259614,0.8525881494
jmb5MgTs,2025-08-05,0,0.3797265208,0.3810214254,0.3773506423,0.3632541265
nJmbc40T,2025-08-05,1,0.09010060233,0.08790720005,0.08710635242,0.08004430922
WAmC4L7d,2025-08-05,1,0.6092853441,0.6077327138,0.6060760632,0.6198583784
pEFODPpA,2025-08-05,0,0.3677382323,0.3703612168,0.3713999822,0.3711418675
WrRv6Yr1,2025-08-05,1,0.6595836273,0.6592498533,0.6593712757,0.6677054951
Cf0qny3c,2025-08-05,0,0.6104733873,0.6074367606,0.6054136656,0.6023689609
nDERbEn3,2025-08-05,0,0.6105896722,0.6126924298,0.6121141168,0.607123976
tt9XB3FM,2025-08-06,1,0.7950438071,0.8037212468,0.77802783,0.7474684017
69eFoVA4,2025-08-06,1,0.733629671,0.7361821112,0.7321855292,0.7335690534
Aea36swp,2025-08-06,0,0.2665472926,0.2639993727,0.2544141057,0.2525311593
bHubSOa3,2025-08-06,1,0.2229642945,0.2316540668,0.2302302296,0.2287728227
v9Un4CDD,2025-08-06,1,0.6162835365,0.6011300063,0.6024070699,0.6049059762
Y7mOGJcn,2025-08-06,1,0.7090918364,0.709744972,0.7110446219,0.7048624736
K47ZRF5K,2025-08-06,1,0.7596102678,0.7586489827,0.7575430627,0.7590104524
WdAPFFOi,2025-08-06,0,0.5182342917,0.5234410333,0.5258857557,0.5232988882
l43MPEtH,2025-08-06,0,0.6856498494,0.6835733823,0.6827388356,0.683146297
6ypi0L6E,2025-08-06,0,0.4576721557,0.4578787654,0.4617333891,0.4706374739
AXGrSAvJ,2025-08-06,1,0.9338205517,0.936980875,0.9373643619,0.9354248102
d47NEf5e,2025-08-06,0,0.7730725693,0.7630481553,0.7672436657,0.7728423815
KQ8RapZ7,2025-08-06,0,0.5326524646,0.5302742679,0.5313297131,0.5368011054
IJDrX1LU,2025-08-06,0,0.4355554882,0.431312832,0.423287591,0.4194752999
nsEW5fc4,2025-08-06,1,0.2876935869,0.2882329328,0.279065473,0.2794361624
xKh98Y0C,2025-08-06,0,0.4932713685,0.4939029396,0.4958993717,0.5029434012
bROqNzw9,2025-08-06,1,0.4995327378,0.4897541359,0.4901261686,0.4991591044
8xK8Jc4t,2025-08-06,1,0.3178221413,0.3162743848,0.3151155549,0.3129519763
Wpf1CNID,2025-08-06,1,0.5809057483,0.5769413726,0.5754045527,0.5788109266
vZBUCeOG,2025-08-07,1,0.597684219,0.6005205538,0.6006022613,0.5884400489
phAEGwPi,2025-08-07,1,0.3988332169,0.3998798526,0.4020976189,0.4024350598
v3Zh77Qs,2025-08-07,1,0.5982382283,0.5997454073,0.6056644754,0.6048037294
OOtX30un,2025-08-07,1,0.7376399984,0.7383015257,0.738596617,0.7378863347
4AKI13fJ,2025-08-07,1,0.3300007566,0.3302983733,0.3296223042,0.3235810855
WWj95DGj,2025-08-07,0,0.2057019232,0.2042286135,0.2046762065,0.2050499093
pzHrKCVq,2025-08-07,1,0.3231391828,0.3226735334,0.3222986745,0.3281895111
CpDEoJPH,2025-08-07,0,0.481955979,0.4766894363,0.4758115327,0.4740484289
Qmwl0IvB,2025-08-07,1,0.4948205885,0.4936610043,0.5028691437,0.5006580561
2NeykQAD,2025-08-07,0,0.434533703,0.4408329994,0.440287747,0.4420065317
OzFHEAk5,2025-08-07,1,0.471277606,0.4709233027,0.4707524865,0.468417557
KAGMqcfU,2025-08-07,1,0.7446407575,0.7525236601,0.7495370454,0.7505332244
rJYNCT2K,2025-08-07,1,0.3625395922,0.3571583162,0.3561382134,0.3567100868
UmC4P6nQ,2025-08-08,1,0.4700535601,0.4675118733,0.4723691015,0.4705656178
IoIShzXp,2025-08-08,0,0.5949376629,0.6070855525,0.6078693787,0.6099763816
z15wBZhT,2025-08-08,0,0.5582471027,0.5581666231,0.5592761746,0.5680040463
zVS15oef,2025-08-08,0,0.5144519454,0.51597631,0.5214351385,0.5235706062
67bNEHg4,2025-08-08,0,0.4287990061,0.4283852975,0.4291898434,0.4289693151
EiQCPY7M,2025-08-08,0,0.32518319,0.3265021502,0.3273439694,0.3259599256
Yecwtfh3,2025-08-08,0,0.48562544,0.4851557187,0.4851356184,0.4771493284
Wlpu2vAb,2025-08-08,0,0.7018736464,0.7010888409,0.7011227157,0.700609264
8rR93PP6,2025-08-08,0,0.4989293865,0.5066417483,0.509797384,0.5076648911
jRr0EtvP,2025-08-08,1,0.5324647658,0.5235021731,0.5291711561,0.5280370732
b1ydbd9N,2025-08-08,0,0.4045557987,0.4047520258,0.4032150039,0.4036758796
IDphG29C,2025-08-08,0,0.6062572527,0.6052829026,0.6107551986,0.6112003351
feN0Ihjt,2025-08-08,0,0.4186222311,0.4227523291,0.4203300897,0.4213330444
nuZeTG8c,2025-08-08,1,0.7222622514,0.7277695115,0.7206390396,0.7207351843
t2AiIj0d,2025-08-08,0,0.3053038552,0.3060722862,0.3071623413,0.3088080264
MoiqIOv0,2025-08-08,1,0.6732693701,0.6751030733,0.6775862066,0.6817173773
OKvY18x8,2025-08-08,0,0.5046848623,0.5043695619,0.5073158465,0.5068992644
hxx4RfwA,2025-08-08,0,0.2774461664,0.2795830752,0.2842841696,0.2832424315
GfyQ3U7e,2025-08-08,1,0.6006156849,0.6010073138,0.6046052271,0.6063008904
ELmyKpAm,2025-08-08,1,0.5883246731,0.5935592973,0.5945294395,0.5884437475
QkIBCkfd,2025-08-09,0,0.2116988563,0.2091484365,0.2089422275,0.2080187481
UFtc54aL,2025-08-09,1,0.8829463965,0.883289961,0.8826687003,0.8829146943
zRl8ITiS,2025-08-09,0,0.7001889156,0.7012735847,0.7014831997,0.7000955959
SOTnBop2,2025-08-09,0,0.6591771871,0.6604215847,0.6607243924,0.6611457183
SC3nnAzg,2025-08-09,0,0.4918589657,0.4918567253,0.4919347331,0.4979426629
lCLBz2DD,2025-08-09,0,0.2383904782,0.2412921165,0.2410023947,0.2405829197
UPP9BL94,2025-08-09,1,0.2998130305,0.3006813795,0.3008509399,0.294055581
UuI3vpRF,2025-08-09,0,0.3288961338,0.3219538503,0.3282551544,0.3274595014
O63y4QrC,2025-08-09,1,0.5947473167,0.5948842349,0.5942334141,0.5970565544
6cFWoSBT,2025-08-09,1,0.8130714288,0.8112388541,0.8087425186,0.8079560648
jBA9E16N,2025-08-09,1,0.2438091781,0.2449580475,0.2460799129,0.2503075879
KC5DR6Ur,2025-08-09,1,0.8826949182,0.8838569262,0.8841783342,0.8832937045
nHjDUNFs,2025-08-09,0,0.1931791026,0.1952968636,0.1944057072,0.1949125072
hGYvmWV8,2025-08-09,1,0.5581748477,0.5516604784,0.5519032643,0.5571691009
KIb4aZSa,2025-08-09,1,0.7808417271,0.7810428659,0.7802731536,0.7829614766
Kpwp8KXF,2025-08-10,0,0.2856594251,0.2855772919,0.2866894597,0.2875728434
rNlpsiTa,2025-08-10,1,0.4418896619,0.4416964912,0.4426029812,0.444751865
tY2oBtj2,2025-08-10,1,0.7198934021,0.7207735092,0.7246415197,0.7244225712
MTuYYqr9,2025-08-10,1,0.689375449,0.6881476933,0.6859997849,0.6857823447
EJzBu0Op,2025-08-10,1,0.5969053077,0.5968498248,0.5970539467,0.5960481113
KA4WydiK,2025-08-10,0,0.1840919531,0.1877465977,0.1884086411,0.1876845591
hf9ZZVR9,2025-08-10,0,0.7965285605,0.796951128,0.8013848969,0.8005960991
ALhqe0PN,2025-08-10,1,0.6554125003,0.6596978363,0.6603031759,0.6623089567
2yRgpqB5,2025-08-10,0,0.1902265967,0.1902597144,0.1896659531,0.1946875356
t4qFkvmo,2025-08-10,0,0.7394451839,0.7393574715,0.738463452,0.7353487066
OxWjdak3,2025-08-10,0,0.7104459712,0.7117805193,0.7124126186,0.7156090915
feZqp8Eb,2025-08-10,0,0.3884587484,0.3932448244,0.3919909022,0.3885966325
Q77sY9dM,2025-08-10,0,0.665819211,0.6652892471,0.6614841777,0.6683544101
CvviRvjT,2025-08-10,1,0.2346119582,0.2329852661,0.2361702655,0.2345848708
KIIxb8vC,2025-08-10,0,0.2698335139,0.2716453408,0.2698656215,0.268677764
8612Du8t,2025-08-11,1,0.5754742018,0.5760732149,0.5785395869,0.5760904605
ncM1LulR,2025-08-11,1,0.4371725657,0.441470376,0.4407111444,0.4396095441
l0TXEhqo,2025-08-11,1,0.5377262409,0.5379831433,0.5394083805,0.535469054
ENf5x8b6,2025-08-11,1,0.7470172453,0.7431422263,0.7422319329,0.7479780271
fX2DznTI,2025-08-11,1,0.3610032231,0.3564622836,0.3563619995,0.3597941187
4E4BAOZ8,2025-08-11,0,0.1564263382,0.1554115963,0.1548767899,0.1556646117
QuB3xms9,2025-08-11,1,0.6568409324,0.6572258959,0.6582435591,0.6620014981
WvyGqOS8,2025-08-12,1,0.2751230514,0.2739886835,0.2739021366,0.2713450525
APfOtyVH,2025-08-12,0,0.4656941956,0.4638663166,0.4601157822,0.4597748086
rPRd1JJU,2025-08-12,1,0.6772932677,0.6777833342,0.6786502957,0.6791262214
UBYI0VLj,2025-08-12,1,0.3881009677,0.3878655115,0.3912306254,0.3928629989
bDyPvKOj,2025-08-12,1,0.2547984309,0.2552659213,0.2560688586,0.2580942013
QaFTDNGD,2025-08-13,1,0.8985404738,0.8987301628,0.9005779519,0.899979488
IuoUkpXi,2025-08-13,1,0.2168755329,0.2166766735,0.2166358671,0.2157097838
na1AZOnB,2025-08-13,0,0.5678437902,0.5724081706,0.5721754752,0.572381597
z78bBqD5,2025-08-13,1,0.9014585629,0.9004547034,0.9007128773,0.9029668288
lf2HfOKc,2025-08-13,1,0.6378425875,0.6372118523,0.6374706934,0.6416617092
KnQJfF1E,2025-08-13,0,0.6087378713,0.6065649934,0.6079654984,0.6038565197
E7lTJKJH,2025-08-14,0,0.08909548961,0.08899345934,0.08919783025,0.09088777609
fFgCjh2N,2025-08-14,1,0.6508874055,0.6514310245,0.6487229841,0.6490056429
Uu0rK8d3,2025-08-14,0,0.3607459353,0.3601418821,0.3583744551,0.358651668
t4qfewKE,2025-08-14,1,0.5894632353,0.5901547581,0.5913296322,0.5917302981
I94HJde3,2025-08-15,1,0.8626153187,0.8618056058,0.8641782659,0.862861811
Y7yXiYm3,2025-08-15,0,0.5894996987,0.5909009656,0.5904345536,0.591570763
QcrKW6kK,2025-08-15,0,0.3776012774,0.3779330956,0.3803288265,0.3802203592
j3ILofpQ,2025-08-15,1,0.3062979742,0.3056114391,0.3059554025,0.3046084888
f9GpPesh,2025-08-16,1,0.8422568719,0.8542483121,0.8626760093,0.8730986154
Ol81LDtH,2025-08-16,0,0.6008453011,0.622448747,0.6552936692,0.6739832797
zV6QJ05C,2025-08-16,1,0.9223289679,0.9292969574,0.9356238353,0.9413878588
GnmtEVYj,2025-08-16,0,0.07023742,0.06593164891,0.0627921076,0.06016889477
GO4gNZB4,2025-08-16,0,0.3055914875,0.3050736228,0.3033371808,0.3044103769
KG1AJiBT,2025-08-16,1,0.7976539648,0.8036678468,0.8082221703,0.8148724151
2H8ILMz0,2025-08-16,1,0.7088442667,0.7181391221,0.7221743969,0.7259231793
UVOb1hko,2025-08-16,1,0.1035364721,0.1004074096,0.09903362137,0.1055359505
zZd49Hdc,2025-08-16,1,0.7080733461,0.7048447494,0.7021899971,0.70043345
ruAIoE4j,2025-08-16,1,0.7460132213,0.773131608,0.7910558198,0.8041667855
xbgL5ZeM,2025-08-16,0,0.2664905167,0.2707540852,0.276263879,0.2767593883
OfToizsT,2025-08-16,1,0.8537175011,0.8555099643,0.8576564336,0.8598890401
UDRVfIs4,2025-08-16,1,0.5437594966,0.5417114287,0.5086882469,0.4946135844
jTFvgdCG,2025-08-16,0,0.3681865552,0.3561063397,0.3455950084,0.3370564614
W0jD7eR9,2025-08-16,0,0.1920174576,0.1765088976,0.1734839937,0.1678814483
MmONdvDi,2025-08-16,1,0.8600848952,0.8725231487,0.8833748591,0.8931507043
C85qv0gR,2025-08-17,0,0.6016345807,0.600750464,0.6041168357,0.60269278
SrdO5lso,2025-08-17,1,0.8270688779,0.8282189289,0.8188728839,0.8206996203
zqffSHC5,2025-08-17,0,0.3602109436,0.3587031837,0.3564188709,0.3565333952
lrptMe8M,2025-08-17,1,0.908683112,0.9107993388,0.911840604,0.9086304896
4fjAl12s,2025-08-17,1,0.4882146466,0.4861772581,0.4790792524,0.4779061161
foz3G06l,2025-08-17,0,0.3399167613,0.3404523616,0.3364717662,0.3397403093
jiQzz2ml,2025-08-17,0,0.5787789687,0.5711072227,0.5711076824,0.577832044
x8lInuXg,2025-08-17,0,0.6907235872,0.6852802158,0.6855869295,0.6868290336
dOqhaIGa,2025-08-17,0,0.4003005644,0.4008399882,0.4018505056,0.4026941668
dj82hA3F,2025-08-17,0,0.4884421792,0.4643818229,0.4492581078,0.4382271681
GEyp1vnm,2025-08-17,0,0.6525262491,0.6621220025,0.6625849452,0.6635095098
YZR92qO0,2025-08-17,1,0.6481078084,0.6508251369,0.6566480219,0.658988384
t2rGzUZq,2025-08-17,1,0.8124881097,0.8199560416,0.8121754085,0.8130082996
xUyPY74d,2025-08-17,1,0.8191550662,0.8212788224,0.824983712,0.8304918831
pA9wfNvK,2025-08-17,0,0.4726438032,0.4731280577,0.4735785299,0.473141523
ShwVAMYA,2025-08-17,1,0.5306113414,0.518865733,0.5261512994,0.5286297416
I3HiWJnD,2025-08-18,0,0.4371288791,0.4288900292,0.4297997758,0.4365858617
2yH3Etjo,2025-08-18,1,0.6746681457,0.6670145637,0.6675513051,0.6689451812
OxAffWY2,2025-08-18,1,0.3162894544,0.3107512161,0.3126275923,0.3194715276
zLmGNpTb,2025-08-18,0,0.492298525,0.4886786048,0.4887542897,0.4895311515
dzxPLOcB,2025-08-18,1,0.449215039,0.4460483096,0.4462120831,0.4346337802
pWpE60OP,2025-08-18,1,0.6898372193,0.689959925,0.6896451248,0.6899992066
4z8RrcWI,2025-08-18,0,0.4051204289,0.4060365681,0.4056752877,0.4111183754
OMHJfkRF,2025-08-18,0,0.5033526805,0.5028749176,0.502472752,0.5031310025
dlTrYuI0,2025-08-18,0,0.3151419021,0.3099458143,0.3111692784,0.3151534615
txaP16Yr,2025-08-18,0,0.4909203003,0.489716792,0.4905569084,0.4888590179
hvPUYVhc,2025-08-18,1,0.8043552354,0.8047125354,0.8070973685,0.8082685463
jX1bm7Jk,2025-08-18,0,0.2466650485,0.2462407621,0.2460195186,0.2514197769
rizXJ2SN,2025-08-18,0,0.6828265551,0.6888496836,0.6882578338,0.689033507
d4Nh7SAL,2025-08-18,1,0.7354635129,0.7236374289,0.7250231087,0.7318749529
dA4JpJ16,2025-08-18,1,0.5717685742,0.5719879244,0.5736849547,0.5687547611
Op06ool2,2025-08-18,0,0.5251391502,0.5261091982,0.5270363693,0.52680833
27TAdBd3,2025-08-18,0,0.3629492133,0.3559840583,0.3569295124,0.3633055509
dCm7SGzn,2025-08-19,1,0.3218943789,0.3217367101,0.3220013155,0.3217478597
bc3Dqm7F,2025-08-19,1,0.662330388,0.6626289798,0.6618598279,0.6632040293
lvKp9lt9,2025-08-19,1,0.9142998552,0.9156688403,0.9164583527,0.9178720302
4dmpU18L,2025-08-19,0,0.6137970017,0.613167982,0.6049504095,0.6111926949
0SYFOuWr,2025-08-19,0,0.5888446543,0.5860525955,0.5834465801,0.5837891146
6u4GMJ0e,2025-08-19,0,0.3801881803,0.3807072031,0.3737923815,0.3712584988
WnLRhTeS,2025-08-19,0,0.4047984073,0.4034740591,0.4032735202,0.411041268
E57OKcV7,2025-08-19,1,0.7644748652,0.7619151411,0.7587815596,0.7600546911
0OQZARSP,2025-08-20,1,0.6739580382,0.6734252135,0.6748555138,0.6724262114
f9lwHrbt,2025-08-20,0,0.3393403465,0.3388942009,0.3396186783,0.3373239404
I3BrLZxg,2025-08-20,1,0.7208251247,0.7154059103,0.7146536584,0.7150682767
WUPv85LP,2025-08-20,1,0.7950834527,0.7939032367,0.7935512237,0.7990524126
r7S3tbMa,2025-08-20,1,0.4289610692,0.4325601045,0.4274236884,0.4270801432
noAFxriL,2025-08-20,1,0.3084250784,0.3026252119,0.3024196346,0.3011412898
rVKKb1rC,2025-08-20,1,0.6051375425,0.6069238105,0.6063968053,0.6128784624
6kVb34ZA,2025-08-20,1,0.8037149664,0.8026777046,0.8032492767,0.8034205006
jFhADmVb,2025-08-20,0,0.7863545859,0.7866565001,0.7870271087,0.7863739625
p6DhSGXa,2025-08-20,0,0.2433950949,0.2432547896,0.2425896967,0.2435848712
nq3aHixI,2025-08-21,0,0.3232175195,0.3160425893,0.3153765171,0.3151200595
80nRxjzQ,2025-08-21,0,0.5615690126,0.5576015499,0.5560036809,0.5539498763
8UgyWNw9,2025-08-21,1,0.4564433522,0.4572824621,0.4635327586,0.4644824021
jeOSduDO,2025-08-21,0,0.6100143649,0.6101805369,0.6113093039,0.6117213597
b1JzpX05,2025-08-21,1,0.4210356412,0.4218773759,0.421028518,0.4197280447
jVOqxw4K,2025-08-21,0,0.650456619,0.6501921638,0.649399542,0.6539411214
Me4g34RO,2025-08-21,0,0.3934462859,0.3973511232,0.3904709133,0.3903686804
jTqel1As,2025-08-21,1,0.4660769771,0.4652149904,0.4728162345,0.4727375142
8pl4nFo9,2025-08-21,0,0.3414013433,0.3367144144,0.3362137706,0.3368550644
I9lRE7HG,2025-08-21,0,0.4623364563,0.4619497636,0.4619484495,0.4617602217
zLBjYT2n,2025-08-21,0,0.3518954568,0.3523947497,0.3548902233,0.3502317999
WOSQiVvn,2025-08-22,1,0.6680177136,0.6621800756,0.6635556073,0.6633796835
OWpYk99b,2025-08-22,0,0.2650956082,0.2642204431,0.2694579943,0.2689601676
CdJLt5Wp,2025-08-22,1,0.3972953216,0.3944535292,0.3991376732,0.3984637676
vcb62eCm,2025-08-23,0,0.373048358,0.3744604144,0.373791802,0.3777041808
b1VSA423,2025-08-23,1,0.5866286063,0.5871083789,0.5831808052,0.5850456128
OWt0kf8M,2025-08-23,1,0.3911378149,0.391470138,0.3911089365,0.391569813
C4mSup3T,2025-08-24,1,0.8385051117,0.8439425688,0.8441391586,0.8384351064
bPkVDc7m,2025-08-24,1,0.56899383,0.5700115687,0.5713136803,0.576083334
Umh9TFD6,2025-08-24,0,0.2769369098,0.2785000755,0.279720369,0.2832960504
dxPbzOQj,2025-08-24,0,0.175284498,0.1723879381,0.1735987755,0.1724717806
pxUIqS34,2025-08-24,0,0.2164932262,0.2333459421,0.2301500687,0.2221928256
QFoIRgrJ,2025-08-24,1,0.07924857625,0.07173960954,0.0661011078,0.05999686833
xvPhMRbE,2025-08-24,1,0.8414730515,0.8428555964,0.8413490217,0.8438896305
YNFdabhf,2025-08-24,1,0.2844657615,0.2887397684,0.2837038614,0.283435617
4l9XEqil,2025-08-24,1,0.3826234875,0.3753370173,0.3740112005,0.3730218499
2g4aJJqQ,2025-08-24,0,0.3502128601,0.3448140999,0.3446323621,0.3461969287
AukYlNup,2025-08-24,1,0.6489918564,0.6472519896,0.6263129012,0.6325017843
YRBtxVfT,2025-08-24,1,0.4837835823,0.4753156163,0.480592049,0.4808646614
8MXNJSw9,2025-08-24,1,0.7563170674,0.755531062,0.7605802332,0.7599105992
dGmONpso,2025-08-24,0,0.2966382804,0.2945381277,0.2930283618,0.2912776617
Q3ctDNL0,2025-08-24,1,0.6146878297,0.6138779259,0.6198102501,0.6194475226
OjaxLWKU,2025-08-24,0,0.4716224118,0.4717825664,0.479360902,0.4718914158
OrHpbRIc,2025-08-24,0,0.1757748593,0.1750732675,0.1814083419,0.1807461037
4vpKs6YG,2025-08-24,1,0.8337080681,0.826789912,0.8307718365,0.8342439662
feZkTZBb,2025-08-24,1,0.903265745,0.9038143364,0.9043340999,0.9050066177
nBmaPiBN,2025-08-25,0,0.4493631861,0.4380631572,0.4371052168,0.437297172
0EDYwiQG,2025-08-25,1,0.3909876789,0.3906613231,0.3927219553,0.3910409515
jHLjtgcC,2025-08-25,0,0.6254571695,0.6260392549,0.6269546171,0.6186069522
237DeGiJ,2025-08-25,1,0.5033073475,0.5023971068,0.496148192,0.4973538289
xbFhNM1b,2025-08-25,1,0.695358331,0.6955294963,0.6955804989,0.6954827093
hChDW8Ij,2025-08-25,1,0.4501419034,0.4505491767,0.4431865737,0.4436670153
bkHHsZQi,2025-08-25,1,0.9387503343,0.9457035954,0.9504651746,0.9541365389
ObP6Tr6s,2025-08-25,1,0.5586358225,0.5558787645,0.5543479808,0.5543764428
lI0c37gS,2025-08-25,1,0.9481016081,0.9497213693,0.9509117455,0.9528441383
CKelB1jD,2025-08-25,0,0.8283814056,0.8291393909,0.8289964338,0.8255451309
S8XcRDtB,2025-08-25,0,0.3625042953,0.3641276571,0.3621529565,0.3638077055
U1XsrFSa,2025-08-25,1,0.5840363301,0.5874976168,0.5577553176,0.5674278231
lE4DQzig,2025-08-25,1,0.7065078081,0.7064206792,0.7080490823,0.7118311734
KIpafCAc,2025-08-25,1,0.5997493113,0.6047129785,0.6053121593,0.6073937307
CYzNP056,2025-08-25,1,0.5610193509,0.559778534,0.5601622636,0.5540012446
6FKPuDe4,2025-08-25,1,0.5412920082,0.541835624,0.5453382386,0.5453233799
S2Cl5TOF,2025-08-25,1,0.7395079391,0.7386868877,0.7393326509,0.7394061276
Y5I1K5TQ,2025-08-25,1,0.2866487201,0.2881024896,0.2885210976,0.2849321557
YmPVNvzJ,2025-08-25,1,0.5953345528,0.5967533668,0.5975326165,0.6050470917
I9Y3kczQ,2025-08-25,0,0.1959223094,0.2084326527,0.2058448532,0.2037617676
fiqvCyx0,2025-08-25,1,0.114150645,0.1141668836,0.1142515821,0.1138282593
COVAolZi,2025-08-25,0,0.6247856118,0.6245740512,0.6251152749,0.6244352981
GSpxdPo2,2025-08-25,0,0.1058381588,0.1061777352,0.1059521483,0.1063393919
IgdUMhjI,2025-08-25,0,0.1314546344,0.1320535079,0.134730086,0.1353999056
6cRgqn2d,2025-08-26,1,0.6707920345,0.6790295439,0.6861300916,0.694775027
tYY7hjuA,2025-08-26,0,0.04325287568,0.04315689625,0.04381239479,0.04352710486
KQIFRMzf,2025-08-26,0,0.3605405829,0.3534333792,0.3543424669,0.3550977027
xfFzpybm,2025-08-26,0,0.2307123685,0.2270281969,0.2238357368,0.2231640778
EanFjU9M,2025-08-26,1,0.4139244899,0.407828985,0.4089896133,0.4106868091
M59t7kf3,2025-08-26,0,0.7058293,0.7048663235,0.7048359388,0.6990808291
IgvVJVYp,2025-08-26,1,0.784380197,0.7892592442,0.7892918951,0.7850822348
YqToo8Xq,2025-08-26,0,0.480235018,0.4852178741,0.4835500903,0.483101992
MR2LOEL5,2025-08-26,0,0.4262338857,0.4226414613,0.4223556271,0.4291350819
je81fqIM,2025-08-26,1,0.7874609123,0.7884654103,0.7890596121,0.7839930012
IsAgd5mA,2025-08-26,0,0.4825860113,0.4742146815,0.4889715163,0.4881750337
bTusVesn,2025-08-26,1,0.4329416528,0.4318307437,0.4309654514,0.422490313
OWze8gyP,2025-08-26,1,0.799700956,0.800558841,0.8010233687,0.801514521
2HnnAF6C,2025-08-26,1,0.348505244,0.3474879345,0.3482426853,0.3483589365
SSwyZ4rK,2025-08-26,1,0.6492686724,0.6496603872,0.6513621199,0.6538712882
QcCl1KNs,2025-08-26,1,0.4825946467,0.4910659021,0.4909730404,0.493138971
UXBpPrXo,2025-08-26,0,0.2184907885,0.2176819521,0.2174119051,0.2165018825
YP81L0WA,2025-08-26,1,0.3797533533,0.3693258832,0.3652548038,0.3696708187
K0iTcoHk,2025-08-26,1,0.5581165418,0.5519549294,0.5525400684,0.5521354789
fw45cxN6,2025-08-26,0,0.1423747165,0.1427840421,0.1429387235,0.1431754888
zcPdaczG,2025-08-27,1,0.7931083329,0.7984716339,0.7991914589,0.8019550482
8nkyhzpm,2025-08-27,1,0.6110077157,0.6057872956,0.6113931941,0.609938877
CxqWr0as,2025-08-27,1,0.5695166388,0.5706851528,0.5663641272,0.5639146017
UsspGEJ0,2025-08-27,1,0.4606978742,0.4583919286,0.4629448851,0.467724954
KMryJ3l3,2025-08-27,1,0.8262369949,0.8261876412,0.8252496958,0.8219347102
Wf96WtIt,2025-08-27,0,0.2672044781,0.2710219329,0.2730804374,0.2730145006
Ms1Dd85D,2025-08-27,0,0.5555892261,0.554639877,0.5570813152,0.5574182476
4bvXwcfA,2025-08-27,1,0.7227071209,0.7237701598,0.7245796055,0.7269301917
zFCVKgCb,2025-08-27,1,0.7398450687,0.7375387414,0.733952724,0.7349341696
tdRqRFGs,2025-08-27,0,0.8262311754,0.8270539003,0.8267085084,0.8266211202
hShu1XkT,2025-08-27,0,0.216399105,0.2168813014,0.2197762196,0.220144443
dUrxIzkl,2025-08-27,0,0.3396616774,0.3394207902,0.3384674745,0.3384357562
WxYbuv6e,2025-08-27,1,0.2988163217,0.3002385763,0.30374771,0.3051019081
bFUJQxUj,2025-08-27,0,0.348987417,0.3459239046,0.3471373503,0.3455298059
bXwHApNP,2025-08-27,0,0.2616224275,0.2603995598,0.2607656546,0.2607403047
8QD0uc0s,2025-08-27,1,0.9556091154,0.9547551496,0.9548155348,0.9561391479
lt3SRiqL,2025-08-28,1,0.6491684,0.6464080427,0.6463523337,0.6455341356
Wru32GbC,2025-08-28,1,0.6929107978,0.6883622687,0.6872093047,0.6884645525
drld1tpC,2025-08-28,1,0.7747717699,0.7746880735,0.7749324187,0.7752368409
IcUm4Ts3,2025-08-28,1,0.6530982423,0.6546208873,0.6534823531,0.6570500619
QXjFAPLE,2025-08-28,1,0.5632172526,0.5636544896,0.5633901772,0.5625869348
d0mnv2fB,2025-08-28,0,0.05992161752,0.05975844533,0.05856578612,0.05937740303
YVyUaWIO,2025-08-28,0,0.2985156468,0.3042646965,0.3033844678,0.2984441164
SlNQWJno,2025-08-28,0,0.2107107758,0.2131127744,0.212446319,0.2123697345
zTam32Fa,2025-08-28,1,0.4338629655,0.4236902508,0.4248277448,0.431361478
pA5nIDYh,2025-08-28,0,0.4161723728,0.424505197,0.4236485275,0.4239226738
6uh6K9ye,2025-08-28,0,0.4378831492,0.4385634619,0.4390872239,0.4405341628
tGaKTDE8,2025-08-28,1,0.4115602379,0.4128617895,0.4135998915,0.4176870911
6se3WEnp,2025-08-28,0,0.4219859374,0.4139749785,0.4149834553,0.4223047022
0GfIW9NN,2025-08-28,1,0.6436536314,0.6392193332,0.6392491457,0.6414897455
YqH2EVXH,2025-08-28,0,0.1780672,0.179170066,0.1792857933,0.1790142957
2eebkLlD,2025-08-28,1,0.6537364301,0.6603434394,0.660584205,0.6621074884
UilraBN0,2025-08-29,1,0.6627602834,0.6574539076,0.6577099947,0.6602909831
tMv35S2N,2025-08-29,1,0.5204589812,0.5236672485,0.5221315547,0.5280890032
KjEUk9ZP,2025-08-29,1,0.7715125517,0.7704626701,0.7712202261,0.7733138249
pdbNA2N5,2025-08-29,0,0.7468977593,0.7474700452,0.745521274,0.7426807388
Yeye7lYA,2025-08-29,0,0.3659263362,0.3649651683,0.3621546807,0.3678568258
dfYmW0Wa,2025-08-29,0,0.5534543142,0.5545066665,0.5580503522,0.5582853645
GdjtcbBd,2025-08-29,1,0.8193122952,0.8173179253,0.8175180404,0.8203199274
tOiW8thI,2025-08-29,1,0.2242267314,0.2252169367,0.2239455407,0.2247397357
G6L5LZyK,2025-08-30,0,0.1292839734,0.13017324,0.1302414879,0.1324136653
KrUXathn,2025-08-30,0,0.5621267628,0.5625471664,0.5625957102,0.56374056
zeUSDNID,2025-08-30,0,0.3151190348,0.3155164685,0.315372203,0.3117454379
2Tjn1pZ7,2025-08-30,0,0.2716623213,0.2706060711,0.270347677,0.2701492446
WULmWeFb,2025-08-30,1,0.7420020729,0.741674384,0.7414923514,0.7416544103
GU3hCVb6,2025-08-30,1,0.7950612119,0.7985214661,0.7981274415,0.7958569933
Olh9BBhT,2025-08-30,0,0.1555328254,0.1558924722,0.1532026978,0.1550375831
Q7NxmRGs,2025-08-30,1,0.3918609748,0.3932195987,0.392409711,0.3927751469
0O2VxmF8,2025-08-31,1,0.8084159723,0.8084534184,0.8059808379,0.8059543013
tM02RDCO,2025-08-31,1,0.5673411739,0.5672811286,0.5684224394,0.567930049
nuRCkQbE,2025-08-31,1,0.913052627,0.913965287,0.9133183549,0.9135838134
WMVmWh5M,2025-08-31,0,0.6668690149,0.6654961385,0.6650971097,0.6648213218
vX2gHovB,2025-09-01,0,0.204295515,0.2048456165,0.2018580319,0.2011287733
OrR8ic5d,2025-09-01,1,0.3739056554,0.3747114185,0.3747595861,0.3789013718
GjTgF0c3,2025-09-01,0,0.5135164943,0.5210613699,0.5203509622,0.5205259619
2ZFqS2hT,2025-09-01,1,0.7737967032,0.7759377791,0.7759834361,0.7773869171
Yik9Ul3m,2025-09-02,1,0.7081873181,0.7079500162,0.7066803757,0.7074752185
lvMNSUfB,2025-09-03,1,0.2619017002,0.2648038158,0.261462702,0.2616357298
Cp5sI4N9,2025-09-03,0,0.3398296713,0.3405366601,0.3407502008,0.3360514134
0MuH42YQ,2025-09-04,1,0.7069505866,0.7083036593,0.70819665,0.7119491901
UVCErTSb,2025-09-04,0,0.5347132079,0.5323263129,0.5309772246,0.5339305537
dCNiwQQ0,2025-09-06,1,0.5687130919,0.561750813,0.5285020551,0.5338981857
r7SBrL2t,2025-09-06,1,0.4896953281,0.532876058,0.5637152772,0.5808312782
06X69l7d,2025-09-06,1,0.9148493229,0.9183566886,0.9230479519,0.9076840933
4CHQCNDl,2025-09-06,0,0.3690008267,0.4194710261,0.437610052,0.4291512121
IRB0y4eD,2025-09-06,0,0.4959601298,0.4523713881,0.4725722517,0.476947381
WUwDp8YQ,2025-09-06,1,0.5396498609,0.5303958988,0.5240255177,0.4241489744
bHu5nU3E,2025-09-06,1,0.5,0.5,0.5,0.5
QR5ZA1r1,2025-09-06,0,0.7139261421,0.7139985797,0.6998754302,0.7003671699
h0KhXia3,2025-09-06,1,0.5445976909,0.6298050309,0.698366955,0.6796275105
jFKqundl,2025-09-06,1,0.4727747629,0.4884054919,0.4953891839,0.4354834551
vVV8P0cf,2025-09-06,0,0.7311959557,0.7491198119,0.7623777365,0.7777286888
vZLKtaXh,2025-09-06,1,0.5720846539,0.6121697414,0.6266142844,0.6419002009
M3WOyNpQ,2025-09-06,1,0.7266128484,0.7254583907,0.7248007935,0.7268790296
r3x0RMSs,2025-09-06,1,0.4838270936,0.4900561745,0.4942517826,0.5135735525
bDkgVVTF,2025-09-06,1,0.8092531818,0.8240448062,0.8348396143,0.851935112
r9cIOQB7,2025-09-06,0,0.5644378074,0.5471391851,0.5327413437,0.5165014837
QwMc4VMF,2025-09-06,0,0.1506513932,0.1429821801,0.1383130605,0.1261427447
nXjUWr5K,2025-09-06,1,0.8093261876,0.8113054535,0.8120832055,0.8158862752
zZOZm6rC,2025-09-07,1,0.5842756794,0.575287662,0.570729042,0.5783686666
d4kjUcun,2025-09-07,1,0.3067908155,0.3393842941,0.3647601556,0.380836665
I1pTVAGj,2025-09-07,0,0.2058164873,0.2154866107,0.229592474,0.2352203716
EuU57iu2,2025-09-07,0,0.6034376977,0.6199040062,0.6172932748,0.6167780786
Yi9s9uDD,2025-09-07,1,0.7473756465,0.7439871264,0.7432120255,0.7440999503
CGXoDa5m,2025-09-07,1,0.7626373322,0.7475666342,0.7412072419,0.7521906191
G6azyOEi,2025-09-07,0,0.4743015166,0.4996457222,0.5016983568,0.5091451542
G8U29H4C,2025-09-07,0,0.5276872416,0.5297558113,0.5311638013,0.5421727623
Y9SFgE8c,2025-09-07,0,0.6285023832,0.6444371082,0.6560550039,0.637814228
CjdCZSz8,2025-09-07,1,0.8438338141,0.8445328552,0.8448881566,0.8507336077
KpXhChHG,2025-09-08,0,0.8674659164,0.865570528,0.862979077,0.8643186398
CrMNRk1c,2025-09-08,0,0.280966953,0.2768014944,0.2755959888,0.2713981465
lSTb2ZXo,2025-09-08,0,0.1505144848,0.1504540433,0.1502627601,0.1491028748
I7LFbiXA,2025-09-08,0,0.6364621654,0.6603911159,0.6746189764,0.6931514893
dtgP4A9j,2025-09-08,0,0.7172330782,0.7227565996,0.7269440307,0.7019317938
dzvy4n9j,2025-09-08,0,0.4235704637,0.4196835167,0.4216723524,0.4220875422
Wb77Hmgd,2025-09-08,0,0.5460534012,0.5479747527,0.5573189542,0.5549339885
KKm2wVFF,2025-09-08,1,0.8626896079,0.8485894887,0.8370301415,0.8263210742
n1h598oT,2025-09-08,1,0.4994694461,0.5307400898,0.5300783662,0.5293840309
zXDbJ9Oq,2025-09-08,1,0.5706944904,0.5750289583,0.5680030431,0.5728829417
fu16YetP,2025-09-08,0,0.217138921,0.2169145637,0.215590666,0.2141747295
UaKgi9Pp,2025-09-08,0,0.2345885294,0.2112296672,0.1994981405,0.1852300767
pdKVPTV9,2025-09-09,0,0.331439563,0.3323057713,0.3320402934,0.3227654648
QXONdV1N,2025-09-09,0,0.1741005425,0.1599889483,0.1500691602,0.1357587084
dhX60D2b,2025-09-09,1,0.7603546523,0.7645025518,0.7331985797,0.7385855027
IL0lDjn4,2025-09-09,0,0.6707119315,0.6946508001,0.6671878699,0.6648703162
Qo4dBUGG,2025-09-09,0,0.6469157075,0.6512338097,0.6640995225,0.6672296091
Mg7uFCHi,2025-09-09,0,0.4398040061,0.459611427,0.4754858377,0.4974690991
2XrazIBC,2025-09-09,0,0.4670487362,0.4775641048,0.4763862713,0.4767630259
Qc2gAWoT,2025-09-09,0,0.0566706446,0.05704595584,0.05718085171,0.05427888164
v1SSOV0M,2025-09-09,0,0.4690547626,0.4777733392,0.479533811,0.481005235
E7ABqMlQ,2025-09-09,0,0.7141202819,0.7093740594,0.7097702403,0.7093258505
65kjxvs0,2025-09-09,1,0.2968164701,0.2965976409,0.3044543378,0.3037593261
xxWBSD1c,2025-09-09,1,0.9313780623,0.9312120662,0.9333616148,0.9358437553
8nHMznNh,2025-09-09,0,0.4195456166,0.4163978496,0.4142492385,0.4118527622
0MDEx8ht,2025-09-09,1,0.4902764207,0.4965442444,0.4943526224,0.4932060765
Yiirv0Cm,2025-09-09,1,0.1674471227,0.1646139531,0.1641961621,0.1604419366
Ek9laGxH,2025-09-10,1,0.9154609177,0.9179972097,0.9196304698,0.9151175769
zT7gv0r1,2025-09-10,0,0.3963973699,0.4048098408,0.4129066149,0.4160254673
QgbZN71d,2025-09-10,1,0.7129753547,0.7050958579,0.7198841891,0.7196580482
4dmdz9GF,2025-09-10,0,0.6422253877,0.6459203916,0.6513743867,0.6535645935
6P5t1x84,2025-09-10,0,0.1269599762,0.1262180251,0.1240473306,0.121822574
b5aguio3,2025-09-10,0,0.5555098067,0.5482091569,0.5438280786,0.5315357993
xxQHf4me,2025-09-10,0,0.2413844646,0.2536142517,0.2514011578,0.2495734783
Qm7InAjA,2025-09-10,0,0.4524109454,0.449465049,0.4499175113,0.4492965875
lQMvaznA,2025-09-11,0,0.1780492533,0.1877780183,0.1989918921,0.1916121068
IgYhZdLH,2025-09-11,0,0.08714164218,0.08446080065,0.08166271237,0.07666778558
zckeJ2rn,2025-09-11,0,0.3896501175,0.3889894831,0.3809390965,0.3784148055
hMLqR4w2,2025-09-11,1,0.2551616624,0.2544223043,0.2531867846,0.2531066907
2gSr932l,2025-09-11,0,0.8102777609,0.8067904696,0.8072282327,0.80754694
IN3AlWLc,2025-09-11,1,0.8198660176,0.8215190517,0.8177316955,0.818764244
ALbDwRUg,2025-09-11,0,0.3797576713,0.3893485421,0.389699253,0.3896130534
MmW3IssH,2025-09-11,0,0.3607599165,0.360124238,0.3601336098,0.3589952073
t6x1bs7r,2025-09-12,1,0.4713429525,0.4695783427,0.4688388721,0.4736357847
EuCEx6TO,2025-09-12,1,0.6147190423,0.6181623286,0.630224057,0.6303543513
0ABCGoAE,2025-09-12,0,0.7389289951,0.7379495605,0.7408588804,0.7420641212
ERE6tK95,2025-09-12,1,0.2710100889,0.2718876736,0.2714614127,0.2635244302
EcDWiNWO,2025-09-12,0,0.6429862832,0.6420649786,0.6405329554,0.6354970806
pILFe5Xa,2025-09-12,1,0.5953901388,0.5973029485,0.5975058565,0.5981947096
tUUdLkCi,2025-09-12,1,0.6666132902,0.6686829007,0.6694975369,0.6687133641
4K32xUdC,2025-09-12,0,0.1859241955,0.1759872187,0.1727122792,0.1953606332
xY1Az8RO,2025-09-12,0,0.5364423178,0.5486800224,0.5638274068,0.5690154457
zssqobup,2025-09-12,0,0.3299522802,0.3236191412,0.3236153057,0.3233428833
veZ3ZFGk,2025-09-12,0,0.4993902578,0.5013565275,0.4935941279,0.4925791526
pY5MscLM,2025-09-12,1,0.5626580369,0.5666553003,0.5614703376,0.5630113595
02DOm0Sh,2025-09-12,1,0.2907630333,0.2870188317,0.2857993572,0.280484553
fP0TjTB5,2025-09-12,1,0.7684751634,0.769043085,0.7692098309,0.7690818541
rq24htmA,2025-09-12,0,0.357466429,0.3491118545,0.3445964598,0.3353056258
2k4yk7tI,2025-09-13,0,0.06718997743,0.07034542444,0.06755874657,0.0651326306
fNL9WbQj,2025-09-13,0,0.7351304643,0.736739781,0.7428412929,0.7448450799
nH8ef2Ic,2025-09-13,1,0.4482246786,0.4475615052,0.4297127759,0.4355654541
Y9CKhksg,2025-09-13,1,0.9137921393,0.9216650422,0.9253623988,0.9285147698
8hAgvjSa,2025-09-13,0,0.8087119719,0.8113584551,0.8132842985,0.8201076126
Qq9CfBCt,2025-09-13,0,0.4897200955,0.4906249978,0.5043925909,0.5043447861
QiVPlasR,2025-09-13,1,0.5294129247,0.5296772462,0.520612473,0.5241660499
6JzaKYnI,2025-09-13,0,0.8112338898,0.8131580909,0.8139016048,0.8156877437
WlU3fz5S,2025-09-13,0,0.6041524125,0.6085196795,0.604000389,0.6047258994
Kjdl0ahl,2025-09-13,0,0.2826856939,0.2808725236,0.2798477295,0.2821376137
lWm5dHiD,2025-09-13,1,0.6690825665,0.6705908263,0.6720792304,0.6715376376
l85I5LUQ,2025-09-13,0,0.2301104656,0.2195324758,0.2668422481,0.2586313856
GGdhxyqp,2025-09-13,1,0.4095897453,0.3964309989,0.400945069,0.3940694126
SzECg9xP,2025-09-13,0,0.2274049114,0.2286240606,0.229835235,0.2291751149
2NiedQAd,2025-09-14,0,0.2777588456,0.277922995,0.2732458902,0.274018175
tbpBSz1L,2025-09-14,0,0.4825599768,0.4916327937,0.4869056713,0.4866137745
pxOBL5s1,2025-09-14,1,0.111320025,0.1103590187,0.1101783348,0.1103267636
ryttLrpK,2025-09-14,0,0.3150183316,0.3153497449,0.3190875625,0.3188013142
MX7UAPPk,2025-09-14,0,0.57336632,0.5647442058,0.563814332,0.5659786249
nsUpwogD,2025-09-15,1,0.7294415681,0.7308128814,0.7319259967,0.7341675077
EmMW0loK,2025-09-15,1,0.9064247708,0.8789396131,0.8838653096,0.889592021
I1xUtTgl,2025-09-15,0,0.3997938753,0.3965457094,0.398131188,0.400344887
rwgPW6n9,2025-09-15,0,0.364441738,0.3648551589,0.365552382,0.3569987389
UZSkI7XF,2025-09-15,1,0.8050239994,0.7939624922,0.8017244356,0.8081824576
W423eS8s,2025-09-16,1,0.7052616763,0.7043333234,0.7049392608,0.7040226522
QRuxu7O0,2025-09-17,1,0.5777839378,0.5719449375,0.5651656577,0.5661759504
fDGEgHJl,2025-09-17,0,0.3000119218,0.305017732,0.3044696732,0.3038948126
Ia1w93f2,2025-09-17,1,0.5497671239,0.5466783315,0.5473058121,0.5549086608
2R5cEbWs,2025-09-17,0,0.2363039254,0.2315674954,0.2317906274,0.2361185531
Q1MbGo2S,2025-09-17,1,0.8407680594,0.7954098614,0.804245017,0.8108192603
lSkbCkyS,2025-09-17,1,0.5543500883,0.5536357073,0.5526900247,0.5456040662
OnB7NS7t,2025-09-17,1,0.6628578339,0.6660477986,0.6657220794,0.6654980193
txHIZp9U,2025-09-17,0,0.7581779426,0.7584009174,0.7576832166,0.7523374794
YVPPM6Ui,2025-09-18,0,0.1869611522,0.1927560826,0.1907599984,0.1897378359
rDsSN44K,2025-09-18,1,0.871942274,0.8714987922,0.8741550001,0.8745195553
p8KdgeXo,2025-09-18,0,0.6464178405,0.6505363345,0.6478753967,0.6472040816
6LZzjwOs,2025-09-18,1,0.4811423658,0.4831015148,0.4824578166,0.4795514247
UsawYARk,2025-09-18,1,0.347551058,0.3421862604,0.3438457346,0.3412564983
C8kUzNz1,2025-09-19,0,0.5347076071,0.5443923184,0.5448255775,0.543316414
jiEJ3x9k,2025-09-19,1,0.8594522743,0.8592039749,0.8612058456,0.8613669305
vmi6aqdK,2025-09-19,0,0.2088927632,0.2079894943,0.2091842965,0.209020533
zqrBXcrp,2025-09-19,0,0.3116297774,0.309710155,0.3110575774,0.3153712111
fT6ITv1l,2025-09-20,1,0.857169959,0.8568630993,0.8595269741,0.8594477965
0UH6IWE8,2025-09-20,0,0.3296271758,0.3299086306,0.3289663414,0.3291055982
YH6fTLcU,2025-09-21,1,0.8021842407,0.8014804828,0.8038619789,0.8042847026
GMwHOPAU,2025-09-21,0,0.3630350226,0.3559247101,0.3566265815,0.353111958
OpCItbWF,2025-09-21,1,0.6878543383,0.6951735186,0.6974028022,0.6944339571
G02tCnRO,2025-09-21,0,0.2792555741,0.277154881,0.260145877,0.2470874479
0CQNKG9d,2025-09-21,0,0.5497921613,0.5508159632,0.5522913246,0.5528093372
fmRVmFwq,2025-09-21,1,0.6515104952,0.6569380025,0.6462161275,0.6470654837
dKNFQotI,2025-09-21,0,0.7458040515,0.7517117311,0.7619072818,0.7656090227
tp1dZFOk,2025-09-21,0,0.3244048986,0.3218008925,0.3214732571,0.3146288774
6oJQrTen,2025-09-21,1,0.5208776104,0.5206065783,0.5237002982,0.530463562
SvWbUTtg,2025-09-21,0,0.2299813454,0.2189972332,0.2036219979,0.19866912
EHoujNQQ,2025-09-21,0,0.5032987457,0.504017081,0.5052291618,0.5053324765
O6P7S7B5,2025-09-22,1,0.6371256834,0.6281872871,0.6281131492,0.6293414043
SbSFMxup,2025-09-22,0,0.2901400732,0.288014422,0.2872950343,0.2925544219
KESjWkCt,2025-09-22,0,0.3721499672,0.369803023,0.3707690553,0.3717306084
t4mXiqdE,2025-09-22,1,0.8091109137,0.824082167,0.8373719948,0.8494570538
G2Fvng8e,2025-09-22,0,0.5696625006,0.5710574128,0.5691287991,0.5709399982
p00Rvx1S,2025-09-22,1,0.51428884,0.5137866937,0.5148555874,0.52637828
U5sieco9,2025-09-22,0,0.4426721623,0.4415767259,0.4651763531,0.4535911304
QXz0gyGL,2025-09-22,0,0.2337660059,0.2259756566,0.2209077755,0.2098343329
zRAsuoeB,2025-09-22,1,0.7723115245,0.773032505,0.7793171195,0.7801096849
xCf5Xgg2,2025-09-22,1,0.7726737742,0.7832544466,0.725057793,0.7068176122
dxk4p1ll,2025-09-22,0,0.5388303423,0.5373354291,0.5357815211,0.5344542952
GK8ArK13,2025-09-22,0,0.1591955078,0.1415824156,0.1330013236,0.1230719868
S07Zt7Qb,2025-09-22,0,0.2882064786,0.2638692293,0.2468572303,0.2424566809
OSInpXx8,2025-09-22,1,0.8116488875,0.8262123353,0.8367911623,0.8485499811
hxWbxSkS,2025-09-22,1,0.4676785226,0.4737125659,0.4737677323,0.4718393222
W82HPl6M,2025-09-22,0,0.5705181835,0.5762304376,0.5796883363,0.5802497996
OQ5wVqr2,2025-09-22,1,0.6758360816,0.6785504432,0.6717084811,0.6783585253
YRZ9uQnn,2025-09-22,1,0.7221252236,0.7212132488,0.7210670257,0.7305404729
pCSjvlLF,2025-09-22,0,0.3769639249,0.3679375656,0.371320794,0.3670789412
f14aLM1U,2025-09-22,0,0.4270119114,0.4255269977,0.4283331384,0.4266618689
EXi9KuIk,2025-09-22,0,0.4216660742,0.4213729182,0.4249085939,0.4244381087
2qBlDTZr,2025-09-23,0,0.335450846,0.3349269406,0.3351860249,0.3327285235
Svr0Qme2,2025-09-23,0,0.628118986,0.6287715994,0.6352336768,0.6264636021
pjanopmD,2025-09-23,1,0.4488276919,0.4385251457,0.4393833389,0.4393171552
AFXpcyOH,2025-09-23,1,0.4401822013,0.4353284727,0.4428797726,0.448855355
EyE63TiK,2025-09-23,1,0.3023279964,0.3025086025,0.3045017613,0.3053300044
Qq9Cx4sR,2025-09-23,0,0.3921383578,0.3915500918,0.3908587689,0.4006978106
hh4qdkvH,2025-09-23,1,0.8448661675,0.8527771164,0.8587988989,0.8671331744
nZP0oYPb,2025-09-23,1,0.4647316705,0.4636294285,0.4641434019,0.4537218538
xOSHGMK7,2025-09-23,0,0.4211997862,0.4159418345,0.4113098063,0.4133126913
QNXyQQcL,2025-09-23,0,0.4194027207,0.4147637047,0.4100909853,0.42001668
0xjz0Xvh,2025-09-24,0,0.06908769223,0.06274745022,0.0597891861,0.05740030432
SCZYteNp,2025-09-24,0,0.4712675394,0.4666103684,0.4675391098,0.4673056398
pU7mxUno,2025-09-24,0,0.4384595238,0.4388518819,0.4376589755,0.4385405788
v1tK4bFi,2025-09-24,1,0.3871545472,0.3851361563,0.3876254065,0.3945977567
hWS8qCfB,2025-09-24,1,0.699653263,0.7011083239,0.7018414528,0.6957792121
0GUS2xp4,2025-09-24,1,0.5291785252,0.5385552193,0.5351518187,0.5275735915
zedrTjAU,2025-09-24,1,0.4738998548,0.4646672056,0.4660958201,0.4653954607
vm1oja0b,2025-09-24,1,0.3911774604,0.3838118397,0.3844515158,0.3862277582
vT2ZUCuI,2025-09-24,0,0.2208890176,0.2215250813,0.2214979628,0.2156258516
zFfflwVA,2025-09-24,0,0.410810256,0.4166373595,0.4166141661,0.418846106
pMyBcahI,2025-09-24,1,0.2300154327,0.2327941608,0.2192958533,0.2193006181
4UK3vQCE,2025-09-24,1,0.4290264263,0.4485851014,0.4553969402,0.4615173453
xMcBzHBt,2025-09-24,0,0.3215571895,0.3197571318,0.3063499135,0.3200888886
61kSWYA5,2025-09-24,1,0.5369595998,0.5381054683,0.5277666368,0.527405489
j7Wimfen,2025-09-24,0,0.438350938,0.4378761778,0.4395123189,0.4283759366
ILCGIrje,2025-09-24,0,0.5487591686,0.5396064357,0.5477307108,0.5483298817
p8E8K4Lr,2025-09-25,0,0.5484772264,0.551224989,0.5406686576,0.541660451
8tYz1GEG,2025-09-25,0,0.4325921833,0.4354087029,0.4460920939,0.4462117548
hnuJewNU,2025-09-25,1,0.3138612456,0.3107582903,0.3108752457,0.3094779725
hW2whLVo,2025-09-25,0,0.5315191196,0.5319880703,0.5299741075,0.5369323909
EoHHsjPN,2025-09-25,1,0.6160180109,0.6277167234,0.6191594987,0.6180874632
Gtpf1sgg,2025-09-25,0,0.2681646921,0.2673816488,0.2668702524,0.2656886443
8Sh2nHaN,2025-09-25,0,0.5647482887,0.5664991767,0.5638442416,0.558680958
pn1JYftg,2025-09-25,1,0.5321965948,0.541129896,0.5401621901,0.5327488092
lWsY83Il,2025-09-25,0,0.5593043484,0.5600606412,0.5561125266,0.5612901419
lfr2aLN5,2025-09-25,1,0.4844295794,0.4933507056,0.49256605,0.4869232385
jRhiVLZ0,2025-09-25,1,0.4934736865,0.4938963255,0.4934210377,0.5034850652
tEUmVlh3,2025-09-25,1,0.5560280892,0.5646170213,0.5640045548,0.5646121385
vaFTO10l,2025-09-25,0,0.2709648647,0.2749387061,0.2750417306,0.270853488
jNxB7hMM,2025-09-25,0,0.128169686,0.1297395292,0.1319218708,0.132546396
dfChEK5C,2025-09-25,1,0.5973001933,0.5986074694,0.5980148058,0.6042926566
KMYDTX6U,2025-09-26,1,0.5331985675,0.53990592,0.5388826352,0.5381992002
d8syVC04,2025-09-26,1,0.7990411738,0.7958299064,0.7931984692,0.7992601631
YXSCD6RE,2025-09-26,1,0.7691551853,0.7676092989,0.7662163958,0.7673133031
AFuB4URO,2025-09-26,0,0.2526222701,0.2595448596,0.2607474523,0.244402166
CQrKwYPh,2025-09-26,1,0.7642340554,0.7644395776,0.76488142,0.763016194
fZq1NCuC,2025-09-26,0,0.6234144029,0.6249988806,0.625882804,0.6182909772
EFGD1Y2N,2025-09-26,1,0.4597862136,0.4590773461,0.4594535787,0.4605331042
2F7hlITa,2025-09-26,0,0.2416996624,0.2424517846,0.2386654718,0.2377455854
QaPXUubK,2025-09-26,1,0.3138586947,0.3133740556,0.3143215436,0.3194548392
tvxAuIL8,2025-09-26,0,0.6456961476,0.6529499045,0.6531387992,0.6538674368
pEc6We1S,2025-09-26,1,0.5093401233,0.5097108996,0.5088545335,0.5070625018
8jPTl4x1,2025-09-26,1,0.7067596351,0.7006390316,0.7011696242,0.6994178102
l017Sude,2025-09-26,1,0.8808172505,0.8800647586,0.878483661,0.8784141843
dQ8vn8QQ,2025-09-26,1,0.4073404482,0.4158533195,0.4036257417,0.4064583461
byY3YJgR,2025-09-26,0,0.3284584299,0.3284280878,0.3193117182,0.3266847957
GGrztdVI,2025-09-26,1,0.2614992186,0.2629014007,0.2688969497,0.268570856
KAfDUV9j,2025-09-26,1,0.2661147863,0.2716462643,0.2728091162,0.2652532753
pbsUjbfJ,2025-09-26,1,0.9256151946,0.9258708708,0.927040853,0.9249805862
f7q2A6pI,2025-09-26,0,0.7816128731,0.777346666,0.7782152964,0.7845728035
KlXJvdrK,2025-09-27,0,0.5504725556,0.5495152362,0.550651351,0.5507695929
dvtj1Z9l,2025-09-27,0,0.7730228545,0.7728828937,0.7736521255,0.7739374434
Y5x3EPfR,2025-09-27,0,0.2874816143,0.2789044431,0.2805281695,0.2818820902
IkfBvhLO,2025-09-27,0,0.1897140228,0.1898807255,0.1917189487,0.1911423119
Ey4FQAfc,2025-09-27,1,0.7664317272,0.766353896,0.7588831167,0.7556054196
zVYlsznS,2025-09-27,1,0.4857483242,0.492172927,0.4940405977,0.4926309166
OIFkuJu1,2025-09-27,0,0.8768216203,0.8769351476,0.8768167655,0.8801704813
2BaMlYHs,2025-09-27,0,0.1116823966,0.102022159,0.1048727715,0.1059900935
KCF6Vi56,2025-09-27,1,0.7491791928,0.7548666489,0.7533367381,0.7511413373
OOpxZf46,2025-09-27,0,0.8181998481,0.8157309758,0.8168261348,0.8211852648
0Sfi2b5t,2025-09-28,0,0.2659136838,0.2715365517,0.2707776401,0.2700978594
vBa5uCqT,2025-09-28,0,0.4659372855,0.4654967068,0.4658438839,0.4595159859
UmjeAu2n,2025-09-28,1,0.6923412045,0.6907755259,0.6912303041,0.6871098159
OlO7ndlC,2025-09-28,1,0.7564837511,0.7587422803,0.7574927738,0.7532910748
4C7zUyKP,2025-09-28,0,0.174061898,0.1747002745,0.1717456094,0.1709549962
6VEYJNlA,2025-09-28,1,0.7769796389,0.7716254381,0.7712898175,0.7696893057
Wrc3hCVF,2025-09-28,0,0.2913483786,0.2953445097,0.2883371961,0.2892617553
dYt8T8jA,2025-09-28,0,0.2273430356,0.2222652608,0.2226055489,0.2236954933
ClLZIdM6,2025-09-29,1,0.9375030504,0.9361375294,0.9368191907,0.9368620422
tSsLroeL,2025-09-29,0,0.5346431105,0.5294024595,0.5278744051,0.5288927137
AZHx7Bp9,2025-09-29,0,0.3839214592,0.3913431853,0.3843603235,0.3843031133
zHV9pGqh,2025-09-29,0,0.4218420787,0.4270798538,0.4263646336,0.4281379491
bHFZQaXF,2025-09-29,0,0.2565456421,0.2563229617,0.2562228885,0.2567826847
CYtQuPmL,2025-09-30,1,0.4072071275,0.413229753,0.4128012221,0.4072122005
2HnuyYPs,2025-09-30,0,0.3491899593,0.3469631078,0.343814639,0.3437959972
GlpKTCeJ,2025-09-30,1,0.6166162192,0.6166919513,0.6166811076,0.6141244972
23k5snw1,2025-10-01,0,0.3384259312,0.3406487787,0.3432220498,0.3419096325
vyJgURHs,2025-10-01,0,0.7683560975,0.7653919747,0.7657985835,0.7657758919
llq05QRE,2025-10-01,0,0.8796515597,0.8796237778,0.8789426684,0.8788388204
2qoJHOiI,2025-10-01,0,0.3445715981,0.3491932398,0.3482943849,0.3479276858
YFXWRL04,2025-10-02,0,0.183241717,0.1849479805,0.1844995689,0.1849560466
xpWhmG4U,2025-10-02,0,0.4378673862,0.4359375807,0.4327821325,0.434737082
bsNZD50s,2025-10-03,0,0.3831587143,0.3878481507,0.3862335848,0.3854735795
zgeBysaJ,2025-10-03,0,0.3112825774,0.3104787777,0.3149751585,0.316084643
UNELOPTG,2025-10-03,1,0.5059993108,0.5019189049,0.4997639163,0.4987623879
6L1VD8Fb,2025-10-03,1,0.3933127773,0.3948115466,0.406171114,0.4037348561
MBjnuoEc,2025-10-03,1,0.495560034,0.4891960936,0.49044099,0.4906310737
SUtda905,2025-10-03,0,0.5559343235,0.5503903947,0.5583181787,0.5576573389
lpV4cmVH,2025-10-03,0,0.486641672,0.486880878,0.488318127,0.4844626073
2mevCnpB,2025-10-04,0,0.3360952959,0.3200597181,0.3002316693,0.2800216019
Q3m3y3DM,2025-10-04,0,0.5070529155,0.4986595367,0.5060380334,0.5042287761
lCcPka5C,2025-10-04,1,0.4146954358,0.4143231421,0.4174616501,0.4174750073
tGDaHsMj,2025-10-04,1,0.4890056286,0.4905065909,0.4942301366,0.4954992111
dAYCeRaU,2025-10-04,1,0.4638257581,0.4646831378,0.4592707954,0.4595922926
p4Cn1dMq,2025-10-04,0,0.6893668339,0.6897788512,0.6900924293,0.6903845359
Qk8UM3bT,2025-10-04,0,0.5567820768,0.5508777439,0.5602783689,0.5579004349
Y73NFUpn,2025-10-04,1,0.5738941222,0.572020397,0.5670016888,0.5655783798
dAGDQoa4,2025-10-04,1,0.5194165474,0.5113694976,0.5126952237,0.5165545753
UyffwPrA,2025-10-04,1,0.4495192526,0.4493090871,0.4555508407,0.4529411101
K4wl1VVh,2025-10-04,0,0.6447530674,0.6456970696,0.645322723,0.6457646546
ADbnAQEN,2025-10-04,0,0.6951459087,0.6948175641,0.684938351,0.6840599613
0rN4S7Ui,2025-10-04,0,0.5280984055,0.5286658731,0.5282912825,0.5297215213
zeU9U3U7,2025-10-04,1,0.6990069698,0.6989633942,0.6990150291,0.699499268
bVWaut0N,2025-10-04,1,0.3522474009,0.3575271007,0.3515526383,0.3526538276
h4AINPi4,2025-10-04,0,0.3919833614,0.3864786206,0.3908112083,0.388357839
QXYuRbbd,2025-10-05,0,0.4836636546,0.4809820207,0.4793719783,0.4777188439
AJeLHCs4,2025-10-05,0,0.5733940489,0.5737261517,0.5680388081,0.5689069902
0bF0A0ac,2025-10-05,0,0.5240192348,0.5249203458,0.5252280776,0.5255895697
IwnSDw0C,2025-10-05,1,0.5618164705,0.5640271222,0.5638882213,0.557471344
YyJsnFhC,2025-10-05,1,0.4220574882,0.4233599531,0.4252728968,0.4210898056
0OKZmyOa,2025-10-05,0,0.3406944318,0.3402487936,0.3389940248,0.3386426761
2cp09ZWg,2025-10-05,0,0.3020915262,0.3074822223,0.3086260315,0.305424361
GtMIddml,2025-10-05,0,0.5491644689,0.5395403341,0.5396447353,0.5397946047
t2fnKJrS,2025-10-05,1,0.4551433498,0.4573149174,0.4580074281,0.4575885998
f5KLYIcL,2025-10-06,1,0.8216173508,0.8189926288,0.81826275,0.8181937263
CM2VN1q3,2025-10-06,0,0.4299158549,0.4235411042,0.4272669742,0.4263363695
Ec5n4veE,2025-10-06,0,0.3055738167,0.3051220049,0.3072286559,0.3065904925
UqnhBe2s,2025-10-06,0,0.3840457661,0.3759023834,0.3898319712,0.389253956
Ek1hTdLr,2025-10-06,1,0.4965132985,0.5014124751,0.503436135,0.5044578422
n3a0Rzje,2025-10-06,0,0.3743727326,0.3738180938,0.3725508778,0.3724446768
0nyJEc6k,2025-10-06,1,0.2976096287,0.2929768996,0.2980925244,0.2982254957
dMz2dSy8,2025-10-06,1,0.5547612221,0.5559679295,0.5561104661,0.5573025312
nuHDzuT8,2025-10-06,0,0.2158887543,0.2167181126,0.2194987471,0.2135424791
6qvRCyy2,2025-10-06,0,0.3605175401,0.3637176811,0.3651627058,0.3594096353
nB3f2IPQ,2025-10-06,1,0.6563628114,0.6499319144,0.6501330013,0.6568914856
6ksH5iWI,2025-10-06,0,0.5957521216,0.5941612868,0.5936312461,0.5921821241
O6PQfzI0,2025-10-07,0,0.724107009,0.7283541031,0.7219875227,0.7226410309
S2zp9QxB,2025-10-07,0,0.4890887362,0.4950018321,0.4943721739,0.4941381823
ldXgbl7e,2025-10-07,1,0.3138358509,0.3125222847,0.3128260873,0.3069492382
pKrTC8wn,2025-10-07,1,0.322912961,0.3232027676,0.3227832227,0.328837348
CS5LGHvK,2025-10-07,0,0.6671665503,0.6665925415,0.670862155,0.672068985
bPw97D16,2025-10-07,1,0.6454658427,0.6465871526,0.6458711021,0.6462830747
pMDZhEnD,2025-10-07,1,0.5976185744,0.5979529839,0.5984551347,0.5984371947
8ldvMuEF,2025-10-07,1,0.667783866,0.6676495411,0.6691541206,0.666803105
zyMQAv97,2025-10-07,0,0.1233789244,0.1235740032,0.1214997785,0.122869859
KGeWKwk5,2025-10-07,0,0.8239030906,0.8241153944,0.8240440338,0.8236100245
6PmtzPCa,2025-10-07,0,0.5275863487,0.5264183934,0.5260118535,0.5260932394
r7MkDJft,2025-10-07,1,0.5293418269,0.5243504724,0.5237399792,0.5236951509
CO9Olcil,2025-10-07,1,0.731563548,0.7313403903,0.7251969999,0.725034689
dt7LWLVQ,2025-10-07,0,0.2382122922,0.2424851238,0.2407060518,0.2402213063
MsTgBfck,2025-10-07,1,0.2586537498,0.258780826,0.2580881337,0.2634632966
vuyT5zAk,2025-10-07,0,0.395818527,0.3959883658,0.3955592059,0.3939890009
2eavCB3j,2025-10-08,0,0.09592966755,0.09607347326,0.09838113014,0.09806288361
lWXg3Rz9,2025-10-08,0,0.2971212519,0.2948858931,0.2945378968,0.2963878031
4fAppXGt,2025-10-08,1,0.3183403184,0.3198525041,0.3210248616,0.320080516
dQf8JrGL,2025-10-08,1,0.9142554482,0.9142783325,0.9141877862,0.9160997412
KlqjSdJq,2025-10-08,0,0.6652298003,0.666107816,0.6646302946,0.6693278961
pfqMHLIE,2025-10-08,1,0.7453605164,0.7457341631,0.7460473788,0.7410750418
0lYhfbCT,2025-10-08,0,0.1434196341,0.1432947529,0.1431782838,0.1433412759
CIbHjScn,2025-10-08,0,0.428080415,0.4264890163,0.4269833938,0.4268959006
vNyVO7p9,2025-10-08,1,0.8337539263,0.8330721358,0.8326885596,0.8345204583
QX8HmBCm,2025-10-09,0,0.4301374438,0.4298859133,0.4308297988,0.4311523962
lOgtoORN,2025-10-09,1,0.5702775569,0.5705507852,0.5712247697,0.5666850018
hENPuvsp,2025-10-09,0,0.2473766843,0.2473736585,0.247843385,0.2434559578
AoSBtf5K,2025-10-09,0,0.1456899882,0.145671075,0.1434568781,0.1429981043
E7dgeN7L,2025-10-09,0,0.1649723154,0.1648071361,0.1648176309,0.1648104939
86mq9Zjf,2025-10-09,0,0.3077119312,0.3072785781,0.3068010325,0.3063414524
fDdyjRye,2025-10-09,1,0.5877569678,0.5870958078,0.586947859,0.5873792099
YmgnH2el,2025-10-10,0,0.1615238039,0.1611339125,0.1606141334,0.1609387443
tbtrZ6tg,2025-10-10,1,0.1967930385,0.196411719,0.1942736881,0.194951012
6sTHSod2,2025-10-10,0,0.1391836394,0.1269874045,0.1167544858,0.1071637361
KQ4zG8Cd,2025-10-10,0,0.3765144276,0.3732102152,0.3721273378,0.3709391402
6JpVyjZF,2025-10-10,0,0.4912990425,0.4907437868,0.4909704037,0.490903603
W0WnPCkA,2025-10-10,0,0.6778491866,0.6776871546,0.6756770793,0.6759707764
SSPeNjKM,2025-10-11,0,0.5704635709,0.57619795,0.5757031151,0.5651199802
ObBRHUsp,2025-10-11,0,0.1676734119,0.1583488813,0.1533595168,0.148639641
YTU9U7Rk,2025-10-11,1,0.5702335245,0.5689798593,0.5677172466,0.5585810193
EqlwzU3S,2025-10-11,0,0.4994823265,0.4916545571,0.4899411863,0.4907898907
ppYvRYKc,2025-10-11,1,0.8027287741,0.8036352825,0.804171944,0.8056479694
CEWdyzJ6,2025-10-11,0,0.2257839907,0.2141516091,0.2065769135,0.2007252958
vclbsKVj,2025-10-11,1,0.6195599664,0.6203661973,0.6202711368,0.6183979208
Y54M8i5T,2025-10-11,1,0.5025957054,0.5042450252,0.5112335601,0.5041690732
WI7KvRoK,2025-10-11,1,0.2792888994,0.2844451184,0.3814879037,0.3670969701
S2UQ6SIq,2025-10-11,0,0.6853601567,0.6842531952,0.6837461395,0.689851508
M9Z0gTek,2025-10-11,1,0.4551565898,0.450757198,0.4511325228,0.4498212176
4CFYGNgD,2025-10-11,1,0.3520073739,0.3502628187,0.3476979499,0.3582409894
tjWQsibT,2025-10-11,1,0.6023669345,0.6049225003,0.606726183,0.6101271814
S01HM1qI,2025-10-12,1,0.6987217034,0.7057795216,0.6899186038,0.6918274921
O4QFIhrp,2025-10-12,1,0.784494987,0.7369106294,0.7399150112,0.7479741861
W6oyQzjA,2025-10-12,0,0.3811087355,0.3745363311,0.369102891,0.3574932163
Kp3Plf2b,2025-10-12,0,0.393731839,0.388581377,0.3792812099,0.3741748168
bmOl4gTj,2025-10-12,0,0.242451493,0.2282055286,0.2140711775,0.2091175519
j3liZ49s,2025-10-12,1,0.4388302409,0.4345300234,0.4346271724,0.4340413257
bNvbVVRk,2025-10-12,1,0.775441044,0.7408788646,0.7750404485,0.7973396863
MH7ES3od,2025-10-12,0,0.1639171085,0.160444801,0.1734832474,0.1704857003
Ek3Rzh4S,2025-10-12,0,0.4276616527,0.4155455367,0.4060318424,0.397845624
Ac6Avz53,2025-10-12,0,0.3759731691,0.3783310098,0.3603019215,0.3619655628
6PaJxEZF,2025-10-12,1,0.6200159111,0.620255042,0.6141517653,0.6170291631
WY78ONE5,2025-10-12,1,0.6642186511,0.6656411158,0.6705154849,0.6633454293
xEBZ2Eck,2025-10-12,0,0.4333735136,0.4339945806,0.433584172,0.4340953025
SM4Uoz2N,2025-10-12,1,0.4649673298,0.4662116239,0.4708712292,0.4617933574
hMZqOEKM,2025-10-12,1,0.8412050373,0.842298133,0.8421660209,0.8460044012
GbTrIbrJ,2025-10-12,0,0.2130715398,0.2100018852,0.2031974121,0.2023950993
I3JOGWCd,2025-10-12,0,0.104600272,0.1029024243,0.1070346072,0.1121097581
08MVJGJq,2025-10-12,0,0.4433522596,0.4442022963,0.4448531041,0.4438699091
SOHSLtqf,2025-10-12,1,0.8401359059,0.846584057,0.8505358065,0.8561017716
neeWc4Wi,2025-10-12,1,0.5594337494,0.5609617054,0.5495683757,0.5521664803
dKkMEPyR,2025-10-12,1,0.7052313203,0.7046441657,0.7058832792,0.7049264997
Cft1tEPp,2025-10-13,0,0.6987929827,0.7028070514,0.701650484,0.7044720088
OtrTRdLc,2025-10-13,0,0.1234589127,0.1097742984,0.1027001915,0.09415603459
df6YwxBF,2025-10-13,1,0.7194751738,0.7190951847,0.7196070986,0.7198611563
zRxlTOjK,2025-10-13,1,0.5836242813,0.5820378805,0.5782512312,0.5844100699
OUZ07sU0,2025-10-13,1,0.735736466,0.7348145786,0.7301759783,0.7310733332
M7lh6u5j,2025-10-13,1,0.3559045099,0.357280734,0.3549794686,0.3585574723
SvYv2GS1,2025-10-13,0,0.6734756529,0.6739152908,0.669484021,0.6701616455
8hGUu2zQ,2025-10-13,1,0.3623906193,0.3631273618,0.3626158087,0.3610327144
S2th93al,2025-10-13,0,0.5539265379,0.5536889318,0.5544119552,0.5543104514
WCvW3xbk,2025-10-13,0,0.4623420917,0.4589171326,0.4568376151,0.4584873148
tAWAmUgm,2025-10-13,0,0.4628749709,0.453890074,0.4554103621,0.4626494835
lU2Qubt3,2025-10-13,0,0.3139704261,0.3143024599,0.3203948001,0.3216073548
8ILIsLwA,2025-10-13,1,0.5705719853,0.5684900932,0.5700267334,0.5698825302
drY85LbD,2025-10-13,0,0.3177856021,0.3178509739,0.3177320271,0.316844221
v7eczwWq,2025-10-13,1,0.521483352,0.5224457097,0.515597398,0.5216979078
0hIAqs9c,2025-10-13,0,0.4389130458,0.4392138421,0.444658367,0.4379519497
UX9Rua8M,2025-10-13,1,0.492911235,0.4918037503,0.4843695788,0.4906403712
zkLzKKD6,2025-10-13,1,0.3596358316,0.3588816899,0.3528186631,0.3539342145
lElhRagT,2025-10-14,0,0.4324411223,0.432145127,0.4297666429,0.4315591635
vTvQPJK8,2025-10-14,0,0.7278496635,0.7321354634,0.7322063195,0.73179252
Sxc1ztbm,2025-10-14,1,0.7574868096,0.7595440056,0.7602732434,0.7567510492
ppzOLwHj,2025-10-14,1,0.6145025985,0.6131438596,0.6115484808,0.6120311408
0rTYNckL,2025-10-14,0,0.1840444187,0.1840356177,0.1846844807,0.1839905877
zww6LTfl,2025-10-14,0,0.5378406403,0.5376581078,0.5371188567,0.547727788
69TJN2Es,2025-10-14,1,0.6985928428,0.6993923601,0.6978922483,0.6937025499
8YPwIfld,2025-10-14,0,0.5867853234,0.5857082596,0.5757597584,0.5760480244
4IUMHofD,2025-10-14,0,0.8138028794,0.8174025542,0.8175905076,0.8183712576
8jyEJ7P0,2025-10-14,1,0.4368710992,0.4324015511,0.4288284907,0.4359649692
COy0p0xA,2025-10-14,1,0.4613624232,0.4559454705,0.456213923,0.4625351133
UZWGQDpS,2025-10-14,0,0.5669639179,0.5668020698,0.5585350297,0.5593775707
6izSwERE,2025-10-15,1,0.8352840173,0.8354647477,0.8343743156,0.8338672839
GzsVWZlB,2025-10-15,1,0.612794644,0.6118331203,0.6127772257,0.6132562946
jehKv9Ub,2025-10-15,1,0.7954052832,0.7957069443,0.7935485534,0.7933962431
MgeDTVDi,2025-10-15,1,0.5514560856,0.549339487,0.5488872653,0.5498918732
SGTAjkv9,2025-10-15,0,0.5651875827,0.5661334624,0.5647240008,0.5670917104
4GDtCLH6,2025-10-15,0,0.8583662182,0.8578438539,0.8575105868,0.8575685315
Q7DIXMh4,2025-10-15,0,0.2989626414,0.2924144613,0.2940572094,0.2974955154
fDY16Px8,2025-10-15,0,0.5547724621,0.5558769098,0.5606072965,0.5587745648
KvU1TwfA,2025-10-15,0,0.5099186359,0.5109170622,0.5122886832,0.5152367777
6wXZMubS,2025-10-15,1,0.4555749655,0.4551805342,0.454616856,0.4546114509
fm5ZTvhT,2025-10-16,0,0.3251115256,0.3246864532,0.3235022984,0.3230044791
Isr1qZ96,2025-10-16,0,0.689283082,0.6896272126,0.6885038646,0.693692637
2Zyytts9,2025-10-16,1,0.7517451987,0.7516182966,0.7518309867,0.7475191343
KfpE9DwI,2025-10-16,0,0.2000876984,0.1996179398,0.2041366635,0.1996369148
p0CpUqcU,2025-10-16,0,0.2954956584,0.2910648571,0.2929476971,0.2932208632
lr8oJWU7,2025-10-16,0,0.3544672275,0.3537989858,0.3545169369,0.3541140185
lKPbSz8L,2025-10-17,0,0.4346830777,0.4347387949,0.43509673,0.4345232885
INgs4jv1,2025-10-17,1,0.6962818271,0.6950328209,0.6897309361,0.6903245192
px8295fD,2025-10-17,1,0.6519297878,0.6519778274,0.6527990287,0.6474314323
OMHcRYrB,2025-10-17,0,0.1296357546,0.1305699424,0.1301507948,0.127687393
pA1iTbjf,2025-10-17,0,0.3094844961,0.3105740026,0.3100058121,0.3094098606
lvQGaeng,2025-10-17,0,0.3805880047,0.3795024204,0.3788771619,0.3864279851
4Syi18Nc,2025-10-17,0,0.4436907904,0.4419454703,0.4414608741,0.4426329108
CKZ5w5Vj,2025-10-17,0,0.7042230155,0.7033558083,0.7036363241,0.7022973112
lvtudY2F,2025-10-17,0,0.6131249806,0.6133389892,0.6131102503,0.6084957298
fXvkEoFU,2025-10-17,1,0.5566039413,0.5614691626,0.5605916818,0.5611983083
bkDnjrFd,2025-10-17,0,0.2751486349,0.2749136051,0.2756876648,0.2702788596
hhAvh4pp,2025-10-17,0,0.05226234013,0.04864432279,0.04587814849,0.04368134012
hWMXeDoI,2025-10-18,1,0.6845180508,0.69045006,0.6867546579,0.6863609599
tExXcfY2,2025-10-18,1,0.6492348765,0.6457340649,0.6446320268,0.6450729355
pA9yFXj4,2025-10-18,0,0.3086438164,0.3100124798,0.3108539867,0.3160826414
Y7T7cQMM,2025-10-18,0,0.3582641453,0.3559999885,0.354274918,0.3606699806
r9ToNJKc,2025-10-18,1,0.6385463824,0.6393560923,0.6399901544,0.6429582105
txLJljek,2025-10-18,0,0.4580919433,0.459375196,0.4586276901,0.4526544178
p6ZmfCXR,2025-10-18,1,0.6333235121,0.6251485007,0.6188306222,0.6178196166
drQEKdTI,2025-10-18,0,0.3524586192,0.3523170104,0.3523739534,0.3506466111
bkP2y1so,2025-10-18,1,0.7498011633,0.7517726736,0.7527601439,0.7521775329
vVNnIf4c,2025-10-18,1,0.6140845371,0.6173539105,0.6195060458,0.6129942618
WhAYwBAC,2025-10-18,0,0.3896972521,0.3898535802,0.3898488497,0.3948472695
pMFxlvRj,2025-10-18,1,0.3923644696,0.3955293274,0.3972682773,0.376169599
0QezZh3d,2025-10-18,0,0.5229191566,0.5182310784,0.5184232617,0.5167715062
0fsGp5Kb,2025-10-18,1,0.2776946088,0.3294663956,0.3184661425,0.31063952
GjcEg03T,2025-10-18,1,0.8956523404,0.9046133519,0.9140543126,0.921208514
KhmBA32l,2025-10-18,0,0.4817902717,0.4825888415,0.4821388612,0.4815709084
bXNA9xzo,2025-10-18,1,0.598495141,0.605707193,0.6047331417,0.6040496229
4Sm7nRkn,2025-10-19,1,0.4585677387,0.4597480361,0.4728146041,0.4720738757
vslmsWD6,2025-10-19,1,0.3257497045,0.3316845107,0.3308170086,0.327618788
0dxduArJ,2025-10-19,1,0.6727576109,0.659567515,0.6494784316,0.6400920392
vo2ka4Zi,2025-10-19,1,0.4874318069,0.485232927,0.4791678933,0.4796627984
nB5ccr44,2025-10-19,1,0.6604784909,0.6687748662,0.6695366957,0.6693899049
zFIIEkYo,2025-10-19,1,0.6095872921,0.6108022168,0.6105126925,0.6052800765
GM3ySEQh,2025-10-19,0,0.3418475655,0.3415860196,0.3410095391,0.339010961
UZYWtNJN,2025-10-19,0,0.6496899944,0.6554154713,0.6559726378,0.6566219162
IwdDPrGU,2025-10-19,0,0.4783079854,0.4749601833,0.474483818,0.4763714396
0OhtX8Ht,2025-10-19,0,0.5769421729,0.5785465756,0.5778653164,0.5774201869
htCVAzVQ,2025-10-19,1,0.7813199796,0.7816360938,0.7879352976,0.7881675535
McNVC5WO,2025-10-19,0,0.3746890551,0.3743023583,0.3751164157,0.373270731
2J7mbxUN,2025-10-19,1,0.6769084048,0.6527737731,0.6553806939,0.6618388542
lCc15Ehl,2025-10-19,0,0.5568868183,0.5542283108,0.54035247,0.5412952015
CvnbkBY0,2025-10-19,1,0.7947650259,0.7952725862,0.804499168,0.8033452298
MB24R4oI,2025-10-19,0,0.3106899511,0.3106865671,0.3113774693,0.3122055045
lpPNER1C,2025-10-19,0,0.2586755862,0.2588282433,0.2591792122,0.2565522963
W0KGXfQs,2025-10-20,0,0.4044786109,0.4116127584,0.4143109524,0.4156239966
UJ8zNUht,2025-10-20,1,0.6350312202,0.6398012546,0.6382430873,0.6400181396
Qqa5VJd4,2025-10-20,0,0.518516792,0.5185222885,0.5181761188,0.524418325
8lWXQev8,2025-10-20,1,0.5330013599,0.5309112529,0.5453704665,0.545420417
8Qmoz0HL,2025-10-20,0,0.5000571043,0.4993416405,0.5057767198,0.5032242557
IsKyPHOQ,2025-10-20,1,0.5278741031,0.5191877614,0.5267670596,0.5288934588
ERfxxMn9,2025-10-20,1,0.4444249329,0.4445893413,0.440390682,0.4385712487
fPjMRydT,2025-10-20,1,0.550361565,0.5504313048,0.5449691862,0.5449137962
YkWMqn1n,2025-10-20,1,0.6532025751,0.6557275275,0.655588487,0.6558067967
nL2jEIf2,2025-10-20,1,0.5237702499,0.5303679424,0.530506699,0.5240876251
pG6UQwfE,2025-10-20,1,0.5661094318,0.5669720222,0.5666568524,0.5676908773
hWAmVnng,2025-10-20,0,0.2762934814,0.2797097672,0.2793062972,0.2755531146
4C9B4fUq,2025-10-20,0,0.4113326833,0.4092414254,0.404425361,0.4029627153
EoadTQG5,2025-10-20,1,0.6039553347,0.6029317501,0.598586686,0.5987065454
QRcK2Ybd,2025-10-20,0,0.5974450822,0.6042619517,0.5962362056,0.5979902152
hYk6Qyi3,2025-10-20,0,0.445054853,0.4403905823,0.4366442672,0.4343004544
E9XhMFJj,2025-10-21,1,0.4289707601,0.4287533353,0.4280648782,0.4303746702
xS08Jenl,2025-10-21,1,0.5727414114,0.5720908887,0.5715253443,0.5641943217
l0qFOFLF,2025-10-21,0,0.7184229807,0.7236110198,0.7220179715,0.7230594318
hIVEGmXa,2025-10-21,0,0.3222643542,0.3223731738,0.3274986097,0.3213330897
zcJuAG6M,2025-10-21,0,0.205637299,0.2048879528,0.2044978602,0.2053145376
4dZGUwuq,2025-10-21,1,0.6076688622,0.6021971855,0.6028799899,0.602566212
vVPWBxxA,2025-10-21,0,0.4265193324,0.4197619286,0.423538402,0.4229034279
MDsNMgjS,2025-10-21,0,0.7049803431,0.7049079132,0.6998687413,0.6999774022
0OSPSH9e,2025-10-21,1,0.6260162235,0.6270889066,0.6219874181,0.6222848209
rsD0JPGN,2025-10-21,0,0.4180183426,0.4180259228,0.4181299603,0.4232220308
rFMIh11M,2025-10-21,1,0.545176662,0.5410324828,0.542773061,0.5418637948
vuNMUxhI,2025-10-22,0,0.4716408486,0.4712498464,0.4729673757,0.4659156778
G8vktyge,2025-10-22,0,0.392371323,0.3921809617,0.3919392578,0.3893766863
E1LqN7Hb,2025-10-22,1,0.723591146,0.7224332925,0.7191475186,0.7184640189
SOX1RO2N,2025-10-22,0,0.2798577919,0.2828945991,0.2819392057,0.2793616606
rBQYFUbm,2025-10-22,1,0.5789090017,0.5800290579,0.5841589887,0.5845556866
0fmFYuAj,2025-10-22,1,0.7492595165,0.7482892879,0.7483249209,0.746389587
MaY9fNW9,2025-10-22,0,0.3798682091,0.3840262082,0.3786089008,0.3798164505
63Qx9bc2,2025-10-23,0,0.4823372115,0.4806885546,0.4834861826,0.4830693575
CdsDbhrh,2025-10-23,1,0.5855565649,0.5884901203,0.5896747874,0.5883929249
QgrPQoD5,2025-10-23,1,0.416153496,0.4150104968,0.4149972371,0.4139035564
ttBsf5BG,2025-10-23,0,0.2511078514,0.2486266595,0.2458275393,0.2421061925
4vM37D7t,2025-10-23,1,0.4667516585,0.4667948428,0.471532594,0.4691783662
WWxLAXpd,2025-10-23,1,0.6609053456,0.6633699629,0.6560693508,0.6563058146
W2yJOpil,2025-10-23,0,0.2008680914,0.1984126155,0.1996775142,0.1992751665
hQc1P7Cr,2025-10-23,0,0.4402398004,0.4404659298,0.4404615046,0.4446510666
6VKDHs85,2025-10-23,0,0.2155555884,0.2152224314,0.2157324478,0.2129830015
KCsCi4Zo,2025-10-23,0,0.7411878038,0.7411016222,0.7407607446,0.7379780267
4pez63L6,2025-10-24,1,0.419392154,0.4165106456,0.4191888585,0.4195192475
AT48bn6C,2025-10-24,1,0.3626755768,0.3632525222,0.3676612087,0.3672033632
fBZ5wNun,2025-10-24,0,0.4674144303,0.4674172591,0.4691567982,0.4691349013
fw45kA6M,2025-10-24,1,0.4512019848,0.4511868134,0.4526246962,0.4510840569
KUrdonPP,2025-10-24,0,0.4499399948,0.4531206785,0.4504604399,0.4511184499
4CgEr9uA,2025-10-24,1,0.7406246908,0.7419071826,0.7360672639,0.7372580037
27y1Z42d,2025-10-24,1,0.7594858982,0.7680760762,0.7745952557,0.7866262104
IFJmc8f3,2025-10-24,0,0.4843156005,0.5060913946,0.5274044124,0.5475255723
0dlVGLUG,2025-10-24,1,0.7814301776,0.7810163005,0.7720987947,0.7809639415
6ZSe2MFN,2025-10-24,1,0.7848577916,0.8011859396,0.8137723316,0.8303662415
S8gVrIZh,2025-10-24,1,0.8031042488,0.8108096427,0.7473701758,0.6822181028
lOsvsd45,2025-10-24,1,0.2561468631,0.2404375063,0.2273719591,0.2110907578
hQ1EK3Vi,2025-10-24,0,0.3219699736,0.3187120199,0.3204723193,0.3186333768
GjDJMRIj,2025-10-24,0,0.1118702012,0.1115307154,0.1110794053,0.1130459948
YLUm4roB,2025-10-24,0,0.2332117662,0.2279652909,0.2231265978,0.2147944818
S2dhwrvB,2025-10-24,1,0.7127143776,0.7127080867,0.713518591,0.7101433394
jTHeenPF,2025-10-24,1,0.3653325237,0.3779364865,0.4427213049,0.5150234944
QJ9Sd0wo,2025-10-25,0,0.3019838754,0.3088749315,0.307036231,0.3058358114
fsYhyRXq,2025-10-25,1,0.6486867546,0.6621242535,0.6740406427,0.6869777543
dOsvFaaT,2025-10-25,1,0.583317884,0.5021633625,0.4958344761,0.4835105889
A9dMtmAM,2025-10-25,1,0.4154448247,0.3901866833,0.3680590375,0.341323276
vNyu64Gb,2025-10-25,1,0.7740029519,0.7665676253,0.768889722,0.7689114625
KrjNpv5t,2025-10-25,1,0.6413345545,0.6541812327,0.7024836953,0.7336548064
EujNIs04,2025-10-25,1,0.3987525895,0.4041046519,0.4699921825,0.4615910111
MkeouzZH,2025-10-25,1,0.7987610727,0.8052445911,0.7605745843,0.7692745544
hEgXEYGc,2025-10-25,0,0.3253357109,0.3406887339,0.3540113579,0.3706893244
25dhLL3C,2025-10-25,1,0.7146694782,0.7162869846,0.7171626224,0.7173616648
fZRV1A9r,2025-10-25,1,0.6343332555,0.6169479609,0.5532507128,0.5597713458
0I371tb2,2025-10-25,0,0.1790969044,0.1647780102,0.1689186064,0.1676431208
j7Wa7WoL,2025-10-25,0,0.5210295335,0.5097841447,0.4955884723,0.4736265018
AXdz9O5S,2025-10-25,1,0.6780321015,0.6973683851,0.7114618333,0.7303601617
trbc2KrC,2025-10-25,0,0.480244781,0.4906186033,0.6117242983,0.6246405714
SnQw0lve,2025-10-25,1,0.4804314727,0.4763453292,0.4734444288,0.4744873019
hMRFK1bt,2025-10-25,0,0.5100691297,0.4244043874,0.3956363035,0.3688010499
OEJnbS87,2025-10-25,0,0.1578612879,0.1486704084,0.1807946195,0.2560335098
EDBa10U7,2025-10-25,1,0.5632560845,0.5753513181,0.5805348445,0.5853279579
xhjM6GNp,2025-10-25,1,0.7759245239,0.7830495437,0.7880935261,0.7965275135
pfBsEbVA,2025-10-25,1,0.7083277952,0.7103748373,0.7111097723,0.7162340114
pG4MVNdD,2025-10-25,1,0.5005096426,0.5007298593,0.5017280403,0.5007076313
OpWGScp4,2025-10-25,0,0.5233311409,0.5440844439,0.5607916619,0.5816151389
hz7M0rdm,2025-10-25,0,0.6375413711,0.6355558733,0.6341639776,0.6294778089
hMRmnqsf,2025-10-25,0,0.7547168084,0.7644209918,0.7532895821,0.7370186447
Qm5UbMQa,2025-10-25,0,0.2373191337,0.220813731,0.2078393025,0.1937190177
KKgzYSuQ,2025-10-25,1,0.6432072131,0.6559907795,0.7044534425,0.7355294058
bFf8P1hU,2025-10-26,0,0.6505632412,0.6493792551,0.6328304091,0.6355576249
ATvz9L6c,2025-10-26,0,0.624381804,0.6234384648,0.6272365202,0.6240822303
A5lR6KH7,2025-10-26,0,0.4972400471,0.4975913331,0.4976784971,0.496645263
jZYm4Ld2,2025-10-26,1,0.4179297114,0.4082295552,0.4223759786,0.4236833826
GChhGt8m,2025-10-26,0,0.6335853025,0.6345296747,0.627358735,0.6196005235
0bm7nQ5t,2025-10-26,0,0.3394960664,0.3879640795,0.3764303448,0.351943035
EoL9CJO9,2025-10-26,0,0.3316607251,0.3221894698,0.3798374403,0.3714115057
hd01I7Nk,2025-10-26,0,0.4638284218,0.4614674728,0.4575767802,0.4549018636
0z7PcQrA,2025-10-26,1,0.3256529157,0.3255564307,0.327442765,0.3317130138
SM8HanEc,2025-10-26,1,0.6027337204,0.6073598033,0.6090496398,0.6093669516
W2mTW6xq,2025-10-26,1,0.7704855167,0.7690461783,0.7692181666,0.7688424574
tItdvkp9,2025-10-26,1,0.6207957695,0.6216840306,0.620879967,0.6213553125
UXFo3LKk,2025-10-27,1,0.7687631253,0.7779596154,0.7716657288,0.7760782163
0rupTOy8,2025-10-27,0,0.3984468585,0.3919575636,0.391558823,0.3988794219
OjalNtCL,2025-10-27,0,0.07888959841,0.07495496669,0.07302216035,0.07115924907
AmZE8scS,2025-10-27,0,0.3974620951,0.3953722067,0.3934073227,0.3983863295
rytLHKZr,2025-10-27,0,0.09660574238,0.09304652634,0.09654834742,0.09931749359
GQetP2s9,2025-10-27,0,0.5691719521,0.5852679923,0.5789613278,0.5763069285
21OTzyeE,2025-10-27,1,0.1958128812,0.1894187902,0.2337622302,0.2664003879
vZFsv17N,2025-10-27,0,0.3190871043,0.3183082218,0.3181568232,0.3181689143
zFMyZEPQ,2025-10-27,1,0.4062745927,0.4066249253,0.4122203504,0.412326869
Spi4jryp,2025-10-27,1,0.6989952425,0.694636439,0.6961423121,0.7050585998
lOgAGoh2,2025-10-27,0,0.4512256068,0.4549840654,0.4491799802,0.4502126257
l0uDlM5d,2025-10-27,0,0.177678766,0.1777882245,0.1827763688,0.1800637183
0KdcxTEL,2025-10-28,1,0.7303022871,0.7312836776,0.7314664897,0.7325633589
zVIg1ak2,2025-10-28,0,0.69861041,0.6943852985,0.6909527602,0.6959189198
zBQidrNi,2025-10-28,1,0.6321623693,0.6326074367,0.63228754,0.6280476183
AgOQsq8b,2025-10-28,0,0.2417717212,0.2409696817,0.2387817717,0.2386119383
d20Ye4DM,2025-10-28,0,0.7377612605,0.7382235876,0.7374265669,0.7445079102
4jI8h0MG,2025-10-28,1,0.2053402058,0.1983142264,0.1934936104,0.1848208434
bkBHjviT,2025-10-28,0,0.3024032086,0.2986006703,0.3053777909,0.3044261834
hIyxVp7e,2025-10-28,0,0.7028926391,0.6149666631,0.6355940835,0.647434933
6LHZuNxB,2025-10-28,0,0.5034453285,0.5030177891,0.5030764651,0.5030944905
fa38Thml,2025-10-28,1,0.6743270106,0.6746823955,0.6763931981,0.6757977063
fLdmoIEj,2025-10-28,1,0.7075904442,0.7076872769,0.7034876596,0.708466817
2TKIq5wn,2025-10-28,1,0.7530328765,0.7526404746,0.7532888995,0.7536012475
dQE0fMi4,2025-10-28,0,0.260071925,0.2590011096,0.2630061028,0.2625201436
84Y5YvVp,2025-10-28,1,0.5089468106,0.5081393476,0.5086847552,0.5062532013
plUPv0Ck,2025-10-28,0,0.7396301625,0.7421930976,0.7475467143,0.7484712147
dxReUD3b,2025-10-28,0,0.7447596485,0.7453981889,0.7445618558,0.7454005723
Q9x1S5Os,2025-10-29,0,0.2310973936,0.2231865706,0.231361506,0.2259501497
KCHuPWHk,2025-10-29,0,0.3038674883,0.3056372377,0.3046393491,0.3007982967
8dEGD0n9,2025-10-29,0,0.05721856503,0.05804384114,0.05856918531,0.05854838059
2FZlcx3c,2025-10-29,1,0.6182223106,0.6160618669,0.6115705022,0.6158850441
xl07irDd,2025-10-29,1,0.511718742,0.5143507364,0.5163126021,0.523114887
8CY0pR5T,2025-10-29,0,0.5,0.5,0.5,0.5
YZu9Qqgf,2025-10-29,1,0.8774227454,0.8774134934,0.8754766743,0.8739114019
84Ml4Gu1,2025-10-29,1,0.6319751323,0.6312114176,0.6297677264,0.6304104514
zB4hKmmd,2025-10-29,0,0.2796138077,0.279723917,0.2797507126,0.2798577334
UsmgFo53,2025-10-29,0,0.5983393511,0.5983973384,0.6018096686,0.610690867
6LPSpEv9,2025-10-29,0,0.08176989478,0.07819090688,0.0837095269,0.08092285457
4rKWv5Tj,2025-10-29,1,0.5183492344,0.5221744733,0.5245106252,0.5259711335
OdExO4CL,2025-10-29,1,0.9223082835,0.9225425398,0.9188931859,0.9172482465
Q9t2DPZF,2025-10-29,1,0.2424600017,0.222379128,0.2092586075,0.1943191684
fFFXXLZo,2025-10-29,0,0.4023266117,0.4013778842,0.4002207872,0.3991187131
vFXtNAn2,2025-10-29,1,0.3211294791,0.3780071021,0.3730563332,0.3681250548
SEx1WEPF,2025-10-29,0,0.09899223641,0.101249976,0.1021037408,0.1024941963
rk7bg4rp,2025-10-29,1,0.2787401116,0.2799636666,0.2798900896,0.2748283847
C6GSbQKM,2025-10-29,0,0.4894845727,0.4962855616,0.5034562612,0.5077965412
CpuhnmyH,2025-10-29,1,0.5470464365,0.5490707229,0.5511097516,0.5510574735
W6Z6mjB5,2025-10-30,1,0.5872190941,0.5863109553,0.5854824966,0.5901603797
dESceGX9,2025-10-30,1,0.3284315059,0.3288627003,0.3282279575,0.3291382973
dQhbKisJ,2025-10-30,1,0.7636799643,0.7637739559,0.7634438045,0.7637944074
dbKznwV0,2025-10-30,1,0.3885986746,0.3817511484,0.3796747384,0.3789429929
Gzy3Xrhe,2025-10-30,1,0.4980584024,0.49960153,0.4984240134,0.5046416006
AegqYQO0,2025-10-30,1,0.4607218115,0.4574918778,0.4554234438,0.4551414625
lpJ2oMtR,2025-10-30,1,0.6796774345,0.6872527126,0.6862454484,0.6884241043
Gd8oZTFU,2025-10-30,1,0.6089746951,0.6092701183,0.6081565074,0.6057356535
Kh3ypouf,2025-10-30,0,0.3912086714,0.3914003378,0.3909492873,0.3900987082
js9tWa4b,2025-10-30,1,0.2696710702,0.2845293661,0.2856798899,0.2807000129
Q9QBQsRr,2025-10-30,0,0.1283640784,0.1386550964,0.1372486259,0.1350431506
UV0gEFLb,2025-10-30,1,0.8233765203,0.8264094395,0.8293673452,0.8280381407
6Tuq4XiU,2025-10-30,1,0.8506638271,0.8630217374,0.872505057,0.8852058096
hIPgmrCE,2025-10-30,1,0.7713633156,0.7754233572,0.7784942704,0.7737100666
MJSVJZQP,2025-10-30,1,0.3576943629,0.3465293861,0.3457754968,0.3453764441
6wVKPGB6,2025-10-30,0,0.6361173385,0.6413340711,0.641990347,0.6427870299
Cbb8LhCr,2025-10-30,1,0.5363344419,0.537067544,0.5368367517,0.5371239474
AughjfLP,2025-10-30,0,0.5289433291,0.5291116521,0.5291612141,0.5298555836
pvcb4mYp,2025-10-31,0,0.318748692,0.3266900886,0.3283963061,0.3283307129
v3q3sXOP,2025-10-31,0,0.1955884755,0.1970725086,0.1990053805,0.1993971355
h0b55giI,2025-10-31,0,0.4410863984,0.4410904456,0.4470805791,0.4420550492
pdjU0ERh,2025-10-31,0,0.4868742497,0.4873215066,0.4877824031,0.4918910016
b1mbQ2P7,2025-10-31,0,0.3120298551,0.3095600527,0.305034506,0.3061568078
xMgDjEe3,2025-10-31,1,0.7558454801,0.7580827093,0.7582505054,0.7591423569
l49UKZ0c,2025-10-31,0,0.4243362935,0.4203658859,0.4202864184,0.4207733371
zP1fqNUg,2025-10-31,1,0.3801491456,0.3770217756,0.3739829689,0.3806129884
dnh1ulm2,2025-10-31,1,0.5638575766,0.5632703275,0.5639049966,0.5629736217
nRJ87GHc,2025-11-01,1,0.4008347966,0.3991799705,0.4008506786,0.4053862544
4MtUlQNi,2025-11-01,0,0.3942463272,0.3954171649,0.3935296825,0.390672119
ELBrpoVg,2025-11-01,1,0.4268138691,0.4228182513,0.4226873961,0.4227540205
S4ojPWPG,2025-11-01,1,0.2776699816,0.2773360632,0.2768183614,0.2760203486
2HrRjKNr,2025-11-01,0,0.2556734164,0.2525315265,0.2522712799,0.251913461
b7pmdoPs,2025-11-01,1,0.5568557891,0.5561385095,0.551532168,0.5555166642
WW0AJ4yo,2025-11-02,1,0.6056326348,0.6070609422,0.6066610289,0.6106558504
vsMEbFU0,2025-11-02,0,0.3660391383,0.3649800351,0.3660928097,0.3692447247
bLaNn7af,2025-11-02,1,0.6545289204,0.6592472236,0.6586235816,0.6557215011
