match_id,match_date,surface,smoothed_matchup_mean,smoothed_matchup_sd,filtered_matchup_mean,filtered_matchup_sd,matchup_revision_z
M9NLIxtQ,2024-01-01,HARD,0.1086079303,0.1299968061,0.3148596921,0.3772782541,-0.5823447221
l0uFacZm,2024-01-01,HARD,-0.3794701488,0.1492970979,0.3271772574,0.5296104283,-1.390678318
ruvSuq4r,2024-01-01,HARD,-0.2554743816,0.1310362544,-0.1971176307,0.3375995742,-0.1875628216
CYx2OEth,2024-01-01,HARD,-0.03412859819,0.1504555172,0.2195689848,0.3761951383,-0.7357853208
rJOHJIQJ,2024-01-01,HARD,-0.3037058556,0.1450977325,-0.2989730112,0.3734026762,-0.01375593199
Kbx6NYeb,2024-01-01,HARD,-0.2239686129,0.1439236693,-0.4084771683,0.3659910937,0.5483088908
fH8m5itU,2024-01-01,HARD,-0.03727275763,0.1448444365,0.1598900767,0.3406332971,-0.6395086238
UFbr5JBQ,2024-01-01,HARD,2.284583861,0.1462782005,2.162577851,0.3744504765,0.3539517296
GAPi3A9j,2024-01-01,HARD,1.195753606,0.1492248064,1.39157489,0.393920817,-0.537141004
UFzzeZmJ,2024-01-01,HARD,-0.5128164535,0.1479825197,-0.6924508677,0.4510106736,0.4216354405
6yjA0wKs,2024-01-01,HARD,0.4565308974,0.1396381939,0.06160350795,0.3777532377,1.125159836
Cdmdo5tL,2024-01-01,HARD,1.449411217,0.1395444308,1.789374696,0.3602330912,-1.023655668
CvbKLIPH,2024-01-02,HARD,-0.2263496973,0.133502073,-0.7075938182,0.3689735808,1.39906774
YsvbPfRo,2024-01-02,HARD,-0.5262454241,0.1585068767,-1.052288987,0.499530619,1.110462973
8pxzxrif,2024-01-02,HARD,-0.2346166293,0.1479911667,-0.262720139,0.3692299094,0.08307911518
Qai0pPeR,2024-01-02,HARD,-0.3145938502,0.1363408831,-0.08765314375,0.3513544827,-0.7008177988
2sfTwNYf,2024-01-02,HARD,-1.273733369,0.1476661081,-1.172737885,0.3499556726,-0.3183211706
MVxWv3Jl,2024-01-02,HARD,-0.3439573127,0.1343818541,-0.5222195913,0.372256874,0.5134945544
tYhXxsl1,2024-01-02,HARD,-1.33393378,0.1527575533,-1.620801471,0.3630015631,0.8711568685
AR753n1k,2024-01-02,HARD,0.104738197,0.1290736285,-0.0202304661,0.3092107177,0.4447557521
8QVEm9Vn,2024-01-02,HARD,0.4015663143,0.1527337625,0.07176157506,0.4308793908,0.8185745484
bTLaklpF,2024-01-02,HARD,1.377631551,0.1376749896,1.51610866,0.3508196545,-0.4291517135
rVAGKKfU,2024-01-02,HARD,-0.4426419846,0.1329936244,-1.12267633,0.35825931,2.044234663
ncb6QxUj,2024-01-02,HARD,1.159034819,0.1348744087,0.7115749837,0.3468066345,1.400476358
E5NIl1Jf,2024-01-02,HARD,-0.1075677002,0.142915242,-0.3580078525,0.3490587163,0.786408332
Ii7926Ge,2024-01-02,HARD,0.3282666365,0.1409502349,0.4289743026,0.3507102008,-0.3135946167
6saUAizc,2024-01-02,HARD,2.546421717,0.1292638769,2.214038478,0.3759263967,0.9415861115
IBigeGC5,2024-01-02,HARD,-0.2260675638,0.1377023869,-0.2881624103,0.3449279664,0.1963480355
bTalOZvH,2024-01-02,HARD,1.449898844,0.1469484961,1.803834648,0.345724001,-1.131003388
8OKyaczG,2024-01-02,HARD,-0.7615086646,0.1380759157,-0.9407809412,0.3048297193,0.6596592494
vmgiu4M7,2024-01-02,HARD,0.7485780435,0.1417054639,0.5364609944,0.3592347435,0.6425749192
YoKurzVd,2024-01-03,HARD,-0.01166183043,0.1432782606,0.4458203348,0.3374338111,-1.497465234
4zMm4jfp,2024-01-03,HARD,0.1466373957,0.1515826915,-0.1102428257,0.340959685,0.8410953991
Sr8aX9PM,2024-01-03,HARD,0.06484652679,0.1467366502,0.2995813628,0.3461520881,-0.7487273719
46MejUU8,2024-01-03,HARD,0.3750618877,0.1274000644,0.2284637691,0.3387481381,0.467054158
2uiVhiqF,2024-01-03,HARD,-2.243930453,0.1273831501,-1.688089462,0.3382105563,-1.774122024
bRprQGR1,2024-01-03,HARD,0.8231290364,0.1313684367,0.599803924,0.348146569,0.6926737426
ni7x9V49,2024-01-03,HARD,-0.3468928201,0.1269002336,-0.4636571328,0.3055596392,0.4200725246
IoEdsGOJ,2024-01-03,HARD,2.11978313,0.1343251768,1.500822584,0.3050436256,2.259998395
Q5dOh3Z1,2024-01-03,HARD,-0.7520212471,0.1249101811,-0.9992312086,0.3044370342,0.8904241546
nNu3lXVn,2024-01-03,HARD,-0.2733552765,0.1353424582,-0.5881481638,0.3021712359,1.165181556
tffCaEjH,2024-01-03,HARD,-1.203171512,0.1324602508,-1.441113389,0.2545721456,1.094506233
nFcKgqKe,2024-01-03,HARD,0.5304259299,0.1389466612,0.5655203525,0.3219632579,-0.1208327994
SzYUVi2U,2024-01-03,HARD,-0.7211788242,0.140782742,-0.4704175803,0.3390475987,-0.8130058908
tzQfvE0B,2024-01-03,HARD,-0.5404545355,0.1414936304,-0.6020516193,0.3630672432,0.1842232108
KW5KT7zF,2024-01-03,HARD,-2.122094402,0.1378984733,-1.662124414,0.3145905744,-1.626735306
UDJgk9BC,2024-01-04,HARD,0.4285192625,0.1418222684,0.1828217091,0.3050910358,0.9095731528
Qa7FBC8g,2024-01-04,HARD,-1.165729776,0.1186577301,-1.229948209,0.2901848549,0.242501951
zF8nAIq2,2024-01-04,HARD,2.295150736,0.1206977766,2.028174533,0.2994180485,0.9743188919
fXbTZAFb,2024-01-04,HARD,0.3616472543,0.1244084826,0.5418271246,0.2679948878,-0.7590724761
jNQzArcS,2024-01-04,HARD,0.03740661195,0.1235221094,0.1929500725,0.2564310601,-0.6921649545
rizGE6rc,2024-01-04,HARD,2.477271043,0.1209259311,2.20071408,0.2553445886,1.229715717
nXIOlNIc,2024-01-04,HARD,-1.587924578,0.1273551486,-1.220512242,0.3030177312,-1.336262108
ELk6HnC2,2024-01-04,HARD,0.6874884702,0.129217857,1.055485791,0.266074035,-1.582171291
IkMk4DQ6,2024-01-04,HARD,-0.8098334195,0.1225285376,-0.8757098819,0.2306111012,0.3371935173
f7eJFgfH,2024-01-05,HARD,1.63861505,0.125455041,1.415741892,0.2549454853,1.004195686
dhHUSBLc,2024-01-05,HARD,-0.2454492516,0.1222214708,-0.01539841508,0.2796912484,-0.914448674
ELafRdDs,2024-01-05,HARD,-0.2350536087,0.1315299379,-0.08844562377,0.3016814943,-0.5399949609
x08SVx5Q,2024-01-05,HARD,-0.3300910952,0.1460637811,-0.3404793922,0.3788103697,0.02972179973
dpkaQGSm,2024-01-05,HARD,2.049968483,0.1810492709,1.964857553,0.4096685365,0.2316001803
Y7aUYsGq,2024-01-05,HARD,1.649040379,0.1121889806,1.613727405,0.231123909,0.1747569826
QPtGMYRC,2024-01-05,HARD,-0.2584395771,0.1364783676,0.0002404579037,0.2947679911,-0.990088389
rw9OWIkK,2024-01-05,HARD,1.622606576,0.2050504947,1.941930775,0.884943364,-0.3709364941
WE5ZRT3h,2024-01-05,HARD,-1.454617155,0.1183532445,-1.561543062,0.2107553362,0.6131580536
EwBUS9ln,2024-01-05,HARD,0.8709930972,0.1365868526,0.7152334101,0.3386866798,0.5025743044
r1iBNEC6,2024-01-05,HARD,0.1590695081,0.1268881041,0.0589268573,0.2673373989,0.4255856182
OAaJLhsJ,2024-01-05,HARD,-2.622621714,0.2311035366,-2.882893831,0.7981258421,0.3406994913
rk7LKtX5,2024-01-05,HARD,-0.8863744954,0.1244100317,-0.5688251166,0.2641476492,-1.362783451
4Ah7Ofc0,2024-01-05,HARD,0.2166803006,0.1450704177,-0.2404117901,0.3717460287,1.335466955
zmCQTkZu,2024-01-05,HARD,-2.032924664,0.1753942865,-2.091034582,0.423981457,0.1505432632
jaAFVbtG,2024-01-06,HARD,-1.421852803,0.1848609902,-1.645169942,0.4297159958,0.5756777116
jZYAVcoO,2024-01-06,HARD,1.478138726,0.119039377,1.533247681,0.224122066,-0.2902066371
CY4DNOQs,2024-01-06,HARD,0.8241530685,0.128089914,0.8825788979,0.2493465661,-0.2731053219
j3Mftzxo,2024-01-06,HARD,-2.634123699,0.2166835006,-3.540770484,1.188772265,0.7756692474
p27x1SJR,2024-01-06,HARD,0.2593493902,0.1191555163,0.1425734339,0.270454958,0.4809716272
fmaLuw5G,2024-01-06,HARD,-0.2736937786,0.1414398274,-0.3686249515,0.3643511501,0.282720463
d0gbNzld,2024-01-06,HARD,-0.3391853489,0.1269211008,-0.207346124,0.2638285053,-0.570009243
b5XtnKQd,2024-01-06,HARD,-0.3744749504,0.1235714563,-0.3090691233,0.269045908,-0.2736770158
vLS1sduS,2024-01-06,HARD,1.127765162,0.1179138852,1.26908923,0.2079067578,-0.8253207675
CtHesKG1,2024-01-06,HARD,0.4467080258,0.1162464578,0.48493492,0.2078258657,-0.2218958233
IHdLGWc7,2024-01-07,HARD,0.1321558066,0.131910823,-0.05540503062,0.3346406697,0.6098647402
fyJsA5dr,2024-01-07,HARD,0.2308197352,0.136237882,0.4920495932,0.2717082699,-1.111217844
pjqEIhTf,2024-01-07,HARD,-0.5107198895,0.1308781592,-0.4464215468,0.2634307865,-0.2812466086
tjEsTp3K,2024-01-07,HARD,-0.1263829814,0.1235128307,-0.3037564736,0.2522687649,0.8063755229
0fye5sBD,2024-01-08,HARD,-0.09798317897,0.1264094023,0.2278468379,0.2797816936,-1.305426542
hUXn73t1,2024-01-08,HARD,0.276884018,0.1255683828,0.1401773322,0.2410694955,0.6643210368
Wr3wPfjR,2024-01-08,HARD,-0.1553447136,0.1291906091,-0.3276676937,0.2679657122,0.7340179452
YRHo9PBl,2024-01-08,HARD,-0.3957359971,0.1529027078,-0.08543115185,0.3729135627,-0.9123248248
APIoS4IQ,2024-01-08,HARD,-0.5161136354,0.1399173592,-0.5221380502,0.3128639386,0.02152854313
lOk5KEbr,2024-01-08,HARD,0.3147390118,0.1327485995,0.2580146076,0.3549583598,0.1723093725
2Rg9JYDl,2024-01-08,HARD,0.1472711529,0.1319017896,0.4273219869,0.3335474255,-0.9141265136
tECPEKDM,2024-01-08,HARD,-0.5390457099,0.1214843679,-0.4762734618,0.2382702913,-0.30624515
OtrIHCr1,2024-01-08,HARD,0.9663898364,0.129051267,0.9248030785,0.2528211678,0.1912882913
hh4ZPzyL,2024-01-09,HARD,-0.2549220329,0.1453169044,-0.521011421,0.3216425117,0.9273214211
niXj6Ne7,2024-01-09,HARD,-0.6239828356,0.1276608977,-0.5034217775,0.2397407114,-0.5941181549
2aFwUQmE,2024-01-09,HARD,-0.3930407039,0.1139747019,-0.5039284184,0.2227871532,0.5792722025
ULPS6iu1,2024-01-09,HARD,-0.005067851651,0.1239380876,0.274915267,0.2512264564,-1.281228505
zT3CEpat,2024-01-09,HARD,-0.1138636355,0.124413784,-0.3626461368,0.2549930105,1.11771282
2k8EFdKu,2024-01-09,HARD,1.402200999,0.1138763051,1.065466332,0.20631901,1.957239718
Or7S0PCA,2024-01-09,HARD,0.4393126574,0.1271346264,0.1706991908,0.2455223068,1.278850929
nZZvPTNs,2024-01-09,HARD,-0.4461691315,0.1162915369,-0.5463948365,0.2212344991,0.5325358149
xt8t7TWa,2024-01-10,HARD,-0.7365228219,0.108025456,-0.5553070489,0.20611457,-1.032342846
l4qDCMBM,2024-01-10,HARD,-0.3684357423,0.1293023179,-0.8058648301,0.2473668718,2.074282221
tKgdsDSl,2024-01-10,HARD,0.6426716475,0.1211913886,0.4938165402,0.2103663817,0.8656903827
C4iamzyJ,2024-01-10,HARD,1.171725801,0.1179726621,1.173316188,0.2154759214,-0.008820205226
rcg2Xubm,2024-01-10,HARD,-0.9810432636,0.1094800958,-0.8156082795,0.190187838,-1.063774605
EX5oC2JH,2024-01-11,HARD,0.1124121624,0.1163198778,0.2864902686,0.2045461968,-1.034625487
ChTJlibJ,2024-01-11,HARD,0.3203129453,0.1133922273,0.4095487307,0.1811564536,-0.6316263906
QaL17wBT,2024-01-11,HARD,0.809733891,0.1117397661,0.9378326339,0.1917205499,-0.822244708
GfXgfRb1,2024-01-12,HARD,-0.7602300192,0.1068006306,-0.604420444,0.1631743611,-1.262972772
pxpVo3Bs,2024-01-12,HARD,0.1721144145,0.1045417744,0.3016280905,0.1664837606,-0.9995809284
OCjK09s1,2024-01-13,HARD,0.451270297,0.1333675211,0.3539453882,0.250608574,0.4587035026
S4sJfsFA,2024-01-13,HARD,0.07546487212,0.1587789202,0.2650161351,0.3541351607,-0.5988123202
8WtnTxrl,2024-01-13,HARD,1.119980562,0.1732482722,1.055441286,0.5379427732,0.1267261796
YsrFeNa4,2024-01-13,HARD,-1.345655402,0.1389369044,-1.332731895,0.338678138,-0.04184152658
Kb8urJme,2024-01-13,HARD,0.2045514144,0.1406133283,0.1482618877,0.2850540407,0.2270113682
MR2h9tU3,2024-01-13,HARD,-0.05247647098,0.1407108905,-0.1651946925,0.3121407156,0.404550722
fmqbQzS6,2024-01-13,HARD,0.1033040009,0.1765696552,0.7711801184,0.4048296111,-1.833343359
UVtXByDD,2024-01-13,HARD,-0.1861445433,0.1550188136,0.4860884527,0.5273559908,-1.333644669
WzapLujR,2024-01-13,HARD,-0.1958559286,0.1476066469,-0.1218264946,0.2937972318,-0.291424899
2NZViuaT,2024-01-13,HARD,1.879928351,0.1498448262,1.704946227,0.3467529685,0.5595764808
6etNg1UG,2024-01-13,HARD,-0.7417572277,0.1272332969,-0.9993929888,0.2192760683,1.442626193
xCY2PfsD,2024-01-14,HARD,0.1504275601,0.1563047967,0.2070424702,0.3606652216,-0.1741805852
0jkGFJDl,2024-01-14,HARD,0.6672837671,0.1615612845,0.8335616337,0.3050440421,-0.642628142
M7vBd3pb,2024-01-14,HARD,-0.538039377,0.1468648531,-0.428462035,0.2999104504,-0.41904992
rFvLEwTf,2024-01-14,HARD,-2.762513119,0.1548594717,-3.487509659,0.4860216189,1.573717812
Y5Q1nJMj,2024-01-14,HARD,-0.2330118492,0.1244157175,-0.6137764991,0.2044482138,2.347012043
E13lAMEc,2024-01-14,HARD,1.994105919,0.1480929723,2.212098484,0.5016349957,-0.4548365743
dQlSbmCD,2024-01-14,HARD,-0.313978171,0.1503668782,0.04034828301,0.3121405867,-1.29535926
ltJYlCrk,2024-01-14,HARD,-0.3027834734,0.1316567817,-0.1064727078,0.1989607174,-1.31601539
tAAkUISs,2024-01-14,HARD,0.8680321125,0.149732823,0.5542593823,0.4392858305,0.7597778569
z9g7Mj4K,2024-01-14,HARD,0.2604643097,0.1463634569,0.3342205196,0.2734166851,-0.319370497
jurTCHc7,2024-01-14,HARD,-1.113508212,0.1470277672,-1.187066522,0.3638619078,0.2210061448
tlJyr4V4,2024-01-14,HARD,-2.823608631,0.120170189,-2.814231078,0.1978468063,-0.05966494145
IZkOaTd7,2024-01-14,HARD,-0.7009167963,0.1637457194,-0.4121396777,0.3347687523,-0.9890006832
vqk6cqVi,2024-01-14,HARD,0.6436059891,0.145286892,0.5888212332,0.3495726477,0.172305728
0hj2bPFo,2024-01-14,HARD,-0.3459636604,0.1334451484,-0.1191929201,0.2503632093,-1.070505745
tpufRGC0,2024-01-14,HARD,0.1214324622,0.18043266,-0.4431728567,0.4258467326,1.463722775
6ipwHURs,2024-01-14,HARD,-0.2513662984,0.1466817337,-0.3082135101,0.3060024365,0.2116778456
0I1d80qA,2024-01-14,HARD,0.6188455567,0.1435305001,0.5805086994,0.2887393045,0.153018022
lGZsGlsl,2024-01-14,HARD,0.5954512376,0.142323101,0.3260651162,0.3686524405,0.7921450873
zB4pB2ai,2024-01-14,HARD,-0.3250907775,0.1335398932,-0.2491415618,0.3184760856,-0.2626851026
ATAhvMUT,2024-01-14,HARD,-1.543661376,0.1452143058,-1.345737089,0.2472174614,-0.9892594503
x2aTAg58,2024-01-14,HARD,-0.1484515798,0.1160647782,-0.02764501277,0.1908244554,-0.797564854
SpcB2VCl,2024-01-14,HARD,-0.8123208542,0.1362521276,-0.7855210749,0.2832496906,-0.1079218114
nNujSdcf,2024-01-15,HARD,0.8712298762,0.1370194983,1.059415102,0.4817102243,-0.4074930776
A9nG1kSf,2024-01-15,HARD,-0.8812819469,0.1400408156,-1.012939878,0.2520115108,0.628380676
lGoCGabr,2024-01-15,HARD,1.393500428,0.1603762881,1.513207353,0.3668667576,-0.3627971266
K2Mcma7p,2024-01-15,HARD,-1.129402737,0.1402121183,-0.8978427815,0.3253319408,-0.7887812893
dtwjESB0,2024-01-15,HARD,-0.4921719417,0.1606113029,-0.7003874455,0.5163720973,0.4242726251
rsi17KbG,2024-01-15,HARD,0.4665410742,0.1391335658,0.6365803347,0.2628810539,-0.7623599768
CxcKZuwo,2024-01-15,HARD,1.367732424,0.1384101449,1.384557168,0.2904494778,-0.0658889982
v1ONYbKQ,2024-01-15,HARD,0.8610813818,0.1430596437,0.9461416748,0.3888502097,-0.2352476272
zXyfDnR6,2024-01-15,HARD,-0.1684491558,0.1496162209,-0.2139120592,0.368171322,0.135145284
IB7y9XZK,2024-01-15,HARD,-0.8364040156,0.1401396341,-0.4540040523,0.2520429802,-1.825375162
M5wPDcr1,2024-01-15,HARD,0.3636377895,0.1397562568,0.4638000707,0.289837203,-0.3944687438
UVhBLAJQ,2024-01-15,HARD,0.718946393,0.1300120611,0.5586530126,0.2254902887,0.8700459222
WzLFzLkE,2024-01-15,HARD,-0.4185429214,0.1646222798,-0.5808336868,0.381651203,0.4713352717
ERnuqpGb,2024-01-15,HARD,2.469887467,0.1426776127,2.052928798,0.3283861611,1.409734105
E1Hqtr0H,2024-01-15,HARD,0.7866130728,0.1607877342,0.301630361,0.6747042093,0.740131442
d26u8ikR,2024-01-15,HARD,0.4324085083,0.1201885503,0.4124407928,0.1907960985,0.1347514162
fJJUkhTr,2024-01-15,HARD,-0.842833912,0.1353503967,-0.2942530323,0.2457893216,-2.67385269
zmIW9DKE,2024-01-15,HARD,-0.6787153414,0.1392152399,-0.4431922106,0.3615315544,-0.7058928937
ObBonAS7,2024-01-15,HARD,0.6989070532,0.1341241482,0.3812736251,0.4590257176,0.7235492188
IeRbC6tD,2024-01-15,HARD,-1.557684602,0.1578510606,-0.8594266849,0.317961196,-2.529814302
OWzShLqN,2024-01-15,HARD,0.07933798174,0.1399711494,0.1510600655,0.2623988485,-0.3231470977
p8CsmjD1,2024-01-15,HARD,-0.8014610039,0.1459397869,-0.05264618061,0.4213711739,-1.894336517
EL7qsw31,2024-01-16,HARD,0.4139882727,0.1320497939,0.3159762505,0.3153459531,0.3422604696
KvIusOpB,2024-01-16,HARD,1.670093216,0.1324977718,1.425473328,0.2421997199,1.206546876
S6YoF8df,2024-01-16,HARD,1.051898638,0.138828695,0.9897025342,0.3538931634,0.1910635899
S4Lmu2FN,2024-01-16,HARD,1.567518405,0.1311847573,1.49052243,0.2491463994,0.3635102526
SWHxlWce,2024-01-16,HARD,0.8320111588,0.1672216187,0.08348776496,0.4628054466,1.734544476
lfb73Bcr,2024-01-16,HARD,0.2321308845,0.1526134387,0.5652642398,0.3908726392,-0.9257613966
pvPJZv5K,2024-01-16,HARD,-1.953217539,0.1685326311,-2.093127731,0.4117249469,0.3724466024
YL82VgHS,2024-01-16,HARD,0.8760043659,0.1476371632,0.8631201452,0.3472883905,0.04098757497
Ms1Hn7xj,2024-01-16,HARD,-0.2760867101,0.1434222808,-0.1532218806,0.263981571,-0.5543890911
hKxwga6h,2024-01-16,HARD,0.3195970484,0.144810771,0.1267937898,0.3292950565,0.6519240963
vTQUVBxM,2024-01-16,HARD,1.155530887,0.1423187475,0.9950761011,0.3347652308,0.5295418287
CntZOKiC,2024-01-16,HARD,-2.530848885,0.1255732077,-2.62918734,0.1994909881,0.6344017244
naXnLfO3,2024-01-16,HARD,-1.420844909,0.1372503526,-1.369194928,0.2844030918,-0.2073519711
Ghvc8gec,2024-01-16,HARD,0.05503680405,0.1348493141,0.266330833,0.253863535,-0.9823660542
YXbrZ4FJ,2024-01-16,HARD,1.096859246,0.1369366042,0.9104223436,0.2613245338,0.8376426708
hQPnhNFL,2024-01-16,HARD,-0.9040262754,0.1475718107,-0.893695492,0.299266067,-0.03968018565
bDHiOdKp,2024-01-16,HARD,-0.3668882971,0.1653088889,-0.6469646025,0.3188354926,1.027299554
dxoGXAjS,2024-01-17,HARD,0.7953341283,0.137409191,0.7354099788,0.2559355584,0.2775285796
ATQ2sC0A,2024-01-17,HARD,-0.1562249083,0.1346497758,-0.002088873685,0.3488062785,-0.4790270601
jDeuSloH,2024-01-17,HARD,-2.339867766,0.1360238506,-2.046501326,0.2200256723,-1.696332078
lnWoiwy5,2024-01-17,HARD,0.3957260212,0.136006879,0.2844885908,0.248631929,0.5344497762
GbN2mezU,2024-01-17,HARD,-0.2885209717,0.1178539312,-0.1402287877,0.2077451418,-0.8667983317
WIgO6b4n,2024-01-17,HARD,1.79856782,0.1461030522,1.911387512,0.2822293476,-0.4672221621
Ec9VqaN1,2024-01-17,HARD,-1.04261918,0.1238520515,-0.9736252027,0.2307244716,-0.3544242036
WAyshJLb,2024-01-17,HARD,-1.246053739,0.1410090845,-0.9487979373,0.2425570915,-1.506171711
hpAd4lgn,2024-01-17,HARD,1.905182842,0.1357892104,1.814236093,0.2680036787,0.3936120199
SOTprbxp,2024-01-17,HARD,-0.3356477498,0.1378077461,-0.6292232344,0.2913295376,1.143764592
I79UrFro,2024-01-17,HARD,-0.7685884435,0.1277224692,-0.6460679581,0.2565702287,-0.5506038033
Wb3qrcaJ,2024-01-17,HARD,-1.363416682,0.142286602,-1.316983883,0.2697753072,-0.2025852295
jsqvVE2Q,2024-01-17,HARD,-0.3916260317,0.1302009358,-0.4350247357,0.2120674931,0.2592627218
Y33VFL3D,2024-01-18,HARD,0.8063024495,0.1323940081,1.232200316,0.2946215004,-1.618159819
8U1zQjd3,2024-01-18,HARD,0.7760020488,0.1225496452,0.8006012805,0.2127215035,-0.1414776842
4MxRQtNa,2024-01-18,HARD,1.477017347,0.1227141977,1.377681262,0.1991435937,0.6333515163
Y3P0V030,2024-01-18,HARD,0.8476966489,0.1421846434,0.4801070192,0.3157442384,1.30388689
0YaLoRid,2024-01-18,HARD,0.6055729947,0.1322183208,0.4344880309,0.2405615333,0.8513041897
rZpMxqBQ,2024-01-18,HARD,2.104428712,0.1257609625,2.077008384,0.2086730672,0.1646677099
COcnYOUP,2024-01-18,HARD,-0.4104793625,0.1197686267,-0.3931341315,0.2256635229,-0.0906903749
WhQG67HO,2024-01-18,HARD,1.062398249,0.1478188004,1.056150702,0.2760663621,0.02679544016
xAgiM8eS,2024-01-18,HARD,-0.4491797553,0.1260539373,-0.3401241142,0.2673201241,-0.4626218745
0dSVEOGj,2024-01-18,HARD,-0.2190885275,0.1395245105,-0.2094414052,0.2586014014,-0.04430715033
8MHHbhyF,2024-01-18,HARD,-2.150373288,0.1236233811,-2.069501284,0.1955837784,-0.5335991342
tvhvViEH,2024-01-18,HARD,1.720127501,0.1283272652,1.856183714,0.2035269302,-0.8612649395
t6YCa2dk,2024-01-18,HARD,-1.121690677,0.1305362697,-1.211965524,0.2171442298,0.5202327502
vXnGzdpt,2024-01-18,HARD,-2.416627996,0.1267291244,-2.771081651,0.2336515222,1.805694956
bkg2gBk6,2024-01-18,HARD,0.5448229921,0.1326917931,0.656280286,0.2310721766,-0.5891751196
Oby1z87f,2024-01-19,HARD,-1.158585549,0.1406363471,-1.341589828,0.2835809496,0.7431614559
2gtmTVrU,2024-01-19,HARD,-1.131286418,0.140845463,-1.426512533,0.269891082,1.282334911
fsI2SYEf,2024-01-19,HARD,0.3171273386,0.1230932188,0.1498273729,0.2073627425,1.002544795
rXyBu4bs,2024-01-19,HARD,0.532906281,0.1114563173,0.3362268039,0.1855641859,1.325664629
Gtv4UIYr,2024-01-19,HARD,1.308796224,0.126019559,1.532366239,0.2660797212,-0.9540216297
KQ8SdsP9,2024-01-19,HARD,-0.8193975317,0.1325428929,-0.8977945967,0.2326078933,0.4101309873
27JEtK2H,2024-01-19,HARD,-0.4617823738,0.1255942016,-0.6406670024,0.2233783628,0.9683740075
CrAKj2yn,2024-01-19,HARD,0.0650853106,0.1143986478,-0.01339362166,0.1811813282,0.5585777828
hOE7XjMA,2024-01-20,HARD,2.165781094,0.1300126481,2.470300076,0.2232576511,-1.677830261
A3w8Txlk,2024-01-20,HARD,1.269438836,0.1273444863,1.143825357,0.1961978044,0.8416049492
SvKpU0QG,2024-01-20,HARD,-2.281197399,0.113434019,-2.541308129,0.1732971432,1.985368518
IistlRt9,2024-01-20,HARD,-1.835853588,0.1312917882,-2.000367245,0.2054248376,1.041270931
z5oZkeGm,2024-01-20,HARD,0.7851015861,0.1312035264,0.9882919864,0.2252046663,-1.110101748
K8y8xPo9,2024-01-21,HARD,0.4034527224,0.1331547322,0.2726868358,0.20905765,0.8113670511
bwTxbKSa,2024-01-21,HARD,0.8126592096,0.1166093547,0.7546509914,0.1886281041,0.39124412
4Ex6vZV9,2024-01-22,HARD,-0.3838084678,0.1213772438,-0.2258613212,0.2104730585,-0.9185695061
IqaPRen4,2024-01-22,HARD,1.644333139,0.1309005943,1.897878073,0.2299113101,-1.34144666
Qq3czKKN,2024-01-22,HARD,-1.627309766,0.1177497527,-1.789994432,0.1737577692,1.273200034
rHNlLHk0,2024-01-23,HARD,-1.507218822,0.1279529539,-1.3460817,0.1904578615,-1.142206527
Yw8PqeYg,2024-01-23,HARD,0.4719903492,0.1177011057,0.4099618246,0.1832038863,0.4418215418
bDVTpPrm,2024-01-24,HARD,-0.3415813514,0.1172308487,-0.4632689868,0.1985184444,0.7595618076
vVs8dntp,2024-01-25,HARD,-0.3088583611,0.1159594664,-0.05972315993,0.1681354359,-2.046294377
6iYhYdc3,2024-01-25,HARD,-0.901383957,0.1138483168,-0.9017705846,0.1797575001,0.00277931348
ShZfk3T6,2024-01-26,HARD,-1.341933199,0.1695913563,-1.315190664,0.3803489696,-0.07855126057
SvfMz4ED,2024-01-26,HARD,-0.02278227098,0.1478709975,0.1525440127,0.2366076053,-0.9492039316
xAyDcRLQ,2024-01-26,HARD,-0.5176983609,0.2050010935,-0.2757309413,0.4952019693,-0.5367790169
zJx3msbJ,2024-01-26,HARD,0.3206180627,0.2126318432,0.2638930064,0.586639046,0.1037499641
fon8b76K,2024-01-27,HARD,-2.207155488,0.2332759641,-0.6311790948,0.9104347313,-1.790797023
MFYblNrD,2024-01-27,HARD,0.7737095587,0.1856367439,0.5927224635,0.5824022756,0.3278604264
l2zijqE0,2024-01-27,HARD,-1.836014452,0.1909581017,-1.534445552,0.464569451,-0.7120721874
lleIypa7,2024-01-27,HARD,0.0383108476,0.1388566891,0.1357957095,0.2633953597,-0.4355479115
Ma8o9kDT,2024-01-27,HARD,-1.323303015,0.1190417887,-1.503523875,0.1690333867,1.50177071
WQuniPbf,2024-01-27,HARD,0.4683958327,0.1443492575,0.8194207431,0.3036268014,-1.314114659
Gfm4amiE,2024-01-27,HARD,2.174519905,0.2330847378,1.229561028,0.9104742404,1.073654117
bDsvgoUs,2024-01-27,HARD,-0.8066810916,0.1815638154,0.4483465373,0.8743891957,-1.467300602
hzsrh5ql,2024-01-27,HARD,-3.064520984,0.2541057513,-1.255241672,0.8894148177,-2.122712124
IawYLYBS,2024-01-27,HARD,-0.6374955169,0.1491433555,-0.6796341497,0.234704555,0.2325211262
hpCQtbPR,2024-01-27,HARD,0.9545867115,0.1589608311,0.4823879772,0.396423055,1.300262136
b5uM0hG0,2024-01-27,HARD,-0.9747868105,0.1498551042,-0.8951131809,0.3354280192,-0.2654970583
dWDarMOa,2024-01-27,HARD,0.2746897696,0.1764778205,0.07664818058,0.3684367842,0.6123334438
fTjeFCni,2024-01-28,HARD,0.41902873,0.1692740315,0.1461182237,0.3888973538,0.7794661188
CjMH1gIi,2024-01-28,HARD,0.5888805899,0.1453754915,0.2026407482,0.3990544576,1.039306963
0IgKuOVD,2024-01-28,HARD,-2.578256238,0.2330797832,-1.9796262,0.9208434068,-0.6719708806
65cUI0O0,2024-01-28,HARD,0.05467023042,0.1685550906,-0.9010191644,0.4596829356,2.234666836
E7IkQrWQ,2024-01-28,HARD,-0.1436025596,0.1794300655,-0.5433605911,0.4555273176,0.9547592333
KleIL2vr,2024-01-28,HARD,-2.406841866,0.191783278,-2.662014811,0.880252028,0.2970215539
SEbQJt9f,2024-01-28,HARD,-0.7764969335,0.1392314423,-0.1482684508,0.3585319237,-1.90145637
v9hOvroK,2024-01-28,HARD,0.4905582804,0.1398198293,0.5286247756,0.354938222,-0.1166830267
dpmTw20Q,2024-01-28,HARD,0.1015148064,0.170281782,0.4697826571,0.4578383849,-0.8665243401
bufMKMgl,2024-01-28,HARD,0.7025875028,0.1360494045,0.4661987566,0.3557831443,0.7190677156
bgZfZL8s,2024-01-28,HARD,0.5833861098,0.142326848,0.5714193533,0.4007476286,0.03194353972
nF5xHvgD,2024-01-28,HARD,0.21305941,0.1385389994,0.3494786583,0.2928060829,-0.5288427952
lUnZHKw7,2024-01-28,HARD,0.2465451485,0.1305186105,0.5416836103,0.3531001042,-0.8995591676
hGYbYuOm,2024-01-28,HARD,-0.1834435241,0.1312105461,0.0525580557,0.3935047809,-0.6361487273
EsFHo5Gf,2024-01-29,HARD,-1.204250632,0.199431957,-0.06429922805,0.6421406433,-1.867589925
lUts1kPd,2024-01-29,HARD,-0.6253925919,0.158814236,-0.3320448196,0.3043067913,-1.130095534
zc3Qqqo7,2024-01-29,HARD,-0.2788049503,0.1307666815,-0.2959474093,0.2836965198,0.06809010682
23eC7nwE,2024-01-29,HARD,-0.08000304198,0.1290614741,0.1884098466,0.2620276915,-1.177049742
f1zi04Vm,2024-01-29,HARD,-1.351372902,0.1532119099,-1.115598031,0.3455888533,-0.7611275644
O2uMIEja,2024-01-29,HARD,-0.8396555137,0.1159228839,-0.777332172,0.2558304419,-0.2732767679
t0RiWXKb,2024-01-29,HARD,-0.6592499749,0.1325360261,-0.1608975437,0.3551882768,-1.512292639
CdVwon59,2024-01-29,HARD,-0.2747980473,0.1465634565,-0.3253559504,0.2745756179,0.2177462421
bVlL5Q7Q,2024-01-29,HARD,-2.591026185,0.2210052212,-1.936761719,0.6093090621,-1.152248724
Uk3CGwef,2024-01-29,HARD,-0.3873935797,0.1511738395,-0.4084814273,0.3286666353,0.07225924991
OE7Odq4L,2024-01-29,HARD,-1.193922395,0.1266603038,-1.151441975,0.2588071294,-0.1882203548
OWYCGbCi,2024-01-29,HARD,0.7617270452,0.1443645576,0.8055053262,0.2744724912,-0.1875358364
6ZAmiNRr,2024-01-29,HARD,-0.002059314404,0.1300841452,-0.1785774072,0.2369345507,0.8913680131
xEqVT2m1,2024-01-29,HARD,0.1027639041,0.1266312583,0.07319146212,0.2899830019,0.1133595821
0vym1pGs,2024-01-30,HARD,-0.7137051941,0.1511609858,-0.378023601,0.3093704019,-1.243602958
fsCsaTg9,2024-01-30,HARD,-0.417161514,0.1471112038,-0.8217291498,0.263675818,1.848840369
tffG66hK,2024-01-30,HARD,0.8636114634,0.1292593335,0.4810314331,0.2562463874,1.729128065
t2rfnB8S,2024-01-30,HARD,0.7672459456,0.1555846194,0.7439472272,0.2785018985,0.1008642848
SKuo09v3,2024-01-30,HARD,0.376074262,0.1469494253,0.6586706088,0.276553939,-1.206224229
SfAkc7OL,2024-01-30,HARD,-0.9248794319,0.1334997674,-0.9447933059,0.2389090802,0.100509305
YXAobm9F,2024-01-30,HARD,-0.265268115,0.127857057,-0.1146133565,0.2233972847,-0.8223919813
UcFyXZtr,2024-01-30,HARD,-0.05320995733,0.12857208,-0.2920401513,0.2215567261,1.323639408
l07Ur30D,2024-01-30,HARD,-2.322825244,0.2195055495,-2.470262683,0.8734656275,0.1743925011
zcc3krc9,2024-01-30,HARD,0.3048182893,0.1242340393,0.1164358556,0.2259703743,0.9980253014
O0fGT0zj,2024-01-30,HARD,0.5125060555,0.1386153909,0.1745809014,0.241834071,1.705268944
zRhax6nd,2024-01-30,HARD,0.1617528552,0.140115572,0.3426942942,0.2412200938,-0.9215078456
tzbajOs3,2024-01-30,HARD,-0.8553909007,0.1378300347,-0.9245612592,0.2514295998,0.3289364542
l017l2CF,2024-01-30,HARD,0.388815232,0.124797219,0.4823992915,0.2316752041,-0.4794516108
4QOLe3JR,2024-01-30,HARD,0.2825349292,0.1496728378,0.3778894821,0.3317851154,-0.3220272612
EaEek1de,2024-01-30,HARD,1.319551427,0.144533727,1.388641144,0.4374220977,-0.167346771
OMu44xBE,2024-01-31,HARD,-0.8988262368,0.1368651176,-0.9295417028,0.2524511347,0.1447948755
xz9D8G5g,2024-01-31,HARD,-0.6336639517,0.1254090357,-1.020259895,0.2463592032,1.823131158
2igKSKkd,2024-01-31,HARD,1.415487819,0.1218414397,1.875705207,0.2516631596,-2.089976329
IsIKSYcf,2024-01-31,HARD,0.08652663277,0.1229914741,0.1093626174,0.1960766151,-0.1495421126
0O0Eysx4,2024-01-31,HARD,0.9031310695,0.1216219582,1.067379744,0.2372458995,-0.8063260817
2qaei4Sd,2024-01-31,HARD,0.06211658714,0.1212072485,0.07226143572,0.2525116918,-0.04579660703
nHMORhD0,2024-01-31,HARD,-0.1626708351,0.1327877581,-0.3843068956,0.2114943791,1.346410665
0dAijssk,2024-01-31,HARD,-0.2610708702,0.129416031,-0.315247736,0.2520459342,0.2504898101
jVtm1nrg,2024-01-31,HARD,-1.190299679,0.1240186042,-1.335097587,0.2581175355,0.6396473031
xWSoDQXI,2024-01-31,HARD,0.5671257236,0.1256112962,0.8627216006,0.2294203173,-1.539739713
W6uL0ANL,2024-02-01,HARD,0.3161212774,0.1272208966,0.4179431379,0.2420553939,-0.494457683
YimIyUtP,2024-02-01,HARD,-0.5447648274,0.1266382277,-0.1903108853,0.2137911122,-2.057810774
U7GQAW1S,2024-02-01,HARD,-0.3451119366,0.1250936784,-0.3396401673,0.2146927932,-0.03135977065
C0ZzRr8C,2024-02-01,HARD,0.1743789809,0.1212789674,0.2263097948,0.2154865499,-0.2915535886
bsodRI7D,2024-02-01,HARD,0.9690479815,0.1226460921,1.016234509,0.2197309136,-0.2588153651
rD9x4PR8,2024-02-01,HARD,-0.4453837942,0.1350965896,-0.4986854497,0.2423812009,0.264866041
jc3gXAB2,2024-02-01,HARD,-0.1161114406,0.1220933345,-0.112387585,0.2614457448,-0.01610759792
nuVzP3QB,2024-02-01,HARD,0.3980410814,0.1204647963,0.6658009813,0.2218592966,-1.437207928
G4We9HlC,2024-02-01,HARD,0.4761086165,0.1157130811,0.4629920546,0.2062493755,0.07682561385
2yubEj6G,2024-02-02,HARD,0.1728303164,0.1192655635,0.2079436037,0.2015322104,-0.2161443656
bNlfrz2p,2024-02-02,HARD,-1.058305288,0.1220315386,-0.9194358081,0.2020383514,-0.8624302514
Ot8dVpnh,2024-02-02,HARD,0.7565781997,0.1302858888,0.7512105515,0.2208928018,0.03009118563
nuJ7XwkI,2024-02-02,HARD,-0.05272496738,0.1211806551,0.1274221854,0.2232869655,-0.9605653317
t2A9X0rR,2024-02-02,HARD,-0.00664645919,0.1290055477,-0.1539062245,0.2131435959,0.8679209244
xStkb88Q,2024-02-02,HARD,-0.3554252821,0.1184452677,-0.2733566319,0.223063623,-0.4341825242
YiRwSbpL,2024-02-02,HARD,1.413704626,0.1222167271,1.292563801,0.1912402044,0.8235750295
MP7CAMTp,2024-02-02,HARD,-0.1570517203,0.1162719539,-0.03837792462,0.1992266021,-0.733560237
SjAmLF32,2024-02-03,HARD,-0.6790342564,0.1730985567,-0.9763701945,0.3318555032,1.050159103
v7FWK69J,2024-02-03,HARD,1.659789695,0.1779271005,0.7895098806,0.334931293,3.066934858
WK4srlnA,2024-02-03,HARD,-2.121922032,0.2158010126,-1.877114329,0.4527242708,-0.6151234893
vBP6ZAe0,2024-02-03,HARD,-0.1132244942,0.1148898912,-0.3763174679,0.1912983154,1.720063177
0rRP1R2s,2024-02-03,HARD,2.355265076,0.2098130365,2.94433849,0.4757371654,-1.379656331
IcEzKQOP,2024-02-03,HARD,-1.946988298,0.2186768412,-1.498538606,0.5131886281,-0.9659324604
hIFcuJYC,2024-02-03,HARD,-0.2572742754,0.1166070727,-0.2761139508,0.1782823422,0.1396973911
Y9vXa5Xg,2024-02-03,HARD,1.611300442,0.2020574769,1.479066724,0.4120187028,0.3682659241
GYTyaPn0,2024-02-03,HARD,2.047126473,0.1879890632,1.032623362,0.5059016508,2.160001156
4hJ1vwlJ,2024-02-03,HARD,-0.4104917634,0.1196538878,-0.3551552986,0.213485074,-0.3129861308
tfEiKZI8,2024-02-03,HARD,-1.879044562,0.2072435409,-1.617563814,0.7149093861,-0.3821635571
ObXqc3HC,2024-02-03,HARD,1.562860779,0.2164538297,0.452819174,0.6466567244,1.821668628
OI3dJgYE,2024-02-03,HARD,-3.145990867,0.2565112343,-1.62116513,0.9617275582,-1.645101973
2kWmdNWI,2024-02-03,HARD,-2.068115752,0.1904469686,-1.195295292,0.8742216601,-1.02296595
UyYubq26,2024-02-03,HARD,0.9683095463,0.1880921175,1.660339804,0.4672229761,-1.618065404
AobIVxtS,2024-02-03,HARD,0.1229420116,0.1114847765,0.06832710574,0.1851860765,0.3693483602
0QksfOFo,2024-02-04,HARD,0.03253590257,0.1108441341,-0.05369311438,0.1696378231,0.6714839168
jouPrtfI,2024-02-04,HARD,0.5348310707,0.1527689943,0.6581626616,0.2599430013,-0.5864163269
AH24OQQg,2024-02-04,HARD,0.4903510517,0.1613339311,0.1912905069,0.3468518855,0.9739908493
8l8ic3po,2024-02-04,HARD,0.3724847303,0.169944424,-0.1993866466,0.4437070464,1.395244741
GzPTJxFC,2024-02-04,HARD,0.3257998835,0.1127997365,0.2657910272,0.1813311721,0.4226687144
tpyE6b4F,2024-02-05,HARD,-0.3289747906,0.1274420516,-0.3106182051,0.2501354544,-0.08528609661
G65cbzCe,2024-02-05,HARD,0.5258702674,0.130144913,0.3060019988,0.2700577103,0.9291672014
lIOTViRj,2024-02-05,HARD,-1.183347699,0.1260825679,-1.13372689,0.2037794877,-0.3099529414
jgFtiPOt,2024-02-05,HARD,-0.8032466831,0.1663703229,-0.5642537177,0.2913768265,-0.9990931688
rDcqMw42,2024-02-05,HARD,-0.0833021841,0.1305874834,0.02456191458,0.2720274068,-0.4520078698
O8QI5IJL,2024-02-05,HARD,-0.1560673601,0.1214334122,-0.2325316473,0.2430567533,0.3631677473
MZnIeN0J,2024-02-06,HARD,0.08004364103,0.1525676972,-0.145101039,0.3199238001,0.8006522225
nL8kk3gg,2024-02-06,HARD,0.1941974492,0.1400032828,0.2208118805,0.2526349646,-0.126558292
fiHl0dsq,2024-02-06,HARD,-0.06346867935,0.129362281,0.1463016604,0.2143013191,-1.227788736
YDSEe5GP,2024-02-06,HARD,-1.302160332,0.1842261275,-2.468103623,0.8763070572,1.360933346
M3dmLcJ8,2024-02-06,HARD,-0.03826029392,0.1436047404,0.2364615625,0.2436902044,-1.395361689
zmY58KZ2,2024-02-06,HARD,1.047147326,0.239137269,2.335106064,1.13539268,-1.160403289
fNTAdo1J,2024-02-06,HARD,1.417564187,0.143514471,1.546402521,0.2593897138,-0.5962781318
QB7glN8a,2024-02-07,HARD,1.20200969,0.1324203754,0.9317059538,0.2470284193,1.29618774
U991cfR1,2024-02-07,HARD,-0.6156162011,0.1677587985,-0.9493067307,0.2906157559,1.406156805
xhGwUI0O,2024-02-07,HARD,-0.3275034467,0.125812463,-0.2842318273,0.2077243165,-0.2617929256
bylIkZ9b,2024-02-07,HARD,0.2646685372,0.133622468,0.08245222987,0.240781895,0.9097071319
nmRn1Hrg,2024-02-07,HARD,0.2909717522,0.1192860684,0.2037994983,0.2467699666,0.4035309241
YPfNEBEa,2024-02-08,HARD,0.3716615881,0.120609999,-0.06657039781,0.2087379713,2.572288572
E9HR7Rxk,2024-02-08,HARD,-0.4800077978,0.1157629264,-0.8496194462,0.1987983721,2.286974092
CYWaIYU4,2024-02-08,HARD,0.8220411749,0.1181319118,1.028855786,0.1759873269,-1.585431542
Aqa6pAQA,2024-02-08,HARD,-0.4061844308,0.122256602,-0.2778890638,0.2393183931,-0.6235972575
Cda5BPCS,2024-02-09,HARD,1.776104423,0.1746802576,1.443133314,0.3331477068,1.173757046
K2lu5Nkd,2024-02-09,HARD,-1.948348399,0.1629332122,-1.666005761,0.3967667172,-0.7804506955
rH7lF7D3,2024-02-09,HARD,0.2794261661,0.1321114536,0.005833754524,0.275268232,1.132917812
zBWRSQs3,2024-02-09,HARD,-1.154701108,0.1247517498,-0.961733252,0.1934228151,-1.305465349
YoQchp6j,2024-02-09,HARD,0.207808274,0.1267468669,0.1141286796,0.2410727376,0.4568307261
0hIqGmbc,2024-02-09,HARD,0.04066737578,0.1270018886,-0.004283765035,0.2343631296,0.2282148509
rLJeCCBL,2024-02-09,HARD,0.06431737372,0.123891644,0.1454541486,0.1943475018,-0.5418541292
UaWXAhMH,2024-02-09,HARD,0.124489797,0.122672523,0.3314744741,0.2439890521,-0.9813987673
tCky63zj,2024-02-09,HARD,-0.3698831763,0.1252244235,-0.1492688167,0.2377426366,-1.091663417
dKXNT6Sd,2024-02-09,HARD,1.093045271,0.1434365672,1.09798526,0.2692382571,-0.02168097029
nBPYIpsi,2024-02-09,HARD,-0.002544078956,0.1563161611,0.4715779731,0.5913652858,-0.8313094238
nkEuHTri,2024-02-09,HARD,-0.2887274284,0.1251146763,-0.7778836662,0.2351771236,2.456409817
GnDktnbE,2024-02-09,HARD,0.3827650988,0.1531789844,0.3432228312,0.2502626165,0.1998012603
2Z3AvnzG,2024-02-09,HARD,-0.924912016,0.1556805338,-0.6165280217,0.3235589594,-1.087221634
UXVVRpc9,2024-02-09,HARD,-0.1444430509,0.1220289569,-0.1684905301,0.2631530572,0.1031420987
ptQFPxsg,2024-02-09,HARD,-0.1624821001,0.1222479107,-0.1648866707,0.2124629187,0.01383767917
UX90C5cM,2024-02-09,HARD,-1.606748918,0.1433617861,-1.582994302,0.2566215451,-0.1116064368
MXZgjD98,2024-02-09,HARD,-0.1737917311,0.1176346435,-0.342418546,0.2296951202,0.8547308979
boRHDNZE,2024-02-09,HARD,1.347356903,0.1108752613,1.427475664,0.198273719,-0.4874144816
AwK2pejg,2024-02-10,HARD,-0.2603980312,0.1269176813,-0.03191032743,0.2408039513,-1.116522704
ERt6Sj5l,2024-02-10,HARD,0.3809889094,0.119667539,0.0996857533,0.209820565,1.632166955
YemX9455,2024-02-10,HARD,0.6381256103,0.1316535484,0.5290335972,0.199667631,0.7267230483
dKkpomb1,2024-02-10,HARD,-0.2277096483,0.1294856756,0.04040476931,0.2133620165,-1.581065329
4Gip1UNQ,2024-02-10,HARD,-0.2829631192,0.1295521007,-0.224004325,0.2397490196,-0.2922628093
r13y3jgE,2024-02-10,HARD,-0.2754753683,0.11677679,-0.2960950845,0.2223515849,0.1089733985
UNbFqN9j,2024-02-10,HARD,-0.8153725432,0.1218161962,-0.7394441847,0.2194720653,-0.4159050184
Optp72kO,2024-02-10,HARD,-0.1608725057,0.1201705337,0.02430349955,0.1978131072,-1.178507529
6urb86ni,2024-02-10,HARD,0.09420044537,0.1227156611,0.269750599,0.1909257676,-1.200218007
6eKX25B4,2024-02-10,HARD,-0.7407002383,0.1145213001,-0.4935821937,0.1858168819,-1.688759777
K6O1Pq5h,2024-02-11,HARD,1.319954805,0.1511815353,1.349075487,0.3002570513,-0.1122532822
WQ9yxNlb,2024-02-11,HARD,-0.9706052482,0.1351665498,-0.837387448,0.249970903,-0.6335416962
lQOAvifH,2024-02-11,HARD,-1.055878114,0.1145905989,-1.059707845,0.1902335845,0.02522082199
pUDuys44,2024-02-11,HARD,-0.0979535297,0.1182870433,-0.2175338598,0.2160971759,0.6612184108
QNXkqFun,2024-02-11,HARD,-0.3508865267,0.1266979206,0.06846243896,0.2507701703,-1.937751694
f3P6uXvB,2024-02-11,HARD,0.3370301659,0.1138603849,0.2709941218,0.1825234372,0.4629054024
KpXgrZfh,2024-02-11,HARD,-0.1161929328,0.1136842297,-0.09920886359,0.1698398159,-0.1346016303
KrUBM63j,2024-02-11,HARD,-0.5892448359,0.1141364507,-0.4219752529,0.1763935891,-1.24373219
2kKMKLJN,2024-02-11,HARD,0.1941221145,0.1247865232,0.1946164502,0.2811195806,-0.001962383063
zJ6hYvlN,2024-02-11,HARD,-0.5861518244,0.1246267494,-0.08584895817,0.2064317525,-3.040119713
bDBTwqKo,2024-02-12,HARD,0.4125331654,0.1158922636,0.3657701699,0.2320966757,0.2325456896
SWR9NNZ4,2024-02-12,HARD,0.6141318166,0.1432102042,0.4486747587,0.2999010319,0.6279240671
dCJQJuZT,2024-02-12,HARD,-0.8346451388,0.1292590599,-0.7180379119,0.2541567269,-0.5328602311
EmUopeQu,2024-02-12,HARD,-0.4962652675,0.1300936394,-0.8170394185,0.2393535824,1.596587324
lnGIL14H,2024-02-12,HARD,-0.3122684938,0.133801026,-0.05987587561,0.3397180311,-0.8082799596
byWcsgAb,2024-02-12,HARD,-0.9592463963,0.113520272,-1.06470378,0.2139887655,0.5813670359
6q2lZKYG,2024-02-12,HARD,-0.501247874,0.1248597172,-0.4847851582,0.220190903,-0.09077005051
GCQ2tDP4,2024-02-12,HARD,-0.5760381162,0.1175762171,-0.7715387241,0.2263661592,1.010673539
Sh3pz1JA,2024-02-12,HARD,0.1917530333,0.1256494207,0.03432932057,0.2354410286,0.7906378058
bL5hFaso,2024-02-12,HARD,0.4527336535,0.1378341806,0.4527292365,0.2717667106,1.885824108e-05
lQ2uPBfU,2024-02-12,HARD,-0.7612812415,0.1214042893,-0.7238165444,0.2247327531,-0.1981016987
6NQDMskB,2024-02-12,HARD,0.1547645095,0.1340784435,0.1618406939,0.2722226676,-0.02986818076
E95dXb3T,2024-02-12,HARD,0.6099915001,0.128460716,0.5879105695,0.2442215351,0.1063083117
x4AXx3Zi,2024-02-12,HARD,0.4140682765,0.107079686,0.3123199134,0.2010359639,0.5980089041
S49plPmB,2024-02-12,HARD,2.115921935,0.1189617112,2.324547518,0.2636728481,-0.8865933888
GjPnSS81,2024-02-12,HARD,1.198467594,0.1254104225,1.737833374,0.2741780652,-2.212191222
WOSoWW5K,2024-02-13,HARD,1.175452438,0.1243484903,0.964969828,0.2202534968,1.157808391
4IIInbk8,2024-02-13,HARD,-0.09444718506,0.125291353,-0.2897270035,0.2455709491,0.9246024442
U5sUMYEn,2024-02-13,HARD,-0.01086518544,0.1162524651,-0.1513548459,0.1975132676,0.8798346344
xfPyadFB,2024-02-13,HARD,-0.711159733,0.1156187879,-0.7130733042,0.1983302883,0.01187495792
rcH8n78i,2024-02-13,HARD,-0.2446460608,0.1314629398,-0.8550271015,0.2618917596,2.694772344
OEujESKF,2024-02-13,HARD,0.342494391,0.1211754238,-0.03036576175,0.2109007528,2.160078744
tYQef0Ap,2024-02-13,HARD,-0.6297703062,0.1140593023,-0.726279517,0.1763788615,0.7173477437
bwBL9dM0,2024-02-13,HARD,-0.04599057095,0.1104137602,0.04923774927,0.1840037719,-0.646956162
fsOjRnO7,2024-02-13,HARD,-1.510886535,0.1193960473,-1.922803718,0.2147670606,2.307397721
hpSgHUrO,2024-02-13,HARD,-1.063689011,0.1204967571,-0.8619944875,0.2260288888,-1.05471242
hbP1xbEI,2024-02-13,HARD,0.6948380027,0.1478125499,0.8601341745,0.2750597659,-0.7125806481
GpOubGUH,2024-02-13,HARD,-0.6202084819,0.1296613386,-0.5783389986,0.2506995549,-0.1951364564
p2HoHNHc,2024-02-13,HARD,-1.827070441,0.1158792505,-1.819563981,0.2183502022,-0.04056135132
2DfatGZt,2024-02-14,HARD,0.08514384091,0.1207725124,0.4361755715,0.2283022534,-1.811852533
KfYH0cY1,2024-02-14,HARD,0.5199222909,0.1130249193,0.5894819399,0.1825431453,-0.4852653563
4UtMmMIt,2024-02-14,HARD,0.3662762786,0.1166628166,0.1949903242,0.2127765416,0.9625899119
2FJxdEos,2024-02-14,HARD,-0.2871594699,0.1155251109,-0.4058480026,0.1731899354,0.9198532871
xIuGh4j9,2024-02-14,HARD,-1.229403703,0.1125225446,-1.231479655,0.2010441325,0.01246028091
6FWnYeyp,2024-02-14,HARD,1.956057712,0.1133196293,2.201505807,0.2068784434,-1.418103586
rkZMgqMA,2024-02-14,HARD,-0.1667010323,0.112707604,-0.1077295283,0.1768391625,-0.4327598362
Orm4wvkC,2024-02-15,HARD,-0.03422181477,0.1082066084,0.05276896979,0.171663357,-0.6527639964
UL7Dmhm0,2024-02-15,HARD,-1.185210113,0.1143986799,-1.176075159,0.1968464398,-0.05702505041
hn5zUURq,2024-02-15,HARD,1.726450577,0.1126951885,1.970401074,0.1906171458,-1.58681664
8joKtVHP,2024-02-15,HARD,0.3495385537,0.1191577401,0.4601878379,0.193266383,-0.7271799546
CdoaX5AS,2024-02-16,HARD,0.9978271579,0.1247160652,0.694492502,0.2185830227,1.689776771
MB8mF6lp,2024-02-16,HARD,0.08911730339,0.1238696794,0.2275729636,0.1885086877,-0.9743677412
lrCTnoAF,2024-02-16,HARD,1.168610387,0.1477771824,1.057957984,0.2418962525,0.5777921478
rHgrylB3,2024-02-16,HARD,0.1843530319,0.1248470229,0.2469487822,0.2049403585,-0.385149769
UXefYoeM,2024-02-16,HARD,-0.4532515676,0.1153335386,-0.5073393236,0.181541629,0.3857949126
AiDPmRf9,2024-02-16,HARD,0.02793217773,0.1558299628,0.3178054019,0.3378048835,-0.9671624505
nk0ZxAti,2024-02-16,HARD,0.2702274228,0.1342441507,0.2503607184,0.221903266,0.1124378128
0MVYQ3md,2024-02-16,HARD,0.1483193225,0.1163513391,0.3823056217,0.1979867062,-1.460672253
MVWURqYk,2024-02-16,HARD,-2.265309071,0.2027438122,-2.326130533,0.8717067105,0.07174020723
QuawxUec,2024-02-16,HARD,0.3296784722,0.1349249061,-0.07705122118,0.2894808812,1.588079834
M7hnz8Q9,2024-02-16,HARD,-0.1823406573,0.132604131,0.09249145185,0.2526692791,-1.277834095
GUijZRuG,2024-02-16,HARD,-2.550041241,0.209423959,-2.303005348,0.8858172348,-0.2870156201
0SpNRRmd,2024-02-16,HARD,0.9004639027,0.1620303717,0.5856178659,0.265745174,1.494754542
YoCiEQ3j,2024-02-16,HARD,-1.378020129,0.180843779,-0.8957977274,0.3680369489,-1.50440023
G2eLOnJd,2024-02-16,HARD,-0.6888949804,0.1370703164,-0.6289704076,0.2398335856,-0.3044883453
rqU1Uxfl,2024-02-16,HARD,1.010824837,0.110858947,1.028060379,0.170503304,-0.1330476926
69HzyB9C,2024-02-17,HARD,0.1314211371,0.1160459135,0.02632811729,0.1855526044,0.7258484663
CKupiCil,2024-02-17,HARD,0.4665429699,0.1543447959,0.5521731483,0.2508662126,-0.4329865313
vgpqoeXJ,2024-02-17,HARD,1.278188935,0.1160816278,1.030532606,0.1957227567,1.571591311
bosBMbAo,2024-02-17,HARD,0.02420539391,0.1364736041,-0.2133308819,0.2694219384,1.022542463
MFS9iAN3,2024-02-17,HARD,-0.08060657213,0.1188474467,-0.1541755211,0.1946794276,0.4771236726
vP0Bqp1a,2024-02-17,HARD,0.3496506957,0.1125628171,0.6260677056,0.1882963834,-1.831213208
CdccuEFB,2024-02-17,HARD,1.129930892,0.1169377025,1.305856703,0.1909773094,-1.165150643
dtLgZf64,2024-02-17,HARD,-0.6153193412,0.1318065732,-0.5544010783,0.1954091732,-0.4222726745
ID8ZD2dH,2024-02-17,HARD,0.6998404964,0.1107807162,0.8164006584,0.1778885211,-0.8374586517
4U8qhMUk,2024-02-18,HARD,-0.01749699389,0.124615617,0.3167873502,0.2062489063,-2.03402969
U9ibzi4t,2024-02-18,HARD,0.7060508343,0.1155969959,0.7375349301,0.1709883866,-0.2498866605
fePeSgCJ,2024-02-18,HARD,1.313403658,0.1396793224,1.469423717,0.2568593665,-0.7237870793
6eKyJkZ5,2024-02-18,HARD,-0.5383866943,0.1186987836,-0.6437652998,0.1713175533,0.853042897
xGSKMXZt,2024-02-18,HARD,-0.1239595306,0.117084968,-0.05390151275,0.2005922811,-0.4301327732
6Zr16Ck0,2024-02-18,HARD,-0.2887622653,0.111856789,-0.2377957068,0.1824463669,-0.3536043155
hCMmGmJO,2024-02-18,HARD,1.040784212,0.119446836,0.8566392067,0.1963270361,1.181856085
G6ROLikm,2024-02-18,HARD,-0.5020520785,0.1243771133,-0.6973901358,0.2324417288,0.9947666527
pnJuI9lC,2024-02-18,HARD,0.1585780511,0.1230113228,0.1122830961,0.2109343855,0.2701744829
rmrdhtxe,2024-02-18,HARD,0.638212031,0.1198812752,0.8261130219,0.1829298925,-1.359894894
Q39HRML8,2024-02-18,HARD,-0.4013698946,0.1355690357,-0.5684383119,0.2417722211,0.834561683
SlX94jKC,2024-02-18,HARD,-0.3978526039,0.1314576218,-0.2565215864,0.2380887043,-0.7119690783
ELNqHT3I,2024-02-19,HARD,0.8415915498,0.1169244278,0.9004294821,0.1832252624,-0.4170892095
YoOaRDRP,2024-02-19,HARD,0.5925078317,0.1307664815,0.5028750598,0.2315064526,0.4691891626
x0vc7hzf,2024-02-19,HARD,-1.315824253,0.1239348828,-1.225584335,0.1853666355,-0.654653077
AeRU3JT1,2024-02-19,HARD,1.716406565,0.1525953711,1.160649472,0.4160339575,1.435921481
rL7mitpd,2024-02-19,HARD,-0.254456034,0.1184178971,-0.1591083857,0.194255339,-0.6191883744
thyE3AZI,2024-02-19,HARD,0.3504529133,0.1215594956,0.1876909944,0.1886407255,1.128317286
OWj2ZAJn,2024-02-19,HARD,0.8525501647,0.1130983222,0.9306287627,0.1827997902,-0.5436757302
pQs55W46,2024-02-19,HARD,0.4197082414,0.1315953645,0.5152969338,0.2379227869,-0.4822430634
fH0WvXeP,2024-02-19,HARD,-1.339556384,0.1310691898,-1.699435676,0.2324456889,1.874679873
W4SQ4aEe,2024-02-19,HARD,1.179553014,0.1457613964,1.074217476,0.2462637845,0.5306763619
ngEvg2Fq,2024-02-19,HARD,-1.015419377,0.1255893633,-1.216439127,0.2474032628,0.9430618638
IaoSt6Ci,2024-02-19,HARD,0.9945627158,0.1258648317,0.8868699149,0.2131190374,0.626186891
jahgL73c,2024-02-20,HARD,0.4795262194,0.1138787949,0.4989984345,0.1871555634,-0.131106484
M5gPmlqI,2024-02-20,HARD,-0.1379649546,0.120857319,-0.2069991445,0.1782541599,0.5268702758
hG8ZrHsp,2024-02-20,HARD,0.1469818774,0.1192259081,0.438915025,0.2214548775,-1.564309196
p235HO7U,2024-02-20,HARD,1.088181844,0.1275078378,1.228529638,0.227500004,-0.7449096997
ChipQY0O,2024-02-20,HARD,-1.876214014,0.1271411058,-2.209566538,0.2159754226,1.909380774
fZH9zv91,2024-02-20,HARD,1.098349439,0.1241739475,0.7554036081,0.2058334195,2.089105758
z7rpFJTH,2024-02-20,HARD,0.01647095178,0.1248460288,0.06772385879,0.2130647377,-0.2968500591
80bSFa6p,2024-02-20,HARD,-1.57103623,0.1206562999,-1.497090571,0.2056148735,-0.4441398308
K4wX9yYG,2024-02-20,HARD,-0.6388891753,0.1143184792,-0.5293505618,0.1799469637,-0.7882272043
E34uVyBe,2024-02-20,HARD,1.592170198,0.1394954321,1.647783023,0.2022953234,-0.3795905162
8Sn6qixQ,2024-02-20,HARD,-1.700204334,0.1147559677,-1.85220706,0.1747453318,1.153424013
6HaAC4O2,2024-02-20,HARD,2.260758143,0.1143489926,2.441938985,0.1897860137,-1.19615319
vLCO6N6f,2024-02-20,HARD,0.2727636428,0.1207173307,0.1408822268,0.1768431287,1.020504036
6DPMiq5Q,2024-02-20,HARD,1.818420177,0.1182282271,2.177018928,0.1936389153,-2.338339201
MRzsHLx0,2024-02-21,HARD,0.6050778409,0.1199872896,0.6951616146,0.1976840052,-0.5733981061
Ui0KUv7a,2024-02-21,HARD,-0.02213747752,0.1335669035,-0.1307585558,0.2185281033,0.6280205549
lI6sgJao,2024-02-21,HARD,0.2163392066,0.1095604143,0.2858036972,0.162060803,-0.5817009191
EaK2Hgr3,2024-02-21,HARD,-1.909672491,0.1164246956,-2.088271934,0.1625029357,1.575383849
tOT5uWf5,2024-02-21,HARD,0.184378868,0.1148006987,0.2973201639,0.1837077816,-0.7874853757
EwPmgUIg,2024-02-21,HARD,1.43471114,0.1140895686,1.715980441,0.1726915382,-2.169656388
h61j4u94,2024-02-21,HARD,1.559106306,0.1173537544,1.723231908,0.1850574141,-1.147020943
OIcOVBqd,2024-02-21,HARD,-0.7415754063,0.1169195407,-0.7717782097,0.174200979,0.2338858187
pzqZiX2b,2024-02-22,HARD,0.4661483526,0.1217429343,0.4732238194,0.180763401,-0.05295250901
CxLDBhJU,2024-02-22,HARD,1.509730629,0.1130386211,1.55891753,0.1630443643,-0.4186197324
x4SCUc6Q,2024-02-22,HARD,1.000560601,0.1111748184,1.186801524,0.1648588055,-1.529930633
tEvuLgQo,2024-02-23,HARD,-0.220340276,0.1139760293,-0.3831775877,0.1692254761,1.301793739
YJ7d6JEo,2024-02-23,HARD,1.754027953,0.1060038323,1.785889742,0.1501346834,-0.2996826244
MLRe5HvU,2024-02-24,HARD,0.5605429078,0.1078723689,0.6047075394,0.1525290155,-0.4095528137
2kIKl6ec,2024-02-24,HARD,1.00509398,0.1713897679,0.8698178388,0.3856333494,0.3915891825
S8R7mHGK,2024-02-24,HARD,0.5424699447,0.2104417284,0.9807573151,0.5209484933,-0.9197056366
bZM3lc1E,2024-02-24,HARD,0.4204819688,0.1855772369,-0.06708439039,0.4630398969,1.149310175
KrOakwn8,2024-02-24,HARD,0.1240770774,0.1609101198,0.0402257633,0.5688094082,0.1536934698
QVR9SFve,2024-02-24,HARD,1.207420722,0.1571504165,1.529854969,0.5320248997,-0.634356459
Q3Jtxodo,2024-02-24,HARD,-1.720378021,0.197335554,-1.841117409,0.9295288989,0.1329230326
OfXEtRmU,2024-02-24,HARD,0.4061666089,0.1428232041,0.5495439076,0.4766172188,-0.3153126177
IwpHQg97,2024-02-24,HARD,-0.7589327271,0.1660885657,-0.9303906242,0.3216802814,0.6223822929
nuT5TePl,2024-02-24,HARD,-0.6093428849,0.1631956067,-0.7574837333,0.3554223274,0.4691850695
OveZx9do,2024-02-24,HARD,0.9337763334,0.2277111634,1.176330091,0.6925624222,-0.3708450812
zFbwxTBi,2024-02-24,HARD,-1.120119453,0.1589261688,-1.177350066,0.3568180331,0.1791419296
bHBTnpQ9,2024-02-24,HARD,-1.01781708,0.1986233372,-0.9299025381,0.6804865073,-0.1350757163
hvBXo4uG,2024-02-24,HARD,-3.132092435,0.2540032502,-1.858699125,0.9020649376,-1.471169339
8Sdoz7t4,2024-02-24,HARD,1.569521656,0.1676716599,1.62542346,0.5399070814,-0.1089255056
KhRDRZg1,2024-02-24,HARD,1.232706268,0.1829920883,1.071933242,0.4128283417,0.4344564239
U3Y0UyAr,2024-02-24,HARD,0.2930180259,0.1996817567,-1.09190543,0.8957744923,1.585969027
pE7PmQA3,2024-02-24,HARD,1.55727161,0.1814152099,1.429075119,0.4639020878,0.3002550668
4fjfYpBG,2024-02-24,HARD,-0.7203785176,0.210735544,-0.3642468489,0.5385796704,-0.7185295205
Q3ijZQeA,2024-02-24,HARD,1.165732329,0.1846492411,0.9221566446,0.3797298897,0.7340765701
CKg2WOuT,2024-02-24,HARD,-0.9064807186,0.1660111763,-0.4369602094,0.3990788074,-1.293763164
bHkbX4QM,2024-02-24,HARD,1.514137526,0.1911438637,1.632793397,0.4835639468,-0.2671331367
I1WURrlp,2024-02-24,HARD,-1.699956618,0.203002406,-1.635134202,0.6879225971,-0.09862102355
dhVYQ23j,2024-02-24,HARD,1.499136451,0.1822130349,0.9226113143,0.4118644593,1.56085344
jirKHEh0,2024-02-25,HARD,0.08002065503,0.1560343456,0.06900527261,0.3607721824,0.03386386535
t0PICsTg,2024-02-25,HARD,-1.281446305,0.1678165222,-1.584007635,0.3621005189,0.9429549915
vDOEwdFJ,2024-02-25,HARD,1.097010063,0.167009742,0.7795436335,0.3573256695,1.004975895
lMxFgNN7,2024-02-25,HARD,0.7328423867,0.1686281675,1.038579872,0.3391676529,-1.038942839
27uBwBX9,2024-02-25,HARD,0.293375182,0.1443320892,-0.1874308595,0.2876107187,1.932707283
fFLWQn6f,2024-02-25,HARD,0.2663067535,0.1524130833,0.22726692,0.2770796151,0.1687155554
AVwBf381,2024-02-25,HARD,0.07265898207,0.1595352343,-0.5129675956,0.4345447811,1.448853324
UcVoWD7g,2024-02-25,HARD,0.07246146208,0.1679793995,-0.1674393158,0.406655284,0.6477858663
zZhIyk2M,2024-02-25,HARD,-1.258007432,0.1592111952,-1.364556137,0.3405746077,0.3539006654
Y5KzQ6L0,2024-02-25,HARD,0.1527456676,0.1414301151,0.2475636382,0.2363515282,-0.5007121534
IqHFVVhF,2024-02-25,HARD,-0.3133014818,0.1279300595,-0.1647395182,0.252705385,-0.6816927289
v16I5rZh,2024-02-25,HARD,0.2769962554,0.1307109176,0.3882069495,0.2731527682,-0.463671439
zmOautMt,2024-02-26,HARD,0.8533102126,0.1264748139,0.9321145047,0.2304185328,-0.4091490251
faqIP0bL,2024-02-26,HARD,-0.5367361578,0.1349804538,-0.5180471547,0.2736786052,-0.07850010447
lhJuzop1,2024-02-26,HARD,0.1588289701,0.1226260005,0.006581756776,0.2142583498,0.8665318361
QPpVjjNC,2024-02-26,HARD,-0.2048416145,0.1270810661,0.02410110211,0.2580727406,-1.019266822
WrF7krZs,2024-02-26,HARD,0.1339810701,0.1288820641,-0.1291642261,0.2162411314,1.515495121
v9IFmM3f,2024-02-26,HARD,-0.05987866164,0.1220985879,-0.0146924806,0.2056596089,-0.2730404483
Q1xufOQQ,2024-02-26,HARD,-1.313255652,0.1624856442,-1.468781121,0.2910209601,0.6441670076
reGXy7Fl,2024-02-26,HARD,0.5797100225,0.1365452038,0.6094008164,0.2610637123,-0.1334371626
tYSHEgFJ,2024-02-26,HARD,0.1825775132,0.1251846739,0.4712308767,0.217107933,-1.627290751
IaHJntJ0,2024-02-26,HARD,-1.292893108,0.1511524294,-1.248912868,0.3059242903,-0.1653548908
WEH8wKjg,2024-02-27,HARD,-0.7118849423,0.1393501097,-1.100533659,0.2547924552,1.821998428
xIFyyRUf,2024-02-27,HARD,0.2813720926,0.1445973336,0.2759546425,0.2631998194,0.02463348912
QyHCxv6a,2024-02-27,HARD,0.4227215086,0.1762696522,-0.8277187192,0.6519697688,1.992133136
WG8pZ4a7,2024-02-27,HARD,1.759746152,0.200244529,1.977823079,0.476015451,-0.5049851879
6w3N3Jy2,2024-02-27,HARD,-0.9992194227,0.1361997607,-0.8710170802,0.2134323745,-0.7801712158
4SFGybL5,2024-02-27,HARD,-0.8939915937,0.1167270756,-0.8229041323,0.2295600815,-0.3596306799
G8pEQtqF,2024-02-27,HARD,0.2620233391,0.1433240945,0.4309591177,0.253272602,-0.8090072664
KSsNhCh0,2024-02-27,HARD,-0.5557359851,0.1306373324,-0.751354522,0.2290605395,1.039662348
IBD4v0ym,2024-02-27,HARD,0.6631123487,0.1448336721,0.4030288353,0.3337683526,0.864907605
pnJBl2ll,2024-02-27,HARD,-0.9942543964,0.1227724566,-0.7864065101,0.1995939663,-1.32077638
8rs6S2E2,2024-02-27,HARD,0.1231658214,0.1536856992,-0.06172085317,0.2858568145,0.7670733418
A77lYOED,2024-02-27,HARD,0.4763749223,0.161372541,0.1789640722,0.3556175346,0.9385140705
KORLDDUP,2024-02-27,HARD,1.23373903,0.119249892,1.365009584,0.188399037,-0.9000076616
x4Em9Xxs,2024-02-27,HARD,-0.8426569544,0.1416771715,-0.849900304,0.2346178626,0.03873220768
bN0Wd8iE,2024-02-27,HARD,0.7256924441,0.1252864731,0.6073485699,0.241183168,0.5742371105
4GqZkAxJ,2024-02-27,HARD,2.67369488,0.2461548182,2.6453409,0.8694684722,0.03400180167
nZuARMT8,2024-02-27,HARD,1.530866207,0.1283924876,1.364250085,0.2197272602,0.9344038422
W2oRiW76,2024-02-27,HARD,0.5706649592,0.1284046229,0.6422940963,0.2885134426,-0.2772405389
S0ixno1G,2024-02-28,HARD,-1.010398208,0.1309488,-0.9108207403,0.2231584958,-0.5510681963
fohREAA7,2024-02-28,HARD,-0.2117692175,0.1205504861,-0.437424171,0.2805695146,0.8906804054
WnV2NfAG,2024-02-28,HARD,-1.372860873,0.138571203,-1.474208705,0.2311300126,0.5478733097
xQVbOzeA,2024-02-28,HARD,-0.5383695982,0.1165641768,-0.6066104764,0.1881741781,0.461949187
KhV1nYO9,2024-02-28,HARD,0.1421086046,0.1217205598,-0.09158213434,0.2137813302,1.329709323
UuKPmMlf,2024-02-28,HARD,-0.3516384484,0.1236361179,0.026193113,0.2099101974,-2.22730654
IRFr13bM,2024-02-28,HARD,-0.3403544216,0.1226441876,-0.6613636231,0.2329101838,1.621226401
dhXv1IGC,2024-02-28,HARD,1.835395681,0.1270880445,2.045202671,0.2764202154,-0.8547065838
lh3YNxPf,2024-02-29,HARD,-1.019972653,0.1358586769,-0.6988458008,0.3547934177,-0.979788761
hjy9e0wc,2024-02-29,HARD,-0.2016182299,0.1256922664,-0.2250401329,0.214316723,0.1349274103
Amagrj3t,2024-02-29,HARD,1.06849362,0.1178180306,1.181939721,0.2177155863,-0.6196466771
0QHu8zSQ,2024-02-29,HARD,0.9974870911,0.1386043806,1.080286471,0.2260737803,-0.4636007537
dEEgWFZ4,2024-02-29,HARD,-0.6464290103,0.1439218314,-0.7418034775,0.2522095986,0.4604927261
SvAkXeKb,2024-02-29,HARD,-0.2908192301,0.1126344165,-0.2879684927,0.1798123638,-0.02033857057
E9FTAxr8,2024-02-29,HARD,-0.3276900153,0.1322374074,-0.344287574,0.2331141653,0.08645560716
AclszqDk,2024-02-29,HARD,0.7074163172,0.1170378009,0.6901619649,0.190950061,0.1143598614
pOxPvdcI,2024-03-01,HARD,0.1698414399,0.1163084354,0.2450649536,0.1988887085,-0.4662558793
IkAwsDWH,2024-03-01,HARD,-0.01687902552,0.117124067,-0.03577599169,0.1944722904,0.1217224621
nmDCDVl6,2024-03-01,HARD,0.7262281052,0.1088529097,0.7439634941,0.1788141207,-0.1250164065
KSedufd6,2024-03-01,HARD,-0.7429024052,0.1142988303,-0.6470971063,0.1837845346,-0.665691372
UmriWAzj,2024-03-01,HARD,-0.5586631308,0.1453245991,-0.3574912149,0.2225891164,-1.193175467
xfcKXzP0,2024-03-01,HARD,1.476929102,0.1178379932,1.522526107,0.2298595344,-0.2310387044
UqlQw6Jf,2024-03-01,HARD,0.05913152848,0.1174304074,-0.02361992431,0.2000860258,0.5108064042
SY0fVUkd,2024-03-01,HARD,0.3637513802,0.1104650211,0.5666839683,0.1928666518,-1.283586116
GOC5oV5g,2024-03-02,HARD,-0.2199790762,0.1118660188,-0.2219931036,0.1711555718,0.01554771261
OAigWh1r,2024-03-02,HARD,0.3893139593,0.1116426797,0.4301480104,0.1781243934,-0.2942028318
AiLlahUF,2024-03-02,HARD,0.7432629025,0.1113428069,0.6430518152,0.1852102067,0.6770772122
ruz6O8cR,2024-03-02,HARD,0.8016670466,0.120397716,1.04129979,0.2041927734,-1.453011538
2oO50vfG,2024-03-03,HARD,0.3243538321,0.1077312168,0.464947065,0.165050909,-1.124357803
raOVhgiE,2024-03-03,HARD,0.1822622292,0.1134114027,0.1860026987,0.1735579602,-0.02847101581
txN9ab9M,2024-03-04,HARD,-0.2629734735,0.1609130933,-0.2240187926,0.4141117289,-0.1020905809
Ek3ISdw9,2024-03-04,HARD,-0.06089304074,0.1331040541,-0.218894379,0.2267972975,0.8604287038
86i1KYpk,2024-03-04,HARD,0.8864677425,0.1955590009,2.450742288,0.8792925887,-1.824715955
GWf9ICF1,2024-03-04,HARD,0.3959218429,0.1430764199,0.2599004138,0.2754209175,0.5779736497
Gp2S4Qhn,2024-03-05,HARD,0.0966805449,0.1364354491,0.02980930892,0.2268557726,0.368959647
QekEcGaI,2024-03-05,HARD,0.6710166843,0.1664576438,0.1690235714,0.3388173651,1.701045608
dU6hhm9t,2024-03-05,HARD,-0.08168964448,0.1393658035,-0.06984040883,0.2423309689,-0.05977036832
0txOej8t,2024-03-05,HARD,0.05117383661,0.1220744948,-0.1075929097,0.2132855769,0.9077788577
bZzOx89g,2024-03-05,HARD,-0.3398334952,0.1272882201,-0.4122529057,0.2356196749,0.3652409716
CYCOUDC8,2024-03-05,HARD,-0.01006337673,0.1379123595,-0.08361338379,0.2676761297,0.3205997509
hfgWB8co,2024-03-05,HARD,0.1989218421,0.1493455889,0.2643544257,0.4279013779,-0.1631763239
vaeU9eos,2024-03-05,HARD,0.3882672687,0.1530135488,0.4790111845,0.2660273028,-0.4169881213
x2ghH9IQ,2024-03-05,HARD,0.6183374317,0.1363346624,1.077167389,0.3136927097,-1.62407788
zibCWFcI,2024-03-05,HARD,1.058744565,0.1528254324,1.201630604,0.2994825301,-0.5547804342
v52iyvqm,2024-03-05,HARD,-0.1458110411,0.1224146537,-0.333062385,0.2231305474,1.003745254
SQYYIdTI,2024-03-05,HARD,-0.7354751489,0.1359376012,-0.6770333827,0.2528200986,-0.2741631553
S2KpPRjo,2024-03-06,HARD,-0.8337943028,0.1314320099,-0.5787119624,0.264070831,-1.113705239
8vVoyYqt,2024-03-06,HARD,-0.1105333071,0.1278927179,-0.08973788454,0.2096314656,-0.1251991302
I96TIjUB,2024-03-06,HARD,-0.1590059166,0.1364930202,0.0006462061222,0.2950191459,-0.6104185908
MsZkzhan,2024-03-06,HARD,-0.723187152,0.1441394062,-0.3900780309,0.3034524028,-1.247440547
UkmaBOgq,2024-03-06,HARD,-0.5565890529,0.1295539649,-0.6505276253,0.2145220809,0.5494001099
b7dTGpWL,2024-03-06,HARD,0.7644879159,0.1494810065,0.8358148375,0.277743154,-0.3047027156
xY1ynkbb,2024-03-06,HARD,1.135006145,0.139569098,1.666301937,0.2463912215,-2.61658257
jNQ6W9bB,2024-03-06,HARD,-0.5185315531,0.1379505074,-0.2005409969,0.2528813584,-1.500378831
Gr7OHQGF,2024-03-06,HARD,-0.08566876434,0.1204177603,-0.1035884899,0.1893872744,0.1225909852
f9CWnVrh,2024-03-07,HARD,0.140143073,0.1242805527,-0.008926541326,0.1983873498,0.9640115185
feXcYVTb,2024-03-07,HARD,0.6632636246,0.1283542885,0.632438644,0.2128559695,0.1815344687
ppQAVTDH,2024-03-07,HARD,0.3283832844,0.1261136274,0.2861965215,0.1990728361,0.2738860512
zTRPdPvj,2024-03-07,HARD,0.7929060583,0.1436193293,0.9136896496,0.2603168392,-0.5563150037
zDDMn10a,2024-03-07,HARD,-0.7318796431,0.1245832533,-0.8860265407,0.2119399483,0.8990403521
CA0XF4oS,2024-03-07,HARD,-0.9672441196,0.1244702435,-0.9527264697,0.1925638233,-0.09880758179
UR8GJnn3,2024-03-07,HARD,0.1699673363,0.1462323972,-0.474706912,0.2857574924,2.625895068
QgYIT7rU,2024-03-07,HARD,0.4073650527,0.1270879696,0.2835743145,0.244147856,0.5938259379
xh8KI619,2024-03-07,HARD,0.8157910278,0.1738867863,0.2176086316,0.4221308052,1.555122813
8tn3Ar9k,2024-03-07,HARD,-0.1183651409,0.1485594257,-0.2455398374,0.3136427891,0.4603975932
d05XHAqI,2024-03-07,HARD,-0.5440092874,0.1277113116,-0.4973308327,0.2011023287,-0.3004831369
t6SLc5Pq,2024-03-07,HARD,0.2339741211,0.1289508619,0.05398920675,0.2394615534,0.8920040556
lWVTeqfd,2024-03-07,HARD,1.6734991,0.1274562408,1.636553222,0.2321161378,0.1904507468
rVrEUmTN,2024-03-07,HARD,0.4036163671,0.1319902919,0.03058437545,0.226780516,2.022813088
jy6uo9D4,2024-03-07,HARD,1.02492123,0.1205671398,1.105196372,0.1926337093,-0.534321556
CWR2Xkq5,2024-03-07,HARD,0.1102519554,0.1389544938,-0.01538354988,0.3063381903,0.4601856093
jyACKSWd,2024-03-07,HARD,-0.8882413426,0.1521751006,-1.117966557,0.2422967393,1.21838943
zoHOJWE5,2024-03-07,HARD,0.1685894194,0.1339083792,0.2455725607,0.24429203,-0.3767751528
GIDSmBTo,2024-03-07,HARD,1.329172965,0.1464622672,1.070754644,0.2913087586,1.026232594
CbKL8RSG,2024-03-08,HARD,-1.050154868,0.1319384993,-1.061866004,0.2017173199,0.07675167715
Uc9a1qLj,2024-03-08,HARD,-0.5391967375,0.1218727025,-0.6669700674,0.2209167751,0.6934453293
h4Cu3Mpt,2024-03-08,HARD,1.003193825,0.1335277534,1.321147649,0.2420020391,-1.575355065
nHzx3YPL,2024-03-08,HARD,-1.371479861,0.127040408,-1.533343613,0.1916581871,1.127933547
4Q4yHUbO,2024-03-08,HARD,0.1666928397,0.1309306807,0.1390908898,0.2193371413,0.1568547376
pb5qpTSA,2024-03-08,HARD,-0.6694250846,0.1235755095,-0.1566471081,0.2026754164,-3.192019249
MsDKKCaa,2024-03-08,HARD,0.4191968582,0.1375908784,0.3958855811,0.2438015045,0.1158233373
pbXUTWsq,2024-03-08,HARD,1.601761126,0.1104390271,1.68762081,0.1845293043,-0.580792472
MFCei9eD,2024-03-08,HARD,-0.9978617332,0.1304253238,-1.149177965,0.2203085055,0.8522312804
YJDPkE42,2024-03-08,HARD,-0.1032581258,0.1217721256,-0.062452992,0.2100683264,-0.2383851153
G4YgZBEh,2024-03-08,HARD,-0.3256716747,0.1370692197,-0.5803524331,0.2445038501,1.257868175
Ae9yA1k3,2024-03-08,HARD,1.161913298,0.1210068986,0.9138631454,0.1804150912,1.853654812
Uk9fkFwe,2024-03-08,HARD,-0.9044533024,0.1206276147,-0.7054517938,0.189339593,-1.363585163
SnAElNVn,2024-03-08,HARD,0.2045302086,0.125551539,0.251786727,0.2188292336,-0.2636655394
EwTZCcE4,2024-03-08,HARD,1.33259457,0.1279903718,1.651148255,0.2184154308,-1.799888715
Ue0SyWeA,2024-03-08,HARD,-0.7368164327,0.1359313075,-1.181772679,0.258981167,2.018488691
EuWOvZ6q,2024-03-08,HARD,0.7387296414,0.1201446961,0.8432484589,0.1996062868,-0.6557071451
vc8nmvrj,2024-03-08,HARD,-0.7970572467,0.1404231053,-0.8590951942,0.247419531,0.304540468
OAuZlLOT,2024-03-08,HARD,-0.1357581471,0.1287785758,0.1259595571,0.2073946407,-1.609888865
nBaH8AQm,2024-03-08,HARD,0.8831198967,0.1422939992,1.463376553,0.411627859,-1.502278328
CACTlYJ8,2024-03-09,HARD,-1.628830177,0.1236215297,-1.773704585,0.2113831567,0.8449167094
I7NiZX2O,2024-03-09,HARD,0.3750030924,0.1209376719,0.3168358814,0.1870646729,0.4075790152
Wfq9BXsL,2024-03-09,HARD,-1.202826159,0.1285946158,-1.482462585,0.2615976328,1.227506152
Qc89jW5e,2024-03-09,HARD,-0.7123886683,0.1225450001,-1.041834575,0.1987385103,2.105624411
MNr1Sig9,2024-03-09,HARD,-0.6291924873,0.1235526909,-0.7274461524,0.2293101525,0.5086163137
M5gZUpF7,2024-03-09,HARD,0.7490101024,0.1252945427,0.9107047301,0.2417186791,-0.7822277576
ngUWxDyd,2024-03-09,HARD,-0.353761772,0.122360818,-0.5048366624,0.2120931894,0.8720663184
Q1bL7Uuf,2024-03-09,HARD,1.451600924,0.1181567028,1.562957861,0.1812897219,-0.8098963279
hU5I7qbp,2024-03-09,HARD,0.06813964552,0.1186136715,0.1407024171,0.1965475827,-0.4630034385
lWg4CDSE,2024-03-09,HARD,-1.324194912,0.1257509608,-1.433162672,0.2183412071,0.6104892327
tjKfu91P,2024-03-09,HARD,0.05023989225,0.1358940414,0.5192922913,0.2378088252,-2.403474691
h0dfzZ4F,2024-03-09,HARD,0.5498091943,0.1279038358,0.5617457712,0.208988747,-0.07222109246
rer5kcv1,2024-03-09,HARD,-2.113751447,0.1277249253,-2.546733997,0.2296972946,2.267975533
zTk0DgD8,2024-03-09,HARD,-0.643461053,0.1214662278,-0.6576254946,0.1961523694,0.09196582791
YqeZbABc,2024-03-09,HARD,1.09932909,0.1230610529,1.239482752,0.1903261897,-0.9653143846
lY2EaBxk,2024-03-10,HARD,1.909809963,0.1190923174,2.042347863,0.2009936777,-0.8185801165
OpzIzP4C,2024-03-10,HARD,0.4938458887,0.1305811889,0.6085163002,0.2774964268,-0.4683241603
zRMw6DaL,2024-03-10,HARD,0.4622398118,0.1186098456,0.6406699355,0.1782930609,-1.340401318
f5009n6D,2024-03-10,HARD,-0.9419348324,0.1151406348,-1.053061703,0.1844087249,0.771468646
80KXQvI4,2024-03-10,HARD,-0.4764676086,0.1306460514,-0.6709889916,0.2233781119,1.073583779
x8Yo8rPi,2024-03-10,HARD,0.5058931021,0.1173763267,0.3748925083,0.2000400237,0.8087256264
2DOV7ZU8,2024-03-10,HARD,-0.2803014291,0.1218290307,-0.1079036944,0.1917311426,-1.16446371
KfbvayX1,2024-03-11,HARD,0.4699375623,0.1168172632,0.3553794793,0.1790890091,0.8439235984
UXDb3qsG,2024-03-11,HARD,-2.053459946,0.117411835,-2.293434453,0.1883989452,1.628729508
hA1xDlwf,2024-03-11,HARD,-1.432172267,0.1390926561,-1.745838266,0.2364639475,1.640265983
hnqYsoYL,2024-03-11,HARD,-0.1951683469,0.1194418358,-0.3342212961,0.2061727522,0.8274491416
b7ntxG10,2024-03-11,HARD,0.2959366787,0.123111948,0.06587632915,0.2073725553,1.378649707
dtylBncp,2024-03-11,HARD,-0.0580629416,0.1189675989,0.01618719494,0.1806379408,-0.5462408294
voESTxij,2024-03-11,HARD,-0.4088444188,0.1199240403,-0.2987210046,0.225021584,-0.5783730717
OS4V0c2k,2024-03-11,HARD,0.2403535359,0.1204534773,0.3377614514,0.1877028878,-0.6766505469
bLsDqTva,2024-03-12,HARD,-0.04000320325,0.1191121156,0.07851610243,0.1809266798,-0.8702719504
faLwJc6b,2024-03-12,HARD,0.2941125523,0.1145099913,0.3676652604,0.1668739301,-0.6059445383
02ggfgC0,2024-03-12,HARD,-0.5000015784,0.1254095304,-0.4302436709,0.1985869647,-0.4530380709
zkV5RKqQ,2024-03-12,HARD,2.474518681,0.1114040335,2.51084955,0.1837777158,-0.2485654114
Knl2Fef4,2024-03-13,HARD,-1.250911012,0.1181596885,-1.428172165,0.187273411,1.220038056
rD73I6yd,2024-03-13,HARD,-1.159007231,0.1172779638,-1.281202866,0.1876747267,0.833994362
dEAmniEq,2024-03-13,HARD,-0.9133024447,0.1125560366,-1.005949,0.1852133712,0.6298679448
8KCpPHhB,2024-03-13,HARD,-0.5789547848,0.1154306695,-0.7417474334,0.18285433,1.147923426
nPdOa66m,2024-03-14,HARD,-0.2436894933,0.1188592252,-0.2671213217,0.1728156956,0.1867819342
ULeByRb9,2024-03-14,HARD,2.067722251,0.1130457764,2.312886092,0.17441763,-1.845782449
jsBfISUC,2024-03-14,HARD,-1.686760734,0.1083990264,-1.836470329,0.1621305314,1.241731711
xEBWzezI,2024-03-14,HARD,0.09223761449,0.1069968603,0.0343510998,0.168110984,0.446431798
nPUFsG58,2024-03-15,HARD,1.954784177,0.1134404749,2.022979893,0.1611549296,-0.5957793913
EJMKmhRS,2024-03-15,HARD,0.8438570999,0.1076619522,0.9972505065,0.1644796799,-1.233579857
K6h4FBHR,2024-03-17,HARD,0.2049718255,0.146808066,0.05495553398,0.2526001904,0.7297989548
nLjoQ1Vn,2024-03-17,HARD,-0.1097577157,0.1430919069,-0.4526583054,0.2563971615,1.61172431
ngfdHXnF,2024-03-17,HARD,-0.3897056984,0.1619038106,-0.2816417944,0.2958185623,-0.436481029
viZzAkuk,2024-03-17,HARD,1.604852132,0.1882131226,2.183069253,0.4598284784,-1.378200313
4d1tRsGt,2024-03-17,HARD,-0.1551850379,0.1514770639,-0.2462508489,0.3684770884,0.2711083806
KWNaIDX8,2024-03-17,HARD,-0.2279964881,0.1381549668,-0.08808445125,0.2326773572,-0.7473068094
vmJZUjHE,2024-03-17,HARD,-1.148507605,0.1503201288,-1.42706805,0.345203509,0.8963958907
Q7cIMSOf,2024-03-17,HARD,1.584554367,0.1415482587,1.557193833,0.2784018622,0.1141294172
Y9IwUAWK,2024-03-17,HARD,0.1163945502,0.1500573827,0.3672210312,0.2579765848,-1.195297093
dSqWAVPr,2024-03-17,HARD,-0.4703164364,0.1377064077,-0.5961819656,0.2220999425,0.7223003168
0QkVJQ8D,2024-03-17,HARD,0.3052130358,0.1692866604,-0.32873553,0.4822966148,1.403750697
Qqg0Gi2L,2024-03-17,HARD,-0.1476854219,0.1419330093,-0.3361070576,0.2677883635,0.8297564021
hfaAOlfr,2024-03-17,HARD,0.3314471919,0.1371134236,0.4443338915,0.2433610011,-0.5614621999
OWjLHfHN,2024-03-17,HARD,1.685968305,0.107405711,1.796846749,0.1600185876,-0.9347611741
IsYv99fe,2024-03-17,HARD,-1.113565131,0.1518639644,-1.527279083,0.295438109,1.632531587
MZjRK6g7,2024-03-17,HARD,-0.431784256,0.172199252,-0.1109852064,0.5613158463,-0.600466341
SCFVVW18,2024-03-17,HARD,0.3711016144,0.1411570781,0.5745738195,0.2803453658,-0.8400472165
nHxq8T91,2024-03-17,HARD,1.64985805,0.1975043148,2.076499122,0.8749873657,-0.5005142873
vB1MLnv1,2024-03-17,HARD,0.2852452172,0.1305737131,0.2834515481,0.2435785368,0.008723076171
C0HsTUoR,2024-03-17,HARD,-0.07952390404,0.1472403474,0.1676445241,0.3875936945,-0.6893795361
0OfkPLpg,2024-03-17,HARD,0.01417337613,0.1357528334,-0.1517259276,0.2225019156,0.9410574582
Q7ym7mP7,2024-03-17,HARD,-0.2528040525,0.1552439103,-0.4024834133,0.2703547996,0.6762442162
WpbEN89l,2024-03-17,HARD,0.7754168009,0.1362605529,0.6932317995,0.2422674008,0.4102764869
SWwDrAoE,2024-03-17,HARD,1.053196153,0.1720366396,0.9415601087,0.2747514582,0.5211192166
fofgOu0a,2024-03-17,HARD,0.5533530585,0.1429372797,0.3342205535,0.2514381368,1.059339829
6V8YbUhU,2024-03-18,HARD,1.317535437,0.1383924729,1.226712865,0.2546859703,0.4247921364
8Ec1lGZm,2024-03-18,HARD,-0.3635582747,0.1222732798,-0.5092419022,0.1890220078,1.010655111
CSZT4fWs,2024-03-18,HARD,-0.8255246234,0.1257925626,-1.105716717,0.2224718392,1.526984532
h4lLKpFj,2024-03-18,HARD,-0.5878113844,0.1330849158,-0.4535610628,0.228288384,-0.7237872346
IJoOPAQc,2024-03-18,HARD,0.8240415428,0.1382009171,0.7818469493,0.2331261651,0.2247437505
QNDFHno5,2024-03-18,HARD,-0.1700337587,0.1463410158,-0.25379985,0.2671628261,0.3747622237
dIIag2Hp,2024-03-18,HARD,-0.09433461389,0.1265394391,-0.08796356328,0.191714105,-0.0442369345
vF96GYIt,2024-03-18,HARD,0.7799402645,0.1459579782,0.6757485197,0.275173008,0.4466508821
zBAUR6r0,2024-03-18,HARD,0.07611228084,0.1228318741,-0.1211800043,0.2126376312,1.136662389
ATOCvpS5,2024-03-18,HARD,-0.7965396835,0.1422484165,-0.6358766422,0.2216027116,-0.9455160424
6BvvaB9k,2024-03-18,HARD,-0.3402563653,0.1348499881,-0.339785022,0.2112599736,-0.002898379446
d8cjYSnq,2024-03-18,HARD,0.2790237864,0.151259269,0.535252485,0.32942469,-0.8755606737
Qs4FIslk,2024-03-19,HARD,0.4915275675,0.1338468508,0.5149876186,0.2238708405,-0.130731311
E3pAvPA8,2024-03-19,HARD,-0.1895534025,0.1253972921,-0.0861246413,0.1800928509,-0.8001413056
EwRozVzK,2024-03-19,HARD,0.1311867923,0.1398546306,0.06549982658,0.2154097977,0.4009324919
pMHHU8bs,2024-03-19,HARD,1.347872022,0.1507834099,1.332473972,0.2551118628,0.07482682838
tIWEfZTf,2024-03-19,HARD,-0.6574700527,0.1306093712,-0.9074569561,0.1985968302,1.670970752
4nrhW0Il,2024-03-19,HARD,1.630650602,0.1727101434,1.49906715,0.2912386496,0.5611188338
YiT6dear,2024-03-19,HARD,1.349944127,0.1374808365,1.60136823,0.224143012,-1.420246029
zmSsyBLD,2024-03-19,HARD,-0.6452802551,0.1432171078,-0.7108493782,0.2257536046,0.375733928
YRZ8SIHD,2024-03-19,HARD,-0.4513242859,0.1316439689,-0.1910154134,0.1991411506,-1.742100354
E7ORiXDD,2024-03-19,HARD,-0.5257611426,0.1249232141,-0.326549032,0.1892984535,-1.400677794
K8il9Yrl,2024-03-19,HARD,-0.7209828172,0.1585576922,-0.8667893868,0.329064973,0.5056659217
K8VIggq1,2024-03-19,HARD,1.003807059,0.1271324041,1.123043367,0.1859801803,-0.8784018306
fyy5Tb27,2024-03-19,HARD,0.009091996562,0.2047259221,0.8626070584,0.6808835208,-1.31436114
Cl3DwqQE,2024-03-19,HARD,0.2589800797,0.1342679513,0.2303628552,0.2328560135,0.1504211754
nBXdVKXf,2024-03-19,HARD,-0.4613378039,0.1285405081,-0.2627995263,0.2252485021,-1.073348845
QeqlXt3r,2024-03-19,HARD,-0.4068815405,0.1349941014,-0.1590556278,0.231504047,-1.317725003
6y6QSnTg,2024-03-20,HARD,0.5706494048,0.1374536767,0.4597025263,0.2287082487,0.6069475743
80QkZljQ,2024-03-20,HARD,-0.4203842888,0.1423377373,-0.5813318168,0.2486908277,0.7892325919
Y3iMyNfR,2024-03-20,HARD,0.1188026677,0.1491192073,0.1579704476,0.2347259637,-0.2160712048
YBeh8hbf,2024-03-20,HARD,-0.4927121385,0.1353159233,-0.2615157007,0.2227767881,-1.306401029
Sp7MTSDm,2024-03-20,HARD,0.4377191745,0.1317224958,0.3723603182,0.2057351075,0.413563279
Ox6IEfLQ,2024-03-20,HARD,-0.2754839394,0.1359364176,-0.4687720164,0.2185264815,1.129680863
61BDFz6K,2024-03-20,HARD,0.5397806901,0.1289504545,0.6522704364,0.2058746368,-0.7009265248
SAjv1yiR,2024-03-20,HARD,-1.097800016,0.1188112639,-0.9854252153,0.1934302237,-0.7362054598
00dSFuY7,2024-03-20,HARD,0.07755021766,0.1427786622,-0.143189154,0.2738803078,0.9444638996
4Y2JH13e,2024-03-20,HARD,0.1827050796,0.1402946938,0.4533492101,0.2724690619,-1.158708556
SAC9GGjE,2024-03-20,HARD,0.5310599225,0.1313471487,0.415566928,0.2116652073,0.6958155952
QohpAETs,2024-03-20,HARD,-0.598260058,0.128809942,-0.8672985417,0.1963365485,1.815672052
fDhIx3uL,2024-03-20,HARD,-0.02364777013,0.1375060464,-0.1224975386,0.2184683826,0.5822704357
2XKNhDb7,2024-03-20,HARD,-0.006556864794,0.1350723693,-0.08518515548,0.2222673935,0.4454431768
CrSAeFEl,2024-03-20,HARD,0.3270543503,0.1423097545,0.2430832691,0.2176591824,0.5098674094
M9cOGLI1,2024-03-20,HARD,-0.7766623153,0.132942108,-0.7158873032,0.2203215905,-0.3459161304
GpxGD9Jj,2024-03-21,HARD,0.4035593967,0.1494399947,0.3753355318,0.2512386862,0.1397485368
MXLdcO8c,2024-03-21,HARD,-0.5708447813,0.1278855738,-0.7297043147,0.1980954442,1.050069492
UmQcxgdi,2024-03-21,HARD,0.361340475,0.1215216394,0.5003289953,0.1893949016,-0.9567702351
AVBkJCCl,2024-03-21,HARD,0.2763525564,0.1302898169,0.3131426699,0.1983349892,-0.2460267317
YoEcrRNl,2024-03-21,HARD,-0.5280157855,0.1223430268,-0.3598768337,0.1927153106,-1.129203003
bTHEYAeG,2024-03-21,HARD,0.6399050208,0.1297462211,0.5701555511,0.1952948506,0.47784823
Q7DdxA3K,2024-03-21,HARD,0.8406842472,0.1139055253,0.8199812495,0.1623109896,0.1790445964
GfL0drO3,2024-03-21,HARD,0.7023224857,0.1336820321,0.888027907,0.2193954669,-1.067493187
Eo5XvIs9,2024-03-21,HARD,0.02958009281,0.1318398502,-0.2071208586,0.2249135511,1.298979959
2PbNNvP7,2024-03-21,HARD,-0.3541839567,0.1336454629,-0.2906552448,0.2446325363,-0.3100475529
0ze94Hvi,2024-03-21,HARD,-0.9202533374,0.1294752507,-1.050577089,0.2118527055,0.7772011927
WY11IlCl,2024-03-21,HARD,-0.8788909108,0.1272528952,-0.9532028362,0.2163582745,0.4246908611
CCilnF7P,2024-03-21,HARD,-1.520914087,0.1234593104,-1.631948799,0.2216936025,0.6030057298
z3GVNAlR,2024-03-21,HARD,0.2512933814,0.1296661044,0.2685415713,0.2086601032,-0.1055063636
GpUc8tTg,2024-03-22,HARD,-1.004062568,0.1323801543,-0.915681318,0.1854404312,-0.6805881314
Gr9y0yx1,2024-03-22,HARD,2.188278324,0.1176309391,2.393580541,0.1733022469,-1.613174306
MLm2oxN7,2024-03-22,HARD,1.162045923,0.135490432,1.14963594,0.2248562159,0.06915527554
WEZC8Hxm,2024-03-22,HARD,-1.325337532,0.1378974354,-1.504659299,0.2430198896,0.8961276958
h6ky3QZG,2024-03-22,HARD,-0.217090143,0.1265238534,-0.3892015647,0.2184201396,0.9666882024
tOcTmdiO,2024-03-22,HARD,0.1767641474,0.1297185701,0.1851881356,0.2138489923,-0.0495490281
UFIrGoNE,2024-03-23,HARD,-1.308088096,0.1305628348,-1.276642417,0.2228723763,-0.1740935886
WdCPNlwq,2024-03-23,HARD,1.595476047,0.1309323768,1.942194918,0.2105081662,-2.103436749
AL8zMacg,2024-03-23,HARD,0.4481334325,0.1231320155,0.2783527948,0.1928188666,1.144202662
fLjCFh0E,2024-03-23,HARD,-0.6540019077,0.1185302595,-0.6291253112,0.1917854713,-0.1649946268
vmaOfj9d,2024-03-23,HARD,0.8142811191,0.1245808125,0.8145227898,0.2005143715,-0.001538161449
GCEvHR78,2024-03-23,HARD,-0.8444053963,0.136598125,-0.946445108,0.2150161783,0.6145085466
xvs2Qmbl,2024-03-23,HARD,-0.01881672502,0.1203528496,-0.1342906932,0.1973201789,0.7384833535
hvXk1lhh,2024-03-23,HARD,0.2518406019,0.1304358316,0.3267571193,0.2206441781,-0.4209700201
SUbPge6C,2024-03-23,HARD,2.736173898,0.1444940077,2.63301091,0.1951921391,0.7861203148
pQLE4bSI,2024-03-23,HARD,-0.04378884587,0.1321044353,-0.3340763231,0.2112312983,1.761192486
rVlbnI71,2024-03-23,HARD,0.7337687733,0.1205603162,0.7240834275,0.203638081,0.0590156642
pOnFuSfc,2024-03-23,HARD,0.9027955514,0.1250496073,0.7525929245,0.1902720743,1.04737451
ERfLfyi6,2024-03-23,HARD,-1.023856054,0.1391262534,-1.502976651,0.2577474906,2.208195054
YaNVegGC,2024-03-23,HARD,-0.4721978633,0.1287052037,-0.1735905077,0.2034398255,-1.895290136
pETs3ANu,2024-03-23,HARD,-1.537673134,0.1165986427,-1.924893318,0.1957765297,2.462168542
xjiChZfq,2024-03-23,HARD,-1.90399202,0.1252490582,-2.140692371,0.1929651276,1.612476012
Y54KqJZ9,2024-03-23,HARD,0.2915475927,0.1210432201,0.2893321083,0.1807219394,0.01650913791
Q39hp3wR,2024-03-23,HARD,-0.1640630288,0.127466261,-0.2100820928,0.1933108611,0.3166474576
hritS2vI,2024-03-23,HARD,-0.03037254302,0.132779256,-0.2341836667,0.1953193382,1.422808578
ptWgKLSB,2024-03-24,HARD,0.1171293568,0.1225923239,0.2190179758,0.1946634718,-0.673814223
QqVfckkl,2024-03-24,HARD,-0.3385458279,0.1210878796,-0.4289776749,0.1781933279,0.6917400237
t0a3j4VC,2024-03-24,HARD,2.299235898,0.1239738143,2.239795091,0.1809995845,0.4507317319
OdjADzX8,2024-03-24,HARD,0.3134015082,0.1225100325,0.3052358281,0.1997680015,0.05174940575
WIaNJCL1,2024-03-24,HARD,-0.7474206005,0.1247405732,-0.7658372534,0.2041258716,0.1139805848
4YSY5arr,2024-03-24,HARD,-0.4820929496,0.1232936409,-0.361450962,0.1942579798,-0.8036579331
ANBa5Wof,2024-03-24,HARD,1.462446364,0.1208842396,1.343482188,0.1921526636,0.7964707951
l8N3BLKK,2024-03-24,HARD,1.938232401,0.1238187911,1.860154727,0.1749739015,0.6315349154
hbVaUwLM,2024-03-25,HARD,0.07386109176,0.1187089537,0.1681019504,0.1759397963,-0.7257246301
8f1eXuy4,2024-03-25,HARD,-1.053291771,0.1235451473,-1.400717701,0.2016880133,2.179315721
E7WeVJ5G,2024-03-25,HARD,0.44280591,0.1240363967,0.4167207004,0.1906219013,0.1802124903
f5OHqMqn,2024-03-25,HARD,1.249482957,0.1188582422,1.367301444,0.175584898,-0.9116310938
f1lUO0Q9,2024-03-25,HARD,-0.6125174847,0.1161186192,-0.4594166641,0.1773870409,-1.141697188
4GitBMRo,2024-03-25,HARD,-0.5291768893,0.1175477324,-0.6058999205,0.1750387025,0.5915600555
EcTrfbv2,2024-03-25,HARD,2.011806151,0.1153703596,2.002242936,0.1732998499,0.07395253574
j76Dnlw7,2024-03-26,HARD,0.7250989612,0.1156736822,0.6754475897,0.1685709562,0.404919286
2FRH3cLR,2024-03-26,HARD,-0.8195109066,0.1129866461,-0.8621100645,0.1721693422,0.327915838
hSMV5WvL,2024-03-27,HARD,-0.632518735,0.1124483222,-0.5179492837,0.170965847,-0.889641594
lEjsHyac,2024-03-27,HARD,-0.7046597624,0.1170703685,-0.8382922441,0.1772503328,1.004096992
zLNRlWFO,2024-03-28,HARD,0.8617665542,0.1149193523,0.9101426054,0.1708545312,-0.3826278976
SzdRoQAK,2024-03-28,HARD,-0.5223165877,0.1097250114,-0.2835117238,0.1597780649,-2.056108443
EDBEiHo4,2024-03-30,CLAY,2.374291219,0.2317636794,2.838953552,0.8830478657,-0.5453200594
SGgmyd1N,2024-03-30,CLAY,-1.449829305,0.2329391909,-1.249311716,1.014204869,-0.2031396924
nR9MkeGG,2024-03-30,CLAY,-0.5982751909,0.1800244626,-0.1825863857,0.4945685004,-0.902415813
CO96z4gF,2024-03-30,CLAY,-1.048733933,0.1837071634,-0.3972166443,0.8979663976,-0.7412247386
pxUqlNNE,2024-03-30,CLAY,1.168857202,0.2001406059,0.8438762928,0.5238995786,0.6712211113
rDqoTLok,2024-03-30,CLAY,-1.721609723,0.2066224684,-1.401010293,0.5492993862,-0.629914882
8zBIjy1A,2024-03-30,CLAY,1.134455465,0.1797118988,2.21152806,0.5937943133,-1.903135364
UTocQJV7,2024-03-30,CLAY,2.28670986,0.1923251065,1.772795271,0.5289873259,1.042874497
UaK1ypv9,2024-03-30,CLAY,0.9960716804,0.21211015,1.035564383,0.5660859817,-0.07524636339
bu8EYsOR,2024-03-30,CLAY,1.839213051,0.2029111009,1.225335685,0.4698903189,1.448436442
KjjuwIWA,2024-03-30,CLAY,-2.481677654,0.2098481431,-0.8299172667,0.9537087148,-1.775446016
veJ1fJ1o,2024-03-30,CLAY,0.4473179879,0.176488281,0.3562027856,0.6043448903,0.1576386089
0lftU1Wr,2024-03-30,CLAY,-1.380474892,0.2046654852,-1.306385479,0.641895005,-0.1217790034
0A7AhcWc,2024-03-30,CLAY,-0.349861423,0.1885404254,-0.9599128036,0.5139162686,1.276039103
jwmgRaG1,2024-03-30,CLAY,0.6667025654,0.1952522261,1.391266632,0.4036076748,-2.051217647
xYiDWfhs,2024-03-30,CLAY,-2.17316655,0.1932331396,-3.342541916,0.5469874926,2.285190718
EDkqxxnH,2024-03-30,CLAY,-3.318998801,0.2501147324,-2.575252632,0.6738268067,-1.188685802
AV957N9M,2024-03-30,HARD,-0.5793787243,0.1102851558,-0.7857850923,0.1596070818,1.78898987
jF8AZN8L,2024-03-30,CLAY,1.461951156,0.19118934,1.091732314,0.5238488933,0.7590910753
0Ykcqggp,2024-03-30,CLAY,-1.029799471,0.2017652718,0.02090366791,0.5891130317,-1.898342954
IoI5gwHi,2024-03-30,CLAY,2.362775254,0.1890410528,2.246805312,0.6859003865,0.1758892183
ClVJVZOp,2024-03-30,CLAY,-1.475977374,0.1843314698,-0.8182513548,0.6162889185,-1.118436202
6oVuk388,2024-03-30,CLAY,-0.6412114934,0.2220027004,-0.6389628337,0.8485598081,-0.002745600754
AuqhzGGT,2024-03-30,CLAY,0.8207238092,0.197501857,0.6066970976,0.5851060302,0.3885989712
dGmkSu1e,2024-03-30,CLAY,-0.0147932465,0.1567580204,0.3148843025,0.4764876692,-0.7326757141
ClmunuEA,2024-03-31,CLAY,1.271404778,0.1809352336,1.23121798,0.448746453,0.09786073946
fgQJ4V7G,2024-03-31,CLAY,0.6069928994,0.1526816024,0.5740087328,0.2856738341,0.1366089582
CGqUf9dr,2024-03-31,CLAY,-0.8841977136,0.1755009329,-1.469262168,0.4404844358,1.448135155
IX2czTd8,2024-03-31,CLAY,0.583788031,0.1696947619,0.5732208438,0.3726372847,0.03185225914
YHfydVaP,2024-03-31,CLAY,-0.7327010355,0.1500319808,-1.030681808,0.410009931,0.7809257069
f5QaxaLP,2024-03-31,CLAY,0.2980804178,0.1427954167,0.2582970847,0.2588621629,0.1842549985
reSF5uTj,2024-03-31,CLAY,-0.4690016488,0.1732073601,0.3452330753,0.4274178172,-2.083776554
IuyE7wN4,2024-03-31,CLAY,0.0272041629,0.1831329136,0.2293850443,0.5915477383,-0.3594413047
KrAjEppc,2024-03-31,CLAY,-0.002735207136,0.1395973652,0.5195268636,0.3460781996,-1.649208202
SAjcrt66,2024-03-31,CLAY,0.2414534518,0.1632796957,0.1280985139,0.4618853591,0.2623578578
Iq7SqP6U,2024-03-31,CLAY,0.2294261457,0.1649328067,0.5136970303,0.4287656336,-0.7182655078
GURqNyZ4,2024-03-31,CLAY,0.8159828357,0.159446252,1.093298092,0.3189925893,-1.003730517
SfQtUFB8,2024-04-01,CLAY,-0.2245884369,0.1405589678,-0.5156411412,0.2648560288,1.296556074
nctrSgtL,2024-04-01,CLAY,-0.07000190484,0.1388947563,-0.2927672018,0.2970357026,0.8484314566
WdOftAsk,2024-04-01,CLAY,2.824068013,0.250099745,1.485070601,0.8917727119,1.564278468
08SKUmcB,2024-04-01,CLAY,-0.4555373373,0.1414121934,-0.1838742248,0.2362291589,-1.435647682
MsaCYVcn,2024-04-01,CLAY,1.036019412,0.1521325003,0.350684678,0.307968884,2.5594199
MHTGVTs5,2024-04-01,CLAY,-0.5017062524,0.1251648685,-0.1378275879,0.2844815377,-1.424365377
Eixa5WY7,2024-04-01,CLAY,-1.229265234,0.1532894802,-1.1366945,0.3353575642,-0.3103552943
G4bGXkDh,2024-04-01,CLAY,-0.2129548212,0.1300665516,-0.1992595469,0.2353562581,-0.0698200173
rHT1ESCU,2024-04-01,CLAY,0.04933018469,0.1399188668,0.3107948778,0.2362011739,-1.373967851
8ve8ZBrt,2024-04-01,CLAY,0.3072731845,0.1965590244,0.4547903978,0.3810458865,-0.4519022868
Au77UcVn,2024-04-02,CLAY,-0.5279617976,0.1616464239,-0.3483621361,0.3250827388,-0.6367772646
IPrj7h4e,2024-04-02,CLAY,0.5973258088,0.1423868107,0.3758261902,0.2757213687,0.9381176092
MsD74iq6,2024-04-02,CLAY,0.7147031656,0.142942085,1.362247342,0.3018475677,-2.435693422
OWOjsjSr,2024-04-02,CLAY,-0.3382955631,0.1435595613,-0.755575365,0.3231126121,1.441534419
jJvA7ze1,2024-04-02,CLAY,-0.141500759,0.1504950258,0.06005538163,0.4010723193,-0.5421580413
rTRDMX3r,2024-04-02,CLAY,-0.6600082887,0.1338177614,-0.3358411534,0.2500345795,-1.53480214
0lYf6CJ1,2024-04-02,CLAY,0.3906861781,0.1427178138,0.4260952878,0.272498349,-0.1525362628
dWVHLiJl,2024-04-02,CLAY,0.2132683445,0.1266283614,-0.5278088172,0.2385666294,3.665318611
MNxPoWJR,2024-04-02,CLAY,-2.812130322,0.2240799338,-2.758573392,0.6062559745,-0.09507296503
0YBB3BbC,2024-04-02,CLAY,0.4690136836,0.1460458442,0.2926939982,0.4045363964,0.4673770312
QmunRDeR,2024-04-02,CLAY,0.3274906788,0.1606572699,-0.1133627232,0.3550396965,1.392414087
rc1G2VDI,2024-04-02,CLAY,1.157390657,0.1619578579,1.006051111,0.3276748517,0.5312925077
0lSXBBV3,2024-04-02,CLAY,-1.202455293,0.1228334004,-1.054486284,0.2113694488,-0.8602122544
zREa6DEg,2024-04-02,CLAY,0.8726087124,0.1585216725,0.904017095,0.3066749091,-0.119638716
AmNbuUde,2024-04-02,CLAY,-0.04726740396,0.1578506544,-0.5525881432,0.3186346792,1.825664228
d05K1kTO,2024-04-02,CLAY,-0.2739011249,0.1688657806,-0.1322514894,0.3759783667,-0.4216732688
fecKW9Sb,2024-04-02,CLAY,1.238970376,0.1544559949,1.67829961,0.3609711267,-1.346574946
KI4k2i48,2024-04-02,CLAY,0.2827446029,0.1433800316,0.284652934,0.2853165374,-0.007736270877
lYfG4E5m,2024-04-02,CLAY,-0.1225045874,0.1317888079,-0.06112871532,0.2385593151,-0.3086504745
hCC3vlC1,2024-04-02,CLAY,0.884718393,0.1417479364,0.8632257631,0.2851055844,0.08688397698
Gpbb0VYK,2024-04-02,CLAY,-0.3746268396,0.1450008178,-0.2443809851,0.3599147558,-0.3953868626
namLUhHC,2024-04-02,CLAY,0.688697275,0.1402639535,0.5880659799,0.25767263,0.4655603994
EHD35XTa,2024-04-02,CLAY,-1.106919962,0.1764363942,-1.285864141,0.3481054277,0.596322964
08fZKHml,2024-04-02,CLAY,-0.7600847064,0.1298193174,-0.795294855,0.2476800151,0.1669264897
6FG7w8R7,2024-04-02,CLAY,1.062854867,0.1689893622,0.9432899815,0.3244311013,0.4317290277
b93g1BJE,2024-04-03,CLAY,-2.743977957,0.2288371328,-2.75527409,0.9336131347,0.01248007108
C8X7iDdM,2024-04-03,CLAY,-0.5274171897,0.1262737212,-0.5632628552,0.2508765525,0.1653542947
nHAAPCQe,2024-04-03,CLAY,0.1665444228,0.1411180015,-0.1703953069,0.2989315739,1.278583938
dt3ihCo2,2024-04-03,CLAY,0.3313454444,0.147387304,-0.2519381403,0.3017730635,2.21500862
xEFOV4RP,2024-04-03,CLAY,-0.03347813295,0.1391150147,-0.01307804374,0.2477110439,-0.09953303169
AVHVEGDT,2024-04-03,CLAY,0.3784673078,0.1270159526,0.2567023044,0.2227744995,0.6653187095
A1bagEAC,2024-04-03,CLAY,0.5498234925,0.1461070223,0.6211790925,0.2630746529,-0.3261648288
U9cU6Ha2,2024-04-03,CLAY,0.7872864769,0.1303059092,1.0127905,0.2723019584,-0.9431375475
G6PIU1zd,2024-04-03,CLAY,0.963886327,0.1298140296,1.09031114,0.2324591462,-0.6556092684
23olpszq,2024-04-03,CLAY,-0.6303571854,0.13409317,-0.837814893,0.2455622096,1.008457653
ziWw0g28,2024-04-03,CLAY,-0.07949550055,0.1340424465,-0.03127645304,0.2407875381,-0.2410613075
6kgPtdr4,2024-04-03,CLAY,-0.2348782579,0.1311948719,-0.352420048,0.2186097537,0.6721819387
6uAMiV9l,2024-04-03,CLAY,0.9709595059,0.1367680797,1.054559179,0.2715099179,-0.3564309084
ULigsNZ7,2024-04-04,CLAY,0.5625109936,0.1226958757,0.2086574652,0.2341524755,1.774307091
lnAjezt0,2024-04-04,CLAY,-0.2850860598,0.1296646342,-0.2031599229,0.2339265863,-0.4207778372
lfvzfI37,2024-04-04,CLAY,-0.8708079024,0.1252571122,-1.101871758,0.2370316053,1.148241546
OzNGuZ1d,2024-04-04,CLAY,0.7637565383,0.145307963,1.07068534,0.2684150274,-1.360007579
jwcnHKUM,2024-04-04,CLAY,1.003557548,0.1312664333,0.8817171153,0.2374286704,0.6158468371
U7rdHgfI,2024-04-04,CLAY,1.252897175,0.122115874,1.2946358,0.2057123209,-0.2521280005
IJwnEiyA,2024-04-04,CLAY,1.206947948,0.1255861013,1.69944245,0.2226486767,-2.678794571
048zaFWb,2024-04-04,CLAY,0.444247721,0.1271363598,0.468714375,0.1972060431,-0.1622959336
ER8IZb3m,2024-04-04,CLAY,0.2843126414,0.1190722038,0.4663423238,0.2122921877,-1.035701919
I7XiUKG9,2024-04-04,CLAY,0.1626001279,0.1371256741,-0.1604406794,0.2686728759,1.398174362
ADQwH89s,2024-04-04,CLAY,0.2165736506,0.1271353356,0.2153443141,0.2224604467,0.006734169022
OAV4v4ZO,2024-04-04,CLAY,-0.470476582,0.109266679,-0.2078019018,0.1984593978,-1.585518672
OMq43zNi,2024-04-04,CLAY,-1.69696487,0.1262904164,-1.547419597,0.2115086722,-0.8814082917
4bIdqsjB,2024-04-04,CLAY,0.5001773402,0.1274614214,0.3960065093,0.2540729165,0.4739611501
tQ2sbBh4,2024-04-04,CLAY,0.6863929993,0.1326679069,0.5111466161,0.2592846376,0.7866594639
AVLFP7Mt,2024-04-04,CLAY,-0.8777210766,0.1786955889,-1.176307515,0.4729319226,0.6819024053
Uyd1zJbJ,2024-04-05,CLAY,0.8252277888,0.1172432666,1.09176745,0.1940746664,-1.723417106
vZRfCV5M,2024-04-05,CLAY,-0.8959091544,0.1337025247,-1.072601909,0.2482397238,0.8447858127
v7FEJlz1,2024-04-05,CLAY,0.3859167163,0.1226857077,0.4590012212,0.1802336856,-0.5535371022
vkKR0y2n,2024-04-05,CLAY,0.3639100903,0.130890183,0.3798971166,0.2293183602,-0.08490454963
OvcLe34F,2024-04-05,CLAY,-0.7614285511,0.1134472138,-0.5099569275,0.1770566945,-1.849916266
hSrJfHKE,2024-04-05,CLAY,0.1943355575,0.1240597786,0.08894079309,0.2170524033,0.591760769
K6jUgsZR,2024-04-05,CLAY,-0.6546299056,0.119553602,-0.6892709847,0.1879252253,0.2389163432
dnp8naR1,2024-04-05,CLAY,0.6922776303,0.1214465348,0.6651162245,0.2131042514,0.1551088938
OfoPG86e,2024-04-06,CLAY,0.4715997989,0.1204593938,0.5291439033,0.1731689611,-0.4625483264
lIffwRTg,2024-04-06,CLAY,-0.5729890854,0.1171893327,-0.5134634646,0.1965659916,-0.3771915663
6N2gGo9E,2024-04-06,CLAY,-0.1178730511,0.1101395214,0.05751509462,0.1596053023,-1.518347721
tIENJKF6,2024-04-06,CLAY,1.100639117,0.1284418519,1.217851935,0.201603082,-0.754306886
SQlnudzh,2024-04-07,CLAY,0.2917348843,0.1227795555,0.4122260313,0.1786849372,-0.9281330684
GW4ojwwe,2024-04-07,CLAY,-0.5216954031,0.1107412276,-0.3560135497,0.1553159715,-1.521398586
AD0Z4nvI,2024-04-13,CLAY,1.045984614,0.221209847,0.9126438663,1.198635854,0.1131879947
zenih9fC,2024-04-13,CLAY,-0.4727711247,0.175359847,-0.1880009215,0.5008663597,-0.606972067
2BDe9nDD,2024-04-13,CLAY,-0.02346540975,0.1684765071,-0.2088162914,0.3881883193,0.5299941338
IaPVAalI,2024-04-13,CLAY,-0.1226595408,0.1668027044,-1.009774442,0.4726677574,2.005878857
88SaL7Ob,2024-04-13,CLAY,0.8020524533,0.163133814,0.2311133086,0.3086841446,2.178692751
dUbs3Q8U,2024-04-13,CLAY,-0.03887273673,0.1774584744,0.02841206223,0.545945707,-0.1303212477
GhK7G3Kt,2024-04-13,CLAY,-0.1187463714,0.213310217,0.5975301719,0.7140054454,-1.051187542
UcFmB8r1,2024-04-13,CLAY,0.569536044,0.1627769114,0.1742852497,0.3570217425,1.243885601
ERIv9wJU,2024-04-13,CLAY,2.298520198,0.2330159754,3.062504076,0.8805435915,-0.8997012412
p6F9AjAt,2024-04-13,CLAY,0.7087810786,0.1428699235,1.181907756,0.3812186808,-1.338654901
fH2u1wwp,2024-04-13,CLAY,-0.2640711316,0.2131670558,-0.5484134441,0.716338305,0.415774292
pYBOCLJ5,2024-04-13,CLAY,-1.107106538,0.1754257868,-0.7879812586,0.4355265235,-0.8005468646
zaMvDUDl,2024-04-13,CLAY,1.415628041,0.1785180753,1.022466989,0.4574364937,0.9335097232
OINFEskg,2024-04-13,CLAY,-0.678565996,0.2099550711,-0.711460759,0.644565559,0.05397782539
lbCQ6895,2024-04-13,CLAY,-0.8684407395,0.1777050982,-1.314492093,0.5974486888,0.7819858387
zeUiNTgn,2024-04-13,CLAY,1.453696736,0.2108826814,2.198264547,0.9253647177,-0.8263654459
SUrqfVPa,2024-04-13,CLAY,0.2628307164,0.1842826558,-0.1521683117,0.3900589102,1.207158583
4zM8JogB,2024-04-13,CLAY,-0.6992011441,0.1951575634,-0.5331236587,0.8849931577,-0.1923958858
tY8I8Uvg,2024-04-13,CLAY,0.9172369538,0.1870849036,0.4874313303,0.9113244058,0.4818910789
Ugu0jmPO,2024-04-13,CLAY,-1.689577836,0.1888628308,-1.448360962,0.5470796698,-0.4697997103
6BIQmE24,2024-04-14,CLAY,-0.2431801141,0.1350022881,-0.276756738,0.2700004094,0.143596616
MgyAHbuh,2024-04-14,CLAY,-0.5326802535,0.1622458456,-0.8127136443,0.3207657423,1.012020136
QFc51jqH,2024-04-14,CLAY,0.1060480429,0.1486285222,0.5850821805,0.339079663,-1.571790474
6wPLVYKh,2024-04-14,CLAY,1.26941587,0.1730090793,1.802909308,0.3625574299,-1.674412167
hEkEWvWb,2024-04-14,CLAY,0.5736369832,0.1629459221,1.017358655,0.4040114371,-1.200239453
hQspf8yi,2024-04-14,CLAY,0.3867666061,0.1249113631,0.3083227908,0.2484739341,0.3652049323
AyJs6qXo,2024-04-14,CLAY,-1.192768478,0.1867643968,-1.821943717,0.4147396369,1.699059195
WrZ7bfKF,2024-04-14,CLAY,0.6470978775,0.1340865637,0.7769680335,0.3465862378,-0.4063548558
zXsTLenp,2024-04-14,CLAY,-0.1979425152,0.1443841437,-0.5338501488,0.3535919438,1.040702728
2Rq1E6cn,2024-04-14,CLAY,1.1954522,0.1267893398,1.108205601,0.2357555943,0.4389565927
xtvaWjgD,2024-04-15,CLAY,0.5109639317,0.1521698746,0.5445584778,0.3397247798,-0.1106034089
fHAPnCwf,2024-04-15,CLAY,-1.170576097,0.129328219,-1.840478314,0.3311090899,2.197789862
YigSAl6r,2024-04-15,CLAY,-0.193202134,0.1245664495,-0.1128881044,0.2294059814,-0.4169117744
tEpjYCO0,2024-04-15,CLAY,0.766474198,0.1319164436,0.5626282135,0.2711996082,0.8602759899
Gzoq7657,2024-04-15,CLAY,-0.4456351257,0.1316500012,-0.7021176149,0.2616526563,1.1342745
jgTWE6YQ,2024-04-15,CLAY,0.9605306289,0.1620261504,1.290989073,0.2907471475,-1.368837054
CpV37aFt,2024-04-15,CLAY,-0.09475635119,0.1457996912,-0.6092331725,0.3206090561,1.801773198
8hIA7OQ0,2024-04-16,CLAY,-1.046849753,0.1465219304,-0.9794179111,0.2857386839,-0.274882085
GbuxOqBs,2024-04-16,CLAY,-0.4303758602,0.1390759341,-0.3906777698,0.3238817378,-0.1357191623
K8iz9Sze,2024-04-16,CLAY,1.315696,0.1176004496,1.293707623,0.2268376335,0.1133580454
f1j59noR,2024-04-16,CLAY,0.7107135874,0.1340035037,0.4173333509,0.2849989656,1.166381481
lK7HlY8s,2024-04-16,CLAY,1.256246702,0.1423356969,0.9846968596,0.2528551015,1.299352168
dEb5T5mK,2024-04-16,CLAY,-0.3769338391,0.1309050989,-0.2828057387,0.2797322867,-0.3807578915
4KBJ52eD,2024-04-16,CLAY,0.9446377292,0.1416717297,0.8881078438,0.2726404822,0.2426779919
zyWb1Bhm,2024-04-16,CLAY,0.1100365537,0.1318974897,-0.5209460177,0.3392511744,2.018749829
MHJh0r8D,2024-04-16,CLAY,0.9493146149,0.1319778818,0.8958691512,0.3031380194,0.1958425514
0KtK3HE5,2024-04-16,CLAY,-1.072155159,0.1250895401,-0.8403346898,0.2180032634,-1.29839264
v5pT6XUP,2024-04-16,CLAY,-0.1892309186,0.1248112042,0.1956761296,0.2450007176,-1.825711376
MZUS1eqI,2024-04-16,CLAY,-0.0699005732,0.1347493488,-0.7527808107,0.3070821018,2.474755614
GWbYpj86,2024-04-16,CLAY,2.305445464,0.2412943667,3.141343384,0.8813779183,-0.9860715082
8nXrzZgl,2024-04-17,CLAY,-0.1740003615,0.1266490428,-0.4489541273,0.2381176503,1.363564847
zR439pdl,2024-04-17,CLAY,-0.5724296472,0.14533879,-0.3434069921,0.290939573,-0.9086879154
vZRy4Q8l,2024-04-17,CLAY,-0.1080243382,0.1281641106,0.0638507476,0.2460177776,-0.8184647822
dbKyKiq4,2024-04-17,CLAY,1.212964629,0.1366908621,1.139214394,0.2285798074,0.4025542142
Od2tqUxJ,2024-04-17,CLAY,-0.8921391777,0.1355778698,-0.5783506203,0.2996635067,-1.17418555
8COC5wpg,2024-04-17,CLAY,0.4193052876,0.1215449925,0.3926765262,0.2610120628,0.1152834644
QkQq24w1,2024-04-17,CLAY,0.1246289328,0.1317926771,0.4089260479,0.2893693585,-1.103575041
UZQpffoK,2024-04-17,CLAY,-0.788819573,0.1409416551,-0.7285857779,0.2833211838,-0.2450749682
j1HbkLMF,2024-04-17,CLAY,-1.143000034,0.1278936985,-1.268978675,0.278847921,0.5084110472
YNJaTbqL,2024-04-17,CLAY,-2.284564661,0.1222418501,-2.250037723,0.2305112435,-0.1766728407
YekYP6QF,2024-04-17,CLAY,0.5288222769,0.134066595,0.3614739116,0.2276315013,0.9096867508
nymcB8GE,2024-04-17,CLAY,0.7575945067,0.1455896165,0.4007736561,0.3322109161,1.194940565
KIx4LOoT,2024-04-18,CLAY,-0.120167073,0.1255780474,-0.2382947405,0.251150463,0.5431130774
lYYXekwH,2024-04-18,CLAY,1.221207856,0.120429118,1.237948266,0.2265629995,-0.08723268721
xGfulrln,2024-04-18,CLAY,0.6568445346,0.1221489505,0.5002070004,0.2518602149,0.7111576219
4lovPJ4e,2024-04-18,CLAY,0.8131261338,0.1299029883,0.8672756618,0.2529048754,-0.2495447073
SpgAg9cC,2024-04-18,CLAY,0.2072601253,0.1208018816,0.2598020648,0.224634759,-0.2774306599
YVczHTyf,2024-04-18,CLAY,0.3210215465,0.1369248439,0.4534470188,0.2453855157,-0.6503203618
McRKqNA5,2024-04-18,CLAY,2.441514493,0.1199559829,2.54794117,0.2270917042,-0.5519360699
hAyq5L6m,2024-04-18,CLAY,-1.076443252,0.1241052312,-1.007897994,0.2306449592,-0.3525821344
6swqITTh,2024-04-18,CLAY,-0.02804789348,0.1376060274,0.01010299034,0.2763357645,-0.1592026103
YT2rnhrI,2024-04-18,CLAY,0.6020079114,0.1266500021,0.7083137366,0.23489367,-0.5373724914
OnoF0LXi,2024-04-18,CLAY,0.5768504096,0.1255080252,0.6767993502,0.2465032491,-0.4711031741
drSqQ7be,2024-04-19,CLAY,0.8340150349,0.1150504995,0.9127009543,0.2068954491,-0.4575914502
Kv6rF4dU,2024-04-19,CLAY,0.9225635082,0.1204146375,1.034305422,0.2163539839,-0.6216585598
Q1QL40WH,2024-04-19,CLAY,-0.01828858366,0.1140900221,0.04897971863,0.2028286817,-0.4011253411
rTyAnXZh,2024-04-19,CLAY,-0.5716501448,0.1206606124,-0.7454389717,0.2536418614,0.7789602548
U5JpScHj,2024-04-19,CLAY,2.173310977,0.1278733191,2.551382972,0.2298797497,-1.979105975
2XGl09G5,2024-04-19,CLAY,-0.8156298243,0.1298085453,-0.6589234842,0.2068175748,-0.9732890487
I3VtP9T7,2024-04-19,CLAY,-0.601254538,0.1175901205,-0.7497108204,0.2228610413,0.7841821632
x8zxswI5,2024-04-19,CLAY,-0.951563706,0.1176177075,-1.066939299,0.2191690859,0.6238691471
xvaRv0HG,2024-04-20,CLAY,1.188211823,0.1094650982,1.239555687,0.195266297,-0.3175289101
0KOTV4Yo,2024-04-20,CLAY,0.1413624095,0.1118884044,0.2591339877,0.1796497408,-0.8379185796
Wf7ainK5,2024-04-20,CLAY,-0.4972768537,0.1125208775,-0.6653156767,0.1800164803,1.195862434
rsuk4giJ,2024-04-20,CLAY,-0.5460302205,0.1171208763,-0.543916584,0.1985695199,-0.01318128317
2LMXgOYF,2024-04-21,CLAY,1.018125471,0.1123719906,0.982562491,0.1771231394,0.2597489339
f5MwYtCd,2024-04-21,CLAY,-0.7375911768,0.1069399123,-0.9233154598,0.1679104712,1.434697788
GhvblrCa,2024-04-22,CLAY,0.5884797025,0.1527618573,0.6170135121,0.3676927049,-0.08531373846
AkYuaaQH,2024-04-22,CLAY,-1.012498114,0.1788246075,-0.3442559583,0.3547713958,-2.180905832
pYVEp0BO,2024-04-22,CLAY,-0.1634076928,0.134799389,-0.05045204704,0.2723709255,-0.4772606133
r3ElScf4,2024-04-22,CLAY,-0.4337818207,0.1707416168,-1.127616831,0.486926465,1.521536239
8Szjj4sm,2024-04-22,CLAY,-1.044050082,0.2203321504,-1.820842298,0.8713076686,0.9214735047
0xKo2gI7,2024-04-22,CLAY,0.1860968579,0.1502672873,-0.3120111098,0.289958889,2.008632147
CKX6nMtC,2024-04-22,CLAY,-0.2474812247,0.1522163815,-0.1686528386,0.2952223591,-0.3116296324
jRxw67w2,2024-04-22,CLAY,0.1373336108,0.1293033585,0.1840742913,0.3754817634,-0.132591835
OS63Miv3,2024-04-22,CLAY,-0.8908447509,0.1712188371,-1.043127039,0.3538941854,0.4916805482
UyGGy5Sg,2024-04-22,CLAY,0.8122779486,0.1457055143,0.01589793983,0.2562289561,3.778466033
UBlU7T8k,2024-04-22,CLAY,0.467300859,0.1407193897,0.5213293736,0.2826793207,-0.2203765461
OfaJeQJP,2024-04-22,CLAY,-0.2284892394,0.1559956064,0.2544899472,0.3729282712,-1.425835271
2PUX0Le5,2024-04-22,CLAY,-0.2155983112,0.1405646529,-0.4793903651,0.2973541487,1.00671475
p8nOBxAN,2024-04-22,CLAY,-0.5520283766,0.1333581479,-0.02315237353,0.296639362,-1.995964355
Y9M7wRcs,2024-04-22,CLAY,-0.642539762,0.13754826,-0.8639168014,0.249388493,1.064176225
K01bHttn,2024-04-22,CLAY,0.7423039646,0.1512149485,0.1062314352,0.4408905793,1.535858131
4lRlcweU,2024-04-22,CLAY,1.675318723,0.215760978,2.551273706,0.8725970305,-1.036018254
AkGtUJPi,2024-04-22,CLAY,-0.5986631328,0.1530194683,-0.1450134249,0.3259678873,-1.576160041
YqwH43dt,2024-04-22,CLAY,0.08049945047,0.1652471316,0.5146003695,0.5963157493,-0.7576430048
OhbFDbuB,2024-04-22,CLAY,-1.307649103,0.2162617024,-2.174433792,0.8809339257,1.014998573
vV7cQyPG,2024-04-22,CLAY,0.1100197678,0.1322807622,-0.01910271741,0.2454941128,0.6243620807
2kEOZrc6,2024-04-22,CLAY,1.191916928,0.1378829022,1.19324504,0.2814154607,-0.005413748223
fsYg6GXp,2024-04-22,CLAY,-1.37862835,0.1764285617,-0.828851899,0.6039986244,-0.9517355552
GSf7FKAb,2024-04-22,CLAY,0.6799816343,0.137709274,0.9731159813,0.3322583262,-0.9694338709
Q1bHaFEa,2024-04-23,CLAY,0.7951101326,0.1332752713,0.7932262497,0.3250320896,0.006354773524
nJ9Fr8LH,2024-04-23,CLAY,0.4619264395,0.128308531,0.7370750061,0.233677132,-1.408853914
G6qs8WmK,2024-04-23,CLAY,0.2121078684,0.1405403641,-0.1339568497,0.3242913357,1.184117047
h6DOK9XP,2024-04-23,CLAY,-1.018787588,0.1631605809,-1.136926892,0.342884154,0.3917395586
nu9GU9XF,2024-04-23,CLAY,-0.5323402474,0.1338463202,-0.1599221783,0.2223281957,-2.097839039
lUCO7mhM,2024-04-23,CLAY,-0.6315926117,0.1316084067,-0.7485665214,0.2591706643,0.5239167213
2o08vfmd,2024-04-23,CLAY,0.2030357576,0.1163705988,-0.2025696385,0.2193292494,2.181708536
IBNxxeSj,2024-04-23,CLAY,-0.5564529651,0.1384304322,-0.5127984939,0.2741193265,-0.1845093638
hfXCDWEE,2024-04-23,CLAY,0.3279918062,0.1310719476,-0.2112473079,0.2715554925,2.267341686
OCdepTeD,2024-04-23,CLAY,-0.5881558595,0.135384161,-0.6376470956,0.2433176459,0.2447944193
MgmQpAxR,2024-04-23,CLAY,0.3781480659,0.1297067996,0.1007829648,0.2787606677,1.124090957
ziQD2ABs,2024-04-23,CLAY,0.8166178355,0.1495550951,0.7042474649,0.4918556602,0.239816956
UN8fSTid,2024-04-23,CLAY,-0.6956118535,0.1403578274,-0.6357303697,0.2642368928,-0.2674751796
6DelvDT9,2024-04-23,CLAY,0.738066402,0.1297050802,0.4291420424,0.2525836583,1.425339478
n35ZyOP6,2024-04-23,CLAY,-0.4032940637,0.1601993534,-0.09038036405,0.2925083139,-1.278559736
4WHUbSA6,2024-04-23,CLAY,-0.1374368595,0.1275157963,0.04542640322,0.2327345532,-0.9392423699
xMLKaq77,2024-04-23,CLAY,-0.1458510439,0.1346741413,-0.4219954877,0.2753773265,1.149648718
Mm0vlBdl,2024-04-23,CLAY,0.08612267471,0.1414647813,0.2537155823,0.2973886088,-0.640677782
bVb2BRmT,2024-04-23,CLAY,1.891733326,0.1735514342,1.874620101,0.3175139222,0.06436318583
xbVyc6uJ,2024-04-23,CLAY,0.2040026024,0.1348994347,0.2809626632,0.2564661719,-0.3528309658
6yhnDIVG,2024-04-24,CLAY,0.3081970964,0.1696933186,0.8275453562,0.3954969043,-1.453770806
UD3nnkR0,2024-04-24,CLAY,0.8667289749,0.1231761493,0.8311775354,0.2013101981,0.2232743383
YyFx9XFc,2024-04-24,CLAY,-0.8905086833,0.1348995934,-1.062125276,0.2478454041,0.8254094753
dMbJ5zOj,2024-04-24,CLAY,0.6002185486,0.1251442242,0.520158441,0.2455130211,0.3790294567
xd0VG0Wi,2024-04-24,CLAY,-0.6904837256,0.1483425381,-0.212182328,0.3155268631,-1.717536634
6kDp7BpA,2024-04-24,CLAY,-0.07651627443,0.1221624333,-0.1202887732,0.2414308795,0.2101989852
WhYaC6Mk,2024-04-24,CLAY,0.006063968435,0.1282047777,0.06368249695,0.228619654,-0.3043938283
lYUzISbS,2024-04-24,CLAY,1.095688071,0.1291042215,0.841504725,0.2301576448,1.33403129
Qw8mBd0T,2024-04-24,CLAY,-1.518424819,0.1637993304,-1.339588666,0.3039540609,-0.6984622963
WWdPaTxp,2024-04-24,CLAY,-1.176447183,0.1409499005,-1.400854869,0.2540070325,1.061973977
2H6g5kFM,2024-04-24,CLAY,-0.6945962569,0.1340713273,-0.5544036826,0.2416042735,-0.6975056717
YNgvFv14,2024-04-24,CLAY,0.02794481242,0.1321074442,0.3100949777,0.2786827798,-1.149846349
hnoYc77d,2024-04-24,CLAY,0.9490127566,0.1343494871,1.069494776,0.239818088,-0.6064954836
pruERHpA,2024-04-24,CLAY,-0.3672732705,0.1216483436,-0.5647305021,0.2007514048,1.236457096
zJ0Y3Oqh,2024-04-24,CLAY,-0.6307900727,0.1364927365,-0.6022985178,0.2878128596,-0.1124419656
W6DYQ5yq,2024-04-24,CLAY,-0.777670587,0.1479240723,-1.034185357,0.2310770388,1.444951471
KEEfYmq9,2024-04-24,CLAY,0.04014353106,0.1309070759,0.4274173465,0.2618817948,-1.707437477
KhwKLAa3,2024-04-24,CLAY,-0.08875364219,0.1264025961,0.3158181157,0.2408520677,-1.973354029
Ak8qgcvo,2024-04-24,CLAY,-0.7874323881,0.1427075993,-0.4842573564,0.2788637729,-1.265433149
j1eBB5fC,2024-04-24,CLAY,0.7179494248,0.1353798844,0.8293609794,0.2345468451,-0.5816863546
vJy8Api2,2024-04-24,CLAY,0.09068119643,0.1316168375,0.09603321563,0.2479612926,-0.02546796397
GKWSJlUF,2024-04-24,CLAY,-0.01814066826,0.1304155555,0.3404376824,0.2374995857,-1.806541243
QimMPeFM,2024-04-24,CLAY,-0.3563787339,0.134369766,-0.3634136244,0.2480036815,0.03374889012
SvI2WRDL,2024-04-24,CLAY,-0.163885119,0.1282157931,-0.2117479466,0.2187969293,0.2699645697
4bzLQQZ7,2024-04-25,CLAY,-0.7566985697,0.1268392359,-0.9452139094,0.2417315508,0.916095501
67Sd5l5k,2024-04-25,CLAY,0.3827350978,0.1342083934,0.1626667268,0.3274233569,0.7368675209
hSWWGe5j,2024-04-25,CLAY,-0.862807711,0.1274683848,-0.810626437,0.2203281438,-0.2903609978
rXLsCp4E,2024-04-25,CLAY,1.476004061,0.1246681735,1.288981884,0.2164578966,1.056911499
SMhB0JDt,2024-04-25,CLAY,-0.7952749741,0.1309641426,-0.7854327214,0.2376290971,-0.04963750583
ALQEUzbK,2024-04-25,CLAY,-1.084018383,0.1317666624,-1.318476985,0.2375398385,1.186273754
QktpWrIN,2024-04-25,CLAY,0.7338836555,0.1296505897,1.008383997,0.2407083723,-1.353495951
WjmYZUCL,2024-04-25,CLAY,0.1109346566,0.1285325953,-0.1568349585,0.2402120649,1.319507165
r38SRPam,2024-04-25,CLAY,1.113687205,0.1185406567,1.061557319,0.2172984836,0.2862433181
xvq4FkzQ,2024-04-25,CLAY,-1.627077662,0.1531265334,-1.92190115,0.276776316,1.278734078
8OW5ityQ,2024-04-25,CLAY,-0.6786241055,0.1256265078,-0.870538164,0.2131399058,1.114600781
CvnHSv9j,2024-04-25,CLAY,1.749279678,0.1186893966,1.530105141,0.2014516292,1.34649062
ALndZZS9,2024-04-25,CLAY,-1.181321755,0.1246132609,-1.076736111,0.2115869027,-0.6116166315
CCDSaTfB,2024-04-25,CLAY,-0.2370216065,0.1194445735,-0.3437675668,0.1792305507,0.7988261185
YgvJIown,2024-04-25,CLAY,-0.1129658334,0.1266641705,-0.1323572361,0.2383202178,0.09605742867
UR4NK9Qp,2024-04-25,CLAY,2.810716131,0.1268258966,2.5990068,0.2293903685,1.107604351
A339BzuQ,2024-04-26,CLAY,0.7043155135,0.1271919164,0.5291209769,0.2242755825,0.9484291404
QNgcehP8,2024-04-26,CLAY,-1.98252545,0.1263632888,-1.82933537,0.21918531,-0.8553632043
fDrCrid2,2024-04-26,CLAY,0.9032583081,0.1275483694,0.7915115985,0.2198151628,0.6241944738
l6Cx2an1,2024-04-26,CLAY,0.3278527804,0.1255780677,0.3652829449,0.2247537041,-0.2008072899
QZ11mO8s,2024-04-26,CLAY,-1.785182856,0.1115998025,-1.873694373,0.2093268935,0.499792088
ttD1fbak,2024-04-26,CLAY,-1.870536104,0.1624276846,-1.869311289,0.2748606608,-0.00552382397
ADbs2IbE,2024-04-26,CLAY,0.5544907895,0.1310282873,0.6830786718,0.239214511,-0.6424964809
KGVqpbTa,2024-04-26,CLAY,-1.078548985,0.1259129163,-0.8492700027,0.2217678548,-1.25593355
hngIqt86,2024-04-26,CLAY,-0.7518984944,0.1279532348,-0.8570408435,0.2184323512,0.5939140436
bRloDhmI,2024-04-26,CLAY,0.7784075069,0.1216498135,0.7388453742,0.2097676767,0.2315048023
YFyyZVFE,2024-04-26,CLAY,0.8387826824,0.1229101198,1.07448726,0.2315834559,-1.200887523
WQ7WuSsC,2024-04-26,CLAY,-0.5035287838,0.1372688125,-0.491586552,0.2502833697,-0.05706281737
ptOldCVo,2024-04-26,CLAY,-0.7796956954,0.1308433425,-1.034678152,0.2302490616,1.34584622
KM6WCvpK,2024-04-26,CLAY,1.445674737,0.1337193955,1.380945729,0.2188606462,0.3735941573
lrUkB3PE,2024-04-26,CLAY,0.3860239156,0.1499578303,1.087356612,0.3412967512,-2.287542225
nmu4pDRk,2024-04-26,CLAY,1.215091822,0.1201834048,1.143999151,0.2161312299,0.3957622641
CrAyKHp4,2024-04-27,CLAY,2.435280607,0.1192535769,2.156734303,0.2049740161,1.670822136
lhuooNOi,2024-04-27,CLAY,0.6604398334,0.1213950129,0.7967197894,0.206045412,-0.8185615337
6PVh90Wo,2024-04-27,CLAY,-0.4447197603,0.1166601323,-0.2248159103,0.1790580072,-1.618858727
bHDuYald,2024-04-27,CLAY,0.9183977117,0.1198762268,1.229080478,0.2094755299,-1.808568054
CMY07v1b,2024-04-27,CLAY,-0.2365494816,0.1242167411,-0.1158958483,0.2141877928,-0.691466142
OGtzzO8M,2024-04-27,CLAY,0.07079085306,0.1222027523,-0.2312527269,0.2370102949,1.487333457
GjwSypvA,2024-04-27,CLAY,-0.2880639527,0.1233965432,-0.5811092431,0.222454397,1.583236555
lWLB38oA,2024-04-27,CLAY,1.644321084,0.1235827659,1.53663122,0.2122431615,0.6240981357
h6H3YEsR,2024-04-28,CLAY,-1.787309732,0.1148802283,-1.932548665,0.1881895213,0.9743887007
zP14QE1t,2024-04-28,CLAY,0.09709319701,0.1278503622,-0.06325107446,0.2066552163,0.9875868118
feBrjv9T,2024-04-28,CLAY,0.7281561117,0.1227840327,0.5678507485,0.2116750955,0.9297099441
Ic2FkDHP,2024-04-28,CLAY,-0.03769758744,0.1260059114,0.08270485423,0.2087112066,-0.723651846
pzun2aKE,2024-04-28,CLAY,0.1644331706,0.1150382083,0.1921774526,0.1879305641,-0.1866953769
SGHLjMN7,2024-04-28,CLAY,-0.3378341028,0.1196453,-0.1529661606,0.1861401137,-1.296460644
SYnyqlwC,2024-04-28,CLAY,1.230513777,0.112430306,1.163603971,0.185846871,0.4521501988
O21dODCj,2024-04-28,CLAY,-2.188952772,0.126668329,-2.132190765,0.2130244628,-0.331411813
dQUXrHzS,2024-04-29,CLAY,0.0121634263,0.1182489264,0.1265257971,0.1940766354,-0.7431310671
nJyzfKxg,2024-04-29,CLAY,-0.4553615887,0.1184852999,-0.3840025705,0.1928772587,-0.4688702478
f7qhoeR8,2024-04-29,CLAY,2.742034336,0.1119839146,2.912085053,0.1843944764,-1.160791556
EP3SaXig,2024-04-29,CLAY,0.1946990056,0.1151829775,0.2396770962,0.1752798379,-0.340431589
hv5Qw8ne,2024-04-29,CLAY,0.9198829665,0.1121959852,1.089415742,0.2017878185,-1.010801406
GtUEdX5d,2024-04-29,CLAY,-0.36227105,0.1150672555,-0.4149475964,0.1856967525,0.3614192708
hGjvdHME,2024-04-29,CLAY,-1.909521722,0.1200726843,-1.651030509,0.1720078855,-2.098763689
QeVQXO1U,2024-04-29,CLAY,-0.4835311392,0.108455071,-0.5247958648,0.1851652705,0.2749535527
Iamnc5TQ,2024-04-30,CLAY,2.226861085,0.1104646528,2.355868563,0.1749860367,-0.9505993196
QD2Yb8n1,2024-04-30,CLAY,0.03226662801,0.1137993445,-0.02342121095,0.1834835815,0.3869083539
Wd4EkmZQ,2024-05-01,CLAY,-1.335525473,0.1107281936,-1.351176513,0.1677939185,0.1241439859
QDlT9Oln,2024-05-01,CLAY,-0.7208578967,0.1089170975,-0.6089446382,0.1708176834,-0.8504737767
0xldGNCm,2024-05-02,CLAY,2.136750648,0.1047215247,2.387868625,0.172441087,-1.832961785
8A5w89Nc,2024-05-02,CLAY,-0.05920697582,0.1084910871,0.05069591726,0.1604598677,-0.9296111332
MJdD6Iod,2024-05-04,CLAY,1.10331697,0.1026320719,1.149781089,0.1602498602,-0.377536584
42hAcptT,2024-05-06,CLAY,2.127447245,0.2315049785,2.134612724,0.8842674491,-0.008396142612
Ye70wMgL,2024-05-06,CLAY,-0.735965011,0.1470447408,-1.385621586,0.322369458,2.264561678
z57N41md,2024-05-06,CLAY,-0.5617678625,0.131353018,-0.4387963134,0.2562748808,-0.5588276737
zN0g1St4,2024-05-06,CLAY,-0.8439320614,0.1540846792,-1.023604634,0.2818542575,0.7612989401
SYAmNlnQ,2024-05-06,CLAY,0.001285308875,0.1495693214,-0.01873635066,0.2741195157,0.08715741807
djUzE5Q9,2024-05-06,CLAY,0.9797320663,0.1531025091,0.7526808904,0.2866863064,0.9367523106
xUDiurP8,2024-05-06,CLAY,2.275599774,0.2097844341,2.158825508,0.8757258202,0.1373447859
Sdco3lCi,2024-05-06,CLAY,-0.723014406,0.1470216735,-0.4421144278,0.2760503334,-1.202268495
C6nKHS9m,2024-05-06,CLAY,-1.966602821,0.2044326286,-1.141133356,0.7854618371,-1.088447741
KWkSF6v0,2024-05-06,CLAY,-0.5806796514,0.1501616511,-0.5305855613,0.2716776719,-0.2212565786
l8XdJ02k,2024-05-06,CLAY,0.4438775867,0.1288727017,0.2508112422,0.2144002295,1.126766263
jDkAS4u3,2024-05-06,CLAY,-0.04841733067,0.1412422256,0.3673598234,0.3095933794,-1.50918844
KhsROMvS,2024-05-06,CLAY,0.6123152328,0.1312454618,0.4093960581,0.2134574782,1.205404875
dxk2a6BG,2024-05-06,CLAY,0.8226571853,0.13209656,0.3826203924,0.2349930042,2.264137449
ANL5HvX1,2024-05-06,CLAY,-0.6227990879,0.1568426728,-0.7666010717,0.2973990539,0.5691098218
4GXrCqeM,2024-05-06,CLAY,0.8220700417,0.1375111703,0.759580231,0.264398129,0.2767175394
OQmIQrAF,2024-05-06,CLAY,-2.132620794,0.2225528718,-2.444762892,0.8776921053,0.3676553105
EyffMiAk,2024-05-06,CLAY,-0.8251656855,0.1944910194,-0.6377717771,0.5652151647,-0.3531077114
ll9F6NIq,2024-05-06,CLAY,-0.325384523,0.1402571782,-0.2506879636,0.2412551562,-0.3805309336
vBcD2FWr,2024-05-06,CLAY,0.03599826498,0.13930677,0.1592252465,0.3222134679,-0.4241267171
URhWXaHr,2024-05-06,CLAY,0.6372996961,0.2106443711,1.889100167,0.9110282372,-1.412322854
2eJ1aofJ,2024-05-06,CLAY,-0.2312013811,0.1547348234,-0.118091671,0.3389763603,-0.3750331286
no68exgo,2024-05-06,CLAY,2.088910868,0.2247085033,2.599650269,0.8736359714,-0.6049674373
0OzSFRec,2024-05-06,CLAY,-0.397461425,0.1399815308,-0.3360222998,0.2780427204,-0.2557457815
Ghtxmz4N,2024-05-07,CLAY,0.7527224532,0.1443321541,0.65753109,0.2637521189,0.4312053572
SMbnjY0s,2024-05-07,CLAY,0.3678417028,0.1310307589,0.2202275291,0.228261909,0.7897709789
rXqndm0K,2024-05-07,CLAY,0.4353832611,0.1479004309,0.3071373499,0.2436442415,0.6623652106
tQbRvr4e,2024-05-07,CLAY,0.4639486852,0.1388533902,0.5121375279,0.2244630953,-0.2732388468
QBDybs0B,2024-05-07,CLAY,-1.070787343,0.2086831338,-1.065040804,0.5869087429,-0.01047576464
nDpibFcm,2024-05-07,CLAY,0.8388593343,0.1452711831,0.5632713709,0.2075567071,1.859025
0p2srZW8,2024-05-07,CLAY,0.3321376689,0.1199713767,0.4224262708,0.1974947914,-0.5755297212
I7NIoDAl,2024-05-07,CLAY,0.2166505189,0.1196749376,0.1340327745,0.2168730244,0.4567946337
StPlT3Hd,2024-05-07,CLAY,0.02420649998,0.1254022011,0.2415064502,0.2185925645,-1.213663265
lMQeEcD4,2024-05-07,CLAY,-0.4778837585,0.1295679718,-0.7189978891,0.243594694,1.168880866
Qq5SewCj,2024-05-07,CLAY,-0.1560069384,0.1511379024,-0.1370002571,0.3454488347,-0.06118713479
jZ0abjff,2024-05-07,CLAY,-0.6618048085,0.1244890122,-0.4103181916,0.2118134941,-1.467512529
CONziypp,2024-05-07,CLAY,0.5302385687,0.132879852,0.6701262179,0.2221356298,-0.7858461979
A5rHDTgc,2024-05-07,CLAY,-1.044130057,0.1458935289,-0.6140993566,0.2396556058,-2.26175722
AsxAIEt2,2024-05-07,CLAY,-0.2829401251,0.1302070927,-0.3198966719,0.2246335302,0.2018960934
ttF5gz5k,2024-05-07,CLAY,-0.5893733311,0.1412026395,-0.6323478954,0.2616204862,0.1951231759
SI8zZZQr,2024-05-07,CLAY,0.06972727426,0.1331956872,0.1954158233,0.2381751565,-0.6365604091
IqcVPdlS,2024-05-07,CLAY,-0.4865949864,0.1347222067,-0.3766418932,0.2527679563,-0.5141051251
r9ci0CPs,2024-05-07,CLAY,-1.561429687,0.2287018011,-1.217322881,0.8980020977,-0.3962578281
Op2qXDee,2024-05-07,CLAY,-0.655492323,0.1509336418,-0.915381086,0.2955725061,1.022660022
xlUetIY8,2024-05-07,CLAY,0.01055066855,0.1289360324,0.02010168177,0.2429391118,-0.04638660408
4dPSa3Vb,2024-05-07,CLAY,-0.8034120989,0.1352152274,-0.8050362202,0.2326928115,0.00857623028
C6rvgeIE,2024-05-08,CLAY,0.2159613705,0.1291297924,0.3767411513,0.2379414413,-0.8044861298
EuEVCFdR,2024-05-08,CLAY,-0.1851336084,0.1368743629,-0.1550605369,0.2345760996,-0.1578614883
WnN4vd3L,2024-05-08,CLAY,0.44676209,0.1535237358,0.2487085992,0.2540451058,0.9784819407
bNtniZnR,2024-05-08,CLAY,0.5203154589,0.1365340319,0.4819854772,0.2722196238,0.1627574663
GlEhvej2,2024-05-08,CLAY,-0.03118973525,0.1320283421,-0.1317108628,0.2126990878,0.6027835543
OfyKfGzq,2024-05-08,CLAY,-0.5341368376,0.1305874167,-0.5981859063,0.2055759569,0.4034039748
UivShf5e,2024-05-08,CLAY,0.1189240404,0.1497412893,0.2150688489,0.2331810924,-0.5378780574
dWLK1P0n,2024-05-08,CLAY,0.7435741369,0.1265978356,0.6450333826,0.2392680395,0.4853448106
lSm1KzCk,2024-05-08,CLAY,-0.8487495809,0.1388206741,-0.4658576819,0.2540180963,-1.799896887
byMK5Y1K,2024-05-08,CLAY,1.438384591,0.1389836367,1.36492097,0.2895338476,0.2892326875
n1f8dUO6,2024-05-08,CLAY,-0.1875044717,0.1382056136,0.6149515925,0.2694999425,-3.468366354
nmFZsV9D,2024-05-08,CLAY,-0.08223393317,0.1325241187,-0.02063585341,0.260133948,-0.275180622
8t4l4PcB,2024-05-09,CLAY,1.587430946,0.1595385205,1.833109584,0.3070788687,-0.9363355965
McHra7je,2024-05-09,CLAY,0.5552809135,0.1356082601,0.6063746212,0.2386917809,-0.2601134804
dbvVBlUN,2024-05-09,CLAY,-0.223975711,0.1265997966,-0.09680333807,0.2220050685,-0.6973324354
nLhIpxU9,2024-05-09,CLAY,1.490884983,0.1249747176,1.323678028,0.2023795522,1.050415905
GOU15Xl1,2024-05-09,CLAY,-2.165288995,0.2195517798,-1.884738076,0.6997224813,-0.422271059
QkpoXxHF,2024-05-09,CLAY,-1.380719708,0.1406500017,-1.554054741,0.2379561931,0.9030717419
jLLQqiu1,2024-05-09,CLAY,-0.4499058875,0.1214309048,0.01587369891,0.2217823145,-2.509786094
OlY93BJD,2024-05-09,CLAY,-0.5220165658,0.13697906,-0.4525772523,0.2687304938,-0.3003448062
Wddu2br9,2024-05-09,CLAY,-0.8975821468,0.129793097,-0.8827586231,0.2227281225,-0.08189721014
4Afm0xDL,2024-05-09,CLAY,1.332200236,0.1712936107,1.730460699,0.871722654,-0.4659502844
ABa17gKl,2024-05-09,CLAY,-0.3862205944,0.1196833136,-0.3510617763,0.1930382241,-0.23213508
KEhGf8gJ,2024-05-09,CLAY,0.5020902783,0.1285406605,0.4307210942,0.239511442,0.3531439399
2glVm6jm,2024-05-09,CLAY,-0.8158673937,0.1256253811,-1.102038354,0.2121248382,1.674252863
j7SziYZ7,2024-05-09,CLAY,-0.4384794124,0.125546221,-0.09539024696,0.2116442285,-2.013598228
WA5iViQ7,2024-05-09,CLAY,-0.7661835344,0.1388365396,-0.9918456757,0.2420186808,1.138351752
IDKMEySE,2024-05-09,CLAY,-0.7110601789,0.1414675528,-0.4977927647,0.3092594464,-0.7755007617
jc9ThhYq,2024-05-09,CLAY,0.09636872481,0.1267290993,-0.01713815104,0.2095536425,0.6801275323
S4gJdV9b,2024-05-09,CLAY,-0.1765473086,0.1232688222,-0.0978217658,0.1937409421,-0.5267089232
QaZMhMzh,2024-05-09,CLAY,-0.7234811906,0.1212444392,-0.2896961526,0.2010459623,-2.704863119
tf2d23SN,2024-05-09,CLAY,0.9020544538,0.1226661397,0.6774428371,0.2089913297,1.327451159
UkHx8uTk,2024-05-09,CLAY,1.722173891,0.117982538,1.624026284,0.215291397,0.5450079683
t0yc255t,2024-05-09,CLAY,0.2498520474,0.1349797881,0.3224023652,0.2158200493,-0.4308199178
v904zuLN,2024-05-09,CLAY,-1.176422687,0.1289601231,-1.287609498,0.221337223,0.6180913828
Ugk0S1Yo,2024-05-09,CLAY,-0.1284663433,0.1172695755,-0.4056791794,0.1823052533,1.986025593
6X5DVOzJ,2024-05-09,CLAY,2.771215378,0.1142788369,2.544428876,0.1716442833,1.770791288
Y9fUV64c,2024-05-09,CLAY,0.02835596311,0.1250876633,0.3338073544,0.2228636164,-1.656024889
APSPEQyK,2024-05-10,CLAY,1.644768559,0.1203078661,1.39155171,0.2159370192,1.41211349
INLeYjXb,2024-05-10,CLAY,1.405554697,0.1204138716,1.34681263,0.2003180203,0.3669386721
Umb4TcLG,2024-05-10,CLAY,-0.01878331477,0.1298237346,-0.02130996454,0.2368714272,0.01275274871
hWQthX4S,2024-05-10,CLAY,0.4221497056,0.1256721907,0.7142861055,0.2092462766,-1.746145013
McT91rXa,2024-05-10,CLAY,1.041714961,0.125224355,1.139517945,0.2140870605,-0.5632395006
bTe7vThJ,2024-05-10,CLAY,-0.1722094472,0.1200462763,-0.06116148261,0.2084188423,-0.6517893227
t2dZMLvq,2024-05-10,CLAY,-0.2950475209,0.1263337474,-0.7603616292,0.2230711285,2.530955894
zepiI8Hs,2024-05-10,CLAY,-0.173835099,0.1239552231,-0.2050063324,0.2110575251,0.1824771559
baUl0ztA,2024-05-10,CLAY,0.6935336835,0.1194083566,0.8169010461,0.2078045559,-0.7253844933
xC0n2WpQ,2024-05-10,CLAY,-0.1669208919,0.1236280679,-0.04913436035,0.2024963105,-0.7344342458
nuZOZJun,2024-05-10,CLAY,1.325175948,0.1253179533,1.221098711,0.2260403916,0.5532450087
rLLTHfjB,2024-05-10,CLAY,-1.835626592,0.118487945,-1.669998119,0.1920402502,-1.095938879
S8DP2rzo,2024-05-10,CLAY,-0.3635374751,0.1423112827,-0.8682993034,0.2693625928,2.207091189
zXDMHo4E,2024-05-10,CLAY,-0.8026330532,0.1211902269,-0.9299449847,0.201515708,0.7907495675
4WeZvrFs,2024-05-11,CLAY,2.47335813,0.1086474224,2.471933944,0.1661205322,0.01133317035
MuvFXkB7,2024-05-11,CLAY,0.5129485885,0.1231050141,0.3063524577,0.1911139922,1.413262494
QFcatkO6,2024-05-11,CLAY,0.3524134114,0.1270581569,0.1559899749,0.2007103652,1.264202943
E78qk5G7,2024-05-11,CLAY,-0.03254095833,0.1223622294,0.07969791173,0.1894755918,-0.7758439776
6HNt2dRq,2024-05-11,CLAY,-0.5007187556,0.1290310291,-0.406572691,0.2198741086,-0.5288135378
M3zEOKPG,2024-05-11,CLAY,-0.1688882431,0.1129316602,0.0283890971,0.181353606,-1.39025746
S6pFd7tp,2024-05-11,CLAY,-0.7634469468,0.1223502009,-0.8180957411,0.1992632873,0.3474668184
0SYFvXFE,2024-05-11,CLAY,1.609516461,0.1141689427,1.523755939,0.1757893298,0.6415898041
AmqjJWZ8,2024-05-12,CLAY,0.1980784897,0.1289280938,-0.01684579634,0.2285771784,1.138695516
xd4X0gU8,2024-05-12,CLAY,0.8202622029,0.1250477282,0.5586352806,0.2080008613,1.574027212
ppMSu10L,2024-05-12,CLAY,0.1606202866,0.1227641242,-0.05655153287,0.2044495659,1.328358828
b1sLZD36,2024-05-12,CLAY,-1.801915286,0.1179390767,-1.790418485,0.1902840922,-0.07699101678
YsMHYQin,2024-05-12,CLAY,-0.4608468138,0.1156204699,-0.5364799695,0.1883581461,0.5086405655
GOKBpv4t,2024-05-12,CLAY,0.678489027,0.1162975517,0.8669352653,0.1961897271,-1.192666932
OCUcmkIa,2024-05-12,CLAY,0.3994719857,0.1239798368,0.1293159704,0.2185623224,1.500901754
YPULYUo9,2024-05-12,CLAY,0.8923559034,0.1189244306,0.5787895616,0.1908320278,2.101028124
ltq0A9w9,2024-05-13,CLAY,0.4762487246,0.1161888205,0.2595483604,0.1807701763,1.564796328
AgbEGVsh,2024-05-13,CLAY,-0.3553060538,0.1207698731,-0.4978261347,0.1878719386,0.9903318261
tUf0AwEk,2024-05-13,CLAY,0.748218026,0.1160894377,0.8149185956,0.1813212207,-0.4788744359
8GUxMH0l,2024-05-13,CLAY,3.045136646,0.121303765,3.044895215,0.1807472045,0.00180177997
GhhoGpCd,2024-05-13,CLAY,-1.150879432,0.1199944414,-1.1993882,0.1786159325,0.3666395966
fi9d1Cx8,2024-05-13,CLAY,1.080912877,0.119066001,0.9873854428,0.195222755,0.6045335204
4SLVoIKU,2024-05-13,CLAY,0.3808836453,0.1203200572,0.4190955331,0.1806494728,-0.2835780876
SMQ6iMjg,2024-05-13,CLAY,-0.9525571863,0.1119615295,-0.9470094255,0.1804994676,-0.03918485415
OUupkGZF,2024-05-14,CLAY,2.080274121,0.1033812447,2.13975975,0.1525255603,-0.5304378335
vVJCxb77,2024-05-14,CLAY,0.4756244258,0.1149514519,0.5905159813,0.1734701706,-0.8843553294
G8pNZjmB,2024-05-15,CLAY,-1.159396867,0.1111606317,-1.028679608,0.164632651,-1.076410183
dfdRla4E,2024-05-15,CLAY,-0.5861226721,0.1132323519,-0.5834353678,0.1713145744,-0.02090346554
drWo2HhM,2024-05-16,CLAY,1.333445288,0.1065397855,1.174748421,0.1573083361,1.371178416
nDzIpvF7,2024-05-16,CLAY,-0.5043870688,0.1034585279,-0.3988986865,0.1526277177,-0.9400803601
G29NOpHG,2024-05-18,CLAY,-2.406666707,0.1988219839,-1.793579209,0.5401845206,-1.220647881
2ZacyO0M,2024-05-18,CLAY,1.020357777,0.1412629797,1.049603308,0.2910572519,-0.1149235754
80l2H29j,2024-05-18,CLAY,2.147007337,0.1649235222,1.862839987,0.2961042074,1.155515315
O8Wlu61c,2024-05-18,CLAY,2.485753272,0.1967560732,2.121114464,0.4046462525,1.031248547
A56FQ6n4,2024-05-18,CLAY,-1.718082596,0.1812051405,-1.637819876,0.411943504,-0.2169562675
xIcWMOoT,2024-05-18,CLAY,0.5215750291,0.1337857312,0.5171982866,0.3428008866,0.01386727694
O06k3n8M,2024-05-18,CLAY,-1.230659315,0.1760576421,-0.3228836324,0.4428788804,-2.233805171
fLEY6U8c,2024-05-18,CLAY,0.8363238571,0.2051533168,-0.2195688725,0.730966283,1.505006878
0lS5I4jS,2024-05-18,CLAY,-0.9861382986,0.1872863837,-0.8479977619,0.3161946199,-0.5422371407
61Dc5HXh,2024-05-18,CLAY,-0.4694746058,0.1812571579,0.1210611616,0.4075810402,-1.617644283
ERG53e25,2024-05-18,CLAY,0.4945482396,0.1920184186,0.1007411034,0.5919997704,0.7032352644
YHjTV1Oq,2024-05-18,CLAY,-0.2736085244,0.1454025906,-0.6379199403,0.3292399455,1.233310904
fqcLcQVq,2024-05-18,CLAY,-0.4748137729,0.1671112732,-0.2687469071,0.5083525067,-0.4292164727
hv7buKMM,2024-05-18,CLAY,0.3024476923,0.2065139043,-1.035020727,0.9375425924,1.462488939
zs5E1ZWH,2024-05-18,CLAY,0.03953514068,0.1814746026,0.2777184998,0.5659909194,-0.4442817221
CpaGkIVo,2024-05-18,CLAY,1.117257163,0.1059193751,1.136476986,0.1485168538,-0.1846154109
06eGYpH6,2024-05-19,CLAY,0.239800003,0.1220492277,0.08988575775,0.2078778911,0.8908769464
GbmRcMgl,2024-05-19,CLAY,0.6334358079,0.1242081339,0.3425497315,0.1977269398,1.89077375
jLZ6s6te,2024-05-19,CLAY,0.6687399979,0.1252802669,0.6089878334,0.2348284771,0.3008390204
Ox2F6Qe2,2024-05-19,CLAY,-0.03117220616,0.1211121355,-0.1136788976,0.2152239333,0.4637462549
EokhxOpf,2024-05-19,CLAY,-0.462451829,0.1385396174,-0.9700974353,0.2788168169,2.098038877
ADr1z2F6,2024-05-19,CLAY,1.347063421,0.1669907965,0.8885683439,0.296922661,1.867490305
G0j6EjI6,2024-05-19,CLAY,-0.2811129913,0.185915446,-0.3524910345,0.4222306224,0.1882846343
viwg2dnQ,2024-05-19,CLAY,0.2697602022,0.1794243309,-0.3773312934,0.5415625767,1.266382225
UFQJHj43,2024-05-19,CLAY,-0.3345924297,0.129013818,-0.2315789727,0.222048415,-0.5700063135
6Dm3jrto,2024-05-19,CLAY,-0.1887097035,0.1891687828,-0.3894017622,0.5247909757,0.4099850169
2kAjsASj,2024-05-19,CLAY,1.372957687,0.1304504944,1.049786782,0.2166749085,1.867987344
Iua78nRk,2024-05-19,CLAY,0.08312153141,0.1363576273,0.1537153458,0.2704558747,-0.3022438123
23kPe9sp,2024-05-20,CLAY,-0.3052125505,0.1242241718,-0.3444311909,0.2028964703,0.2444711632
OIwYgmCd,2024-05-20,CLAY,-0.6755731475,0.1253465306,-0.6834217557,0.2232112562,0.04249542387
61RaExF8,2024-05-20,CLAY,0.0267409733,0.1319615279,0.1524857463,0.2684592271,-0.5378596757
W6JKnW4T,2024-05-20,CLAY,0.4437729774,0.1318050047,0.6134066818,0.2251772276,-0.9291375176
f3PUTsDt,2024-05-20,CLAY,0.9031204132,0.1358306783,1.125631858,0.2377979293,-1.139992351
rRt9YupJ,2024-05-20,CLAY,0.1913523716,0.1564013846,0.3266247619,0.3157339065,-0.4932007371
OSb61bIq,2024-05-20,CLAY,0.06775844282,0.1196958125,-0.008791429106,0.2064262433,0.4551647605
veNZ6KfM,2024-05-20,CLAY,0.6559052312,0.1240633863,0.7455243316,0.2195592345,-0.4947291062
25jTwyMb,2024-05-20,CLAY,-2.484260644,0.2114333148,-2.70219563,0.5254050342,0.4531015832
beIzE83S,2024-05-20,CLAY,-0.7662265498,0.1239200869,-0.3958803503,0.2373489432,-1.829492987
GxfK9vSO,2024-05-20,CLAY,0.784470579,0.1277756596,0.8932438792,0.2647567132,-0.4690879908
Wh2Eaxmd,2024-05-20,CLAY,0.5531899719,0.1261957045,0.7365611733,0.1988943789,-1.192795586
8CjCB0cC,2024-05-20,CLAY,1.237246732,0.1628141686,1.523132739,0.3429739215,-0.9470648329
n1p1Nuu3,2024-05-20,CLAY,0.2621126544,0.1359843228,0.1986709676,0.2457427723,0.3099411544
WprpzgLN,2024-05-20,CLAY,0.5955214468,0.1258489147,0.3349222822,0.217180707,1.472299677
QsKSFUYF,2024-05-20,CLAY,1.804743644,0.1506539458,1.75663179,0.2751450982,0.2089683468
2RR3jE54,2024-05-21,CLAY,-2.823418706,0.2411959751,-2.955059236,0.605841284,0.2368661759
AiVBlhzH,2024-05-21,CLAY,0.03556764368,0.127912575,-0.1333908541,0.2219473566,0.931512476
d8mLucin,2024-05-21,CLAY,-0.04294359201,0.1426278704,-0.1649440315,0.2883387378,0.4868482491
OKvxxFjB,2024-05-21,CLAY,-2.52781877,0.2159863675,-2.661220481,0.5974338123,0.239489553
2u7x5DKc,2024-05-21,CLAY,0.7161441363,0.1409295523,0.5992067892,0.2688925582,0.5106382318
nc23DMSa,2024-05-21,CLAY,-1.353676728,0.1644701089,-1.485398839,0.3112787984,0.4984182108
C0atRfXG,2024-05-21,CLAY,0.5913662054,0.1219813322,0.3669937295,0.1815115161,1.669270573
COLsF3dC,2024-05-21,CLAY,0.0904467966,0.117647136,0.1203892752,0.2116196457,-0.1702210933
SKP2kE85,2024-05-21,CLAY,-1.155970135,0.1311413404,-1.409227859,0.2256754687,1.378941162
ULRkvsMi,2024-05-22,CLAY,0.2181609754,0.121116791,0.3286926229,0.2056037618,-0.6652785881
nHzoCrUH,2024-05-22,CLAY,-1.198533663,0.1136248285,-0.8292769834,0.1915901635,-2.393727196
0d0ICT2D,2024-05-22,CLAY,-0.476053814,0.1269300862,-0.5735230242,0.2382289262,0.4834828972
SO9HRyPG,2024-05-22,CLAY,0.01933274246,0.13105258,0.1147078275,0.2307247601,-0.5022584808
bFf0XpCt,2024-05-22,CLAY,0.2111477919,0.1210646642,0.4043767706,0.2003619363,-1.210325622
2ZcPLc6b,2024-05-22,CLAY,1.175512858,0.1168357234,1.214537348,0.1965650584,-0.246875575
U1gQiF8s,2024-05-22,CLAY,-0.1407096466,0.1272384725,-0.09023823449,0.2100630717,-0.3019650079
t6zGUhkT,2024-05-22,CLAY,0.08308722855,0.1228521076,0.2263150877,0.2324857837,-0.725662619
x2gPjhPE,2024-05-22,CLAY,-0.8806920247,0.1297507884,-0.8958613684,0.215802713,0.08796883687
AVeRvXTF,2024-05-22,CLAY,0.3650565744,0.1201738903,0.03893799456,0.1967580153,2.093260046
GlMq9jnC,2024-05-22,CLAY,-0.9128293764,0.1210952523,-0.7304942494,0.2066797113,-1.088641786
WSh8VOtg,2024-05-22,CLAY,0.8850282512,0.1154665646,0.9302265138,0.190642816,-0.2979497937
htO9rCKE,2024-05-23,CLAY,-0.1014248008,0.1167265212,-0.07511353613,0.1926115726,-0.1717302907
nXjqaVSq,2024-05-23,CLAY,-0.489292593,0.1188318652,-0.4709968684,0.1898991615,-0.1235163867
0CxtVB2S,2024-05-23,CLAY,-0.894643012,0.1111240802,-0.6474804749,0.1714777768,-1.892531868
GpvDNTf2,2024-05-23,CLAY,0.1680161756,0.1225844875,0.1573721155,0.2125192399,0.06131319041
KhcERWP1,2024-05-23,CLAY,0.1147297015,0.1153610464,0.3520347443,0.179611323,-1.723767935
ADSIcocM,2024-05-23,CLAY,1.375656187,0.1159588939,1.186994148,0.1809689144,1.35790359
nDSblI8l,2024-05-23,CLAY,-0.902721896,0.1277055244,-0.9804684227,0.2301949741,0.40593852
UeKFpz8D,2024-05-24,CLAY,0.8412245051,0.1184047599,0.768422955,0.1918567724,0.4822528581
tr0tLqcS,2024-05-24,CLAY,0.1597466614,0.1152759042,0.230505199,0.1875776752,-0.4781762762
WvPdsnSk,2024-05-24,CLAY,0.4172885799,0.1065924261,0.2327995489,0.1671092667,1.433486755
UNEYtPU8,2024-05-24,CLAY,-0.8813004534,0.1266031083,-0.5582372389,0.196869861,-2.142858878
4Geah4y0,2024-05-24,CLAY,-1.100565207,0.1138182401,-0.9045286335,0.1737826662,-1.492777692
vH0n2Oce,2024-05-25,CLAY,0.2911909099,0.1147154183,0.107862378,0.1689730888,1.477673952
dA0IbJRq,2024-05-25,CLAY,0.3739782778,0.1063585649,0.5380065837,0.1516388419,-1.517597463
C8gorSqB,2024-05-26,CLAY,-0.4600486449,0.1515526709,-0.1353818012,0.3793599585,-0.9335607928
Kv03XAVh,2024-05-26,CLAY,-0.07301938042,0.1342342642,-0.0951058713,0.2407576063,0.1105079194
OC6fZW0t,2024-05-26,CLAY,-0.2311321961,0.1483508031,-0.589073476,0.248666724,1.793585212
CzIeyKWQ,2024-05-26,CLAY,-1.141491619,0.1293286811,-1.013172194,0.203612053,-0.8159492239
xlUsyNDU,2024-05-26,CLAY,-1.616749244,0.1509279312,-1.75458197,0.2493950229,0.6942270668
jHw8OqUO,2024-05-26,CLAY,0.5243305571,0.1562036088,0.6500263421,0.3391682583,-0.4175143927
vqDSf5TG,2024-05-26,CLAY,0.6558684276,0.1313417617,0.6262167513,0.204712238,0.1888356757
COgZROCd,2024-05-26,CLAY,0.4412477294,0.1257451664,0.7250029722,0.1962216123,-1.883720075
UNQZxqqI,2024-05-26,CLAY,1.166201588,0.1429131361,0.9687380093,0.2703055993,0.860647149
GvkHkMSN,2024-05-26,CLAY,-0.8901942014,0.1564655365,-0.9117978793,0.3764708659,0.06309186994
ALAYv5E5,2024-05-26,CLAY,-0.6795050472,0.1410124752,-0.994408364,0.2437419191,1.583937249
xz3NLgkU,2024-05-26,CLAY,0.9017440754,0.1400192793,0.9251373164,0.2098190655,-0.1497027037
46YPzpxo,2024-05-26,CLAY,-1.153137084,0.1371770497,-1.277183962,0.2458063866,0.6081661967
KKHKR6aU,2024-05-26,CLAY,-0.9512506459,0.1308941672,-0.900022398,0.2193787468,-0.2909862238
rRj9irbB,2024-05-26,CLAY,-0.3730347205,0.1795335082,0.09735144547,0.6584488892,-0.7425192205
xI1zUyP0,2024-05-26,CLAY,1.332506598,0.1416450228,1.103356716,0.294604425,0.8870826869
zPVmp0jo,2024-05-26,CLAY,0.4503693832,0.1319451605,0.2814129605,0.2227489074,0.9414469619
Kfdd12K6,2024-05-26,CLAY,-0.02297867274,0.133932751,0.1178847816,0.2303736072,-0.7515094222
tSwqUm0m,2024-05-26,CLAY,0.9153573745,0.1375320758,0.8006008951,0.2250257391,0.6443180241
2a95S1km,2024-05-27,CLAY,0.3905015128,0.1598976022,0.3300409321,0.2751890302,0.2699516179
CfECTSUH,2024-05-27,CLAY,-1.413102036,0.1302540083,-1.394665504,0.2256871329,-0.1000323743
OYsVoApn,2024-05-27,CLAY,1.224921886,0.1308584668,1.187466923,0.2091716222,0.2295267632
nkzfBQDc,2024-05-27,CLAY,-1.224754659,0.1256474614,-1.004391602,0.2248982881,-1.181406535
zoukP7vP,2024-05-27,CLAY,0.500833012,0.1157834027,0.43450972,0.1732792604,0.5144602172
hhbBVl05,2024-05-27,CLAY,-1.504172525,0.1437138511,-1.2193211,0.2442139906,-1.442645378
OEy1FxA7,2024-05-27,CLAY,-0.5849199473,0.1218013292,-0.5518536416,0.1893964917,-0.2279867429
bXkqSFgD,2024-05-27,CLAY,1.241676559,0.1409857143,1.024210097,0.2365338898,1.145015417
fXYOOhO7,2024-05-27,CLAY,3.05602309,0.1874845194,3.922013108,0.8703334193,-1.018931797
WKbSVcfl,2024-05-27,CLAY,1.81875182,0.1327248589,1.637386004,0.2051156273,1.159732946
lSc0g4Tb,2024-05-27,CLAY,-1.351777511,0.1732150807,-1.4724881,0.40142435,0.3333350772
hnw294rA,2024-05-27,CLAY,0.4262515901,0.1294005898,0.532582303,0.1992426172,-0.7018397745
vJTyMsSF,2024-05-27,CLAY,0.8103557401,0.1319323433,0.8728557676,0.2226937189,-0.3483728882
ppIt2Mzp,2024-05-27,CLAY,-0.2485429792,0.135421002,0.3627888739,0.5041644628,-1.258825607
6XqI1Dt1,2024-05-27,CLAY,1.324184685,0.128300822,1.463578795,0.2103528714,-0.836222401
KzAiGCef,2024-05-27,CLAY,-1.726448608,0.1395627828,-1.718309354,0.2383590127,-0.04212243178
SxVCNf3K,2024-05-27,CLAY,-0.7243448946,0.135757783,-0.7662964113,0.2279141658,0.2291553784
AuHBndGE,2024-05-27,CLAY,-0.3128729415,0.143560202,-0.2165062081,0.241353518,-0.4966962209
ttJHrmFt,2024-05-27,CLAY,-0.6382031301,0.1454606959,-0.471201004,0.2435400643,-0.8549839163
E1RA7rDM,2024-05-27,CLAY,-0.5628675623,0.1480792332,-0.488124352,0.2686548464,-0.3334360086
pIe93ZBl,2024-05-27,CLAY,1.068582419,0.1396699933,1.172716538,0.2392021368,-0.5362471998
tCBk005d,2024-05-27,CLAY,-0.4939787822,0.1219185676,-0.3664107102,0.1901378895,-0.8743226036
Y5byO3c3,2024-05-28,CLAY,-2.28631819,0.1359963155,-2.007044819,0.2475260502,-1.350326671
pMigt6EN,2024-05-28,CLAY,2.129744341,0.1566024187,1.935341406,0.242334102,1.051187637
WCQBbmUi,2024-05-28,CLAY,-0.7773309463,0.1342438535,-0.7123887331,0.2129645512,-0.3928144931
O8GrIYQs,2024-05-28,CLAY,0.6600726185,0.129512385,0.6137197941,0.2162338304,0.2676912837
lhe5RcLh,2024-05-28,CLAY,1.280572487,0.1690568414,1.203954647,0.3240403956,0.2771537831
zB6ygqbT,2024-05-28,CLAY,0.8065178227,0.1432138246,0.3528335927,0.2931418263,1.773748352
IXnMNFKH,2024-05-28,CLAY,-0.6726339413,0.1392863614,-0.6681293894,0.2454839042,-0.02228402339
EcmQaiBD,2024-05-28,CLAY,-0.2354602966,0.13541616,0.04497918355,0.226003281,-1.549887479
nBTYSku0,2024-05-28,CLAY,-2.310760143,0.1316868813,-1.974810169,0.201543069,-2.201913009
t2fheQbn,2024-05-28,CLAY,-0.6952083318,0.2007268378,-2.163443675,0.8679137256,1.73882588
rwNsRT9C,2024-05-28,CLAY,-0.8059933534,0.1261050187,-0.7508267469,0.2072669266,-0.3353788118
lG18CUfJ,2024-05-28,CLAY,1.65136941,0.1348731745,1.448199061,0.2026752533,1.342983812
tSicTJjt,2024-05-28,CLAY,1.960052981,0.1707206809,1.996123135,0.3792873789,-0.1064978856
xfXiSRUa,2024-05-28,CLAY,-1.778857321,0.1551773179,-2.186920326,0.3990296009,1.110012422
x8CQtRqg,2024-05-28,CLAY,-1.181745246,0.1723902744,-0.7220452957,0.5386879485,-0.9007384197
SbrXuczn,2024-05-28,CLAY,-0.5800359068,0.1327106728,-0.3959222055,0.2052314537,-1.176071448
U1kaQ5aC,2024-05-28,CLAY,-0.1005568002,0.1439108448,0.1932257097,0.2446963516,-1.484470172
EcVQUBAm,2024-05-28,CLAY,1.191274834,0.1326143988,0.8536051246,0.2060583704,2.141035593
S0DaEjQ6,2024-05-28,CLAY,0.123264862,0.1278817678,-0.1467740341,0.1945870795,1.841205368
fDlfzYnQ,2024-05-28,CLAY,-1.017108061,0.1433269452,-0.9096629895,0.2578994502,-0.5011313216
Eo1jSOKN,2024-05-29,CLAY,-0.6101179852,0.1330754733,-0.8475391289,0.2070844488,1.496358396
G2XzhMS7,2024-05-29,CLAY,-0.7221008993,0.1250608342,-0.5657859534,0.2146247736,-0.896180186
pYRQ5MhL,2024-05-29,CLAY,2.227399494,0.1233515905,2.082183843,0.1922937165,0.9843995835
8rF5Ug0t,2024-05-29,CLAY,2.088292274,0.1591229283,1.775570714,0.2843611059,1.326937476
6seUkSa3,2024-05-30,CLAY,-0.4832274784,0.133409718,-0.39835378,0.2464078384,-0.40968494
O2RLUPVo,2024-05-30,CLAY,0.3401075555,0.1240747257,0.3555061659,0.1928523479,-0.1042985526
SlRPtOZG,2024-05-30,CLAY,1.272292275,0.1309631629,1.396791613,0.2134136259,-0.7388453737
drr2Ldqg,2024-05-30,CLAY,-1.289671942,0.1299364516,-1.341608576,0.2374963024,0.2612520894
r59bzUm3,2024-05-30,CLAY,-0.7862715342,0.1337276632,-0.7519988684,0.2183224943,-0.1985974649
IDYmsXqn,2024-05-30,CLAY,0.04578828526,0.1205602601,0.056706547,0.1803168898,-0.08142651552
E36LE2U6,2024-05-30,CLAY,-2.256862213,0.1472293354,-2.211699978,0.3155661598,-0.1618047634
S2dA6G0D,2024-05-30,CLAY,-2.066455472,0.1247694662,-2.003833167,0.2088239903,-0.3739725613
AsSVilb4,2024-05-30,CLAY,1.223202844,0.1202324235,1.154200608,0.1866043806,0.4835229917
6kkQfcuC,2024-05-30,CLAY,0.7982307747,0.1215294561,0.7403194681,0.1868364155,0.4080848561
0zuJHErI,2024-05-30,CLAY,0.3602903242,0.1292588558,0.2714419498,0.2071787742,0.5487480113
Kn64ZuSj,2024-05-30,CLAY,0.4749831592,0.1251615946,0.4787083952,0.2021398599,-0.02346906374
GMLOOVko,2024-05-30,CLAY,-1.116099107,0.1272882239,-1.116331869,0.1991991147,0.001519080499
WMaVOkUH,2024-05-30,CLAY,0.6040336699,0.1279497885,0.4318769684,0.194190164,1.178528922
CKkKhwU8,2024-05-30,CLAY,0.9018286787,0.1174476902,0.6148589166,0.15814919,2.70952887
dGRbvhID,2024-05-30,CLAY,0.5769483451,0.1355346544,0.563498737,0.2329205904,0.07100176375
2asEZy1s,2024-05-30,CLAY,-0.5788671939,0.1217652863,-0.4709710664,0.189934892,-0.7401878318
29lwl6UF,2024-05-30,CLAY,-1.009049195,0.1455658987,-0.8416954491,0.2614347117,-0.770645469
vuiqn4yK,2024-05-30,CLAY,0.2723066059,0.1255098254,0.3175007039,0.2104634333,-0.267509034
IiTOdbq2,2024-05-30,CLAY,-1.448979028,0.1296171021,-1.384505615,0.2072818274,-0.3985831559
8WzLzHWr,2024-05-30,CLAY,-0.3237684288,0.1339733792,-0.5637027834,0.2175075838,1.400262188
EBlKL1O7,2024-05-30,CLAY,2.106331845,0.1366752507,1.961630506,0.2392462618,0.736905233
QBsJbsLP,2024-05-30,CLAY,-0.8185721539,0.1259060891,-1.038232815,0.1904585518,1.537099247
dCoWquW1,2024-05-30,CLAY,-1.284119496,0.1365486136,-1.263216429,0.2233300777,-0.1182819479
CvfOrlFD,2024-05-30,CLAY,0.3891058454,0.1358674038,0.8013596735,0.2790314227,-1.691518115
CKuKDQ3s,2024-05-30,CLAY,-0.2863799128,0.1287223367,-0.5251493381,0.2124694821,1.412519342
hzamJntK,2024-05-30,CLAY,-0.6480803856,0.1379269748,-0.6782011642,0.2233557601,0.1714511786
6D9JIu6L,2024-05-30,CLAY,-0.1924473604,0.1247302357,-0.4154227514,0.2086165246,1.333408821
A9pfopT1,2024-05-31,CLAY,0.01382885708,0.1276900149,-0.04808508897,0.2109470214,0.3687320273
t2W5ju5s,2024-05-31,CLAY,0.4326271534,0.1141541076,0.3077636586,0.164676619,1.052016874
jJA0QzeC,2024-05-31,CLAY,1.702517535,0.1200746177,1.600781872,0.1949767883,0.6622703444
bRWcGDgn,2024-05-31,CLAY,0.7211323189,0.1217587134,0.8101034137,0.1804075747,-0.6683379738
4AMklASq,2024-05-31,CLAY,-1.890294802,0.1267557235,-2.038265556,0.1861335359,1.085596571
0UDWv37L,2024-05-31,CLAY,0.41636656,0.1247697137,0.5005175541,0.1867955274,-0.6053388053
A94H6IrB,2024-05-31,CLAY,-0.2723808086,0.118801007,-0.1693039187,0.1865601196,-0.7165897252
2HKElJZg,2024-05-31,CLAY,2.76039371,0.1219988804,2.628957648,0.1874916731,0.9231963611
dG9gffce,2024-06-01,CLAY,-0.4802478969,0.1292413036,-0.5315551775,0.1966233618,0.3462487588
zoTD7AWI,2024-06-01,CLAY,1.35826274,0.1241065392,1.267644203,0.1947966749,0.6035429602
AsOMnc46,2024-06-01,CLAY,-1.369701336,0.1220685505,-1.269317316,0.1954851487,-0.6574441535
8vZwImyR,2024-06-01,CLAY,-1.064947979,0.1210026966,-0.9373330009,0.1813952988,-0.9443224709
d4i7SZqI,2024-06-01,CLAY,1.0882887,0.1209368535,1.290288227,0.1875428304,-1.409225419
ro54tmjA,2024-06-01,CLAY,-0.8400751382,0.1264638637,-1.076084566,0.2327859631,1.207589412
AX6dr9Lc,2024-06-01,CLAY,0.9721422327,0.1294950071,0.9341158732,0.1957352162,0.2590767579
OGxg1gid,2024-06-01,CLAY,0.1713847627,0.1180726145,0.03963035848,0.1713366433,1.06118701
hrXBDPYG,2024-06-02,CLAY,-0.9719658965,0.1225896498,-0.8884538502,0.1729265189,-0.6847237655
nkfmbaKh,2024-06-02,CLAY,2.610988342,0.1178275628,2.4101571,0.1738355205,1.571323752
nPOVsFWI,2024-06-02,CLAY,1.544788972,0.1151418137,1.51181184,0.1739957027,0.2527976749
W2aCtO23,2024-06-02,CLAY,-0.6178337705,0.1197652858,-0.5763661118,0.179793523,-0.309236446
KMCKtMVi,2024-06-03,CLAY,-0.8658540527,0.120678338,-0.8895746478,0.1804875992,0.1767414589
bwkTpYR1,2024-06-03,CLAY,-1.038336013,0.1186754169,-0.9752560904,0.185759203,-0.441403068
pMcnRele,2024-06-03,CLAY,-1.083819222,0.120197617,-1.027153068,0.1724372275,-0.4583114966
UJ0Uw5cK,2024-06-03,CLAY,-1.214825804,0.1216001758,-1.253902902,0.1859482771,0.2777778803
AwEFlGp4,2024-06-04,CLAY,0.9154856455,0.1141068483,1.020664425,0.1727686314,-0.8107814106
KnvC2bld,2024-06-04,CLAY,1.999472842,0.1183731371,1.915390009,0.1641443834,0.739415028
pOb6Hm3n,2024-06-05,CLAY,-0.8762320703,0.1176182085,-0.9960969042,0.175996747,0.9155374049
4WV1lKJD,2024-06-05,CLAY,-0.9764067745,0.1185427614,-0.9231235425,0.1702352764,-0.4361085967
GzLYPSjf,2024-06-06,CLAY,1.401814198,0.1144366482,1.322613104,0.1621565351,0.6893832737
U3zvlZBj,2024-06-06,CLAY,-0.1199845534,0.1159043576,-0.07063372772,0.1650178351,-0.4201467953
2y9oTnKN,2024-06-08,GRASS,-1.661943041,0.2171315141,-1.550328223,0.9039214377,-0.1272028482
z3nSuQ3T,2024-06-08,GRASS,-0.1643608706,0.1628638422,0.2878518813,0.4208584366,-1.165290932
E9ZgfPIM,2024-06-08,GRASS,0.1653761079,0.1983649529,0.3201956678,0.7009284571,-0.2302924232
6qWodolA,2024-06-08,GRASS,0.5222939002,0.1826032735,0.7942298653,0.557906184,-0.5158344918
YeHUWUKb,2024-06-08,GRASS,-0.9416832148,0.1574100185,-0.9269707102,0.3274335565,-0.05124261268
SYnz5FWs,2024-06-08,GRASS,-1.14946759,0.2386751943,-2.300620945,1.197395816,0.9810681834
pUswb7Jc,2024-06-08,GRASS,1.192038059,0.2158929357,0.7371460306,0.7945853952,0.5948684177
bci3oUZi,2024-06-08,GRASS,-1.394520012,0.1988350464,-1.191322149,0.3904975927,-0.6046029502
4IKgVHqf,2024-06-08,GRASS,1.098937919,0.2116249332,2.297892761,0.6688267848,-1.889713924
YcCARZrJ,2024-06-08,GRASS,1.509232235,0.2219667854,0.06466737757,0.611028315,2.537503657
pCl71tQk,2024-06-08,GRASS,0.6094786447,0.1562959986,0.9922569528,0.5864059472,-0.6772519959
KndLAp33,2024-06-08,GRASS,0.4307645641,0.2081085356,0.3031805781,0.732798095,0.1815815382
SCaT8OXF,2024-06-08,GRASS,0.04744146746,0.1961348688,0.01619104003,0.6105612651,0.05404770647
69FxV8kB,2024-06-08,GRASS,1.220044604,0.2019428079,1.23713396,0.6535348799,-0.02749465049
UVpnRkml,2024-06-08,CLAY,2.187569859,0.1183379614,2.366767701,0.1606694708,-1.648895042
lSmx722S,2024-06-08,GRASS,-1.230111525,0.1950053518,-0.90460183,0.8900678362,-0.374819768
I1EGNQso,2024-06-08,GRASS,0.5915319292,0.1785702628,0.8659869711,0.3973889606,-0.7730954728
tvrGaKf2,2024-06-08,GRASS,0.8796021183,0.1798936734,-0.2959278953,0.9019361991,1.33006495
YXU1NNn9,2024-06-08,GRASS,-0.5379781653,0.2144381795,-0.927199103,0.6864926282,0.596835199
2klKsnZG,2024-06-08,GRASS,-2.453860637,0.2248720157,-1.984715242,0.9151419928,-0.5288626193
xUNLYjjn,2024-06-08,GRASS,1.907264585,0.2128245998,2.928188065,0.5959218971,-1.834139829
4vEYnsBd,2024-06-08,GRASS,1.066584134,0.1729909536,0.8348981198,0.8158204889,0.2905997024
CrO1TeE6,2024-06-08,GRASS,-1.577825043,0.2403274748,-1.959509667,1.33979223,0.2895803007
6NfBq844,2024-06-08,GRASS,0.8665711043,0.1824884571,0.7913752454,0.5103803818,0.1577622344
WQFQl3tp,2024-06-08,GRASS,-0.03962398149,0.1812968354,-1.097663731,0.6648565974,1.654064139
Mgs3t9Da,2024-06-09,GRASS,0.1022195146,0.1525020604,0.04242809351,0.3370265883,0.1989402997
AFi2x1BC,2024-06-09,GRASS,0.3308887644,0.1695346574,-0.4199577623,0.4418579157,1.840130947
zJKRtI7r,2024-06-09,GRASS,-0.2000401704,0.1610779331,-0.05507621089,0.5453263449,-0.2782449827
tC1G8p95,2024-06-09,GRASS,-0.03838451309,0.1812598858,0.1623007422,0.3272283431,-0.736623389
YeRn3fdn,2024-06-09,GRASS,-0.2583417751,0.1476515749,-0.0285327237,0.359373199,-0.7014067349
QaRtetcd,2024-06-09,GRASS,-0.1736190741,0.1918036784,-0.4742201762,0.5060985734,0.6418367871
n9xd66IO,2024-06-09,GRASS,0.7218527529,0.1796528363,0.003724755571,0.4857745117,1.591125717
vPA6ek46,2024-06-09,GRASS,1.885375197,0.177538137,2.532569047,0.4367436169,-1.621916473
80Az26qT,2024-06-09,GRASS,0.08691316915,0.165661265,0.6652747254,0.4666122109,-1.325864308
0EFTfCEl,2024-06-09,GRASS,-0.4305505878,0.1425760229,-0.2648292757,0.4113334269,-0.4295154172
0C2VK5XH,2024-06-09,GRASS,0.3416987824,0.1413618407,0.3257721913,0.2963896187,0.06113702005
z3ftZehS,2024-06-09,GRASS,-1.029748106,0.1581059855,-1.534336081,0.4491097693,1.20037257
S0grmn0B,2024-06-10,GRASS,0.125610582,0.1361931983,0.09286493316,0.2844182894,0.1311451312
t4JH1oF4,2024-06-10,GRASS,0.7165184934,0.1574019032,0.5665504819,0.3915484072,0.4183003969
tU2BYrie,2024-06-10,GRASS,1.731869282,0.1300008965,1.856652083,0.2715863003,-0.5233058144
xddKWML7,2024-06-10,GRASS,0.2644834026,0.1383110687,0.5169321416,0.3043337687,-0.9312403123
zRdjoQUN,2024-06-10,GRASS,-0.2827874524,0.1286351376,-0.01327733057,0.2749209281,-1.109231181
nkt4tnPj,2024-06-10,GRASS,-0.25276704,0.1479033759,-0.2649936402,0.3001505955,0.04681293378
AqBYc3ET,2024-06-10,GRASS,-0.9760219428,0.1247783632,-0.8002879157,0.3097153376,-0.6199436914
KbYMu4ho,2024-06-10,GRASS,-1.062104906,0.1535341383,-0.9724207955,0.3224408923,-0.316300526
2H4Xo81T,2024-06-10,GRASS,-0.508188056,0.1539231252,-0.728140793,0.3828029687,0.6275513119
hnTk4kHc,2024-06-10,GRASS,-0.6330422379,0.1575463561,-0.884155027,0.3853539325,0.7140435717
23oHrLrp,2024-06-11,GRASS,-0.07774811924,0.1539857686,-0.248535507,0.2708723231,0.7663930723
CY6xj3jA,2024-06-11,GRASS,1.432239278,0.1290751629,1.473066385,0.3036681387,-0.1485320074
OCK1q05D,2024-06-11,GRASS,0.2538034399,0.1314729332,0.8345714895,0.3879039182,-1.591388338
n5Q837ph,2024-06-11,GRASS,0.7958134321,0.1570230246,0.5092240719,0.3240467693,1.011036676
tS14hsxi,2024-06-11,GRASS,0.881442506,0.1326157234,0.9233284443,0.2827054737,-0.1677647377
t4JKaLkf,2024-06-11,GRASS,-0.6662486174,0.1292621215,-0.2977512222,0.2768432984,-1.505218491
Igx1hPic,2024-06-11,GRASS,-0.8467115844,0.149671044,-0.9554821332,0.4524316689,0.2547571203
feyD8kjg,2024-06-11,GRASS,1.718527201,0.1594649555,1.662512071,0.3193876759,0.2024180893
fXSpmr6l,2024-06-11,GRASS,0.1483456705,0.1374351598,0.9298055236,0.3192503782,-2.711957791
lEMb2ToA,2024-06-11,GRASS,-0.03534349415,0.1406060956,-0.08250867444,0.3189728119,0.164734494
OzTT47kI,2024-06-11,GRASS,-0.3111119564,0.1767498994,-0.4752031285,0.5125343392,0.3410796116
MmOsk8Vb,2024-06-11,GRASS,0.501951281,0.1403175737,0.6523397913,0.3259298194,-0.5112144681
2Zm6fQDE,2024-06-11,GRASS,-1.367188879,0.1537362416,-1.311905214,0.3511529662,-0.1751083325
IeyXHIvR,2024-06-11,GRASS,-1.636975834,0.1569672153,-1.879255032,0.3758884368,0.7093611646
l6vt73cK,2024-06-11,GRASS,0.6927005896,0.1494445943,1.079296691,0.393376061,-1.062417887
EHHPaPqH,2024-06-11,GRASS,1.29786631,0.1247148928,1.044769498,0.2349588853,1.271027126
bVvQtaDd,2024-06-11,GRASS,0.05542909132,0.1246462202,-0.3962704656,0.2716423269,1.871504983
4Az9j3M9,2024-06-11,GRASS,0.3288621182,0.1536728695,0.05042106014,0.4599949836,0.6422105168
KlVB1sLs,2024-06-12,GRASS,-0.9355401571,0.1544243733,-1.677618022,0.3543455288,2.326801822
jaMgoMz1,2024-06-12,GRASS,0.2054849434,0.1374714259,0.3402873027,0.2929961769,-0.5209877357
OlxFh4rR,2024-06-12,GRASS,-1.107383369,0.1537703891,-1.331543363,0.3224958597,0.7907566997
tQSZDyEU,2024-06-12,GRASS,0.2390912118,0.1499372458,0.07574739628,0.2859899689,0.67072128
AHfc7SOQ,2024-06-12,GRASS,0.333667525,0.1269534675,0.054481133,0.2754519544,1.142092607
fVgG8xrS,2024-06-12,GRASS,0.6485162213,0.1217650902,0.6996850569,0.2407619355,-0.2463585371
6XaolsLM,2024-06-12,GRASS,0.1341996888,0.1344627378,0.5258341575,0.2940534788,-1.497591725
n50dP0Np,2024-06-12,GRASS,-0.2272946425,0.1218806817,-0.2626351871,0.2403059762,0.1706415459
vk0I9FoI,2024-06-12,GRASS,1.954339018,0.1437978764,1.700908622,0.2900054151,1.006299824
IH6G7g33,2024-06-12,GRASS,-0.998355778,0.1390839348,-0.7567575337,0.2749619677,-1.018579433
d4ZjDFom,2024-06-12,GRASS,-0.725644432,0.1357396497,-0.4114180059,0.2776549522,-1.297315753
dKyk7Qv3,2024-06-13,GRASS,-0.9784316457,0.1217475269,-1.219308071,0.2402595535,1.16293262
vy3AlnGN,2024-06-13,GRASS,-1.055368688,0.1295901245,-1.335391288,0.2608841734,1.236728405
djbVgCk3,2024-06-13,GRASS,0.3263060047,0.1313367858,0.2840945215,0.2374092353,0.2134350019
00vuFVve,2024-06-13,GRASS,0.9905054136,0.1442537534,0.4673421964,0.3310930998,1.755487415
E9qJxV96,2024-06-13,GRASS,1.864399998,0.1317651869,1.899699961,0.2598491918,-0.1576149768
IHWR8wG7,2024-06-13,GRASS,-1.208504515,0.1711305706,-1.016167669,0.2976998135,-0.7895697901
tCBrqo0c,2024-06-13,GRASS,0.1077131418,0.1302410725,0.04399665785,0.2573420899,0.2870746458
bTmOs4vC,2024-06-14,GRASS,-0.3434969671,0.1312536737,-0.3391824583,0.2127309872,-0.02577172418
p84fYQt3,2024-06-14,GRASS,-0.9181757556,0.1172616223,-0.6917151328,0.2121436701,-1.280959464
4demKq5F,2024-06-14,GRASS,-0.8132687189,0.1553389657,-0.8193620551,0.3326269406,0.02071670882
EPPQeQTQ,2024-06-14,GRASS,1.7350575,0.1305517038,1.538372606,0.2457253458,0.9448015343
QJs3ZQT1,2024-06-14,GRASS,-0.5884651619,0.1178407353,-0.5487385181,0.2212745924,-0.2121176498
l8eHNni3,2024-06-14,GRASS,0.8587866908,0.1237973407,0.9797939897,0.2257330755,-0.6410705861
fLnYiykD,2024-06-15,GRASS,-0.7024395175,0.1259066106,-0.6382487253,0.2212533266,-0.3528215188
0hYMmmUH,2024-06-15,GRASS,0.8497226659,0.1323412906,0.9110229841,0.281948436,-0.2462263226
fZgvwWFa,2024-06-15,GRASS,-1.602339038,0.221780766,-1.265173042,0.5493920347,-0.6707929673
SnhnyApC,2024-06-15,GRASS,-0.6709993906,0.1692632912,0.2205366124,0.3832769348,-2.592604109
2acE9S1b,2024-06-15,GRASS,-1.791062206,0.1609510442,-1.922193784,0.3791359754,0.3819997161
M9DmORGi,2024-06-15,GRASS,0.549290182,0.1527674192,0.9953762756,0.2645371555,-2.065522826
OEoN76WA,2024-06-15,GRASS,-0.174569699,0.1477815737,-0.1681805535,0.3486538964,-0.02023258273
UFQ10OOp,2024-06-15,GRASS,0.5576272208,0.1523658746,1.270761101,0.3203093054,-2.531093335
bTy6iVUh,2024-06-15,GRASS,1.909546591,0.1732507337,1.606852554,0.5167820095,0.6217071683
l2rlL6LO,2024-06-15,GRASS,0.6617289111,0.116901656,0.6059683799,0.2113657701,0.3166500634
OYotKxl4,2024-06-15,GRASS,0.4577550242,0.1357673338,0.6338960548,0.2413089946,-0.882945579
tz4hqhKr,2024-06-15,GRASS,-0.720611848,0.1195077653,-0.5425033004,0.1948794213,-1.157039844
CCVSqvTq,2024-06-15,GRASS,3.100844121,0.2495312566,2.75426144,0.873223497,0.4141705699
b70Vvhom,2024-06-15,GRASS,0.7431347315,0.1411394338,0.727083742,0.3551820125,0.049245914
Kd5m48Eb,2024-06-15,GRASS,-0.3354462847,0.1632217801,-0.1069232104,0.3088606359,-0.8715303525
Y5WUoRbU,2024-06-15,GRASS,-0.4236120635,0.1352463968,-0.4757063885,0.1966256362,0.3650012367
Euxb7xLU,2024-06-15,GRASS,-0.3003507301,0.1672569652,0.01177420655,0.3222266423,-1.133276876
tCgd2nqB,2024-06-15,GRASS,-0.07314325954,0.1451155119,0.1707039298,0.2544735738,-1.166502148
0IVsBKL5,2024-06-15,GRASS,-0.8456975543,0.152282724,-1.053510989,0.3042893738,0.7888376725
nk8mZmFO,2024-06-15,GRASS,0.4116330145,0.1558687205,0.3665313512,0.2647582723,0.2107418962
tSwj9bjI,2024-06-15,GRASS,1.777928934,0.1702900941,1.548214247,0.5722836468,0.4204452258
xEmcgi0t,2024-06-15,GRASS,2.08290553,0.2143804115,2.058815137,0.5759063383,0.04506940296
WxvRE2Mt,2024-06-15,GRASS,0.3050668717,0.1464328229,0.1273187898,0.269025058,0.7876076766
fZg6BlXo,2024-06-15,GRASS,-1.70770854,0.2165736125,-2.687983195,0.6811574563,1.517898021
AVqV5p1N,2024-06-15,GRASS,-1.604739166,0.2012851317,-2.03522941,0.8761522298,0.5048451289
Uwu2iS2k,2024-06-16,GRASS,-0.08604485426,0.1101247366,-0.06459461376,0.1886816539,-0.1400054716
zTTyeyTN,2024-06-16,GRASS,-0.4974037832,0.1357361932,-0.2513797028,0.2362610653,-1.272245674
OjXdDw0k,2024-06-16,GRASS,0.03897840269,0.1830358056,0.3083852659,0.3659934445,-0.8500327147
nwvGJZNE,2024-06-16,GRASS,1.52322869,0.1494807582,1.343711413,0.2375063074,0.972643427
4tidwtx2,2024-06-16,GRASS,0.6069622632,0.119551933,0.2862271106,0.1972071469,2.045016021
QB3wTbIP,2024-06-16,GRASS,-0.09752225149,0.1247642427,-0.00873716145,0.2011387104,-0.5627581501
YcvUQjVs,2024-06-16,GRASS,-1.039768252,0.1524176029,-1.320880905,0.2724648859,1.244714674
EDccWC7K,2024-06-16,GRASS,1.210401839,0.1336032371,1.488856976,0.2785373173,-1.13932414
Yg4t6VB5,2024-06-16,GRASS,0.5450648211,0.1309464819,0.5164449531,0.2339961018,0.1475815807
jmxfE8MF,2024-06-16,GRASS,0.233915161,0.1279010157,0.5312069449,0.2203143967,-1.657263184
4I89npFF,2024-06-16,GRASS,-0.2579317787,0.1294336489,-0.3381048331,0.219883015,0.4510409919
GULY6QEk,2024-06-16,GRASS,-0.2530699793,0.1217196855,0.1019658869,0.2643917463,-1.512677792
tl9y3td3,2024-06-16,GRASS,-0.08665532314,0.1189041424,0.2082115688,0.2411028586,-1.405844277
r15SbruJ,2024-06-16,GRASS,-0.8852412189,0.1761571623,-0.5892556279,0.3750335484,-0.8939804364
KS32zVNr,2024-06-16,GRASS,-0.532443729,0.1122114104,-0.6379135108,0.1857371584,0.712586631
dls8LPTr,2024-06-16,GRASS,0.01388959113,0.1469026777,-0.3910759724,0.3320508691,1.359914675
MHHlO4Sr,2024-06-16,GRASS,-0.2114864557,0.1152221208,-0.2710139706,0.2059401575,0.3487455432
SWq3GZyI,2024-06-17,GRASS,-0.0969902137,0.1308552463,-0.09191233169,0.2584675735,-0.02278144992
jZQm0Jdc,2024-06-17,GRASS,0.2734445005,0.1275381764,0.4102044555,0.2042832992,-0.8570009661
Ewu6zP3U,2024-06-17,GRASS,-0.5304046798,0.1283918903,-0.4086122461,0.2501930422,-0.5671696047
OQ5Aq2to,2024-06-17,GRASS,-0.163030004,0.1346684465,-0.5408735661,0.271272249,1.604535525
fBFvkOIN,2024-06-17,GRASS,0.8913000851,0.1305216939,1.346917986,0.2660126182,-1.965645922
nJVWaA2E,2024-06-17,GRASS,-1.386425787,0.1334215646,-1.475477663,0.2420121847,0.4410423173
lEU2KQLU,2024-06-17,GRASS,0.790024942,0.125168413,0.8121490284,0.2384835245,-0.1089879485
bqMVjplB,2024-06-17,GRASS,-0.5677978751,0.1435038528,-0.8690819534,0.2677253886,1.333017159
GIeYsk5t,2024-06-17,GRASS,0.1964641912,0.128955919,-0.4465764179,0.3076201888,2.302446584
6Nhpx7A7,2024-06-17,GRASS,1.279450286,0.1471841809,0.9878853628,0.232182133,1.623684564
SvnBOxYo,2024-06-17,GRASS,0.1493249053,0.1227335355,0.2482582055,0.2089618927,-0.5849889969
pbmkv745,2024-06-17,GRASS,0.7795623115,0.1316672193,0.1577656359,0.2763967821,2.558619048
WrZebcR9,2024-06-17,GRASS,0.03893713465,0.1221707351,0.01580275073,0.2593715976,0.1011132693
WIVSWfMb,2024-06-18,GRASS,0.2604445356,0.1372765398,-0.01243090359,0.2465770293,1.3322036
b5XKYGin,2024-06-18,GRASS,0.6224980737,0.11652474,0.7498994444,0.2219975191,-0.6742334435
KYxnO8M5,2024-06-18,GRASS,-0.6908822085,0.1215483381,-0.8685487478,0.256497003,0.7865917764
QVNNh6Jb,2024-06-18,GRASS,-0.07951545366,0.1364866451,0.1261276557,0.3276329846,-0.6904245102
zcmBED6U,2024-06-18,GRASS,-0.05393600088,0.1256896281,0.3025510868,0.2328257962,-1.818954464
zBSqTCLN,2024-06-18,GRASS,0.02586907587,0.1417302362,0.3113547189,0.3128342378,-1.023661675
0hpJMG2b,2024-06-18,GRASS,-0.453548129,0.1351826774,-0.2075217973,0.2737595607,-1.033487461
U3UEfSln,2024-06-18,GRASS,-0.6429333359,0.1399815832,-0.5846985989,0.2541114803,-0.2745889206
bckxvTue,2024-06-18,GRASS,-0.3032254937,0.1142083361,-0.08751037243,0.1821740843,-1.519880063
tlRfMniI,2024-06-18,GRASS,1.295614721,0.148780027,1.45778961,0.2766204629,-0.6954253121
SpPyVYjB,2024-06-18,GRASS,-0.1322551912,0.1379534194,0.2789513339,0.2727854773,-1.747352396
dKwSKfXA,2024-06-18,GRASS,1.080407054,0.1201551527,0.8519379572,0.2036728024,1.389252428
hOjcxoZH,2024-06-18,GRASS,0.6414607551,0.1310197482,0.4366053308,0.2622682078,0.9016646368
lWgttTZh,2024-06-18,GRASS,0.6062216678,0.1193031335,0.3645313159,0.2374483454,1.177249081
QBXchmgD,2024-06-19,GRASS,0.5250927888,0.1325004945,0.3976976712,0.2544359852,0.5864998165
vuqbbZme,2024-06-19,GRASS,1.903007553,0.1360769401,1.795013212,0.2175469203,0.6362552995
2VeTukBr,2024-06-19,GRASS,-0.9689745802,0.1207304022,-1.030208364,0.2082502237,0.3608716152
h6ZSnOTP,2024-06-19,GRASS,-0.06217350429,0.1335418825,-0.4504009931,0.2402521552,1.943868951
bLaWyWI0,2024-06-19,GRASS,0.8757782899,0.1134626535,1.017283208,0.2160898435,-0.7694457625
S2beQ3Hl,2024-06-19,GRASS,0.8765958465,0.1272720277,0.9093387646,0.2340870218,-0.1666601636
EubWDaVi,2024-06-20,GRASS,-1.317680598,0.1267970662,-1.496765832,0.2142296454,1.037119824
lEM8qQHa,2024-06-20,GRASS,-0.2905638133,0.1188008903,-0.3739730691,0.2329168063,0.4163360578
KnCYH94j,2024-06-20,GRASS,-0.1000165044,0.1313657524,-0.2551589188,0.2213810906,0.8706442163
OdxRmeLM,2024-06-20,GRASS,-0.2266598143,0.1227696856,-0.236766522,0.2437145618,0.04800520317
SCDC4D9a,2024-06-20,GRASS,1.077839184,0.1187186159,1.392159629,0.2074578139,-1.84751764
C2zQLclR,2024-06-20,GRASS,0.5207380674,0.1124474135,0.4908076418,0.2232965272,0.1551467523
dtqkMofo,2024-06-20,GRASS,-0.5950461497,0.1186586379,-0.8021198452,0.2373376162,1.007431023
8EVuuMgM,2024-06-20,GRASS,-0.6660236508,0.1239604766,-0.4468292712,0.2278669707,-1.146418563
EyGmym7k,2024-06-20,GRASS,-0.983738131,0.1230200644,-1.208203963,0.2108200471,1.311093815
MgJgmsXq,2024-06-20,GRASS,-1.279237432,0.1355837563,-1.270605916,0.2353395103,-0.04487206361
SlL3Lpgt,2024-06-21,GRASS,-0.1272524463,0.1226974027,-0.2168193895,0.2138329101,0.5114366537
UyfIocZ8,2024-06-21,GRASS,0.1326076908,0.1195110224,0.112459595,0.2089162927,0.1175798255
rFfl6wZr,2024-06-21,GRASS,0.9822218737,0.1168501397,0.8507788013,0.1963601643,0.8329304466
f5AWIyxR,2024-06-21,GRASS,0.5642877931,0.1183281905,0.6920595608,0.2276667319,-0.656921389
tAMgaUG6,2024-06-22,GRASS,-0.1179944157,0.1406843968,-0.6846365863,0.3383566608,1.841406431
82Z68YgK,2024-06-22,GRASS,-0.05026834706,0.1221322336,0.01904040487,0.2040702937,-0.4239372505
h2w2R1Ik,2024-06-22,GRASS,-0.3796526058,0.1242648861,-0.3387165355,0.189199822,-0.2869277917
CUUx3CHs,2024-06-22,GRASS,2.311428132,0.2332411926,2.166910315,0.8930465514,0.1676443009
8Q3x08BG,2024-06-22,GRASS,0.6732327376,0.1177159131,0.7302012596,0.1873403006,-0.3908987854
CfhtG2kg,2024-06-22,GRASS,-0.8814688843,0.1740652386,-1.212612162,0.5876815132,0.5899454125
ERdVgCYj,2024-06-22,GRASS,0.7507306337,0.1316249665,0.7366459937,0.2410183094,0.06975954836
Y9tkEtK5,2024-06-22,GRASS,0.1638973902,0.142312028,0.5308256766,0.2973069731,-1.405672659
prTp1jnf,2024-06-22,GRASS,0.8592769999,0.1290916035,0.4553589969,0.228912785,2.136671131
jBf5O5gl,2024-06-22,GRASS,-0.4878125588,0.1229258849,-0.4445327743,0.1977669626,-0.2793639976
MZM2nzPQ,2024-06-22,GRASS,0.3153540693,0.1133096031,0.2599669306,0.204970754,0.3242734253
KrYS8orQ,2024-06-22,GRASS,-0.4005601917,0.149975434,-0.2480520823,0.3337451372,-0.5115153864
2mwQFgeA,2024-06-22,GRASS,2.035119713,0.1605679709,1.807467427,0.2677261599,1.062645169
6LqHHFQc,2024-06-22,GRASS,-0.3978540722,0.1361109482,-0.5246156931,0.2363106315,0.6562014572
UwmlxnUN,2024-06-22,GRASS,0.4633723657,0.1341287998,0.5148878441,0.2289209062,-0.277695349
4G9a3P5m,2024-06-22,GRASS,0.2947162506,0.1288123505,0.2485456652,0.2006862693,0.3000218736
CtD713z0,2024-06-22,GRASS,1.419304334,0.1757309291,2.222403301,0.5940822914,-1.415160802
Q3JNcLZO,2024-06-22,GRASS,0.3666033793,0.1280889661,0.3988026866,0.239890412,-0.1587490294
4UlYHOKt,2024-06-22,GRASS,-2.251002938,0.1710038942,-2.314453084,0.3014207463,0.2556227469
KQvcCKlI,2024-06-22,GRASS,0.2597572361,0.1154899713,0.1640223466,0.1781437971,0.7058191601
zoTlCqhB,2024-06-22,GRASS,-0.6044167189,0.1339621092,-0.5255103312,0.2316294164,-0.4175798127
6ZpttbI6,2024-06-23,GRASS,0.8180920955,0.1392752893,0.6471734446,0.2433642439,0.8564306745
KInYsKmf,2024-06-23,GRASS,0.06984696059,0.1273650021,0.1540585825,0.2214739636,-0.4647763772
x0bvHHW9,2024-06-23,GRASS,0.7624869013,0.1166030431,0.8414049685,0.1902570236,-0.524938156
KEEdmqu9,2024-06-23,GRASS,-0.8921559733,0.145338499,-0.4724245178,0.2712524278,-1.832650823
n3onfihg,2024-06-23,GRASS,1.488271273,0.1427894839,1.31203788,0.2488579497,0.8646640777
nyN7g2Hl,2024-06-23,GRASS,1.510934817,0.1772088799,1.583626007,0.2890360306,-0.3183472452
pKMUeL8a,2024-06-23,GRASS,0.4596179777,0.1195941269,0.2717881487,0.2022341788,1.151747168
6DRpKsqJ,2024-06-23,GRASS,0.4308076505,0.1189271908,0.3368785469,0.1804291287,0.6922477649
ShoEWuxe,2024-06-23,GRASS,-1.420735532,0.174171322,-2.032725055,0.317269446,2.30776417
hGdhRPrI,2024-06-23,GRASS,0.313937539,0.1230125385,0.4806520909,0.1999781041,-1.057378088
lhRgPWhJ,2024-06-23,GRASS,-1.111701396,0.1250658575,-0.819496401,0.2383544722,-1.440090857
dQfWLbsJ,2024-06-23,GRASS,-0.02189086848,0.1319772422,-0.2043867074,0.2408341787,0.9059001016
Sp3FPtrf,2024-06-23,GRASS,0.9302070536,0.1186020365,0.9469172587,0.1868469938,-0.1157383058
zB6NNKC6,2024-06-23,GRASS,1.230019606,0.1437761777,0.7379253124,0.2952305375,1.908410764
EPkmf4SQ,2024-06-24,GRASS,1.003651605,0.1289749134,1.236779809,0.2216519413,-1.293260998
IVcpBAQG,2024-06-24,GRASS,-0.6795722327,0.1423806674,-0.6244004924,0.2629268065,-0.2496018068
UTku6OrK,2024-06-24,GRASS,-0.1160686402,0.1398594528,0.0749346007,0.2171255975,-1.150061593
dblLuhw0,2024-06-24,GRASS,-1.194634004,0.128264286,-0.5816129966,0.2110809823,-3.656752003
fBZJbtyf,2024-06-24,GRASS,-0.3326485824,0.1386210846,-0.6157825039,0.2683390329,1.232298567
EqY29QU0,2024-06-24,GRASS,-0.6262432905,0.1250237341,-0.6576415029,0.2112901173,0.1843366752
reOoRhO6,2024-06-24,GRASS,1.050476622,0.1289509329,0.8157945792,0.2079092025,1.43898491
CdB6FAaC,2024-06-24,GRASS,-1.90665167,0.1325305542,-2.080255988,0.2260718529,0.947877521
nTUxTEgf,2024-06-24,GRASS,0.5927535627,0.1230094865,0.3061204685,0.2099663207,1.684488815
Um4tmzoQ,2024-06-24,GRASS,0.2793477801,0.1334121001,0.5985326804,0.2322447093,-1.679018088
SOXRdK56,2024-06-24,GRASS,0.9744943217,0.1245166339,1.176776568,0.2176948143,-1.132800386
YRimFe1M,2024-06-24,GRASS,-0.5618282536,0.1277035238,-0.5908930428,0.204635123,0.1817709068
QPWR7Dgd,2024-06-24,GRASS,0.2135929323,0.1124206626,0.213085975,0.1953077768,0.003174271442
OjRzebzJ,2024-06-25,GRASS,0.1594938153,0.1217510775,0.2954886557,0.190447848,-0.9286211468
8rmER2Ds,2024-06-25,GRASS,-0.6538708193,0.1249702825,-0.5973116432,0.1881341976,-0.4021831884
IHvfBn0l,2024-06-25,GRASS,-1.45240538,0.1441676048,-1.750647815,0.2823560157,1.228463003
xSQCrxs1,2024-06-25,GRASS,0.78064009,0.1218767716,0.9332882603,0.1986312996,-0.9732403697
UcwJ9ZOq,2024-06-25,GRASS,-0.7948170758,0.1262425135,-0.3744710228,0.2360502148,-2.107466914
0WfCsE8m,2024-06-25,GRASS,-0.4453567323,0.1337673154,-0.3459964595,0.284509244,-0.3956981117
0CtB026s,2024-06-25,GRASS,0.9539823118,0.1213796289,0.7644991939,0.2036722621,1.1585471
Qe1h9leT,2024-06-25,GRASS,0.1856029508,0.1147386597,0.3267640754,0.17023966,-1.122428779
CICMTfGF,2024-06-25,GRASS,0.4824188615,0.1176860978,0.5866348352,0.2193191085,-0.5631169373
WW2j2IEU,2024-06-25,GRASS,-0.6393458488,0.1209068408,-0.5120743051,0.2068888559,-0.7580989207
CC9wBAo3,2024-06-26,GRASS,0.1893907282,0.1176084794,-0.0841421159,0.2077845469,1.596833792
IXfhlBXj,2024-06-26,GRASS,0.4226252475,0.1452819059,1.015970234,0.5001092845,-1.23990154
jVhPitKE,2024-06-26,GRASS,1.29796523,0.1289424686,1.213678777,0.2279687516,0.4483347866
MyrhnE5d,2024-06-26,GRASS,0.1211669245,0.116495892,0.3418867519,0.1929840253,-1.43459093
8niAurNq,2024-06-26,GRASS,-0.1341809096,0.114681096,-0.05044732507,0.1719206864,-0.65375042
j1DyibVs,2024-06-26,GRASS,-0.7195446588,0.1190618993,-0.6177417636,0.1857387974,-0.7141089195
AeR9UKon,2024-06-26,GRASS,0.2464728728,0.1250431217,0.3503164746,0.197079961,-0.6816971764
0tGMh2m3,2024-06-26,GRASS,1.022659383,0.1427688551,1.161343874,0.2865173729,-0.5582808484
Ee6R2V3s,2024-06-26,GRASS,-0.2396541703,0.1151182955,-0.4477281049,0.1928632619,1.344680739
UidjcRXI,2024-06-26,GRASS,0.19630459,0.1290273399,0.186607387,0.2148362793,0.05645301029
trx5kEig,2024-06-26,GRASS,0.7728447031,0.1221252867,0.7738593095,0.1995984679,-0.006426586354
U59Xo5lR,2024-06-27,GRASS,0.3776456407,0.113910488,0.4137964711,0.1903890341,-0.2369724346
UT3Ip9Gd,2024-06-27,GRASS,-0.8316041668,0.1113711689,-0.6644231921,0.1705349363,-1.294513851
Gby0a36T,2024-06-27,GRASS,0.6684543977,0.1779867659,0.7750470586,0.3672112234,-0.3318650723
d6GWi7e5,2024-06-27,GRASS,1.07514558,0.1660132989,1.03856877,0.307806621,0.1411143818
pMRT33uP,2024-06-27,GRASS,-1.329365226,0.1980701456,-1.917648677,0.9029807212,0.6677531217
4hmTzuoQ,2024-06-27,GRASS,-0.5594574962,0.1894259649,-1.070246466,0.9533617218,0.5466763866
l2bC92nR,2024-06-27,GRASS,0.06099239678,0.1546426496,0.01059705194,0.3898116596,0.1408379374
AucHlnhB,2024-06-27,GRASS,1.712081366,0.2153939907,1.943926219,0.6379115695,-0.3861204291
fiosmZG6,2024-06-27,GRASS,0.2172774652,0.1162908934,0.4569727656,0.2261807526,-1.235572974
thBGib1M,2024-06-27,GRASS,0.5298734762,0.1688811618,0.1104165111,0.3370290028,1.438152895
hQyPIz0L,2024-06-27,GRASS,0.6794796999,0.1509007452,0.6308132282,0.3071562864,0.1819082395
SYUUdP2L,2024-06-27,GRASS,-0.4869593,0.1710490032,0.1632420023,0.463434103,-1.509594084
0OYbVI8m,2024-06-27,GRASS,-0.4741736048,0.1505342058,-0.1564035263,0.4078407631,-0.8383485231
61mj2Kv1,2024-06-27,GRASS,0.7997396217,0.1747726017,1.139959828,0.3619259633,-1.073485223
SM0idGmp,2024-06-27,GRASS,-0.1838274759,0.1546435053,0.2115310101,0.3862408353,-1.117048647
2Tta0b9D,2024-06-27,GRASS,0.1093238445,0.1450392422,0.6569978269,0.3020606729,-2.066999403
AsKY7Jo3,2024-06-27,GRASS,-0.5990182876,0.1448065922,-0.4239140771,0.251931743,-0.8493736478
CGBnosMa,2024-06-27,GRASS,1.326335343,0.2087773371,1.502438815,0.8858945723,-0.204547416
KAYYx4Bk,2024-06-27,GRASS,-0.3590547563,0.1528963835,-0.5656932596,0.3149724099,0.7503948033
h8xDfk1M,2024-06-27,GRASS,-0.8695005796,0.1265612741,-1.137633575,0.2109278178,1.589041578
lOB1eCRG,2024-06-27,GRASS,-0.1793482651,0.1110976814,-0.01104010939,0.1824186622,-1.163269559
Y9vrFcdK,2024-06-27,GRASS,-0.05407022783,0.1213582935,0.03698470876,0.2024549279,-0.5618945143
27FizHoC,2024-06-28,GRASS,-0.8261111742,0.12071925,-0.7793623956,0.1994453824,-0.2944585251
jsNulwBm,2024-06-28,GRASS,-0.5394181076,0.1086384562,-0.7687611694,0.1911295342,1.458443094
Esgby0Rs,2024-06-28,GRASS,-0.1427254733,0.1132407606,-0.4813153201,0.1979003709,2.086205495
trGYI48F,2024-06-28,GRASS,-0.8524185954,0.1127830156,-0.780337776,0.1762336531,-0.5322801546
r7MM9UN9,2024-06-29,GRASS,-0.1114086659,0.1094857503,-0.009717476698,0.1581032289,-0.8915649743
nZ7iuWbc,2024-06-29,GRASS,-0.340457214,0.1045137382,-0.4730723763,0.1596757163,1.098539118
IiaqNdrK,2024-07-01,GRASS,0.2934711193,0.1536399118,0.477074865,0.2757816074,-0.8016922082
S8qNkCbs,2024-07-01,GRASS,-0.635604057,0.1521304203,-0.8413178075,0.2611514048,0.9691368764
rsHY7BKP,2024-07-01,GRASS,-1.598341549,0.1451150513,-1.893134535,0.2617336799,1.353370478
W6kMb7sC,2024-07-01,GRASS,0.03994001924,0.162116413,0.5805266374,0.3261116051,-1.910461911
fyVIbnQE,2024-07-01,GRASS,0.2014482241,0.1450214421,0.1107217304,0.2245139791,0.5293499927
jmUnp8SI,2024-07-01,GRASS,0.7767152188,0.1448891838,0.5938368969,0.235907938,0.9823131459
Amkuzj8t,2024-07-01,GRASS,0.05420852071,0.1613062954,0.2307017687,0.3261985296,-0.6224988235
E7WGvRYr,2024-07-01,GRASS,1.116939367,0.1633699972,0.9814220226,0.3591290724,0.4237319096
UN2zV1mR,2024-07-01,GRASS,2.320560974,0.1633026488,2.020240504,0.3120132029,1.129595334
nuopKpZ8,2024-07-01,GRASS,-1.085639225,0.1392091569,-1.244753241,0.2160278691,0.963198534
4IEW6gB5,2024-07-01,GRASS,-0.4749152601,0.1329462402,-0.3455421961,0.2004026869,-0.8627453016
Qqg9rzzH,2024-07-01,GRASS,0.9583134681,0.1302960895,0.301044671,0.2133910214,3.889324009
GjJRdQfR,2024-07-01,GRASS,-0.223293069,0.1610523632,-0.2617855147,0.3009308624,0.1514212827
nLUOx53e,2024-07-01,GRASS,0.2326164089,0.125952433,0.4075451958,0.1811760363,-1.343194412
hfwlyhSj,2024-07-01,GRASS,-2.414677814,0.1599505991,-1.931219131,0.272748927,-2.188340127
YkGzaeKc,2024-07-01,GRASS,1.249612138,0.1349325712,1.219268517,0.2102852561,0.1881357966
nZ9ci4Il,2024-07-01,GRASS,-0.162516282,0.1484598094,0.1054537679,0.2364378822,-1.456217955
rHiVDh56,2024-07-01,GRASS,-0.03272796128,0.1478052267,-0.3231927789,0.2492143699,1.447601444
UVIl1FL0,2024-07-01,GRASS,1.311708897,0.1372573259,1.255685631,0.2537081153,0.2625596722
WxYPZZRP,2024-07-01,GRASS,0.671822674,0.1370258389,0.379879522,0.2154933507,1.755342914
xtOIj9b4,2024-07-01,GRASS,0.2477142033,0.1541285943,-0.001153788983,0.2902374589,1.011941488
8GtM30lf,2024-07-01,GRASS,-1.767444729,0.1488537773,-1.564442034,0.2627714317,-0.9374655222
dQhieYzK,2024-07-01,GRASS,0.2060708229,0.1596066269,0.4999606578,0.2886010855,-1.222248113
fyX7MhQc,2024-07-01,GRASS,-0.5955903041,0.1523660033,-0.6078214276,0.2757469309,0.05321856533
6q8cdss2,2024-07-01,GRASS,-0.1662931926,0.1471748419,-0.2930452733,0.245034627,0.6469845817
vqovCWZI,2024-07-01,GRASS,0.05796500061,0.1542752512,0.1019538827,0.2793609982,-0.1888757588
Ai1D0TCa,2024-07-01,GRASS,-1.103483589,0.1716442347,-0.4268850217,0.3545634806,-2.180834791
K6ErcZlA,2024-07-01,GRASS,0.8827909533,0.1426359321,0.6210407339,0.2405531177,1.351297733
lzjFHz6s,2024-07-01,GRASS,-2.443949712,0.1284189036,-2.393528948,0.194684292,-0.3445842476
2Rc52krm,2024-07-01,GRASS,0.03374063248,0.1395009181,-0.2151554397,0.2833604203,1.009136179
jNEdUDkm,2024-07-01,GRASS,-2.12631763,0.1836862121,-1.648996308,0.4518190382,-1.156315297
rmOXzqY7,2024-07-01,GRASS,-1.259451391,0.1675561436,-1.239537062,0.292793927,-0.0829380639
bJ4kb3Ck,2024-07-02,GRASS,0.4104852717,0.1577752368,0.1887047022,0.2323954869,1.299773878
buz6LhQb,2024-07-02,GRASS,0.4644069427,0.1229198584,0.4887061163,0.1946385659,-0.1610139329
lOXVmjTg,2024-07-02,GRASS,-0.3563501112,0.1485446276,-0.1949407597,0.2481567139,-0.811971601
0APGmDbU,2024-07-02,GRASS,0.8136523406,0.1879092194,0.5676005384,0.504672893,0.5253191461
r136krm1,2024-07-02,GRASS,-1.280458592,0.1277211856,-1.116768267,0.1882677038,-1.183429844
p0fJvIFa,2024-07-02,GRASS,2.000295908,0.1518133342,2.315629054,0.3216459767,-1.112033089
GE1EmMHD,2024-07-02,GRASS,-1.389875114,0.1602489549,-0.8590376491,0.3410996949,-1.762915502
ClgZ5fEb,2024-07-02,GRASS,-1.328995233,0.1355659266,-1.186235803,0.2164358952,-0.8461331571
pEZigHUh,2024-07-02,GRASS,-0.678050381,0.1358910927,-0.5289458014,0.2389943342,-0.7584126073
88ERWNIE,2024-07-02,GRASS,1.813291078,0.1702913533,1.833154208,0.3226321772,-0.07248526842
fXAPGBSG,2024-07-02,GRASS,1.098202278,0.1324000414,0.8356835951,0.2019666876,1.721266651
8Gnr4YrB,2024-07-02,GRASS,1.274360095,0.1860963937,0.6304818687,0.3561458724,2.12040785
hvw0iea5,2024-07-02,GRASS,-0.8797081359,0.1253560755,-0.9659932469,0.2017356439,0.5458992368
MJCHIXc4,2024-07-02,GRASS,0.292738293,0.1302474463,0.477267639,0.193561861,-1.28875238
zPsFNJu1,2024-07-02,GRASS,2.509225891,0.1385570678,2.773928842,0.2342570676,-1.401382302
hQcRxdpC,2024-07-02,GRASS,-0.9958142983,0.1272347603,-0.8313678606,0.1819633112,-1.264151451
vcl6PuBl,2024-07-02,GRASS,0.4021119535,0.1426297105,0.7221818802,0.2516594621,-1.543707213
EDkj2CDN,2024-07-02,GRASS,0.5128828049,0.1511078151,0.5324004958,0.2519859258,-0.09678920854
YZ5ZzzFO,2024-07-02,GRASS,-0.664058058,0.1625157286,-0.7028830886,0.2566384317,0.195468923
pzTWAtde,2024-07-02,GRASS,0.0863033692,0.138847906,-0.3118864841,0.2136156548,2.452877868
boRMdjyo,2024-07-02,GRASS,-0.1809803975,0.1640792954,0.2945888794,0.2797050029,-2.099426248
CMUOC2Rr,2024-07-02,GRASS,0.8283062586,0.1551166395,1.199567695,0.2699513658,-1.680405182
QiJ8KgTi,2024-07-02,GRASS,-1.327481639,0.1571458349,-1.499596985,0.2442755497,0.9203143548
f5lhIO3L,2024-07-02,GRASS,-0.8702249139,0.1832271263,-0.2853653195,0.3193704622,-2.235852886
h2Fvn0NP,2024-07-02,GRASS,1.921863932,0.1419451905,1.690089993,0.2147630509,1.438099954
EJAaOdVI,2024-07-03,GRASS,-0.2684305977,0.1293477375,-0.1888818818,0.1876607183,-0.5850798339
EgR8kZTH,2024-07-03,GRASS,-0.1254477586,0.1242919297,-0.2399719001,0.1968483099,0.7502601465
KGylD4Xg,2024-07-03,GRASS,-2.229411551,0.1511743096,-2.136951611,0.2435940421,-0.4840609948
Op6Atvom,2024-07-03,GRASS,-0.5278277775,0.1329086124,-0.5635401844,0.2087786932,0.2218040263
WYa38zmI,2024-07-03,GRASS,0.2497233741,0.144754698,0.2083712695,0.2277346955,0.2352090099
lntqew0t,2024-07-03,GRASS,0.5313718148,0.149543866,0.4476409331,0.2371947867,0.4547771474
pvJrSvWg,2024-07-03,GRASS,-0.7158173466,0.1845793463,-0.1868487502,0.3533107655,-1.755840773
vyeR7Gqn,2024-07-03,GRASS,-0.6018552431,0.126494188,-0.5980844443,0.2265567688,-0.02006221178
t6CiQI06,2024-07-03,GRASS,0.8926547283,0.1452115222,0.9770276658,0.2770087671,-0.3576683031
t26IHasT,2024-07-03,GRASS,-0.1036914783,0.1285732272,-0.09231545888,0.1914631691,-0.08018627536
QDMGdKyg,2024-07-03,GRASS,-0.2762340056,0.1263147114,0.03373383317,0.1759565838,-2.530428702
vJHdiPaD,2024-07-03,GRASS,0.543792673,0.1234996451,0.4173272497,0.1836709405,0.9302235038
GK6p6z8K,2024-07-03,GRASS,-1.469030965,0.1301729203,-1.481172324,0.1984880168,0.08102795831
WdzZ3uwq,2024-07-03,GRASS,0.2834127127,0.1290753345,0.5423537115,0.1972225668,-1.736479127
EHa75IUa,2024-07-03,GRASS,-0.9680394104,0.146148417,-1.167078091,0.2237399782,1.17488372
8dEXhxyI,2024-07-03,GRASS,1.19206915,0.1391014137,0.9601723367,0.2115178362,1.455319571
ldR6xOAs,2024-07-03,GRASS,0.3309015303,0.1381950805,0.3611368832,0.220005284,-0.1766234218
tACuiG5U,2024-07-03,GRASS,-0.05794515566,0.1387565353,0.1147557842,0.2247345307,-0.9769091399
jFfG8336,2024-07-03,GRASS,0.6923045174,0.1247480417,0.537005705,0.1874392758,1.110087205
0Q1QpbBF,2024-07-04,GRASS,0.7985810195,0.1684646883,0.572346906,0.2567928344,1.167300125
CUKOfb65,2024-07-04,GRASS,1.835706024,0.1419208849,1.578003308,0.201021359,1.810143566
KGLIEJpA,2024-07-04,GRASS,-2.00695785,0.139819934,-1.965938877,0.2081116672,-0.2661054546
xI9IKiC7,2024-07-04,GRASS,0.9464149489,0.1389548468,1.040245567,0.2152242185,-0.570897379
OfcUeF87,2024-07-04,GRASS,0.4131761773,0.129171915,0.2593390707,0.20461914,0.9693980026
Qk240OQa,2024-07-04,GRASS,-0.07520160283,0.1444575894,0.1492358523,0.257552407,-1.052581075
YmRVwMLq,2024-07-04,GRASS,-0.1936453731,0.1218471842,-0.3582998757,0.1772045121,1.279713987
fuaeBw86,2024-07-04,GRASS,1.016252711,0.1210269538,0.9613954752,0.167988299,0.4708724423
nqXClu7b,2024-07-04,GRASS,-0.9403844741,0.1219661443,-0.9091424345,0.1810773036,-0.2334275922
AX0jOegm,2024-07-04,GRASS,0.296092132,0.1308551906,0.08289542211,0.2057636087,1.342598019
Sxy0HJwe,2024-07-04,GRASS,1.163430582,0.1383907171,1.172520595,0.1989352392,-0.06360659959
bcP6Ib9d,2024-07-04,GRASS,-1.057619267,0.1415428468,-0.9093208167,0.2091638876,-0.9629941212
zD5NZdM8,2024-07-04,GRASS,1.322347006,0.1377167174,1.434215021,0.22394772,-0.6334630864
jeCuMhAa,2024-07-04,GRASS,-0.7810722028,0.1256453424,-0.9883265765,0.1959559003,1.378270857
2a9Cykv2,2024-07-04,GRASS,0.3996621948,0.1446651752,0.4287255753,0.2398388026,-0.1519278521
YaVKnJyB,2024-07-04,GRASS,2.195327309,0.1436053829,1.93198356,0.2419050483,1.352785462
QcO18Z2n,2024-07-04,GRASS,2.754807841,0.134709107,2.771141782,0.2129618339,-0.09902778296
rJhw4PFF,2024-07-04,GRASS,-1.088722549,0.1259781531,-1.104430364,0.1805116943,0.1214998889
8SpSPtHM,2024-07-04,GRASS,-0.2543624531,0.1270809319,-0.3792253192,0.1837097811,0.9411967421
8GnkmevB,2024-07-05,GRASS,0.2131173211,0.120952251,0.1387127889,0.1769705017,0.5759473482
SUf8gLxH,2024-07-05,GRASS,0.08603275575,0.1372259313,0.0456232915,0.2041270986,0.2674018231
dCsNKfsQ,2024-07-05,GRASS,0.08062384723,0.1190749733,0.212984511,0.168706458,-1.10751322
tC9PVKCD,2024-07-05,GRASS,-0.4970050726,0.1132619022,-0.5732932253,0.1582618621,0.6901557524
WO2YFl6d,2024-07-05,GRASS,-0.8978325554,0.1351537016,-0.699859063,0.1956045243,-1.400072772
8bsbZmSP,2024-07-05,GRASS,-2.011437181,0.1377134299,-1.891110896,0.1977097958,-0.8482062514
nF9PcHHk,2024-07-05,GRASS,-0.001597114669,0.1267142718,-0.1205772099,0.1785671218,0.9456661167
IX2Es0f4,2024-07-05,GRASS,-0.6114689528,0.1190541545,-0.4879141318,0.1694544197,-1.024622581
WdtUBUIM,2024-07-06,GRASS,-1.095336194,0.1266112635,-0.9534067403,0.1961282693,-0.9475473421
dtBHiz2e,2024-07-06,GRASS,0.8697700374,0.1355490658,0.6553090175,0.2137894026,1.297208559
I9luzuT0,2024-07-06,GRASS,-0.2262877708,0.1241168884,-0.2684592054,0.1789937636,0.3269814305
vkvwlgdC,2024-07-06,GRASS,-0.4504840737,0.1226244598,-0.3615429458,0.1746941492,-0.7148239469
Yq5BO72S,2024-07-06,GRASS,1.984829086,0.1292446437,2.21982492,0.1903687378,-1.681285502
2PMTnNqf,2024-07-06,GRASS,0.419564631,0.1271301587,0.5231233584,0.1847137903,-0.7728025008
2qegZlc4,2024-07-06,GRASS,0.3338736181,0.1334504442,0.365204546,0.2082693713,-0.1959442111
vm5Bj474,2024-07-06,GRASS,1.458653866,0.1300595932,1.736055836,0.1967621921,-1.878809139
vXlCO5VG,2024-07-07,GRASS,0.05390104543,0.1151260479,-0.127041401,0.1621537563,1.584544463
YHQFuqlI,2024-07-07,GRASS,-1.308235642,0.1246574762,-1.425855543,0.1782771774,0.9228776642
WGtAri36,2024-07-07,GRASS,-1.107952163,0.122708139,-1.210456374,0.1736797128,0.8339643543
Ctqm8iFL,2024-07-08,GRASS,1.12340125,0.1273376549,1.195055147,0.1858482778,-0.5293236864
drCzYkcB,2024-07-08,GRASS,0.5511503865,0.1225381488,0.5359486134,0.1764799161,0.1196969122
zBUewoZj,2024-07-08,GRASS,-0.3597571902,0.1214526425,-0.4037640251,0.1683045761,0.3776932665
fa9n7QnI,2024-07-08,GRASS,0.5542896161,0.1243112293,0.6752705139,0.1856031239,-0.8777976924
65BScME4,2024-07-09,GRASS,-1.009470122,0.1201476544,-1.089497999,0.1671438677,0.6887291365
xxGFEmvh,2024-07-09,GRASS,-0.2115808987,0.1191661323,-0.1896946576,0.1728729962,-0.1747574751
GhbcosW0,2024-07-10,GRASS,0.466315974,0.11643116,0.4885391252,0.1661110569,-0.1875744252
nusbObvI,2024-07-10,GRASS,1.031525926,0.1245993872,1.056178716,0.1750684408,-0.2004626378
WA9sqwet,2024-07-11,GRASS,-0.02538935221,0.1152995962,0.09064890214,0.1609804504,-1.032902476
KIG4DzP0,2024-07-11,GRASS,-1.361137565,0.120033503,-1.466041931,0.162884679,0.9527561523
raYZ8ZVo,2024-07-13,CLAY,1.956264747,0.1624750626,2.179981466,0.4625374193,-0.5165927865
zVdphpzP,2024-07-13,CLAY,0.09693466154,0.183701106,-0.4303841331,0.485101759,1.174497492
jsXgCmLt,2024-07-13,CLAY,0.8114381724,0.2175136143,-0.195542226,1.028567092,1.001666583
CjCKcl6m,2024-07-13,CLAY,-0.6626400875,0.173936138,-0.09304104322,0.6182106046,-0.9601536883
GlIJ6qkI,2024-07-13,CLAY,-2.494389925,0.2245710246,-1.065987263,0.9900846867,-1.481315542
Y50TeSz0,2024-07-13,CLAY,0.5485870924,0.1827313543,1.095560153,0.9864319125,-0.5642625421
tW3yf65C,2024-07-13,CLAY,0.8596038606,0.2011932132,1.518888999,0.9120970583,-0.7410775335
GCWs7D0b,2024-07-13,CLAY,-0.2625081578,0.1626514477,-0.752179273,0.5088773888,1.015529049
CxiM3eif,2024-07-13,GRASS,-0.1916219594,0.1198153338,-0.2269482625,0.1591419723,0.3372763636
fZTA85K5,2024-07-13,CLAY,-0.5655645067,0.1735869352,-0.9824955032,0.633269636,0.6846000608
2qNnmbhS,2024-07-13,CLAY,0.8040711753,0.1708178095,0.1128349054,0.4741433863,1.5628065
8pS0fFae,2024-07-13,CLAY,0.5410380787,0.2068937958,0.8243987199,0.5471318728,-0.5594419175
tzrM1c7L,2024-07-13,CLAY,0.8887442533,0.1768212324,0.8850304747,0.6159699435,0.006294058773
n9Q2ARkg,2024-07-13,CLAY,-0.4221665038,0.1614041849,-1.055630201,0.6787419679,0.9608535762
tbQ8hgU7,2024-07-13,CLAY,0.1351428175,0.1488385969,0.892684969,0.4476406445,-1.794392112
6HTwkKNF,2024-07-13,CLAY,0.02563412106,0.1652237597,-0.1209049048,0.4295131106,0.3696162329
CIYidyVr,2024-07-13,CLAY,0.5075787678,0.168122562,0.5920577366,0.4117071462,-0.2247881807
bF8IsxGk,2024-07-13,CLAY,-0.5842041414,0.1897484704,-0.229284338,0.6291217572,-0.5917058556
K0VVjtg3,2024-07-13,CLAY,-0.7172139964,0.1848000012,-0.8331075804,0.855443171,0.138754221
WvkyVbWq,2024-07-13,CLAY,1.310344935,0.1748572505,1.180394157,0.3669757106,0.4027741825
v5hqTx1d,2024-07-13,CLAY,0.7483770062,0.1942050644,-0.6051059731,1.015885692,1.357351424
zFftFP44,2024-07-13,CLAY,-0.7752078177,0.1946450131,0.04845350854,1.153878738,-0.7241977233
fs2RuGp2,2024-07-13,CLAY,-1.459932534,0.1790983274,-1.459433929,0.4911243125,-0.001090314694
bBSiK5eL,2024-07-14,CLAY,-0.8731572551,0.1655342214,-0.9119599434,0.4975771664,0.08269351334
I3ikEdr3,2024-07-14,CLAY,0.7549436452,0.136142775,0.7192289165,0.385769224,0.09894717874
zsLvauek,2024-07-14,CLAY,0.07207444381,0.1985407599,-0.6540988551,0.4800704716,1.661374868
2LEb0N5L,2024-07-14,CLAY,0.8686793087,0.1528788119,0.599808274,0.3157095821,0.9733746153
lAjmYSc2,2024-07-14,CLAY,-0.08332201746,0.1698299303,-0.1173627791,0.5787702072,0.06152397314
tzpUeSen,2024-07-14,CLAY,-0.9450260071,0.1656960752,-0.9908249109,0.3807863425,0.1335846653
2XWsU7r9,2024-07-14,CLAY,-0.3770322159,0.1415576934,-0.1576099281,0.4399562631,-0.526747277
4t3KWzve,2024-07-14,CLAY,0.6172065221,0.1894573883,-0.04198892877,0.4346151701,1.685286791
YeBpfVyJ,2024-07-14,CLAY,-0.334925872,0.1629913243,-0.267365315,0.3280460026,-0.2373132836
8p673FmR,2024-07-15,CLAY,0.5998710772,0.1425087227,0.6335758313,0.3007341246,-0.1272718014
jqYeoGRr,2024-07-15,CLAY,-0.1662206556,0.1221046734,0.1197999404,0.2414882926,-1.372831389
px46b6kf,2024-07-15,CLAY,0.05924245071,0.2063967388,0.9403962338,0.5452241834,-1.746075383
YgEdkPSG,2024-07-15,CLAY,2.031432857,0.1798778941,1.246020607,0.6019781249,1.367182479
xt8MWGCk,2024-07-15,CLAY,-0.3364037233,0.1358265413,-0.1333153391,0.30413218,-0.7463280864
QZm50SKs,2024-07-15,CLAY,-1.606735501,0.1389455922,-1.577568948,0.2817097886,-0.1190178851
h27EdpK6,2024-07-15,CLAY,0.1554318038,0.1513642703,0.7610771396,0.4168775972,-1.559224321
04xdtRCr,2024-07-15,CLAY,-0.04352392332,0.1468910495,-0.2045286348,0.3496503066,0.5074234413
W0xwpDdf,2024-07-15,CLAY,0.2115730985,0.1420741705,0.2380137428,0.310881216,-0.09562006508
YRiPjx4L,2024-07-15,CLAY,-0.3952463321,0.1241346601,-0.3604231627,0.2512434567,-0.1594211789
dWV4v5se,2024-07-15,CLAY,1.428463919,0.1684533439,1.537294507,0.304801938,-0.4284280611
4dZCxqC7,2024-07-15,CLAY,-1.551691554,0.1547186783,-1.557909165,0.305961342,0.02355519666
jNKnw5qA,2024-07-15,CLAY,1.376053206,0.1555626188,0.7487314244,0.4122940578,1.642976954
EHeNfOlJ,2024-07-16,CLAY,0.6598715142,0.1504507322,0.4946608488,0.3437196755,0.5345873486
buUuD54m,2024-07-16,CLAY,-0.399333264,0.1702763896,-0.136905849,0.4136043011,-0.6962275134
nVHb5yJE,2024-07-16,CLAY,0.1771512402,0.132862569,-0.1887634953,0.289930398,1.419947873
Q1lHhbZ8,2024-07-16,CLAY,-0.9228056928,0.1364975003,-0.9396404285,0.2417687703,0.08436310644
OdW3qfde,2024-07-16,CLAY,2.129478012,0.17271957,2.202986482,0.3510529436,-0.2405191821
tOm9IRtQ,2024-07-16,CLAY,-0.5819714348,0.1407534496,-0.6222091959,0.3028409079,0.1500603986
p6BUUfs2,2024-07-16,CLAY,0.004540698383,0.1530513935,0.426913542,0.3040234788,-1.607881311
ABXKKdTr,2024-07-16,CLAY,0.6116682898,0.1317509838,0.2793094478,0.2695889978,1.413079254
QNFBTiCD,2024-07-16,CLAY,1.892898537,0.1765761665,1.128982495,0.4623326014,1.787838134
KOPCsYQ7,2024-07-16,CLAY,0.4713032249,0.1304809358,0.3675921669,0.3244393643,0.3491427898
E3UyHES7,2024-07-16,CLAY,0.1140635128,0.1377950556,0.009889349475,0.2634140761,0.4640309148
phCa0n4E,2024-07-16,CLAY,0.779353468,0.13704959,1.056437036,0.2583648865,-1.265105392
v3cbie4K,2024-07-16,CLAY,-0.4989552887,0.1465827301,-0.1053095992,0.2589364138,-1.844192118
IcC3VDs1,2024-07-16,CLAY,-0.5637601613,0.1516728867,-0.6944925247,0.2799330927,0.5556398937
drOfXZCl,2024-07-16,CLAY,1.769997701,0.1296879742,1.713976907,0.2671999385,0.2397977362
6cHNvIKE,2024-07-16,CLAY,-0.6082466354,0.1530970084,-0.8521954042,0.3808344271,0.699582099
IyyTIzbe,2024-07-16,CLAY,0.4271478023,0.1413629909,0.2215166508,0.276781944,0.8641432883
QaXOxdkR,2024-07-16,CLAY,-0.4839058546,0.1574154591,-0.2419643244,0.2878356467,-1.004004153
YH880SFd,2024-07-17,CLAY,-0.1924415499,0.1396569828,0.05153960696,0.2721592683,-1.044462522
hhMvFv5N,2024-07-17,CLAY,1.03525439,0.1662926192,0.9399669363,0.3063103857,0.3704212625
IkInADCd,2024-07-17,CLAY,0.5299598287,0.1261114152,0.2263613088,0.2408775082,1.479334457
zZrUoZRs,2024-07-17,CLAY,0.5862944419,0.1798588782,0.4408536108,0.3358396575,0.5128057136
hY3BHd2m,2024-07-17,CLAY,-0.2739406321,0.1257223553,-0.3721963746,0.2371037097,0.488767652
dMbNZWIc,2024-07-17,CLAY,-0.6392316399,0.1308793165,-0.8057614667,0.2346423011,0.8550948075
IkS4nA23,2024-07-17,CLAY,0.3712750724,0.1441508252,0.4201801264,0.2370416761,-0.2598933088
vuFqzXGq,2024-07-17,CLAY,-1.811339523,0.1350445055,-2.002093945,0.2653594741,0.8350803587
fiDslre5,2024-07-17,CLAY,-0.2912145505,0.1408639982,-0.5116502636,0.2525986199,1.051323413
rDFwcISq,2024-07-18,CLAY,0.3085187882,0.1281445284,0.4007268024,0.2348155122,-0.4686149198
zZxTUI04,2024-07-18,CLAY,0.3982417416,0.1374550683,0.09816108743,0.24900719,1.445258515
hn1fH72N,2024-07-18,CLAY,2.20922075,0.1448472155,1.801859491,0.2883101937,1.634131227
6qtSSk9j,2024-07-18,CLAY,0.5403698177,0.1310455797,0.7084003572,0.2721786738,-0.7043693783
AuoDeDwp,2024-07-18,CLAY,0.1000397598,0.1500573641,0.2888816898,0.2895911454,-0.7624404797
OtAoloN8,2024-07-18,CLAY,-0.4572664807,0.1212817395,-0.28259222,0.2665964544,-0.7357435007
AFDHQNGN,2024-07-18,CLAY,-0.1968582593,0.1260853103,-0.05483513713,0.2329319019,-0.7251387012
fDlI0LvB,2024-07-18,CLAY,1.319881411,0.1180145633,1.264318258,0.2217239885,0.2960092995
IaN8XfkS,2024-07-19,CLAY,-0.1068828839,0.1327278009,-0.2662477776,0.231834568,0.8384073634
0d4KQSDc,2024-07-19,CLAY,0.5006336195,0.1135598615,0.5373856742,0.2108765984,-0.2068345225
WQy1rmJb,2024-07-19,CLAY,0.7966880485,0.1210544806,0.7173190425,0.2235353422,0.4223556748
ULieljFN,2024-07-19,CLAY,1.455766258,0.1187016123,1.490316908,0.2241697174,-0.1816895962
fkEWB0Ll,2024-07-19,CLAY,-0.2363166752,0.134657268,-0.0108240262,0.2223683927,-1.274252027
4GZfEkh5,2024-07-19,CLAY,0.7966675496,0.1456252139,0.9050108387,0.2413542496,-0.5629064367
SWalnNS9,2024-07-19,CLAY,1.172971955,0.112580296,1.237564407,0.2055881222,-0.375485778
426CYNx2,2024-07-19,CLAY,-1.250742173,0.1360196294,-1.247121957,0.2350265425,-0.01888807651
hze4dwn9,2024-07-20,CLAY,0.1998558158,0.1866210346,0.03727257245,0.3934672387,0.4693587972
l2lDfHGL,2024-07-20,CLAY,-0.5216805955,0.1800301818,-0.4678001733,0.3601108402,-0.1727602702
vTbTfQA4,2024-07-20,CLAY,-0.5679056895,0.1783103273,-0.7431805179,0.3542347303,0.5726355795
x6JxHASa,2024-07-20,CLAY,0.0586740797,0.1855797067,-0.5432733258,0.8554604996,0.7208186796
0t8IYZg2,2024-07-20,CLAY,0.4377706488,0.1630848172,0.6433271333,0.4134615799,-0.5410246347
4hLUIWcm,2024-07-20,CLAY,1.242104723,0.2235663652,0.9192524583,0.884471621,0.3772740292
pCt4XVCt,2024-07-20,CLAY,0.04668604782,0.2402900629,-1.380255719,1.455040796,0.994341193
tbGgDSRO,2024-07-20,CLAY,0.6022193049,0.2382429015,0.5785876726,0.9865260762,0.02468502899
6sF9zdPk,2024-07-20,CLAY,0.7879389555,0.1865448974,0.558731581,0.3929869102,0.6626602279
Kpuqkevq,2024-07-20,CLAY,-0.4741535282,0.2107583143,-0.1743142027,0.948511149,-0.324220858
jkee4Xrf,2024-07-20,CLAY,-1.783466511,0.2341341638,-1.164480092,0.8903217286,-0.7206027417
hKjtZrlo,2024-07-20,CLAY,-0.7656314984,0.1773079279,-0.3263832905,0.3172544952,-1.669622603
KUnC0krJ,2024-07-20,CLAY,-0.6563211319,0.1939810257,-0.4943630102,0.4632193657,-0.3850218467
fT0Gpek1,2024-07-20,CLAY,0.1892675676,0.114674263,0.08715778393,0.1968323743,0.6382759494
WvDMqqpT,2024-07-20,CLAY,-0.9550648613,0.1806979497,-0.8437724289,0.5530334587,-0.2129265667
bFb32BD6,2024-07-20,CLAY,0.7377516346,0.1489411831,0.7800551102,0.3032420677,-0.160152826
0GvTj0id,2024-07-20,CLAY,0.5544925012,0.165885354,0.2328896261,0.3872392886,0.9191042957
0rmxg4uH,2024-07-20,CLAY,1.365365826,0.1998913363,1.119985989,0.6706367194,0.3833137978
WSvCV9sg,2024-07-20,CLAY,2.295257135,0.1978961424,2.51633098,0.6661909949,-0.3475352828
lGqm04U9,2024-07-20,CLAY,0.1124936011,0.2117564732,0.2035913541,1.076506463,-0.08630980318
W2eLdnth,2024-07-20,CLAY,-1.287645711,0.2080770557,-0.7367104058,1.32275934,-0.421755413
ERtaoDw8,2024-07-20,CLAY,-0.7432688921,0.2093984169,-0.9958321015,0.5211977026,0.5291683358
nyubOhzQ,2024-07-20,CLAY,-1.793705491,0.224053831,-2.078892232,0.888684085,0.3316216176
f1ESaSxB,2024-07-20,CLAY,0.8954628459,0.1198547657,0.8237557676,0.1992659061,0.4504471487
dl5Av5QN,2024-07-20,CLAY,0.8994994641,0.1979127348,-0.09644079382,0.5460299048,1.957045127
zoe3hDS0,2024-07-20,CLAY,-0.7480114811,0.1727783904,-0.5266558134,0.3811769114,-0.6514873216
EwPuTby1,2024-07-20,CLAY,1.121100691,0.1151105352,1.108331404,0.1859315895,0.08745241557
2i5xuKnn,2024-07-20,CLAY,-0.2639001781,0.1273508862,-0.1354872738,0.2033790123,-0.8098130975
ALY1U6uI,2024-07-21,CLAY,1.3815695,0.1675646978,1.425279918,0.287798743,-0.1868065737
OxhbvR1D,2024-07-21,CLAY,1.108197052,0.1797255003,0.751518781,0.2992417723,1.490768522
SWZPhQG6,2024-07-21,CLAY,0.3952399252,0.1671641337,0.28963402,0.322342011,0.3831724061
OzkKpiTi,2024-07-21,CLAY,0.4297469742,0.1498192859,0.4815805432,0.2714593874,-0.2289749587
8dxrzF53,2024-07-21,CLAY,-0.2035141094,0.1538265147,-0.1083296427,0.2689726526,-0.4313942292
SAbktmX0,2024-07-21,CLAY,0.2502232678,0.1513826686,-0.2506596116,0.276252201,2.167561305
nN9mLWxo,2024-07-21,CLAY,0.1905967418,0.173047324,0.4562775871,0.5177790373,-0.5444213833
dUdYMmyo,2024-07-21,CLAY,-0.3605153014,0.1310737685,-0.5725228956,0.2135467604,1.257549157
Iu3x5FFa,2024-07-21,CLAY,1.105434338,0.174959761,0.7744409559,0.3504142737,1.090191363
GzV2Lz0t,2024-07-21,CLAY,-0.121808291,0.1690903845,-0.39506775,0.3495362971,0.8932525231
G0zxaBOr,2024-07-21,CLAY,-0.7044824457,0.1802797448,0.17665669,0.7073494242,-1.288233805
tde1UVrB,2024-07-21,CLAY,-1.06914537,0.2085428602,-2.261301193,0.8731527235,1.406038151
YkYZDAbU,2024-07-21,CLAY,-1.936166458,0.1992132688,-1.590363209,0.6764553957,-0.5349211604
pn3uO9vS,2024-07-21,CLAY,0.3344409694,0.1450664244,0.1917389169,0.3360184626,0.470822505
hGtys9SG,2024-07-21,CLAY,-0.5503155612,0.168306313,-0.5163425636,0.3029896775,-0.1348435004
E9g9S9DN,2024-07-21,CLAY,-0.2645163316,0.1400642171,-0.235466949,0.2174612438,-0.1746309756
OWEWPV9F,2024-07-21,CLAY,1.092206165,0.117431375,1.027519264,0.1811675116,0.4688990868
tIltneAD,2024-07-21,CLAY,-0.161812182,0.1460822155,-0.4345110279,0.3526616904,0.8495734158
2NZ5vVO8,2024-07-21,CLAY,1.511858289,0.1695465433,1.226450047,0.337243081,0.9790178368
bkTEx9gL,2024-07-21,CLAY,0.273230802,0.1863766692,0.4397661683,0.3750133677,-0.5117537488
jm8gVQoe,2024-07-21,CLAY,-0.5656241264,0.1370780759,-0.4988686355,0.2335874561,-0.352948328
UHRAp7pT,2024-07-21,CLAY,0.5434114873,0.1156144114,0.8057587065,0.1786185692,-1.926842355
UXJpXnHr,2024-07-21,CLAY,-0.2843417189,0.1462537627,-0.4942248125,0.2610808148,0.9704646272
hClli88E,2024-07-21,CLAY,2.374840113,0.1410192456,2.466917733,0.2448988673,-0.4598766125
ATnKGRW1,2024-07-22,CLAY,1.080127202,0.1630516507,0.8356828825,0.2674613447,1.152965745
GUgBIm2k,2024-07-22,CLAY,0.4474752582,0.1190498188,0.5539289143,0.1863809722,-0.7423285193
MefMEoSs,2024-07-22,CLAY,-1.169086432,0.2098230235,-1.197475859,0.6538113232,0.04584647165
x461T4G7,2024-07-22,CLAY,-0.4617991095,0.1644674206,-0.6154085382,0.27773016,0.686382437
GxdxB3R6,2024-07-22,CLAY,-0.1456959971,0.1611665181,0.01716642841,0.2900687293,-0.675288271
z5L3d4CD,2024-07-22,CLAY,1.244278559,0.1432786229,1.183103126,0.245601718,0.3066777188
Y9zB1HAE,2024-07-22,CLAY,0.8480766516,0.1556107285,0.5675268137,0.2437670299,1.495172856
2iNebQs1,2024-07-22,CLAY,-1.220435653,0.1344169806,-1.346117004,0.2293496937,0.6763187704
8lx0Aogn,2024-07-22,CLAY,-0.6149847812,0.1410972293,-0.8598849004,0.2242939209,1.404613881
8GGWwEI7,2024-07-22,CLAY,-0.2816454934,0.1796858216,-0.1780041615,0.3368761074,-0.363713094
rBrVCPdf,2024-07-22,CLAY,-0.4194608697,0.1501311396,-0.4118344397,0.3056387082,-0.02864657637
jD3jK74K,2024-07-22,CLAY,-0.06279473264,0.1783568476,1.078837313,0.9053335717,-1.286214144
v92rq9fm,2024-07-22,CLAY,-0.6041967285,0.1523040306,-0.6469949721,0.2641801005,0.1982705064
z3IOuzle,2024-07-22,CLAY,-0.5677665315,0.145553578,-0.6934449299,0.2737785646,0.5419949373
xAwH58kR,2024-07-22,CLAY,1.100152514,0.1361869648,0.8818106066,0.227826813,1.195462639
nFZqumcT,2024-07-22,CLAY,0.04568086829,0.216587413,0.1948271194,0.6409215655,-0.2472515426
8hUn0nDl,2024-07-22,CLAY,1.345608647,0.1512334078,1.187635133,0.2688666507,0.7106289125
pjwTrVc4,2024-07-22,CLAY,0.6593987578,0.1372215363,0.5495626005,0.2201613278,0.6379652129
0OjismPa,2024-07-22,CLAY,-0.8108265406,0.1365138849,-0.8187772502,0.212683012,0.04875073996
C4ko9sdJ,2024-07-22,CLAY,-1.007844743,0.1569167037,-0.7204668209,0.2403972808,-1.577951871
fFumFe1B,2024-07-23,CLAY,0.1873592548,0.1502749786,0.1896296825,0.2368587441,-0.01240106369
4WTNUt05,2024-07-23,CLAY,0.07458314327,0.1341383903,0.05141218995,0.2033197033,0.1516490095
IuF65QWg,2024-07-23,CLAY,0.4453861796,0.1265119445,0.4103763411,0.2093245203,0.2099317065
zB2XuuwA,2024-07-23,CLAY,-0.6952199456,0.1556103092,-0.6066266573,0.2542245614,-0.4406832312
dK3vZ9Ek,2024-07-23,CLAY,-0.887726382,0.1426479531,-1.008332631,0.2290791511,0.6728564659
hj7rSfc6,2024-07-23,CLAY,-1.410525165,0.1599164034,-1.607355881,0.3433331074,0.6478608704
88GCtUDE,2024-07-23,CLAY,0.2570580344,0.1539785033,0.3941982184,0.2457773934,-0.7158937541
Eifa7Nbl,2024-07-23,CLAY,0.3658893927,0.1196994596,0.274790491,0.1837362557,0.6535291972
nFcFotfd,2024-07-23,CLAY,-0.3155338036,0.1488662127,-0.1828222729,0.2385056028,-0.7121889032
lQOg0zS1,2024-07-23,CLAY,-0.6901529048,0.1442201838,-0.5458845151,0.2420765787,-0.7420207397
KISKG2Y8,2024-07-23,CLAY,1.670255251,0.121790535,1.721825263,0.2019234806,-0.3201923328
WUNP68sQ,2024-07-23,CLAY,-1.442570131,0.1629125402,-2.209936885,0.3598318882,2.391740615
tGXREmkg,2024-07-23,CLAY,-0.4878692129,0.1471638615,-0.512091013,0.2312696115,0.1357684313
2uag6mfT,2024-07-23,CLAY,-0.0874059216,0.1371454896,-0.1768646978,0.2238919999,0.5054995764
xlEskkKU,2024-07-23,CLAY,0.8599326695,0.1254693889,0.9579688898,0.2048850482,-0.6052620075
MHJZLFEN,2024-07-24,CLAY,2.487910651,0.140805422,2.355159891,0.2034902871,0.9036283825
8OQI9gOi,2024-07-24,CLAY,-0.2476421324,0.1278863783,-0.3546389038,0.2049007314,0.6683463637
jgo6WeE7,2024-07-24,CLAY,0.4677747039,0.1269098235,0.420702605,0.179285205,0.3717071336
YemhvcUi,2024-07-24,CLAY,0.2269541924,0.113337491,0.1342607178,0.1970444181,0.575069404
t8VL7Tbs,2024-07-24,CLAY,0.2843599612,0.1357292014,0.1692159801,0.1955971301,0.8175534374
nicYkTPQ,2024-07-24,CLAY,1.109202974,0.1717523117,1.221058002,0.2998072206,-0.4551862456
v7w5A9P0,2024-07-24,CLAY,1.433505547,0.1255177935,1.423807367,0.1864698968,0.07032782459
bu2qbFgK,2024-07-25,CLAY,0.2352798034,0.1152940912,0.1327267841,0.1720031291,0.8034458268
OxW246IU,2024-07-25,CLAY,1.061590018,0.1302424585,0.9745804789,0.1854998532,0.6587267079
UoFTgHcM,2024-07-25,CLAY,0.4503284624,0.1172912504,0.5752678437,0.1815080296,-0.9019559293
vZqP2I05,2024-07-25,CLAY,0.9517181729,0.1170914523,0.8544867688,0.1712148609,0.7783714741
zyC0e3je,2024-07-26,CLAY,0.08292246283,0.1129319245,-0.006037166774,0.1787037522,0.6423218341
UD31cWs9,2024-07-27,CLAY,-1.413383857,0.1360653887,-1.076278532,0.2485272375,-1.620923531
lK5YgcyH,2024-07-27,CLAY,2.614682798,0.1352288049,2.753094488,0.2277670791,-0.7551986795
OCAwvloe,2024-07-27,CLAY,0.2038545317,0.1420545362,0.2533794902,0.2288293524,-0.2760630522
KrbJpF76,2024-07-27,HARD,0.3007894832,0.1568008955,0.00323496104,0.3219513687,1.058208445
j362lc8s,2024-07-27,HARD,0.9552840062,0.1376243236,0.728915546,0.3186056339,0.7877839947
0GYiaEMa,2024-07-27,HARD,0.5820999177,0.1528004545,0.2841951094,0.3907479713,0.8283574897
8IgD6dUP,2024-07-27,HARD,0.225788596,0.1480723797,-0.02755960514,0.340713228,0.8256280309
6Dy0chiC,2024-07-27,HARD,0.5078620977,0.1414649979,0.3465230693,0.3712017523,0.4701177195
4luq1zhm,2024-07-27,HARD,-0.5872885468,0.1576713663,-0.4445916565,0.4059455925,-0.381466728
hABQrgxJ,2024-07-27,HARD,-0.6322840162,0.1336698724,-0.3669328504,0.3305374822,-0.8777641865
hYLVZypo,2024-07-27,CLAY,0.9586028619,0.1467963987,1.01083153,0.2853193611,-0.2134754867
bT9Anywf,2024-07-27,HARD,-0.02477376688,0.1397939419,-0.3844128932,0.3263326637,1.219636715
KvEHcuxh,2024-07-28,CLAY,0.637680168,0.1318875306,0.5418050578,0.2003326396,0.6358016759
ADI6ubMN,2024-07-28,CLAY,0.6432002355,0.1257167457,0.8804371762,0.2063522306,-1.449789875
Cvf0YO8t,2024-07-28,CLAY,-0.721016571,0.1336848718,-0.5875692188,0.2307833968,-0.7093715767
MomePoWP,2024-07-28,CLAY,-0.3909700418,0.1350957908,-0.108811279,0.2431908289,-1.395340413
fcrO6exK,2024-07-28,CLAY,0.8413907646,0.1415385787,0.819107024,0.2428179857,0.1129432729
fwdmlS4e,2024-07-28,CLAY,0.2171001887,0.1446569317,-0.008100040896,0.2779205322,0.9489861876
thN6ykLk,2024-07-28,CLAY,0.5202629664,0.1257320282,0.3366144624,0.2288772919,0.9602574312
vRVj8mdR,2024-07-28,CLAY,2.399038684,0.2054657336,1.262030811,0.5550347243,2.205196435
M9VsGsgC,2024-07-28,CLAY,0.6943556514,0.147530066,0.6972363891,0.2929156754,-0.01138405014
86m9W2wg,2024-07-28,CLAY,-1.307307265,0.1376081184,-1.128472807,0.2589587278,-0.8152147357
xnuQSKxI,2024-07-28,CLAY,-1.237019555,0.1498708864,-1.142294088,0.2716093121,-0.4181810307
2Jk9ZkRq,2024-07-28,CLAY,-1.887617915,0.1270550422,-1.575542567,0.2059071769,-1.925995454
UeAV05l1,2024-07-28,CLAY,-0.251448177,0.1438242373,-0.5359777565,0.2582753118,1.326327248
tKoHUt85,2024-07-28,CLAY,0.5686723473,0.137966359,0.4681992446,0.2626009074,0.4496689119
UgcXQb7U,2024-07-28,CLAY,1.931439026,0.1425834276,1.807608075,0.267113095,0.5482285578
tf2QeJ64,2024-07-28,CLAY,-0.5984831244,0.134916803,-0.4368579583,0.2103882364,-1.001189363
UR6GYfvn,2024-07-28,CLAY,-0.9868102966,0.1537971724,-1.246551557,0.3404887215,0.8550460511
EiQrIUMH,2024-07-28,HARD,0.6259288022,0.1392912494,0.7362325416,0.3018770773,-0.4118572637
tCcPO8nf,2024-07-28,HARD,-1.010080429,0.1309956347,-1.195594436,0.2703394062,0.7844755015
raxrA9RE,2024-07-28,CLAY,-1.064509189,0.1191768326,-1.139151339,0.170128633,0.6147889489
xv79eACL,2024-07-28,CLAY,0.1986885422,0.1277725304,-0.3586644704,0.2317389702,2.882885361
E5LEZSk2,2024-07-28,CLAY,0.4518950763,0.13451289,0.3539215005,0.2365895465,0.5033833398
4UQvMlFi,2024-07-28,CLAY,-0.4754631023,0.1455359213,-0.3190548075,0.2373811445,-0.8340251235
8MDkqGv0,2024-07-28,HARD,-0.2062501431,0.1405022986,-0.08264787303,0.280389115,-0.5093930565
MBrtjlzq,2024-07-28,CLAY,0.5063708371,0.1372081616,0.5670724077,0.2580571167,-0.2777372595
j5kdn6Z7,2024-07-28,CLAY,0.1748247817,0.1179684655,0.04274795628,0.1817633195,0.9551408023
x0KbsKiB,2024-07-28,CLAY,-1.023015571,0.1770746577,-0.8768941387,0.3187885438,-0.5512222981
EqSZH3Oa,2024-07-28,CLAY,-0.4391214199,0.1373127203,-0.5182294797,0.2488075664,0.3812694666
Y7Nso2hn,2024-07-28,CLAY,2.686829909,0.1885070128,1.715729373,0.5499167136,1.879799241
8tMM2RJl,2024-07-28,CLAY,-0.03455203499,0.1564282078,-0.07735572061,0.2857938448,0.1789581584
rPJjELNO,2024-07-28,CLAY,-2.253258837,0.1358428196,-1.919676581,0.2387491856,-1.699035951
CvfPnEdC,2024-07-28,HARD,-0.2098122733,0.1299032278,-0.1225940722,0.2716798521,-0.3655250172
bBATLHat,2024-07-29,CLAY,-0.7736832117,0.1241247317,-0.7680108149,0.1892254897,-0.03971536696
bwqbKDfn,2024-07-29,CLAY,2.85732187,0.1252731616,3.092604091,0.2035287962,-1.466777047
f5x7IiPb,2024-07-29,CLAY,-1.127819915,0.1184847096,-1.18384911,0.1861893412,0.3901103379
hWvXAi46,2024-07-29,CLAY,-0.767384529,0.1347485915,-0.7412324874,0.2166617487,-0.1541421802
pUTfOtIP,2024-07-29,CLAY,0.03054827659,0.1337545651,0.1378731036,0.2106217795,-0.6596490933
vBe31E6c,2024-07-29,CLAY,-1.157722156,0.1313926007,-1.077794482,0.226502578,-0.4332177199
z5DMhpOP,2024-07-29,CLAY,-1.475901063,0.1195277267,-1.452210686,0.1898722019,-0.160582003
Sj2pIZb5,2024-07-29,CLAY,0.05386032569,0.129460863,-0.2332313633,0.2189071371,1.626373784
SYjRd5wJ,2024-07-29,CLAY,0.7486636785,0.1230589021,0.932652071,0.2048409359,-1.123546033
M9FKjXBL,2024-07-29,CLAY,-0.6565100651,0.1307126777,-0.6094406628,0.2412156391,-0.2321785544
f7DppSgD,2024-07-29,CLAY,-2.136896201,0.1319909039,-2.124549762,0.2105314691,-0.07527491064
CI0KRPxg,2024-07-29,CLAY,0.1342008858,0.1366285243,0.08488152659,0.2371580902,0.2544243356
zw7oyXAr,2024-07-29,CLAY,1.299144901,0.1229056667,1.233546617,0.2171724381,0.3663733096
j1RG0SUN,2024-07-29,CLAY,1.381648709,0.1453666717,1.370999713,0.2533065348,0.05133448519
QJeUBj1D,2024-07-29,CLAY,-0.9738662928,0.147452792,-1.280081987,0.2388014871,1.630195236
CKyOhOU8,2024-07-29,HARD,0.3732506578,0.1254693633,0.6725936658,0.3087894041,-1.060937617
YyXrVKx2,2024-07-29,HARD,-0.1518776006,0.1357802081,0.2744588467,0.3237684802,-1.450511975
0OYzXt8k,2024-07-29,HARD,-0.6295322042,0.1307365515,-0.6756701938,0.2936089471,0.1754991934
xfkXzftJ,2024-07-29,CLAY,0.1816376291,0.1260739522,0.2595280549,0.2225770741,-0.4246370874
tvh4x3pS,2024-07-29,HARD,-0.2356600131,0.1444625666,0.02381056217,0.3874656141,-0.7216984211
Cb0mtoo3,2024-07-29,HARD,-0.6094253987,0.1330855294,-0.8030728172,0.2736311883,0.8099477102
ncCSJKXo,2024-07-29,HARD,-0.4548961684,0.1325956278,-0.1231640397,0.2572204219,-1.505065673
AZgDOT55,2024-07-30,CLAY,-1.062826255,0.1345858176,-1.301163024,0.2062411301,1.525105503
IFqI8MaM,2024-07-30,CLAY,-1.466886171,0.1186415495,-1.85915257,0.1918251572,2.602355861
SQU7NQbU,2024-07-30,CLAY,-0.6115554784,0.1347853292,-0.6064453598,0.2061599983,-0.03275793768
r93A4vvg,2024-07-30,CLAY,-0.06780251135,0.1166530952,-0.03996722372,0.1905948066,-0.184674317
nXteufz1,2024-07-30,CLAY,-1.51939556,0.1169769659,-1.521114481,0.178121399,0.01279658293
0UB4uaPF,2024-07-30,CLAY,0.3112642334,0.1243415813,0.3315542979,0.1917728937,-0.1389729992
Qs0Ot7B5,2024-07-30,CLAY,0.4359261975,0.1335045688,0.4917439952,0.2168930692,-0.3265419864
xEuaA70k,2024-07-30,HARD,0.5584408651,0.1275080072,0.4873777937,0.2656571619,0.3049174927
drIuByhA,2024-07-30,CLAY,2.998116577,0.1250595281,3.293098104,0.1921789571,-2.021518682
nL81Isgd,2024-07-30,HARD,-0.1376255395,0.1236270828,-0.6805250448,0.3055613204,1.94284538
rDNQSFGG,2024-07-30,HARD,-0.8932438061,0.1251889749,-1.099026884,0.2601884771,0.9021950179
AaPIUyn4,2024-07-30,HARD,-1.404780874,0.132408056,-1.420804768,0.283861941,0.06381757597
YDldvPFF,2024-07-30,HARD,-0.9768476445,0.188587317,-0.8483489839,0.4067918776,-0.3565084779
IJ3ezGEs,2024-07-30,HARD,1.032606322,0.1267230882,0.4829685299,0.2764539275,2.237036518
jPgd7FSb,2024-07-31,CLAY,0.9132721213,0.1199969866,1.019789352,0.1654627302,-0.934986418
OSvlcmko,2024-07-31,CLAY,-1.309727643,0.1298879052,-1.329943855,0.1728072922,0.1773659547
0fHwJZmI,2024-07-31,HARD,0.03181338263,0.1186177574,0.2857919883,0.2350883386,-1.251318141
jyKdWjx8,2024-07-31,CLAY,0.1625444444,0.1156971191,0.4192580101,0.1824185094,-1.820220089
pvFeWEQ8,2024-07-31,HARD,0.7606822824,0.130315944,1.214627265,0.2592969219,-2.024994009
KWZGjtuK,2024-07-31,HARD,2.463857079,0.1230088017,2.79049326,0.2685862396,-1.368039578
29YH1n9E,2024-07-31,HARD,-0.8888919472,0.1267736618,-1.102479279,0.2619569319,0.9317290914
2JBAtoyI,2024-08-01,CLAY,1.668140109,0.1124951966,1.81331393,0.1692174928,-1.148439709
2aLxGgtS,2024-08-01,HARD,-1.270783065,0.117393655,-1.441234586,0.2565827017,0.747095769
nNNDOp0s,2024-08-01,CLAY,-0.6300503827,0.1125827865,-0.6320481289,0.1579133297,0.01804115525
4vhUxrKj,2024-08-01,HARD,0.1639333189,0.1157946407,-0.05181692325,0.2508636534,0.9694885235
hWdO37Uq,2024-08-01,HARD,0.2514448316,0.1118049832,0.5801172715,0.2539523618,-1.441442534
GYJcszwe,2024-08-02,CLAY,3.130009561,0.1167708458,3.4159071,0.1606742655,-2.590435026
xOpMoW3M,2024-08-02,HARD,0.7356599925,0.1091138151,0.8462483923,0.2148335312,-0.5975776784
vmNEXJAM,2024-08-02,HARD,0.01589880044,0.1235277855,0.3443762326,0.2164566668,-1.847994413
vsUNaiC5,2024-08-02,HARD,-0.6458769267,0.1227039436,-0.5192489195,0.2669389072,-0.5341474279
jVCrlWyK,2024-08-02,HARD,0.9628513597,0.117531397,1.098188825,0.2398575543,-0.6472734758
88Gkqd8r,2024-08-03,CLAY,0.8443584478,0.1138161163,0.8954757232,0.1550124398,-0.4857365315
Kdy9FGHN,2024-08-03,HARD,1.270347341,0.1122209517,1.206562373,0.1958761179,0.3973087945
KAG92Ym3,2024-08-03,HARD,1.507823773,0.1118664892,1.477095291,0.2094743847,0.1735064618
M30zO8VN,2024-08-04,HARD,-1.215548638,0.1702815991,-1.50182787,0.4487797324,0.6894644213
SIYcOxs4,2024-08-04,HARD,1.333656618,0.1610128022,1.056359696,0.298965086,1.100809388
hO8JRjWb,2024-08-04,HARD,1.250823374,0.1573482622,1.28390723,0.3118562731,-0.1228738656
va790EXa,2024-08-04,HARD,-0.4421417936,0.1609849854,-0.6134062954,0.3239864621,0.6091349253
8vaQdWWO,2024-08-04,HARD,0.277812176,0.1375973669,0.2029894028,0.2596725159,0.3397639898
MsPaBVoI,2024-08-04,HARD,-0.578304784,0.1970346442,-0.4131215564,0.4446304786,-0.4144193869
OpS6MGBG,2024-08-04,HARD,-0.05530886854,0.1379313751,0.06701521062,0.2567990042,-0.564715722
8Y5ZO3Y7,2024-08-04,HARD,-0.5098440222,0.1083462234,-0.3358907104,0.1780952596,-1.230681406
h2XrFDng,2024-08-04,HARD,0.4556375702,0.1977546815,0.1591635586,0.5554131697,0.5712240376
CtBmyb9l,2024-08-04,HARD,0.8529914554,0.1474877148,0.5938443806,0.3308393677,0.8750672106
n5UzHZHt,2024-08-04,HARD,0.8540020978,0.1573790361,0.638110451,0.2764187716,0.9500493957
zR0Ibh2C,2024-08-04,HARD,-0.3423149174,0.1239901553,-0.6379580068,0.2644338301,1.26579571
YLhITC1n,2024-08-04,HARD,-0.5367434204,0.1646232519,-0.7664177932,0.4000317443,0.6299555238
EHLiDiH5,2024-08-04,HARD,-0.5145626966,0.2034881802,0.06176390548,1.192839563,-0.4903426843
f5zjQbCi,2024-08-04,HARD,0.9681289434,0.1421159415,0.7677674742,0.3511730787,0.623922983
0lCRPU0B,2024-08-04,HARD,0.8622956497,0.1323864089,0.4622839195,0.2496928645,1.889448378
4zlMKxP7,2024-08-05,HARD,1.768089806,0.1656504454,1.781720301,0.293456582,-0.0562702428
842LdigM,2024-08-05,HARD,0.3740682424,0.13025347,0.4592408145,0.224534343,-0.4656971907
IygqqSPF,2024-08-05,HARD,0.544054508,0.1278287462,0.5297044214,0.2270809937,0.07645843208
niRAYJ5t,2024-08-05,HARD,0.3945244719,0.1507062077,0.5948953172,0.2945905906,-0.7915947674
S6CRe59L,2024-08-05,HARD,0.6566887974,0.1169342582,0.3007729813,0.2090314023,2.054178978
G6iu10o1,2024-08-05,HARD,1.841143845,0.1404788166,1.200094219,0.360588437,1.930296965
ruEblN1e,2024-08-05,HARD,0.8389869533,0.1504027793,0.9453803281,0.2965830867,-0.4162202963
vRc18rgR,2024-08-05,HARD,0.5861204147,0.1103869517,0.6682042537,0.2527647098,-0.3609878353
jgNwt286,2024-08-06,HARD,-1.488574951,0.1272438255,-1.290324592,0.2335563791,-1.012251248
Uqfv48ek,2024-08-06,HARD,0.3204479679,0.1177990674,0.8008166854,0.2360876289,-2.347854741
WOnVrUan,2024-08-06,HARD,-0.2160852223,0.1228450715,-0.2428313164,0.2357658276,0.1329112484
lfADI7Ar,2024-08-06,HARD,-1.402264722,0.1327355991,-1.391474413,0.2667296776,-0.04663924965
EXmCS8F5,2024-08-06,HARD,-0.1026920292,0.1238074377,-0.3719914825,0.221456364,1.466649071
pM3MGoue,2024-08-06,HARD,0.6037168248,0.1211591831,0.4256187697,0.218082087,0.9821812244
jJ6UEP97,2024-08-06,HARD,-1.113982826,0.1391231571,-1.219947887,0.2506278327,0.5083028454
rwa2ZYfc,2024-08-06,HARD,-0.302191347,0.1241915545,-0.2558085056,0.217106448,-0.2604640625
WEqHxT1E,2024-08-06,HARD,1.005364172,0.1392443011,0.82151669,0.2665515565,0.8088673461
tKk4UUpg,2024-08-06,HARD,-1.753051718,0.1313880533,-1.661366562,0.245221194,-0.4428117959
YmqnunaB,2024-08-06,HARD,-0.2347788061,0.1346535046,-0.280310374,0.2407814812,0.2281026301
4z6JMwqp,2024-08-07,HARD,0.3365068997,0.1194156416,0.3200309308,0.2347459088,0.08152271011
WxS3TOO0,2024-08-07,HARD,-0.09375678512,0.1188797148,0.1171095452,0.2118494846,-1.202541555
ddVYPkI8,2024-08-07,HARD,0.9824517937,0.1192583618,0.4297349205,0.2355469511,2.721066243
KpJCQnpI,2024-08-07,HARD,0.204502918,0.1255295597,-0.0362335104,0.2722821246,0.9963460314
vkjws8Ub,2024-08-07,HARD,-1.139016318,0.1119858645,-1.052712996,0.2340164948,-0.4200041252
vumPz7WQ,2024-08-07,HARD,-0.662745901,0.1250613033,-0.4114087453,0.2542350837,-1.135481749
lUQMqp9s,2024-08-07,HARD,-0.76456657,0.1087529687,-0.7130996632,0.1714393305,-0.3883411731
dfUUsOwf,2024-08-07,HARD,0.7079700008,0.152095507,0.462504064,0.2976477277,0.9593995188
hOOsOTnL,2024-08-07,HARD,-0.3239908579,0.1560368931,-0.2243780732,0.2835346706,-0.4207740799
SAMKOQEU,2024-08-07,HARD,0.1240958193,0.1194631579,0.08338068828,0.2564780143,0.1793957134
hfuLsLJj,2024-08-07,HARD,-0.6021951895,0.1303985739,-0.4996505934,0.2386084267,-0.5131709613
bPTeVpfl,2024-08-07,HARD,-0.4871290146,0.1265694896,-0.5699056312,0.2677363052,0.350852667
r55fgPEF,2024-08-07,HARD,-1.314684656,0.1252604064,-1.260338541,0.2159672803,-0.3089059509
WtnRbkO8,2024-08-07,HARD,0.9608000661,0.1237135508,0.8493869151,0.2302969348,0.5735663203
OhpTd25k,2024-08-08,HARD,-1.213948111,0.1285136288,-0.963309207,0.2382210896,-1.249552157
fZopG115,2024-08-08,HARD,0.3925513088,0.1111281744,0.4124997709,0.2030494273,-0.1173853345
ldZ0T6hg,2024-08-08,HARD,-0.6502339011,0.1065563001,-0.5477373974,0.2115107806,-0.5609823508
2Z51uIUG,2024-08-08,HARD,-1.304472715,0.1158382987,-1.347354514,0.2312985726,0.2141935229
6Pu3cKQr,2024-08-08,HARD,2.067721577,0.1142157831,2.392901813,0.2011909374,-1.963319892
KY0yUh1f,2024-08-08,HARD,0.8140693859,0.1176931552,0.6193333807,0.2048798143,1.161200602
tWLM1GSN,2024-08-08,HARD,0.8270142029,0.1142832859,0.5672270447,0.2229147851,1.357366892
jmxD7qA6,2024-08-08,HARD,-0.5355347548,0.1086733992,-0.5684623078,0.203220352,0.1917486667
vsSprRyB,2024-08-08,HARD,0.07452544243,0.1157381284,0.3143730028,0.2054973067,-1.412485988
ran95VVr,2024-08-08,HARD,0.4290597752,0.1180449638,0.1681093249,0.2111761136,1.490276154
SCmXkKr4,2024-08-08,HARD,-2.124949049,0.116000058,-2.147752958,0.2230088348,0.1197275372
Clayk884,2024-08-08,HARD,1.342441852,0.1186608357,1.318114224,0.2004719549,0.1505594042
xh4vKcrh,2024-08-08,HARD,0.7231908727,0.1227939677,1.064609279,0.2309414632,-1.745578631
6RQSrfBC,2024-08-09,HARD,-0.3182666767,0.1160892144,-0.4104244458,0.1908373749,0.6084353543
EL7wd38N,2024-08-09,HARD,0.3196824324,0.1074522228,0.2355998675,0.1996482587,0.4997002637
4ECvm7nS,2024-08-09,HARD,1.130934327,0.1027924869,1.212559432,0.1992842156,-0.4781014885
Yk2zNZfT,2024-08-09,HARD,-0.2145327547,0.112777262,-0.2037609571,0.1899328527,-0.07048407733
Y9h2dmFa,2024-08-09,HARD,0.7636792132,0.1172601649,0.9149335993,0.1987546985,-0.9425187162
Qqkfb9pm,2024-08-09,HARD,-0.3702214714,0.113912084,-0.3483147284,0.203776617,-0.1296530589
dpDznlBl,2024-08-09,HARD,1.215979715,0.1128397429,1.494347863,0.1963506139,-1.732347699
E70HhpcR,2024-08-09,HARD,-1.626870451,0.1186707014,-1.657920276,0.2104201942,0.1786896433
juSc3dFk,2024-08-10,HARD,0.6458539253,0.10170361,0.6847713126,0.1778219868,-0.2668014132
OCCmMBml,2024-08-10,HARD,-1.473983578,0.1047854027,-1.62667946,0.1688564067,1.153201858
dUUMT7bC,2024-08-10,HARD,1.018697343,0.1078639129,1.078908115,0.1937521067,-0.3740935826
KIGz6vtg,2024-08-10,HARD,-0.1250538413,0.1058661447,-0.2159158065,0.1844189201,0.6017124712
ngxoUG8s,2024-08-11,HARD,-0.1044718746,0.1271864125,-0.08256609905,0.2863645292,-0.08537927155
023SBZhD,2024-08-11,HARD,0.3925422962,0.1276628023,0.2027944534,0.2216470276,1.047234547
thXWMa1E,2024-08-11,HARD,-0.02531886792,0.1280314956,0.01541997751,0.2364935608,-0.2048830775
S8eEZxoK,2024-08-11,HARD,0.3982644387,0.1368740684,0.3396809306,0.2419024231,0.2937180155
E5VvLwWQ,2024-08-11,HARD,0.07309415851,0.1230927884,0.03192227866,0.2069781906,0.2474308405
YkCBFHgl,2024-08-11,HARD,0.2735267189,0.1335917973,-0.07575270217,0.2995606808,1.302684545
nZg2OCxJ,2024-08-11,HARD,-0.2090648113,0.1271092303,0.01107500404,0.2436396447,-1.059105032
v9jfQY76,2024-08-11,HARD,1.029828156,0.1385888548,0.4909859048,0.2973883294,2.047883423
GjP33Tkm,2024-08-11,HARD,-0.09931937491,0.1340033087,-0.1942885625,0.2614386293,0.4230546296
rcDb8rFD,2024-08-11,HARD,0.4396151986,0.1063719655,0.4255805049,0.1651540353,0.1110899551
bDNKtfhm,2024-08-11,HARD,-0.7075243291,0.1123288249,-0.5572526848,0.1904768242,-0.9768685327
CzUzwCiC,2024-08-11,HARD,1.518840745,0.127352336,1.701678774,0.2234968909,-0.9955060918
SUWlnGUP,2024-08-11,HARD,0.3413355733,0.1208771122,0.6151728249,0.2296096299,-1.40273944
K6zgSfwf,2024-08-11,HARD,-0.873630727,0.1269720407,-0.6948433295,0.2309604292,-0.9267101719
vNVSvYMa,2024-08-11,HARD,1.450001035,0.1290998815,1.341585744,0.2343997814,0.5541464508
Qqkpad97,2024-08-11,HARD,-0.4306367326,0.126852758,-0.5874852855,0.2255822735,0.8408479667
h8ttKC3N,2024-08-11,HARD,-0.6207264835,0.1011258968,-0.7605291304,0.1724610594,1.000727587
vmFJDeO0,2024-08-11,HARD,-1.231061141,0.1158184257,-0.8891376505,0.1807684464,-2.463561054
YVLv9kSP,2024-08-12,HARD,0.4011093043,0.1101122536,0.4969288435,0.2242813199,-0.4904004863
pbJ0YH9d,2024-08-12,HARD,0.5337416005,0.1143034948,0.5157599362,0.2050412118,0.1056345777
UkFkc7o4,2024-08-12,HARD,-0.1135246966,0.1310737948,-0.205324846,0.2187341882,0.5242359771
WjRDrHkf,2024-08-12,HARD,-0.918041175,0.11592455,-1.139624804,0.179755646,1.612910991
2esQcgf5,2024-08-12,HARD,0.2192836081,0.115155644,0.009272012376,0.2468340352,0.961917719
GvivVCwo,2024-08-12,HARD,0.7109892626,0.1286311638,0.6901543952,0.2168221372,0.119366923
Q5MmLdBC,2024-08-12,HARD,-0.2691694828,0.1097843353,-0.02506799301,0.1674818023,-1.929939256
AL0PzrA6,2024-08-12,HARD,-0.134817245,0.1100048386,-0.1099046242,0.1797492504,-0.1752467296
6NCPU9r9,2024-08-12,HARD,0.7781489069,0.1044138156,0.7935090023,0.1573670505,-0.130460403
rZUDzBke,2024-08-13,HARD,-0.07099073293,0.1280416378,-0.003228336661,0.2358729103,-0.3420713342
GWvfi2CM,2024-08-13,HARD,0.6579693758,0.1308483064,0.5692250546,0.2132254037,0.5271225361
lEpT3udS,2024-08-13,HARD,-0.2198519722,0.1148541649,-0.1785465138,0.184719691,-0.2855117755
6yr4oS3D,2024-08-13,HARD,-0.6487153043,0.117662076,-1.018730722,0.2476762537,1.697762139
bPJU1mlf,2024-08-13,HARD,0.3782658504,0.1165189734,0.2590544651,0.1853364007,0.8271210286
lKmwepDc,2024-08-13,HARD,-0.3099394087,0.1269481325,-0.1083590653,0.2535068475,-0.9186509233
xdjmkA4l,2024-08-13,HARD,-0.2202868014,0.1291515553,-0.2261714138,0.2137931928,0.03453931809
YNqdmlZ0,2024-08-13,HARD,1.205948022,0.1093537515,1.155282948,0.1775750986,0.362127435
6yn9K3yo,2024-08-13,HARD,0.2273714462,0.126260624,0.3177553102,0.2007858291,-0.5789413801
tEQBvPSG,2024-08-13,HARD,0.3699606294,0.1226921601,0.5777058276,0.2496208973,-0.955645636
MqQj9VeK,2024-08-13,HARD,-1.132523761,0.1240479865,-1.096140561,0.2408679301,-0.1762162668
xAVL39Js,2024-08-13,HARD,-0.4475767505,0.1313865528,-0.5503723632,0.2178082647,0.5917377175
nFVPotzp,2024-08-14,HARD,2.160145601,0.1391528075,2.089302913,0.2939216069,0.2736352596
zyCK7Nd3,2024-08-14,HARD,-0.7927311278,0.1067203328,-0.7533345071,0.1800488414,-0.2716791514
YoMabJJk,2024-08-14,HARD,0.4685450062,0.1217533761,0.1366722616,0.2278434784,1.723258362
xtKKx3cT,2024-08-14,HARD,0.8343985551,0.1167230754,0.8629892436,0.2081795705,-0.1658596378
v1OMYlK7,2024-08-14,HARD,-0.6595128759,0.1147759568,-0.5315313788,0.1720980728,-0.9980227988
ERShmmfA,2024-08-14,HARD,0.06230700072,0.1151812569,0.08622751316,0.2129247405,-0.1335732485
fcS3tob4,2024-08-14,HARD,0.590300745,0.1192612397,0.5950205692,0.2291409065,-0.02412274613
Ysver7Ti,2024-08-14,HARD,-0.1388676232,0.1138261704,-0.1889156256,0.2376450896,0.239909991
rsPYqK4d,2024-08-14,HARD,0.9894731742,0.1347625271,0.474343595,0.2417493198,2.566622997
4I2lqMF8,2024-08-14,HARD,0.04494269489,0.1155302594,0.03053792778,0.2237422542,0.07517859436
vRBFojQ1,2024-08-14,HARD,-0.7548995264,0.1098608703,-0.7603346862,0.1827671282,0.03721105412
Y35CXBb5,2024-08-14,HARD,2.783441067,0.1190480542,2.852953782,0.2042443413,-0.4188477372
SM4HfWtR,2024-08-14,HARD,0.4889670056,0.1148755039,0.4991465063,0.1782524839,-0.07468477253
YB5jXtLj,2024-08-14,HARD,0.6514276366,0.137555106,0.3340418889,0.2780548275,1.313429388
CUQzL8W0,2024-08-15,HARD,1.436739439,0.1101925524,1.449030025,0.1898665565,-0.07948969864
OUPcj3h3,2024-08-15,HARD,-0.5668621839,0.1242281955,-0.5410120228,0.1957650615,-0.1708550762
lMI6KRfm,2024-08-15,HARD,-0.9467497791,0.1449244259,-1.017534178,0.2409915529,0.367623924
ptraW0IP,2024-08-15,HARD,-0.5128545667,0.1049535594,-0.4029079792,0.1555192792,-0.9580152799
0YeeuwIF,2024-08-15,HARD,0.6806738102,0.1161928262,0.6669781071,0.1767186176,0.1028598593
d8XNr3XA,2024-08-15,HARD,1.980930233,0.1144726234,1.897590757,0.1946905568,0.5292016012
zLDQ6lyA,2024-08-15,HARD,-0.2109036563,0.1143888539,-0.2421886383,0.1733940262,0.2400813313
z9q3ULVq,2024-08-15,HARD,-1.209982034,0.1254454143,-1.443346876,0.2193509307,1.296906146
ILQrbPPP,2024-08-15,HARD,-0.3802844739,0.1112706797,-0.2078870097,0.1742684576,-1.285391538
p2c9r3UO,2024-08-15,HARD,0.8015674036,0.1320379174,0.543110038,0.2154093379,1.518573686
Ec9iE9un,2024-08-15,HARD,-0.68543227,0.1213091461,-0.4309990195,0.2242508376,-1.349014115
U3vDlxdE,2024-08-16,HARD,0.770418126,0.1093122573,0.6339305915,0.1675120076,1.075301744
vqizInEE,2024-08-16,HARD,1.908153455,0.1125181574,1.9225637,0.1837192582,-0.09922201918
hKIm6zcC,2024-08-16,HARD,0.3793866702,0.1112707348,0.5315219388,0.1968741704,-0.9367135709
W27kNsjf,2024-08-16,HARD,0.1918072746,0.1276142806,-0.2223942826,0.2260276573,2.220254606
CW5is3sQ,2024-08-16,HARD,1.208065751,0.1126581216,1.142878846,0.1999910906,0.3944959775
6scpEx8T,2024-08-16,HARD,0.1867848638,0.1234540651,0.01492647741,0.2067962109,1.035897527
foA6uMen,2024-08-16,HARD,0.9706005322,0.1057124367,0.8820325509,0.1680679654,0.6778569991
Ayg1xM9k,2024-08-16,HARD,0.04656960125,0.1083471419,-0.1832058741,0.1625238452,1.896776414
CSLXdV1K,2024-08-16,HARD,0.4762518525,0.1155341332,0.3657621664,0.1854341279,0.7617681646
p0vvTsu2,2024-08-16,HARD,0.9689949587,0.101422171,0.8634672078,0.1531214027,0.919906249
4nlREiKi,2024-08-16,HARD,0.7925672492,0.1174678901,0.5745910943,0.2159137836,1.203204156
b3lheZKH,2024-08-17,HARD,1.432792997,0.1858963591,2.081530435,0.8727416792,-0.7607916581
tQWd2VAm,2024-08-17,HARD,-1.177861396,0.1630536255,-0.8484475778,0.4900007671,-0.7128995867
juSLg6a3,2024-08-17,HARD,1.425605171,0.1164329891,1.523341442,0.1839759186,-0.6861347481
StV409u0,2024-08-17,HARD,-0.04905973439,0.1358656868,0.027017188,0.2614366071,-0.3406025229
67MBxO9E,2024-08-17,HARD,-0.02335271592,0.1565520612,0.007371439134,0.3316700339,-0.1050765664
QBqPEKH7,2024-08-17,HARD,-0.3215359093,0.186050328,-0.2697496988,0.774838682,-0.0688490439
xGvU0wit,2024-08-17,HARD,0.9999313469,0.15337318,0.7364931328,0.4213142778,0.6713411186
Ue4UcIeD,2024-08-17,HARD,1.210602005,0.1041890827,1.12509092,0.1554012655,0.7416371968
KEtHGtme,2024-08-17,HARD,-0.9729085962,0.1868437818,-0.5676313914,0.4196431577,-1.078575485
O8ODbmAC,2024-08-17,HARD,1.73043471,0.2084671733,1.925384121,0.8691363589,-0.231047035
SKyQrpEc,2024-08-17,HARD,0.6416305947,0.104821087,0.53662186,0.1528888595,0.9434803007
Onm8I2Ir,2024-08-17,HARD,-0.9806807573,0.1886653295,-1.052655385,0.9116450365,0.08069725669
jwopcej5,2024-08-17,HARD,-1.69512825,0.1661645144,-0.8903501524,0.8750574136,-0.936729468
Slc16rHU,2024-08-17,HARD,-1.749463833,0.192272881,-0.9793547389,1.022657177,-0.7667204549
dMMLdRvP,2024-08-17,HARD,-0.645318362,0.1593235859,-0.7996843039,0.5678054206,0.2832431257
vs6r2sY1,2024-08-17,HARD,-0.3864677852,0.206840117,-0.3542594321,0.5552560875,-0.06250497601
67IEkhRs,2024-08-17,HARD,-0.7020649271,0.1100064585,-0.6590512376,0.1598091599,-0.3710621896
CIjTpAlf,2024-08-18,HARD,0.5197527128,0.106985791,0.6963610811,0.1602298057,-1.480624663
6giyE8It,2024-08-18,HARD,-0.09989765676,0.1585000129,-0.104884266,0.3131959235,0.01846013416
zc3X18Oh,2024-08-18,HARD,-1.096884094,0.1756609858,-1.28458229,0.559593127,0.3532759978
CSo1yh8r,2024-08-18,HARD,0.2025814972,0.1001410253,0.2047776119,0.1428180399,-0.0215670854
UNdyaHLh,2024-08-18,HARD,1.453748968,0.1644383719,1.088047386,0.3892904718,1.036405698
EckBLTvP,2024-08-18,HARD,1.122209899,0.1943333421,1.176199071,0.5599985109,-0.1027977589
Ork11Q9E,2024-08-18,HARD,-0.07210190409,0.1626567943,-0.8507398974,0.3637418377,2.393251449
OEwnyFwJ,2024-08-18,HARD,1.306981269,0.146550293,0.9460132022,0.3065336328,1.340732313
KKBlhhdK,2024-08-18,HARD,-0.3534277649,0.156843193,-0.2780151292,0.3638133712,-0.2297283318
v7kqCnmg,2024-08-18,HARD,0.07491565242,0.1096786094,0.1103930189,0.2255371745,-0.1800217883
Ac0ZbGbE,2024-08-18,HARD,2.483159909,0.1700278089,3.029285156,0.3397435168,-1.856707676
4AQMDKue,2024-08-19,HARD,-0.6610022842,0.1307165365,-0.459381937,0.2268756353,-1.087289426
8rXDFtBr,2024-08-19,HARD,0.5022835212,0.1243402288,0.4058451846,0.2366518704,0.4789481221
fu7v1sdk,2024-08-19,HARD,-0.1875360146,0.1224383995,-0.2745879533,0.232637528,0.4400770822
4EfJYsvA,2024-08-19,HARD,1.550631958,0.1489725539,1.812829208,0.2628938636,-1.210451677
xOOUBbA7,2024-08-19,HARD,-0.9502056469,0.2068574599,-0.2912017481,0.5685182112,-1.244460765
GphZMOI8,2024-08-19,HARD,-0.504744325,0.1268620742,-0.6410664368,0.2270105477,0.724136863
nik82ZFd,2024-08-19,HARD,0.2943181427,0.1276664746,0.1879588897,0.2150163578,0.6147491547
IkOcpfwo,2024-08-19,HARD,0.7138892293,0.09986485424,0.6662769833,0.141117954,0.4775263545
ddP4LD4F,2024-08-19,HARD,-0.9410155481,0.1425363495,-0.9999314907,0.3179226089,0.2073192286
lWLdNZZ2,2024-08-19,HARD,-0.2281298708,0.1264176933,-0.1964381429,0.2206853472,-0.1752005079
b9L863YR,2024-08-19,HARD,0.6796841884,0.1434918304,0.571279702,0.2398454121,0.5640567715
C8704FUG,2024-08-19,HARD,0.3599021318,0.1810524211,0.7522213904,0.4108683904,-1.063696478
j70maLQ1,2024-08-19,HARD,0.1752282635,0.1277358559,0.1513865556,0.2211602436,0.1320563152
IBDDJiZR,2024-08-19,HARD,-0.8437306277,0.1272128821,-0.6734712923,0.2005433126,-1.098230149
CYYnYjlL,2024-08-19,HARD,0.1891708677,0.1296694594,0.1081773233,0.2537012111,0.3714279009
OChhC9R1,2024-08-19,HARD,0.03174476283,0.1200476008,0.01430750141,0.1848473448,0.1240556421
Qmg7zvBC,2024-08-20,HARD,1.536423659,0.1405960129,1.752039373,0.2612412362,-0.9792650326
SxqSqrlQ,2024-08-20,HARD,-0.1175312022,0.1190414877,-0.2860402908,0.1862116046,1.176806996
x0trL2mL,2024-08-20,HARD,-0.2824370986,0.1228955281,-0.2345831845,0.2326623294,-0.242229382
UFEhAoZ2,2024-08-20,HARD,-0.8901648454,0.1193735731,-0.613279662,0.1991380234,-1.737130333
nNPbvMBm,2024-08-20,HARD,0.07699904644,0.1272842776,-0.1727682333,0.2339346276,1.272533328
KzO6x0t0,2024-08-20,HARD,-1.038752601,0.1182426735,-1.098528635,0.1868019009,0.4133448113
8z192gaT,2024-08-20,HARD,2.793313302,0.1746350775,3.385280128,0.3242011912,-2.167213782
rTFq8cVi,2024-08-20,HARD,-1.404553736,0.1423064457,-1.328538462,0.2685111226,-0.3338402022
0WjtMvdJ,2024-08-20,HARD,0.9571337893,0.1228174186,0.7913581965,0.2266883165,0.8700545717
G6uvzDJ8,2024-08-20,HARD,-1.74125059,0.1791112404,-1.818009955,0.4263291431,0.198406421
4r4h6y04,2024-08-20,HARD,-1.018714701,0.1308984796,-0.9353052592,0.2319974153,-0.4354626338
SpaqEVdk,2024-08-20,HARD,0.7827036017,0.126406099,0.7456196294,0.2152116166,0.2129100105
SbvISUBr,2024-08-20,HARD,0.9049908582,0.1347060863,0.9491536759,0.2438944718,-0.2172090559
rR4eJ27e,2024-08-21,HARD,1.366145773,0.1333400979,1.744561068,0.2283466826,-2.041387781
xpGGRuI5,2024-08-21,HARD,0.1567668741,0.1231407715,0.3660796106,0.2108334165,-1.223087758
8zJffIBU,2024-08-21,HARD,-0.5679598714,0.12249554,-0.596236159,0.2311694863,0.1442326603
j7SjTtT9,2024-08-21,HARD,0.05426085112,0.1090213479,0.1897230357,0.1601853465,-1.154231462
roT00QCF,2024-08-21,HARD,0.2314220931,0.1187078116,0.2615545771,0.1962954011,-0.1927441977
v5AeoF1M,2024-08-21,HARD,1.029325578,0.1174816783,0.9249652737,0.1982478705,0.6535260743
I7kADizg,2024-08-21,HARD,0.5815624443,0.1137957876,0.805212785,0.1899071161,-1.471026311
Ag4xXeBr,2024-08-21,HARD,0.6815890621,0.1316886992,0.3532273538,0.2261463617,1.786045276
vNXYFQ6D,2024-08-21,HARD,-0.2824328946,0.128860994,-0.01504138841,0.2093413342,-1.620743951
S8imkeXQ,2024-08-21,HARD,0.02262698874,0.1251588145,-0.02056540586,0.2163485705,0.2447564838
dKebu2iM,2024-08-21,HARD,0.4386518974,0.1253700332,0.4327948376,0.2129478483,0.03402672324
h21vHQto,2024-08-21,HARD,-0.7902190226,0.1206692305,-0.7306741466,0.2046940732,-0.3601274753
GS4IrmBm,2024-08-21,HARD,-1.004999096,0.1150903286,-0.9283708217,0.1693517448,-0.6168031248
rXNeF8Yh,2024-08-21,HARD,1.231381568,0.1480428536,0.8346830015,0.2361365748,2.15635917
S4yKT7KD,2024-08-21,HARD,0.8407661943,0.1270880162,1.053998971,0.2572729666,-0.9532436563
CYf3COUi,2024-08-21,HARD,-1.093688294,0.1183675183,-1.086473513,0.209723998,-0.0416731146
Ue8CH7uQ,2024-08-22,HARD,0.5848138367,0.1139828114,0.7140659515,0.1757624016,-0.9660664747
6up2Q1Cr,2024-08-22,HARD,-0.2027125756,0.1211788448,-0.03915003795,0.2071316003,-0.9736695494
dKJQmLDa,2024-08-22,HARD,0.5113909778,0.1118626632,0.3884701506,0.1870494552,0.8199416269
vBVc1Yrh,2024-08-22,HARD,-0.1819748137,0.1133822547,-0.1954296057,0.1732131568,0.1027494715
0QJ6aCD4,2024-08-22,HARD,-0.1516042142,0.1138742285,0.06050603902,0.1773994296,-1.559329995
GWf4KmPH,2024-08-22,HARD,0.3546178211,0.1163748509,0.4105469299,0.1975534642,-0.3503497727
M3rM2XGb,2024-08-22,HARD,-0.9843804906,0.1063672588,-0.8717026881,0.1646278618,-0.8967474396
8jNEcjrH,2024-08-22,HARD,-0.5236226019,0.1163592155,-0.6796284485,0.1808355584,1.126990078
zBYOIH1n,2024-08-23,HARD,-0.5618262751,0.115276051,-0.7026541085,0.17869928,1.031356665
WOnRzFYi,2024-08-23,HARD,-0.3187111773,0.114856757,-0.2763419209,0.180932507,-0.303066957
jT9vDBto,2024-08-23,HARD,0.1987963395,0.110068569,0.1074024469,0.1683418111,0.7175296842
d2dI8B7k,2024-08-23,HARD,-0.4577184829,0.1127691597,-0.6134536124,0.1700329565,1.223785184
v5ACgPMG,2024-08-24,HARD,0.7248206306,0.1116089573,0.7408403578,0.1668149536,-0.1292137482
WOQRbKbd,2024-08-24,HARD,-0.6480987587,0.1154968129,-0.4705559013,0.1524943974,-1.783020123
Ekq8Sf7M,2024-08-26,HARD,-0.4403621419,0.1484423115,-0.2656491361,0.263174164,-0.8039644725
UFlwNYUq,2024-08-26,HARD,-0.9504205708,0.1324905657,-0.7810306116,0.2274073791,-0.9164872033
Ic68egy9,2024-08-26,HARD,0.6619183626,0.1220946501,0.738566826,0.2025285562,-0.4743447427
K417Wo2t,2024-08-26,HARD,1.856345593,0.1367390771,1.709873152,0.2017171413,0.9876914292
K8gvEx9l,2024-08-26,HARD,1.226322556,0.1320259714,0.9849978856,0.2576427539,1.090762288
OdbOS315,2024-08-26,HARD,-0.1513088278,0.1210943322,-0.09053393717,0.1771845686,-0.4698608755
vRZk8WKE,2024-08-26,HARD,-0.913075725,0.1500524806,-1.054857613,0.2375703015,0.7697821926
UyQDZBEk,2024-08-26,HARD,-0.3873508878,0.1339755872,-0.1087337852,0.2222419368,-1.571276258
4hRcCrHO,2024-08-26,HARD,-0.3052962109,0.1142833319,-0.2802353587,0.1761841648,-0.1868954881
nHMluYjS,2024-08-26,HARD,-1.2970662,0.1865516297,-0.8669167807,0.3239650793,-1.624051285
2ioeAf8D,2024-08-26,HARD,-0.1231174818,0.2034179235,1.435449577,0.8749411221,-1.83152685
CKs4pTS7,2024-08-26,HARD,-1.761398224,0.1275154971,-1.469244859,0.1968816506,-1.947594651
INkaUGxA,2024-08-26,HARD,-2.116817935,0.1289032992,-2.053698572,0.2048575491,-0.3964321564
C2WCcHO7,2024-08-26,HARD,0.1484065793,0.1617785565,-0.6723577842,0.5118657314,1.690110405
pCnXQsWH,2024-08-26,HARD,-0.8057034849,0.137020155,-0.830528792,0.222748448,0.141358169
x2TLXkq2,2024-08-26,HARD,0.9752426261,0.1332506797,0.6950839892,0.2048928179,1.799986409
U1948ZFj,2024-08-26,HARD,-1.361588167,0.1252787978,-1.110238468,0.1986501809,-1.630384792
GCvZaM7K,2024-08-26,HARD,-0.2929212191,0.1272436992,-0.1758790753,0.2467196133,-0.5537166567
E3OtsfMF,2024-08-26,HARD,0.9228349292,0.1342058322,1.200441437,0.2652673201,-1.213244406
EPB3yX6C,2024-08-26,HARD,0.06543965242,0.1459710031,0.1270809942,0.3020826101,-0.2330716735
GWfGUPWh,2024-08-26,HARD,0.2118575112,0.1255885506,0.1021330953,0.184833146,0.8091012549
0tOb6AkR,2024-08-26,HARD,-1.002219432,0.1202789967,-0.9603688271,0.1803862,-0.3113127416
Ghlenkbe,2024-08-26,HARD,1.058680826,0.1632698373,0.6786570735,0.4527770443,0.89985839
QN9GgX5L,2024-08-26,HARD,1.456640324,0.1233707427,1.285923585,0.1929635112,1.150590907
SAEaLKGE,2024-08-26,HARD,1.564340533,0.163774462,1.70665244,0.3088174129,-0.5435628912
KSHLQFhf,2024-08-26,HARD,1.23432579,0.1357459248,1.532897055,0.3368799044,-0.9683816675
AgYlE4nC,2024-08-26,HARD,-0.4487509696,0.1390708069,-0.3145574584,0.2050273525,-0.8907614027
IyVXrGi3,2024-08-26,HARD,0.05703620985,0.1378767759,-0.1634021872,0.2314220031,1.186007653
EVEDSyOs,2024-08-26,HARD,-1.927708604,0.1774566014,-1.501865235,0.382670586,-1.256038888
jVxnLCad,2024-08-26,HARD,0.600609092,0.1225776501,0.4997377142,0.1906024832,0.6910939769
pAiiWx8c,2024-08-26,HARD,0.2313510832,0.1180814377,0.2519796758,0.1725614876,-0.1639347314
zyI7JboR,2024-08-26,HARD,-2.968250994,0.1343838297,-2.792183719,0.2566971201,-0.8050233704
t4o0R4Tb,2024-08-27,HARD,-1.534257583,0.1458699104,-1.13584619,0.2474656281,-1.99302366
xltWNacm,2024-08-27,HARD,1.078030185,0.1265035761,0.4959563347,0.2140640806,3.370716765
2JZ8PrbB,2024-08-27,HARD,1.395064523,0.1390708758,1.50113991,0.2284733441,-0.5851740685
6a8ewgx0,2024-08-27,HARD,1.629941458,0.1627705176,2.052228785,0.3658769439,-1.288733567
dtervrD4,2024-08-27,HARD,0.45726957,0.1333648288,0.3520327193,0.2347329715,0.5447979781
foYtYc0K,2024-08-27,HARD,0.235615431,0.1665043875,0.8070905052,0.3579656897,-1.803418128
lzYGNMSN,2024-08-27,HARD,-1.617335197,0.1352806939,-1.98636973,0.2511554889,1.743948385
tr6UOgN6,2024-08-27,HARD,0.5981645127,0.1443586438,0.7941943227,0.2318239644,-1.080699165
zu0CZAyP,2024-08-27,HARD,2.866894863,0.1277902474,3.023397989,0.2152447208,-0.9035720868
YwrhTQbn,2024-08-27,HARD,1.097558151,0.1627706901,0.9694231102,0.2468249742,0.6905741367
EyjoXZaK,2024-08-27,HARD,1.279691308,0.1262647721,1.186665978,0.2098895677,0.5548356051
vkY4awfe,2024-08-27,HARD,1.367310369,0.1420828598,0.9980757772,0.2414042357,1.891932511
vDxmKHdC,2024-08-27,HARD,-0.4949862765,0.1396744824,-0.4962606439,0.2223807635,0.007364410151
hbBTWftI,2024-08-27,HARD,-0.6464557314,0.1472974445,-0.8973089269,0.2784678574,1.061491601
04YfmGQb,2024-08-27,HARD,-1.796911223,0.1481904795,-1.650161199,0.226647181,-0.8557394425
b9RHRDNs,2024-08-27,HARD,0.1186170431,0.1315345907,-0.1510649192,0.198009553,1.822074167
4GiPpypQ,2024-08-27,HARD,2.702834199,0.1761098768,2.891460432,0.2845254372,-0.8440684481
4xunkxdn,2024-08-27,HARD,-0.3977169522,0.1440628608,-0.4449017398,0.2478534422,0.2339517871
6PinCGw1,2024-08-27,HARD,1.298674349,0.1366650993,1.129979551,0.2258760412,0.9380240641
nqwYNVM6,2024-08-27,HARD,-0.4826575744,0.1310778664,-0.5891104473,0.1905175145,0.7699532754
bH9Dzwsg,2024-08-27,HARD,-0.4417562624,0.1219821938,-0.4184524666,0.1716095818,-0.1930607614
lQ4xVYAU,2024-08-27,HARD,-0.8672625155,0.1644834788,-0.7244111067,0.2732708191,-0.6546062369
IaTct8DE,2024-08-27,HARD,1.623257653,0.238612586,0.4318637832,1.187582518,1.024093629
6ZUPPihf,2024-08-27,HARD,-1.565928543,0.128445785,-1.441417199,0.2108661027,-0.744547213
0E1Zu4rh,2024-08-27,HARD,-2.125172864,0.1581405534,-2.112618978,0.3401614396,-0.04168417913
0nweuF7m,2024-08-27,HARD,-0.6771973676,0.1375057344,-0.5482208138,0.2728157071,-0.547373489
ji65xaCt,2024-08-27,HARD,0.3765928655,0.1144058837,0.2201016194,0.1685270172,1.264634078
KWcMYGB5,2024-08-27,HARD,0.1201289819,0.1276419528,0.1167184408,0.1961129123,0.0229066684
CQzeIeRO,2024-08-27,HARD,-0.5350670971,0.1425069665,-0.3135384566,0.2317432633,-1.212210593
8KEmI0jo,2024-08-27,HARD,1.01412587,0.1404212334,1.194390488,0.2369841148,-0.9442812331
KdytM9iJ,2024-08-27,HARD,-1.871955693,0.1451989076,-1.469206655,0.1984943774,-2.975800693
2HEjBCKh,2024-08-28,HARD,-0.7567545308,0.125226173,-0.7265293304,0.2061895143,-0.1845178762
IwCWkg2S,2024-08-28,HARD,-0.7670145152,0.1170288653,-0.7655433204,0.1673873929,-0.01229295992
nRsZncwR,2024-08-28,HARD,0.7481661201,0.1421020915,0.7999129955,0.2633030767,-0.2334459887
ng22pXPk,2024-08-28,HARD,-0.0271454144,0.1371610924,0.0003769859672,0.2186716095,-0.1616056554
MBINiFXF,2024-08-28,HARD,1.443946644,0.149672189,1.239293583,0.3286349006,0.6994933015
llBroxo4,2024-08-28,HARD,1.509485103,0.1190758284,1.440538654,0.1804030259,0.508747468
SYMZnbGi,2024-08-28,HARD,-0.1296600573,0.1253878335,-0.1089541917,0.1961176461,-0.1373086657
h8bWSyne,2024-08-28,HARD,-1.256233797,0.1256220549,-1.01756407,0.1831019043,-1.791654883
h0QFeRLb,2024-08-28,HARD,1.110823978,0.1600981125,1.33787405,0.2681180758,-1.055694092
pdGnFCIl,2024-08-28,HARD,-2.472471761,0.1143396549,-2.345981265,0.1774448455,-0.932168116
4rQrxtP8,2024-08-28,HARD,1.584464986,0.1177917472,1.444870872,0.1690503491,1.151230491
rarPfyj2,2024-08-28,HARD,0.9284924386,0.1219785387,0.8686975477,0.1922387608,0.4024336363
6BO5sy1l,2024-08-28,HARD,1.102146763,0.1275905408,1.094658508,0.1950211955,0.0507705516
foSKXP53,2024-08-28,HARD,-2.602069588,0.1307437509,-2.955173761,0.2151148925,2.067076602
4QGQC9Bm,2024-08-28,HARD,1.149142359,0.1305615211,1.027837096,0.1902978292,0.8761997093
vgrtoAF7,2024-08-28,HARD,-0.1938940553,0.1205344376,-0.2021068128,0.182898021,0.05970249076
Ei4KDjvm,2024-08-29,HARD,-1.444316393,0.1331262369,-1.310874661,0.2118038207,-0.8100291414
U3nGdh4l,2024-08-29,HARD,0.4406366537,0.1271203263,0.2706862826,0.1946749003,1.152669863
dzMAO7h5,2024-08-29,HARD,-0.8148975916,0.1223090589,-0.6162955806,0.1874162363,-1.39855925
WEDtEaIO,2024-08-29,HARD,0.630891473,0.1276172792,0.6344264346,0.1897228835,-0.0251800612
WG4CwPSi,2024-08-29,HARD,0.7686757151,0.1332584039,0.7475744838,0.2142293581,0.1257979062
KU0p2EtR,2024-08-29,HARD,-0.3366348397,0.1225413548,-0.3036393156,0.1919259604,-0.2233755901
0Ik8i6gJ,2024-08-29,HARD,0.94610714,0.12222847,0.8764555643,0.187845463,0.4883038567
bFCy4zCE,2024-08-29,HARD,0.8581715724,0.1167130715,0.8193834166,0.1902251341,0.2582226609
Aui8Tgz2,2024-08-29,HARD,-1.281458691,0.1367408667,-1.260414441,0.2714560075,-0.08974089929
nobwlXnR,2024-08-29,HARD,3.20668882,0.1321255738,3.299632255,0.2461692296,-0.4474741663
GEwnPg16,2024-08-29,HARD,-1.54360138,0.1192959978,-1.403440018,0.1811086016,-1.028576268
42vArBAl,2024-08-29,HARD,-0.4697836323,0.1315226252,-0.3191540907,0.1886886229,-1.113327583
S4i0gSO6,2024-08-29,HARD,-0.009378104509,0.1246550008,0.2976374967,0.20360883,-1.907051096
6iYl0zxi,2024-08-29,HARD,1.336773254,0.1346606184,0.9959462377,0.2158795731,2.019930397
W0GC0bTI,2024-08-30,HARD,-1.322552117,0.1234019159,-1.382667062,0.2072949038,0.3609147363
hSM4SMzJ,2024-08-30,HARD,1.782475706,0.1324291777,1.60778663,0.1975357366,1.191844219
04Yrik6j,2024-08-30,HARD,-0.7348894555,0.1248068904,-0.8571698673,0.1737752815,1.011269802
x4zavi5m,2024-08-30,HARD,1.138100488,0.127654929,1.221587945,0.180025519,-0.6576995554
xUqY2XnC,2024-08-30,HARD,0.3120105261,0.1127133102,0.3312812376,0.1615577583,-0.1664945979
8KYxDWS9,2024-08-30,HARD,0.2654335246,0.122096657,0.1894991537,0.1775263647,0.5892227614
IHvfDyDO,2024-08-30,HARD,0.6615597319,0.1312085688,0.8059833335,0.2135393359,-0.8572475891
UuftRRCt,2024-08-30,HARD,-1.954887065,0.1138800012,-1.747235076,0.1671119411,-1.697864455
hCEjVo5e,2024-08-31,HARD,0.8936425972,0.1177782108,0.5526999129,0.1764029185,2.59617298
4pBowqUq,2024-08-31,HARD,-0.2707173218,0.1285031004,-0.3078687687,0.1971236713,0.2485355495
hMPQImuh,2024-08-31,HARD,-1.750529327,0.1139518112,-1.672037877,0.1638530977,-0.6666479152
ba6LFOk2,2024-08-31,HARD,-1.905623896,0.1256574231,-1.902551104,0.1893638114,-0.02169060953
65qW0FJ6,2024-08-31,HARD,-0.547632007,0.1172033013,-0.695146778,0.1742574656,1.143936147
bmOlrg0s,2024-08-31,HARD,-1.5736834,0.1498445008,-1.243109534,0.2642176672,-1.519055594
b9afOwhB,2024-08-31,HARD,2.085759658,0.1281296252,1.997145472,0.1769876412,0.7257749002
21MvZMyQ,2024-08-31,HARD,-0.2897596646,0.1173006189,-0.4254269887,0.1681292267,1.126345065
GKlSxzcS,2024-09-01,HARD,1.310397287,0.1189795293,1.303209708,0.1631341185,0.06439952099
AJyYoYjt,2024-09-01,HARD,-0.7506779628,0.1167755951,-0.9403979927,0.1657937077,1.612027336
YPt8lGlB,2024-09-01,HARD,-1.717291621,0.1130904045,-1.57287782,0.1696144867,-1.142418635
KvrYsMvP,2024-09-01,HARD,0.6190275765,0.1213384433,0.5902186986,0.1751855893,0.2279896065
CMG3VKnI,2024-09-02,HARD,0.2114891481,0.1227813131,-0.1016917711,0.1842172941,2.280424473
zZGAyTm3,2024-09-02,HARD,-0.5941754961,0.1107208425,-0.6017201668,0.1606211406,0.06483809141
WnTgwvmd,2024-09-02,HARD,0.2291270253,0.1286583778,0.3971572302,0.1719110442,-1.473698075
zgLd1jZo,2024-09-02,HARD,1.756809086,0.1228475256,1.678023224,0.1684501603,0.6835728487
nVoj7zyP,2024-09-03,HARD,0.1249416243,0.11347962,0.1256642129,0.1549631026,-0.00684743085
4rA3G8lJ,2024-09-03,HARD,-0.953861,0.1136524157,-0.8120619024,0.1614772971,-1.236168774
SQ25yQyn,2024-09-04,HARD,-0.7343877853,0.1108255206,-0.5328590458,0.1622211336,-1.701200626
pdj4wMQF,2024-09-04,HARD,1.147748497,0.1202967195,1.142128752,0.1600535065,0.05323049641
bTge5vP8,2024-09-05,HARD,-1.192285336,0.1142916782,-1.054838123,0.152888184,-1.35350568
dMli7pF1,2024-09-05,HARD,0.190899942,0.1110292488,0.3940507671,0.1527318029,-1.937010302
06kzvtUt,2024-09-07,HARD,-0.8163281972,0.1945638395,-0.7926005602,0.5442542591,-0.04668139862
8jHPlcra,2024-09-07,HARD,-1.317361834,0.1802408695,-1.835035919,0.5266751209,1.046073282
GGKXnyDB,2024-09-07,HARD,2.195323246,0.2000389614,1.736917728,0.8956505592,0.5250766139
QugiAdJC,2024-09-07,HARD,-0.8832218701,0.1616890444,-0.5355849987,0.3323096819,-1.197421738
tlyvYaBJ,2024-09-07,HARD,-0.1500385686,0.1685325241,-0.3823133581,0.2889520077,0.9896132186
xKM9SwZt,2024-09-07,HARD,0.9684222979,0.1897266798,0.3672424883,0.6497595262,0.9673935414
AHx6USdp,2024-09-07,HARD,1.776907772,0.1632650004,1.360465984,0.3239975513,1.48806145
lSLHLbEC,2024-09-07,HARD,1.982334165,0.2278050205,1.726362416,1.216536123,0.2141992997
h0S8NKq0,2024-09-07,HARD,-2.404783233,0.2256234886,-1.946630474,0.9492269753,-0.4968996427
p82dLMRD,2024-09-07,HARD,-1.99899933,0.1882309053,-1.790602817,0.9156367247,-0.2325645758
x2sodujP,2024-09-07,HARD,-1.15787952,0.1978847005,-1.542388074,0.597934335,0.6814624106
CInyEvKm,2024-09-07,HARD,2.208866742,0.1911978456,1.834302701,0.4783111909,0.8543211738
GYD3q26J,2024-09-07,HARD,-2.524509707,0.2246586096,5.425187554e-15,1.213390184,-2.117147092
Qod111zr,2024-09-07,HARD,-0.2714605829,0.1579311145,-0.2332903282,0.3071767398,-0.1448763235
MgabYybI,2024-09-07,HARD,1.304100385,0.2240287839,0.3313306287,0.6961626794,1.475836916
hEFAcJZ6,2024-09-07,HARD,-0.9756164049,0.2074692189,-0.3666824819,0.552816172,-1.188376436
hE7sxKbg,2024-09-07,HARD,2.239089703,0.2000238928,2.20952138,0.932908693,0.03244940999
xnZKlSCQ,2024-09-07,HARD,-0.8213052372,0.1137899802,-0.7382187151,0.1496405928,-0.8549667035
6cqTJ9j9,2024-09-07,HARD,1.74401891,0.1860746975,1.7141295,0.4640506261,0.0703096944
lt1jzbT5,2024-09-07,HARD,1.171347382,0.1856989696,1.135812582,0.3943783769,0.1021341832
nyTGjJDn,2024-09-07,HARD,-0.702789441,0.2105585637,0.1130997893,0.8908555717,-0.9425547733
tzd5J0dQ,2024-09-07,HARD,0.8589608625,0.1577706197,1.004235825,0.3157657153,-0.5311195831
YXzpCIl0,2024-09-07,HARD,-1.065687698,0.1910839853,-0.7162149889,0.44350336,-0.8731849047
YoGIQH3g,2024-09-07,HARD,1.207109762,0.1928007154,1.394190133,0.8791329164,-0.218110758
YBa9au5f,2024-09-07,HARD,-1.380011115,0.175374484,-1.166898404,0.4813460724,-0.4754211495
jmrp3KLu,2024-09-08,HARD,1.134189193,0.1381769215,1.14955463,0.3426772044,-0.04899945892
SIW2eaqj,2024-09-08,HARD,0.8974635994,0.1631562813,0.9921129741,0.3745654633,-0.2807223733
rqYtG6qN,2024-09-08,HARD,0.3324223092,0.1813671144,-0.2147930174,0.7019298134,0.8069904031
IqmFVWQJ,2024-09-08,HARD,0.02917100479,0.1439232135,0.2150576275,0.2867136297,-0.7496231941
nBosp0Gg,2024-09-08,HARD,0.5744538159,0.1561406794,0.5446890261,0.267473432,0.1370585513
xzmmMEp8,2024-09-08,HARD,0.1704407745,0.1599153802,-0.1139682391,0.3419607379,0.9409256045
bs5OM0g9,2024-09-08,HARD,-1.909898826,0.1834110843,-1.885337018,0.3578574857,-0.07993241229
EgmK52JA,2024-09-08,HARD,-0.2317531486,0.1468775311,0.09452240088,0.3239287772,-1.130092257
UXRREWxr,2024-09-08,HARD,0.1100957137,0.1586407655,0.3533205478,0.6795205903,-0.3681080636
YD6dqUOT,2024-09-08,HARD,-0.5037390766,0.1498094061,-0.3966377627,0.2527995734,-0.5259629935
dxmBDdGe,2024-09-08,HARD,1.096842041,0.1696842743,0.8163888437,0.5514981656,0.5344560043
IkKOMuxC,2024-09-08,HARD,-0.2671934046,0.1701468347,-0.493676694,0.3870347605,0.6515085134
OpbQ70QA,2024-09-09,HARD,-0.8514344097,0.2167241611,-0.5447982693,0.7626542514,-0.4193528127
UqQckhAq,2024-09-09,HARD,0.4502703155,0.1639188447,0.753043016,0.3483503886,-0.9850311782
WdMaiutU,2024-09-09,HARD,3.374791524,0.243799515,3.455710813,0.5843996991,-0.1523569289
ryjI9Meb,2024-09-09,HARD,-0.8885559166,0.1713697452,-0.9156197415,0.2575990418,0.1407177578
ANiABrRo,2024-09-09,HARD,-0.4390814447,0.1467315329,-0.3526428703,0.2650271598,-0.391653365
x8Mg9D1F,2024-09-09,HARD,-0.09752335265,0.1346972347,0.136923065,0.2292533727,-1.263797564
0thxmuNK,2024-09-09,HARD,1.099746222,0.1366028997,0.8041952454,0.2495389882,1.415280652
CKBsRc01,2024-09-09,HARD,0.1209955083,0.1387660813,0.2850709172,0.2506577783,-0.7860194391
GhIYSJVl,2024-09-09,HARD,-0.9276843088,0.1358525417,-0.6056923323,0.2268875805,-1.771915314
tb6AI9jO,2024-09-09,HARD,0.5283877381,0.1425316948,0.6189745126,0.2249251997,-0.5206131183
8p82KVLB,2024-09-09,HARD,0.3650894893,0.1286760125,0.1741315607,0.2606967324,0.842236139
0zD55MkG,2024-09-10,HARD,0.6301543426,0.1371256412,0.7887870382,0.3292924459,-0.5298657254
48Jd7rL3,2024-09-10,HARD,0.4598941905,0.1395775501,0.3075815414,0.3330437925,0.5037055181
nXnWjNzN,2024-09-10,HARD,0.1250755526,0.1504629844,0.8944679139,0.396773872,-2.095648283
OWIig1BH,2024-09-10,HARD,1.361674803,0.1617253554,1.09873896,0.359080262,0.8201400081
j5gNhq6A,2024-09-10,HARD,-0.01016773937,0.1396775387,0.0806590029,0.3337045647,-0.299693074
MRA5uSns,2024-09-10,HARD,-1.028864107,0.1422386144,-0.8701406829,0.2566843537,-0.7428424055
jaE6mWvd,2024-09-10,HARD,0.477692026,0.1581398845,0.3601057144,0.3314070473,0.4037397125
4hBoODMn,2024-09-10,HARD,-0.9412127716,0.1308173746,-1.208309562,0.2227650667,1.481333716
vR3Tl1h8,2024-09-10,HARD,0.09178960257,0.1295091871,0.0505964089,0.2205166713,0.2308005528
I56hBZW2,2024-09-10,HARD,0.4761874525,0.145662894,0.1100815579,0.3166556401,1.302108655
IFw2o1bp,2024-09-10,HARD,0.1645049747,0.1505939013,0.5299964324,0.3439571614,-1.181910746
ALK17iWR,2024-09-10,HARD,1.373173495,0.1862366493,1.049273926,0.4003221928,0.91403096
46jKxDyt,2024-09-10,HARD,0.6440956517,0.1334125099,0.6922709408,0.2294526447,-0.2580627474
Uer8sJpr,2024-09-10,HARD,-1.948081352,0.180357864,-1.938102114,0.4420541251,-0.02472632837
QNyHucFf,2024-09-10,HARD,-1.188000027,0.1446916372,-0.9608517732,0.2578442046,-1.064326606
CIEgMiia,2024-09-10,HARD,-0.1924372938,0.147584477,0.0768012596,0.2597472547,-1.259617683
p4bDtMxE,2024-09-10,HARD,-0.8504357086,0.133217355,-0.4148465211,0.2658060722,-1.893758561
IuPuP620,2024-09-11,HARD,-0.9828596985,0.1512835093,-0.6249236918,0.3921610642,-0.9893036086
StuHZEk8,2024-09-11,HARD,0.7149298523,0.1321499294,0.4409284501,0.2495390693,1.294446196
zgVgqTqO,2024-09-11,HARD,-0.1219816128,0.124785233,-0.05125330468,0.2203517118,-0.3894437624
6F2ouAJS,2024-09-11,HARD,-1.12537633,0.1375645798,-1.440316642,0.2152520887,1.902296056
jLsY0Quk,2024-09-11,HARD,0.237960969,0.1195147324,0.2096723186,0.2209775939,0.1521966212
Qy5aLOUc,2024-09-11,HARD,-0.6772694794,0.1331783698,-0.6754543273,0.247128282,-0.008719449463
WOAzRJbI,2024-09-11,HARD,-1.335121255,0.1450764586,-1.501911218,0.2329314394,0.9152427155
2uwZU5MT,2024-09-11,HARD,-0.3507857143,0.1362196802,-0.3958030732,0.2083345663,0.2855872058
8dQ2ThoP,2024-09-12,HARD,0.05014424184,0.139589097,0.03397582956,0.2433916033,0.08109143959
A7LZUH7G,2024-09-12,HARD,-0.5396023894,0.1676265397,-0.6646160197,0.310695602,0.4778859466
84AN4rGh,2024-09-12,HARD,0.7414000933,0.1304244407,0.5679478367,0.2197592588,0.9806671154
U1Dv3jYC,2024-09-12,HARD,-1.149926991,0.1444195401,-1.049383834,0.2344289968,-0.544472115
KvKeSWsr,2024-09-12,HARD,0.596072388,0.145377104,0.7598037135,0.248282227,-0.8134914719
YwAsMAwa,2024-09-12,HARD,-0.4073996071,0.1259725831,-0.2970152758,0.2504326487,-0.5099934432
roHEZN8i,2024-09-12,HARD,1.240077246,0.147622123,1.241179394,0.2396942447,-0.005836369366
0pApu52R,2024-09-12,HARD,0.2701755274,0.1185614323,-0.0242381804,0.1924990259,1.941346098
QyupQI2D,2024-09-13,HARD,0.4042535075,0.1205075541,0.5221982474,0.2181561404,-0.6485766004
2XprLvHL,2024-09-13,HARD,0.3916925889,0.1407403944,0.1367710869,0.2333620833,1.36947727
8vLnK5hD,2024-09-13,HARD,-0.6442741724,0.1278037142,-0.7885033267,0.1962425838,0.9684966233
lGJ3HSOq,2024-09-13,HARD,0.5013274405,0.1308675255,0.4420414548,0.2255761099,0.3226724897
O6NJ7Gog,2024-09-13,HARD,0.1511585737,0.1211998212,0.2444612448,0.197387831,-0.5988751502
IwrIoHB7,2024-09-13,HARD,-0.2322503652,0.1294095015,-0.3933537226,0.2359916375,0.816351947
lhsxxViT,2024-09-13,HARD,-0.6500400876,0.1228738871,-0.6205661084,0.1956371836,-0.1936066736
6cTWnanQ,2024-09-13,HARD,1.452311002,0.2326777649,1.293776586,0.8839486323,0.1859040225
pAkgPGBG,2024-09-13,HARD,-1.217605333,0.2376477089,-1.284980956,0.9031012348,0.07733015636
fN1Kwe9C,2024-09-13,HARD,-1.893710684,0.1735580314,-1.972525542,0.5473387245,0.151831936
INm1NftT,2024-09-13,HARD,-0.3935913516,0.1853763304,-0.1474956856,0.7480308576,-0.3395842084
be8BuHv0,2024-09-13,HARD,-1.1059538,0.2003293776,-0.7151218755,0.7667675335,-0.5280545419
QsA3swAm,2024-09-14,HARD,2.434623075,0.1648289238,2.181809901,0.5807448571,0.4539955635
bgTiLngo,2024-09-14,HARD,-1.302969597,0.2147695162,-0.7534851567,0.7525308071,-0.7618684053
0riQHY3j,2024-09-14,HARD,2.498947073,0.2026957039,1.975148877,0.6225206058,0.8899098206
SlqCuxdc,2024-09-14,HARD,0.4268937075,0.2045672813,-0.482560771,0.6982262559,1.362301475
tIhxTbCi,2024-09-14,HARD,1.343184146,0.160624968,2.304177062,0.6732822879,-1.469764416
lrdpRxs4,2024-09-14,HARD,-1.473899479,0.2090697077,-0.6104721964,0.882849733,-1.006633554
KrrBnukL,2024-09-14,HARD,0.4860849726,0.1194565066,0.6881950926,0.1949968097,-1.311356003
tfhvDYbe,2024-09-14,HARD,0.3190195175,0.1202330392,0.1102856835,0.1820137524,1.527515205
lxuzYlgB,2024-09-14,HARD,0.05293492788,0.1403921319,-0.04664894559,0.207824346,0.6498762198
As6x5jhc,2024-09-14,HARD,0.9241301978,0.1642222809,0.01979906773,0.3363367867,3.080995595
WCvr8G46,2024-09-14,HARD,-1.324103596,0.2211814614,-1.537595311,0.9288918073,0.2366412769
nagBEXqT,2024-09-14,HARD,2.016132602,0.1550692753,1.633535737,0.4384494884,0.9329092939
ne3acZ9U,2024-09-14,HARD,1.391376525,0.1770541538,1.282745162,0.4827408735,0.2418869419
6azQDffB,2024-09-15,HARD,1.275091698,0.1333716422,1.198625415,0.5137151729,0.1541347947
SYEVEgiI,2024-09-15,HARD,0.7666747378,0.1317457359,1.153431898,0.2097924586,-2.368870873
vsI6LrUG,2024-09-15,HARD,0.3376857413,0.1171808166,0.3063828257,0.1660437557,0.2660905993
4zQyVhU9,2024-09-15,HARD,1.312830922,0.1254068733,2.013914232,0.2530580488,-3.189660079
CUG4JK9j,2024-09-15,HARD,-0.002570686988,0.1301707029,-0.01476272712,0.230740468,0.06399447837
tnQYOtnT,2024-09-15,HARD,1.47536395,0.1402244913,1.625696419,0.4535710855,-0.3485152775
lWBPSOn4,2024-09-16,HARD,0.2089807405,0.2075918203,0.5546962946,0.5646823831,-0.658330489
hQgisO1c,2024-09-16,HARD,1.256101178,0.1342459425,1.004044176,0.2398861607,1.267860976
QkEpTWbM,2024-09-16,HARD,-1.397109793,0.139351936,-1.228791718,0.2227169165,-0.9688205568
pfoBqhq3,2024-09-16,HARD,0.1512557228,0.133405481,0.04908828706,0.2351503735,0.5275996849
tWuvmR5s,2024-09-16,HARD,0.06927833806,0.1279391163,-0.01058912732,0.310505962,0.2822938043
h0bPLlid,2024-09-17,HARD,0.1259068699,0.144503863,0.3892565134,0.2450962591,-1.330272509
dY4GNAMq,2024-09-17,HARD,-0.2738042124,0.1330714912,-0.4262600734,0.2374582154,0.7751932353
bwNTWEac,2024-09-17,HARD,-0.4402550159,0.1406891781,-0.6565877428,0.2494379177,1.05028473
rVvs9B7j,2024-09-17,HARD,0.6414314642,0.1502835703,0.7594251849,0.5498078527,-0.2231053206
6ow2UpF5,2024-09-17,HARD,0.9989066739,0.128756033,1.26361037,0.2381980081,-1.32087648
rHDVeMlC,2024-09-18,HARD,2.628359738,0.1318359232,2.555203261,0.2460752914,0.3520870063
YBHzlPPN,2024-09-18,HARD,-1.381233211,0.1323579293,-1.29649191,0.2406206255,-0.4217098814
UDmdsNZI,2024-09-18,HARD,-0.5845689842,0.1297840579,-0.7379616426,0.2068201689,0.9525715719
MD16oDPp,2024-09-19,HARD,0.9717194733,0.1259926219,0.9487316477,0.2188490714,0.1284641571
KCD2nKVr,2024-09-19,HARD,-0.8843476359,0.1235558956,-0.6572992217,0.2242840046,-1.212979423
EDZmPiBr,2024-09-19,HARD,0.8819022727,0.1386152951,1.237919168,0.2278872321,-1.968224542
ne3v2vgR,2024-09-19,HARD,0.8879969753,0.1211531214,1.105121756,0.2363617626,-1.069842391
bDkZGB6r,2024-09-20,HARD,-0.6194090759,0.1161888885,-0.5104950916,0.1917748721,-0.713860257
d0JmDxPj,2024-09-20,HARD,-1.328661556,0.1180050371,-1.444022691,0.2118274633,0.6557819647
vByRfSG6,2024-09-21,HARD,-0.2112816782,0.1327678208,-0.3505422792,0.2145619609,0.8262208643
jNllKZhL,2024-09-21,HARD,-0.01456638105,0.1244953802,0.09699587648,0.1998293113,-0.7137267464
jqz6d7D7,2024-09-21,HARD,0.3602907716,0.1136842365,0.3458804346,0.1741259797,0.1092578229
jsREnrIq,2024-09-21,HARD,-0.2550391818,0.1141547028,-0.3204669783,0.2127139272,0.3645247616
xOpQgZrg,2024-09-22,HARD,-0.05658406319,0.1130042858,0.1048571951,0.1703269546,-1.266788469
6m6sytNq,2024-09-22,HARD,-0.9287884119,0.1840186876,-0.7797948526,0.4240101286,-0.3900385536
G2aArOU9,2024-09-22,HARD,-1.430969823,0.1647527723,-1.117456638,0.2691592018,-1.472961415
SGZOmJ6k,2024-09-22,HARD,1.739580865,0.1275861225,1.485959335,0.221086369,1.404658974
UsoHEnB5,2024-09-22,HARD,-0.008322758493,0.1572164715,-0.1514522564,0.3094586551,0.5369753115
z5FBt2aM,2024-09-22,HARD,0.6907871274,0.1516093266,0.466643708,0.241461292,1.192688169
8WhhguqS,2024-09-22,HARD,2.741190245,0.2222396534,2.277558403,0.8720791588,0.5497918121
8Sd8G8tg,2024-09-22,HARD,2.476510771,0.2236956,3.257925819,0.5953842751,-1.41621431
8fJuFe5l,2024-09-22,HARD,-0.05677437449,0.1347051885,0.1901828164,0.2802503898,-1.004897874
Mweb2ILr,2024-09-22,HARD,0.1696387352,0.1435389583,0.009219755513,0.2515194934,0.7766982625
xCS9KHsR,2024-09-22,HARD,-0.3494358925,0.1289634596,-0.1903675792,0.235160052,-0.8089171145
xzBdBD4D,2024-09-23,HARD,0.7665508636,0.1629066233,0.7726897531,0.3994054844,-0.01683397092
Gdv1MwDE,2024-09-23,HARD,-1.328378082,0.1346338669,-1.73612183,0.2480172454,1.95754216
2gER7vbL,2024-09-23,HARD,0.8203514481,0.1504960749,0.5872853109,0.3856595284,0.6563701754
4MClDZZ0,2024-09-23,HARD,-0.04578785229,0.1390413911,-0.557569217,1.157471205,0.4453798304
x8lPCQuI,2024-09-23,HARD,0.6861361455,0.1492017619,0.5521936674,0.4502448088,0.3153034983
f9nxcNq3,2024-09-23,HARD,0.6351616698,0.1447469395,0.3570719551,0.5582364223,0.5157986125
zswXocy2,2024-09-23,HARD,-0.01589913689,0.148448406,-0.6022078694,0.3428747423,1.896990707
fig60dje,2024-09-23,HARD,0.321553641,0.1634927348,0.2043100959,0.3287746489,0.4110321041
zJfpe1EF,2024-09-23,HARD,2.511368765,0.2171188813,1.932412706,0.871899172,0.6856149272
02g0IUBt,2024-09-23,HARD,0.8445598294,0.1794892859,1.162991071,0.5735969784,-0.5845017974
jJnFbzL7,2024-09-23,HARD,2.306371975,0.2177022164,1.698039716,0.8813561229,0.7122945909
CxVWOFqB,2024-09-23,HARD,-0.5823473465,0.1567932966,-0.7598619426,0.2515980948,0.9021538777
Ox8heas4,2024-09-23,HARD,0.4004787253,0.1230200949,0.214006652,0.2089512855,1.104048273
rcwGScpn,2024-09-23,HARD,0.8656450896,0.139785158,0.5854483665,0.2393053799,1.44256673
j5R1iHtT,2024-09-23,HARD,1.86678421,0.1375595911,2.183782753,0.24726974,-1.542765012
jP9pcLCi,2024-09-23,HARD,-0.09155516019,0.145706312,-0.1964605227,0.3117898707,0.3805753281
CbOBtuBD,2024-09-23,HARD,-0.6671728506,0.1546322436,-0.7265395639,0.3751506257,0.1736887349
GAyOQyFb,2024-09-23,HARD,0.3541552815,0.11428653,0.3126797666,0.2104084144,0.2347701543
lOyC0bD6,2024-09-23,HARD,-0.6025481971,0.141478839,-0.4836186781,0.5601375158,-0.219436952
IwAkU9rQ,2024-09-24,HARD,0.1355591923,0.1223343532,-0.1192174927,0.1971904285,1.647380354
MybkzrAN,2024-09-24,HARD,0.5285874282,0.1248057188,0.3031024627,0.2160891435,1.278237044
GYixL55C,2024-09-24,HARD,-0.03139845638,0.1351323001,-0.1699097187,0.3615710383,0.4130105872
6N46UIx9,2024-09-24,HARD,0.5908732858,0.1306602438,0.7753088715,0.2698104758,-0.7812991788
dIEsakWO,2024-09-24,HARD,-0.060189692,0.1379370303,-0.0287344994,0.2336138728,-0.1668321593
EZdilYH6,2024-09-24,HARD,0.2215748865,0.1363171337,0.2038633552,0.2579630799,0.08087323188
WATH4g2m,2024-09-24,HARD,-0.3058391175,0.1557999658,-0.07181851342,0.2234537781,-1.460975795
dEMPXswQ,2024-09-24,HARD,-1.200331271,0.1443427433,-1.201962257,0.2559761819,0.007715247954
Oji0ZVXr,2024-09-25,HARD,0.3558225429,0.1380929873,0.2497834067,0.2666029412,0.4649790437
z3QY0B1C,2024-09-25,HARD,-1.342556974,0.1478058216,-1.381189749,0.2288660333,0.2210906887
Ma0anCnJ,2024-09-25,HARD,-1.307753675,0.1368243928,-1.376333184,0.2364941158,0.3555273253
rXVQKWIk,2024-09-25,HARD,0.6272865556,0.1475314924,0.913700594,0.2537460403,-1.387330315
hK8rjfmf,2024-09-25,HARD,-0.7269115937,0.13287043,-1.385003129,0.2575725177,2.982432691
YLreUqjn,2024-09-25,HARD,1.299496327,0.1432842567,1.608458016,0.2588904268,-1.432869898
IknnSEQF,2024-09-25,HARD,0.9905006494,0.1332852498,0.7667947141,0.2520660002,1.045625313
8AcaHWog,2024-09-25,HARD,-0.6822488869,0.1402468331,-0.6799210437,0.2309843743,-0.01268346672
SK5UvhAL,2024-09-25,HARD,-0.4906315949,0.1532335358,-0.7655932411,0.302277081,1.055276535
Umx4SNKb,2024-09-25,HARD,-0.09869462116,0.1377200493,0.223598029,0.2331610684,-1.713032119
d2hp8gZq,2024-09-25,HARD,0.397260193,0.1431555387,0.8766597789,0.2189642663,-2.893422884
EDLGyeY0,2024-09-25,HARD,-1.223657389,0.1775570713,-1.720416472,0.6073385432,0.8552951728
UT5i6X3d,2024-09-25,HARD,-1.135898644,0.2293756867,-1.453157301,0.5618753414,0.6185299567
WhCLtEu9,2024-09-25,HARD,-0.3556933886,0.1143955615,-0.367267074,0.1683983604,0.09365446835
fimTcok3,2024-09-25,HARD,1.033559586,0.1585470885,1.979745781,0.8792573117,-1.09405338
pf5zhGIs,2024-09-25,HARD,0.2959725586,0.1307803866,0.291004088,0.2052804752,0.03140041309
2Z1BcxeK,2024-09-25,HARD,-0.6674864359,0.1388741129,-0.4889603782,0.2607503976,-0.8089393333
xEuCQ1kB,2024-09-25,HARD,-0.7785160881,0.1566787131,-1.100410611,0.5845715343,0.5715624133
EHueQheS,2024-09-25,HARD,-0.9406611116,0.143434034,-1.099639299,0.245517673,0.7978323258
zurnAFvQ,2024-09-26,HARD,-1.841408329,0.1811875006,-1.518563584,0.5739644711,-0.5927936377
6mI8wH3l,2024-09-26,HARD,-0.7309949222,0.1466500057,-0.7050760962,0.2799040896,-0.1087146331
AuFPZY2D,2024-09-26,HARD,-1.557126785,0.1583917458,-1.768674506,0.4780287564,0.4690376884
4nKZIAm2,2024-09-26,HARD,0.9315894756,0.1511896682,1.456561135,0.5359530829,-1.020975896
na5zdPJF,2024-09-26,HARD,-0.370859558,0.1367613931,-0.1856658347,0.2702016821,-0.7947037695
pxlvUzd3,2024-09-26,HARD,-0.3774481406,0.155723135,-0.7904077126,0.2773263333,1.799559802
vq5tzrcd,2024-09-26,HARD,-1.918181958,0.139933952,-1.521158453,0.2395752921,-2.041668646
tOe7FAG5,2024-09-26,HARD,-0.4406810885,0.1463031064,-0.3685887767,0.2306092469,-0.4044260881
GOhLMHUO,2024-09-26,HARD,-0.5119783097,0.1442473757,-0.5413597328,0.2221913456,0.1738524788
SG9TlkW7,2024-09-26,HARD,-0.3020960879,0.1284584601,-0.4202173364,0.2219668579,0.6525367607
feB4i1Xi,2024-09-26,HARD,1.953702052,0.1399710901,2.683619102,0.2229383781,-4.206500177
YZiMDMof,2024-09-27,HARD,-0.8940021168,0.1250723441,-0.9419826013,0.2092304052,0.2860531895
6qbsMad4,2024-09-27,HARD,-0.01244480481,0.1327485273,-0.173389265,0.2075334596,1.008903201
ULRtbg9L,2024-09-27,HARD,-0.08223632446,0.1438867592,-0.09555461738,0.2502522798,0.06504642027
AmDKtDGk,2024-09-27,HARD,-0.8851552518,0.1311545297,-1.190132915,0.2219511138,1.703260003
fktVB0G6,2024-09-27,HARD,1.476731314,0.1208081555,1.600300224,0.2107688829,-0.7154684922
Qy7OP7pJ,2024-09-27,HARD,-0.5587583842,0.1332183247,-0.3255453473,0.2369056636,-1.19046421
bFCXeLpK,2024-09-27,HARD,0.3500759612,0.1444250308,0.3500052969,0.2357238158,0.0003793070472
COqMo2Qk,2024-09-27,HARD,0.9385150188,0.1394992536,0.8017375973,0.2140014252,0.8428199754
bcwPKS6L,2024-09-27,HARD,-1.7850835,0.131430901,-1.669919546,0.2188149555,-0.6582850133
l4y5ltxP,2024-09-27,HARD,0.3182109138,0.1400246085,0.319181095,0.2306850293,-0.005292088099
EFn0bcak,2024-09-27,HARD,-0.7488287258,0.1349992324,-1.08538629,0.1920864685,2.462969694
j1ZPMIPG,2024-09-27,HARD,0.7250039419,0.1266681353,0.7540258305,0.2101077945,-0.1731286282
r1BdnlZj,2024-09-27,HARD,-1.6855491,0.1518910728,-1.959908387,0.2405492654,1.470867015
lEO8fqve,2024-09-27,HARD,1.435509447,0.1400946208,1.498754206,0.2421917203,-0.320127844
8fHydyb2,2024-09-27,HARD,1.626301455,0.1274065116,1.515577571,0.2051735875,0.6884862911
SjhGRauQ,2024-09-27,HARD,-0.6234621629,0.1374558271,-0.4671362367,0.2276184377,-0.8616425987
jJtM3mH8,2024-09-27,HARD,-0.8116343775,0.1417788431,-0.6443162015,0.2733515798,-0.7159255906
jPRko6gD,2024-09-27,HARD,1.011893815,0.142091641,0.8663480163,0.2411434028,0.7470264229
tpkBmBxQ,2024-09-27,HARD,-0.5452991245,0.1324377251,-0.6926719532,0.2041642742,0.9484601873
AyXe9Kpm,2024-09-28,HARD,3.080296311,0.134790311,3.155498215,0.2362898263,-0.3874922321
Uqzdvyzg,2024-09-28,HARD,-1.674919048,0.1406362581,-1.828461439,0.2841623973,0.6218293699
jmhHJbME,2024-09-28,HARD,-0.8510148687,0.1456919366,-1.056006096,0.2614097244,0.9444604521
bRMbeYWQ,2024-09-28,HARD,-1.653269495,0.1219414338,-1.23720122,0.2143138239,-2.360798768
MBfCi3a3,2024-09-28,HARD,0.4476657845,0.1488429443,0.2739810688,0.2318930783,0.9767410693
CQjZ8I43,2024-09-28,HARD,1.280082332,0.1351973053,1.655974384,0.2417540444,-1.87555598
pGGoTxcl,2024-09-28,HARD,0.4974995293,0.1581363884,0.746928665,0.2765803491,-1.099227387
trAMaZrm,2024-09-28,HARD,1.347688942,0.1490870364,1.281429063,0.29429136,0.2611401202
vPIUXkKk,2024-09-28,HARD,-1.220656234,0.1487069955,-1.274636331,0.2490545489,0.2701897522
ptIHhN87,2024-09-28,HARD,-1.613255565,0.1211588226,-1.336800146,0.2187647241,-1.517736729
EDimYQlA,2024-09-28,HARD,1.636851077,0.119584727,1.818176776,0.1863268736,-1.268999063
pj1JTQFE,2024-09-28,HARD,-0.8201909909,0.1210536507,-0.8073125899,0.1777671084,-0.09892669476
Mw1ZcI7E,2024-09-29,HARD,-1.153150034,0.1282741286,-1.318335041,0.1873437118,1.209784178
4b6KlNmp,2024-09-29,HARD,0.117099707,0.1226696778,0.4554554304,0.1911644715,-2.307781283
CUbZFFRh,2024-09-29,HARD,-0.4891963721,0.1234046357,-1.329718672,0.200675027,5.311495226
bXgxv8Zj,2024-09-29,HARD,-1.311648999,0.1299931767,-1.691671674,0.2270091404,2.041984268
6Tsh0Gum,2024-09-29,HARD,0.4214935017,0.1323561268,0.4619008465,0.2020971225,-0.2645748336
ATADacP1,2024-09-29,HARD,-1.189813616,0.1412783248,-1.134031404,0.2056713427,-0.3732012645
WnFom9p1,2024-09-30,HARD,1.973175741,0.1302673002,1.870931929,0.1977767844,0.6870502954
SzbIhRSG,2024-09-30,HARD,-1.155029524,0.1341356236,-1.278287313,0.2193649542,0.7101085946
pbDyZIPj,2024-09-30,HARD,1.899173245,0.1177261403,1.653429262,0.2026132688,1.490241955
be61d9Ti,2024-09-30,HARD,0.918959251,0.1479678766,0.8021441444,0.2363854502,0.633671816
rVtUJ5Wa,2024-09-30,HARD,0.5810369206,0.1393586487,0.6079393042,0.2301539375,-0.1468738523
tf8lCCP6,2024-09-30,HARD,0.001274771622,0.1263741982,-0.04887186294,0.1882446787,0.3594244852
CE8Yzqk1,2024-09-30,HARD,-2.173902106,0.1353536628,-1.877603224,0.219803416,-1.710884071
rqSNq3yP,2024-09-30,HARD,-0.3038244667,0.1253070683,-0.3873110244,0.1834912553,0.6228401524
vLlw9muH,2024-09-30,HARD,-0.763115659,0.1226492578,-1.315458932,0.1793587105,4.220580034
hEyx8oG6,2024-10-01,HARD,-0.5870860804,0.125767407,-0.8645637811,0.1996959399,1.788837952
dQd5mZjD,2024-10-01,HARD,1.199053425,0.1368455636,1.236197719,0.1963090527,-0.2639028004
4CTT4PcK,2024-10-02,HARD,-2.175726795,0.1215902305,-1.948846923,0.1942342926,-1.497866072
EHgSJ1f4,2024-10-02,HARD,-1.048593089,0.1329169756,-1.102694171,0.2157694048,0.3182994105
KxuxXJQp,2024-10-02,HARD,-0.897980086,0.1289034935,-0.7910499902,0.1895166783,-0.7696904854
tW3GYwTF,2024-10-03,HARD,-1.876012251,0.11804655,-2.120287422,0.1800303839,1.797115225
tfKaa0B5,2024-10-03,HARD,-1.549216713,0.1231818405,-1.884832716,0.1883125123,2.356268585
C2KGrTKq,2024-10-04,HARD,0.6600875168,0.12230547,0.8690670975,0.1777968067,-1.619409248
CUAnw4eB,2024-10-04,HARD,-0.2427576064,0.1191334214,-0.196423968,0.1906464959,-0.3112985163
rZ4Fl6Oq,2024-10-05,HARD,0.3754748951,0.1229573977,0.8685250332,0.1812220482,-3.703595772
WzL4uR6j,2024-10-05,HARD,0.1324093534,0.1142948088,-0.07771631162,0.1676832587,1.712567825
WjFeYove,2024-10-06,HARD,0.05920374607,0.1221277402,-0.07728863682,0.1652163989,1.226664386
CznUMr4k,2024-10-11,HARD,0.1183742066,0.1333111967,0.3323399207,0.6185945162,-0.3542132586
G40bS4tS,2024-10-11,HARD,-0.3978886851,0.135835936,-0.4131174662,0.245471871,0.07448191475
Kx7kUQBF,2024-10-11,HARD,0.0785025201,0.1514944545,-0.1875998562,0.2981478215,1.036261027
tSB7gsuR,2024-10-11,HARD,0.2791453853,0.1344756195,0.3064582992,0.2984775794,-0.1024998054
bqfHrQQ8,2024-10-11,HARD,1.617865424,0.2098712424,1.412706985,0.5984639064,0.3660550103
lzMeL2KN,2024-10-11,HARD,1.898670853,0.1378572895,1.718989643,0.2715249875,0.7681126386
p67RFtro,2024-10-11,HARD,-0.1873430205,0.1362184379,-0.2012820224,0.2835052503,0.05606192479
OlC6wpzh,2024-10-11,HARD,-0.3110555631,0.1464643347,-0.3072856543,0.2661749048,-0.01696208881
jsZeyrJr,2024-10-11,HARD,1.363561199,0.1988297992,0.7520907809,0.5017988086,1.327187904
ptlQjcPP,2024-10-11,HARD,0.8491284671,0.1526517669,0.752732922,0.2748909492,0.4216595972
IgQCXaI7,2024-10-11,HARD,0.06164662581,0.1264164931,-0.1429727127,0.2362622493,1.025165505
WEFEyO44,2024-10-11,HARD,1.042703254,0.1552583694,1.062460567,0.488322893,-0.04267386754
Y18ae3AE,2024-10-12,HARD,-1.413332632,0.1597619573,-1.004081521,0.504894759,-0.8544724204
ptS4ZLme,2024-10-12,HARD,-1.533979628,0.1786252987,-1.631287659,0.8759743189,0.1134696679
Wx2VKMY1,2024-10-12,HARD,0.2326097121,0.1461080687,0.4726256079,0.3287087378,-0.8151279434
hU3NZ1ZG,2024-10-12,HARD,1.66788955,0.1365725078,1.368010879,0.2530500692,1.407674962
ptOzsJtp,2024-10-12,HARD,0.2226410099,0.1307555419,0.7190627317,0.2246146675,-2.718141213
4M21SJRj,2024-10-12,HARD,-0.7166210112,0.1405310882,-1.111380777,0.4368217494,0.954450146
0f7VXu4T,2024-10-12,HARD,-1.100139648,0.17807364,-1.07860817,0.3315211777,-0.07699834238
CC3sWns3,2024-10-12,HARD,-0.6855263285,0.1312382567,-0.8768853718,0.300602655,0.7075807956
WdMrucBd,2024-10-12,HARD,-0.05974139158,0.1492971152,0.3985616707,0.3333026655,-1.537955386
08n4nuJM,2024-10-12,HARD,1.037112969,0.140485021,1.154748396,0.3571516639,-0.3582497628
dGkmjNJc,2024-10-12,HARD,-0.7112107061,0.1338570882,-0.3893923805,0.3382887613,-1.035854104
hrqdl1lA,2024-10-12,HARD,-0.9489586462,0.1327532173,-1.039973673,0.2545877585,0.4189682995
2Ji2FU3C,2024-10-12,HARD,0.5377425057,0.1235091343,0.8638076096,0.2762913283,-1.319308331
OCKrvKuK,2024-10-12,HARD,-0.01817454315,0.1400318989,-0.2995168774,0.3232763013,0.9655721577
UX5wTgXI,2024-10-12,HARD,0.08659396445,0.1405306276,0.04050091711,0.2254881901,0.2613862227
2DWNPxvg,2024-10-12,HARD,1.135692712,0.1275198926,1.243672852,0.2205727481,-0.5999728723
Gx60hvyB,2024-10-12,HARD,0.7588730067,0.1362521368,0.07594159501,0.3625061741,2.032983469
jqb2l1ad,2024-10-12,HARD,-0.9681923347,0.1345625055,-1.248483841,0.2396682747,1.413275751
d01NRb9t,2024-10-12,HARD,1.99807994,0.1753909414,2.049993566,0.8746356434,-0.06058521084
W6sSX6fK,2024-10-12,HARD,-0.3581771569,0.1203322285,-0.4605443908,0.2971239904,0.376811795
lK1rf9Ps,2024-10-12,HARD,-0.3353792777,0.1436978341,-0.5140849328,0.3676302456,0.5281168157
dCRNjzJk,2024-10-12,HARD,0.6604110603,0.1346914399,0.6528517891,0.3263864122,0.02542654973
hKUWmJpI,2024-10-12,HARD,0.3707308971,0.133132043,0.4083058289,0.2619593379,-0.1665503231
6ibgHjZa,2024-10-12,HARD,0.4921963879,0.1405048181,0.3140067076,0.263318877,0.8001337822
2sbC8Jic,2024-10-13,HARD,0.3104230125,0.1401285084,0.02247027526,0.2415932414,1.463154542
4G9m7Fs3,2024-10-13,HARD,0.2710015168,0.1249840492,0.4981005911,0.2273175138,-1.196049738
2wGEb0uf,2024-10-13,HARD,0.2882537104,0.1329104743,0.4847605136,0.2301412859,-1.045902887
ADCe5gCF,2024-10-13,HARD,0.5673638537,0.1398100491,0.5404648152,0.2388998537,0.1388573712
l8R0qCkd,2024-10-13,HARD,-0.8579845667,0.1324974692,-0.9593817497,0.2386050997,0.5109819994
WS043XtS,2024-10-14,HARD,0.9371178248,0.1271400257,0.9469969879,0.2688683889,-0.04170033669
KpH6L3Q1,2024-10-14,HARD,-0.541930032,0.1322452285,-0.5857972666,0.2073346103,0.2747135264
WO4KQ0vg,2024-10-14,HARD,-1.351839322,0.1308887405,-0.9567711568,0.257602113,-1.780616573
p446JqXP,2024-10-14,HARD,0.3257975711,0.1279212059,0.310377214,0.2421066768,0.07501908831
2qV2aOuf,2024-10-14,HARD,2.245912734,0.1271719012,2.363865734,0.2058596003,-0.7286398357
zcBBSM9t,2024-10-14,HARD,-0.5063200731,0.1221336561,-0.1151070631,0.2058462104,-2.360991372
2BizbB4k,2024-10-14,HARD,0.3287359967,0.1521070633,0.04333783116,0.2551454269,1.393220406
6yYBF3T7,2024-10-14,HARD,-0.1522623669,0.1431322511,-0.1679135433,0.2268937567,0.0889014047
Wltz6rmK,2024-10-14,HARD,0.5334552485,0.1481151227,0.874172934,0.2844465945,-1.403048148
xdUdBwPa,2024-10-14,HARD,-1.048023181,0.1419701184,-1.141093448,0.2711705251,0.4028376542
WI7VfIvJ,2024-10-14,HARD,-0.1337463643,0.1373516041,-0.09722401479,0.2569180508,-0.1682121534
jXXUJhR8,2024-10-14,HARD,-0.5527911328,0.1326582196,-0.6650577868,0.2160266496,0.6584660934
GttlDafm,2024-10-15,HARD,0.222303852,0.1421428905,0.1029310928,0.2293834595,0.6630574777
WOMJetuJ,2024-10-15,HARD,0.09617704516,0.1423632874,0.07920828092,0.2527191957,0.08126593448
M5oNjX8D,2024-10-15,HARD,1.412093371,0.1282161524,1.501576761,0.2205207757,-0.4987486491
b59NdvA6,2024-10-15,HARD,1.482711863,0.1496009239,1.449141766,0.2567433598,0.160888412
nRkIILWP,2024-10-15,HARD,0.5469263856,0.137668784,1.712299123,0.5955727499,-2.011194733
bwoqdkZ1,2024-10-15,HARD,1.573869102,0.1423406034,2.206157059,0.2849072134,-2.561923
ObJBc2A6,2024-10-15,HARD,1.308486285,0.1348717815,1.414480576,0.2351839505,-0.5501385722
zs7gta8K,2024-10-15,HARD,0.1657439429,0.1392943443,0.01249808477,0.2327981766,0.8215775616
j749qGCi,2024-10-15,HARD,-0.3177373001,0.1171752658,-0.5918845443,0.2113290499,1.558814566
lvIODrgC,2024-10-15,HARD,0.04649557808,0.1330856811,0.05331894735,0.214851989,-0.04045395211
zyzjU3wg,2024-10-15,HARD,-0.9133447864,0.1374525761,-0.6357838993,0.2101041071,-1.746719061
txDEl2fl,2024-10-16,HARD,-0.9054995515,0.1335855885,-1.115698353,0.2344092465,1.09125978
4x3SOv95,2024-10-16,HARD,2.036423332,0.1309671061,1.942959451,0.1917279596,0.6674760922
MmOqML3M,2024-10-16,HARD,1.783023306,0.1383009635,1.689741658,0.2491780792,0.4500400272
x2qoC1Pa,2024-10-16,HARD,0.06370496622,0.1291392821,0.05292958425,0.2287128661,0.05708326297
QeopkKX8,2024-10-16,HARD,0.2438160693,0.1245500611,0.4402701901,0.2241873657,-1.053903577
CAQEwGFc,2024-10-16,HARD,-2.553092036,0.1271076312,-2.489718931,0.1912912543,-0.443309563
bwoUAZB4,2024-10-16,HARD,-1.102276426,0.1234556519,-1.040178858,0.210180619,-0.3650613772
IZywp7Z7,2024-10-16,HARD,-0.6336767528,0.1299546855,-0.9608836744,0.2208076383,1.832932574
M7rUoT4e,2024-10-16,HARD,-0.006442699571,0.1279940358,-0.09476241113,0.2114076959,0.5249065911
OM9uxccD,2024-10-17,HARD,0.3181227669,0.1285245478,0.4011289582,0.2203686176,-0.4637017084
vim31IcC,2024-10-17,HARD,-0.9688177692,0.1340286247,-1.388960877,0.3127803217,1.486658529
SpmhoVA7,2024-10-17,HARD,-2.059245096,0.1470024261,-2.563500726,0.2509120735,2.479864422
WnPGnJuh,2024-10-17,HARD,0.6428000597,0.1294203813,0.8614169128,0.2134924482,-1.287555355
AZiy5H2k,2024-10-17,HARD,1.967048919,0.1237391596,1.832639028,0.1876530292,0.952751884
bciKGVOG,2024-10-17,HARD,-0.3372554373,0.1178040269,-0.5665632159,0.1864405095,1.586828104
tnMY7DRj,2024-10-17,HARD,0.874672525,0.1321009013,0.914244196,0.1998100046,-0.2639672797
rPTgueCb,2024-10-18,HARD,-0.308945411,0.1285910676,-0.2839759964,0.2030962719,-0.1588366093
beC0d1w2,2024-10-18,HARD,-0.572159974,0.1212508539,-0.463714583,0.2061834332,-0.6502971716
tp3A1ePk,2024-10-18,HARD,0.8275511466,0.1442533628,0.7739008207,0.2101408835,0.351097268
dbvie1j3,2024-10-18,HARD,0.2871852456,0.1218974275,0.4933229464,0.2447699149,-0.9711671575
reCvncDk,2024-10-18,HARD,-0.6452480963,0.1313940057,-0.5332156148,0.1870040442,-0.8419419682
OWppxvJD,2024-10-18,HARD,-1.119195227,0.1296888807,-0.9713030313,0.1785731889,-1.204759818
235QCQM5,2024-10-18,HARD,1.895284879,0.1693251732,1.795282947,0.2809972678,0.4459377779
UyhJEnhg,2024-10-18,HARD,0.8717673489,0.1741789693,0.900144877,0.299078387,-0.1167201047
Ozm57VpQ,2024-10-18,HARD,1.538741289,0.2095851597,1.115180485,0.5851364978,0.7753067812
fJwy298m,2024-10-18,HARD,-1.255142511,0.1431258564,-1.707484607,0.2413962322,2.326992864
ruAIqShJ,2024-10-18,HARD,-0.7748682123,0.221533209,-0.3556088256,0.9905833743,-0.4342434369
IcO0d5xP,2024-10-18,HARD,-2.127543306,0.2165602538,-1.045248102,0.8810041554,-1.267364583
lIWq0mw0,2024-10-19,HARD,2.461045492,0.2198786685,1.830039336,0.8751309759,0.7449383701
MVUibR7C,2024-10-19,HARD,-0.5508000421,0.1686507388,-0.4640664632,0.4294212229,-0.2196247748
bVbZA4iI,2024-10-19,HARD,-1.80699606,0.174865066,-1.38382014,0.3170310014,-1.600245073
GCj9mAgf,2024-10-19,HARD,2.284642806,0.2027380472,2.557601617,0.8698282913,-0.322695375
z5LIzdDs,2024-10-19,HARD,0.7292474007,0.1210170939,0.6395154722,0.1735512371,0.7213285931
rcojatkT,2024-10-19,HARD,-0.4033676518,0.1216277754,-0.3608431502,0.1632942582,-0.3902858391
r5oeBAWO,2024-10-19,HARD,1.163863101,0.2375707174,0.6684718718,1.178185313,0.4292875038
bqbUXzom,2024-10-19,HARD,-0.3756783038,0.1230966082,-0.391483571,0.1868347867,0.1124525306
f5tYDfpo,2024-10-19,HARD,-0.2429776254,0.1169599266,-0.4253652116,0.1789860864,1.34617519
GdO271Vj,2024-10-19,HARD,1.905084796,0.1286022105,1.96033908,0.3030789799,-0.2013332902
0Qi4T73U,2024-10-19,HARD,0.8982600952,0.1527292088,0.6600598893,0.3164712905,0.8593750604
Q7LMokJb,2024-10-19,HARD,1.28177679,0.1380497165,1.548375753,0.2214443708,-1.539726105
bLJUqTmB,2024-10-19,HARD,-0.2579640392,0.1470750109,-0.477674546,0.2805268514,0.9197477795
6kudTCSj,2024-10-19,HARD,0.1955931096,0.2340260703,-0.1957780885,0.9509359285,0.4246238406
46Of7mSh,2024-10-19,HARD,0.1465008881,0.1219841005,0.4196495157,0.2336183898,-1.370938017
bgeKjy1e,2024-10-19,HARD,0.9603592883,0.1364829953,0.746032846,0.2261973901,1.188181141
UuSDmBln,2024-10-19,HARD,-1.914921986,0.167777112,-1.695431487,0.6134779046,-0.3719611763
bezvB5nA,2024-10-20,HARD,0.5808347677,0.1500834286,0.8101903923,0.2425387907,-1.203804345
4n2E4oup,2024-10-20,HARD,-0.05657145805,0.1126156454,0.2537989788,0.1648242542,-2.578842554
xIPvtBTg,2024-10-20,HARD,1.510057018,0.1321012773,1.424130341,0.232927837,0.4478955963
8jwDd6XG,2024-10-20,HARD,2.556980422,0.2246098587,2.319932244,0.6140050437,0.4148203414
COq4bS24,2024-10-20,HARD,-1.532765556,0.1768093221,-1.549753381,0.3305652751,0.06082154557
4f2BhcWr,2024-10-20,HARD,-0.6065378154,0.1591129906,-0.8968580792,0.2361327253,1.663959513
AZgqkOPj,2024-10-20,HARD,-0.2333387199,0.1560939096,-0.5043646282,0.2531751996,1.359685782
I35Uut3L,2024-10-20,HARD,-0.7061649642,0.1210629075,-0.7551346217,0.1652151699,0.435568575
xtnVCRHc,2024-10-20,HARD,0.5401074775,0.134544778,0.5616839427,0.2185815936,-0.1252507767
t4yLfp2T,2024-10-20,HARD,-2.089197811,0.2183791687,-2.034014535,0.8910107448,-0.06388174099
OMJUJQBb,2024-10-20,HARD,-0.6908749158,0.1408298597,-0.611654991,0.2086529037,-0.5145563081
bcFqREA4,2024-10-20,HARD,0.1198762867,0.1391780104,-0.03439676983,0.2181970067,0.918041333
dIOIonie,2024-10-20,HARD,0.4023497683,0.1273962987,0.2735586969,0.2149777813,0.7437537533
WzuvgUbL,2024-10-20,HARD,-0.1527274045,0.1524266556,-0.2622658736,0.2594326047,0.5217810323
x8QD62oB,2024-10-20,HARD,0.4944112179,0.1467072556,0.5692411123,0.2637892107,-0.3413307679
UPTZBcNj,2024-10-20,HARD,0.5608214665,0.1353963402,0.7997256813,0.2145189187,-1.435794069
UwmIm3cM,2024-10-21,HARD,-0.159865447,0.1357413124,-0.06504241425,0.210829532,-0.5878031721
OOOL4tGN,2024-10-21,HARD,-0.7476569932,0.1389112522,-0.6999850501,0.2177561553,-0.2842787059
AZTTgYKl,2024-10-21,HARD,-0.1217429107,0.1375127114,-0.4189380941,0.2737571753,1.255506249
U13njs1U,2024-10-21,HARD,0.5488900164,0.148823379,0.4466695934,0.2430021281,0.53212647
dl5vh3WH,2024-10-21,HARD,0.04306158357,0.1476781516,0.01541466327,0.3399844084,0.09027974968
8SYdApnn,2024-10-21,HARD,-0.1800114288,0.1508456792,-0.3213315242,0.2398761756,0.7577059064
xSleJuVG,2024-10-21,HARD,2.223529966,0.1536180229,2.789355308,0.299552631,-2.200251662
WYs435RH,2024-10-21,HARD,0.03130416628,0.140702825,0.2692201335,0.211585696,-1.505579503
r95haKwo,2024-10-21,HARD,0.4283457964,0.1348714043,0.3443015852,0.2510590263,0.3968929293
j1VwsteK,2024-10-21,HARD,-0.6197834995,0.1322838201,-0.4811454233,0.1879435542,-1.038443166
KWm2yKIs,2024-10-21,HARD,-0.7650336908,0.1304979385,-0.6254812117,0.2489096606,-0.658396017
xY94uQnC,2024-10-21,HARD,-0.3704421412,0.131356785,-0.5138608669,0.2047659272,0.9130232887
WUomL104,2024-10-21,HARD,0.3699784427,0.1360575643,0.5815747914,0.2031402986,-1.402736952
z3hvNNVi,2024-10-21,HARD,-1.897802394,0.1288154979,-2.077848907,0.1955254699,1.224019769
lCuJXyI6,2024-10-21,HARD,0.6836056711,0.1403163251,0.9512719795,0.2197086649,-1.583208399
bsw4HJaT,2024-10-22,HARD,-1.134011882,0.1302610798,-0.9838760124,0.206903147,-0.933963954
GvcWgP15,2024-10-22,HARD,0.8745250053,0.1506319793,0.6016221227,0.2629932984,1.265890593
AHQDgJvQ,2024-10-22,HARD,-0.3487154955,0.1384362159,-0.485489921,0.2874741627,0.5428718947
SdiAZcmf,2024-10-22,HARD,-0.02262117051,0.1346580753,-0.03203677201,0.2014912902,0.06281823724
CvAmPoyI,2024-10-22,HARD,-0.3119559643,0.1451181472,-0.3213672647,0.2157312218,0.05895818441
6mCqlc2m,2024-10-22,HARD,0.9450794858,0.1425208393,0.6984184285,0.2334015243,1.334491192
O8vd5Rd5,2024-10-22,HARD,-1.036149844,0.2074394308,-1.215289684,0.4962534042,0.3973667431
na5Fc72t,2024-10-22,HARD,-0.8875109331,0.1257561239,-1.162288673,0.1903412993,1.923112309
8EgOeoXh,2024-10-22,HARD,0.2358273471,0.1312279414,0.1045949886,0.2054885705,0.8299069756
dzQ5w4HO,2024-10-22,HARD,-0.3674718357,0.1386506063,-0.5774592135,0.2070067478,1.366096944
Ghx58OGb,2024-10-22,HARD,1.205900429,0.1176845107,1.11791081,0.1986636855,0.5497460077
vB3pjmLr,2024-10-22,HARD,-1.132361922,0.1363343732,-1.115679555,0.2682708688,-0.07220369881
2mmLYgRQ,2024-10-22,HARD,1.119078485,0.1316678165,1.180273723,0.2075749775,-0.3813475303
hKp5BDy1,2024-10-23,HARD,-0.02188600299,0.129264454,-0.1128847545,0.190615983,0.6495743962
xSYbaM0d,2024-10-23,HARD,-0.5240283267,0.1325076453,-0.590522088,0.1882701639,0.4971730177
dhidDZ6l,2024-10-23,HARD,0.1732522421,0.134230248,0.06458292356,0.2339674083,0.5670716478
rNKtubEl,2024-10-23,HARD,1.284574034,0.1351225261,1.477214722,0.228410262,-1.046077714
OWh5sTjn,2024-10-23,HARD,-1.102260271,0.1377210722,-1.313772249,0.2103242101,1.330575112
YTpaglZb,2024-10-23,HARD,-0.3354054897,0.1184585857,-0.3991547056,0.1920870686,0.4215889248
jLoi6nmT,2024-10-24,HARD,1.059765657,0.1262356627,1.063883139,0.1823754411,-0.03128172057
AJB9iJpS,2024-10-24,HARD,-0.7015717247,0.1327698066,-0.5899520723,0.1875296664,-0.8428133185
tpHIj14t,2024-10-24,HARD,-0.9041465118,0.1287336422,-0.8026177011,0.1913371526,-0.7172440125
j3hmrvB7,2024-10-24,HARD,0.2307081473,0.1344016011,0.2967077671,0.2336799521,-0.3452567117
bRG6QN2l,2024-10-24,HARD,2.37216564,0.1281132893,2.537885348,0.2250508782,-0.8956528982
23cBt6I5,2024-10-24,HARD,2.232213037,0.1412694625,2.100468527,0.2298000425,0.7268725001
vZ1SyNVp,2024-10-24,HARD,0.6635548405,0.1247189183,0.6566517914,0.1924220274,0.04710971698
QgItugcm,2024-10-24,HARD,0.1576808003,0.1413788887,0.01743459134,0.2201165147,0.831282394
hzTWfmzJ,2024-10-24,HARD,-0.6150511324,0.1172299287,-0.6306174225,0.1806116304,0.1132949424
0ClOMBsJ,2024-10-25,HARD,0.6527159381,0.1294983146,0.8495300009,0.2048008652,-1.240462465
d66oIFfJ,2024-10-25,HARD,-0.6340005616,0.1387194722,-0.5031419966,0.2130102669,-0.8095247039
jFMOHgz3,2024-10-25,HARD,0.8974632698,0.1265612471,0.6889462473,0.227054523,1.106132622
xQLaLGJt,2024-10-25,HARD,0.1509629242,0.1289132999,0.192760501,0.183272793,-0.3208533876
nmmD76uh,2024-10-25,HARD,0.4694679984,0.1232841378,0.4819584989,0.1837415943,-0.09167850409
6mSJplaL,2024-10-25,HARD,-2.374189289,0.2138166175,-1.840029797,0.601789386,-0.949576856
Kb0Rtubm,2024-10-25,HARD,1.151534114,0.1730810339,0.9114591813,0.3252224748,0.8719188775
pKbxYAFF,2024-10-25,HARD,-2.96236189,0.2496963849,-1.289847073,0.893145036,-1.950383617
C2bucrV1,2024-10-25,HARD,-0.3822011366,0.1078567879,-0.4291854314,0.1703675608,0.3562687348
Y3e7ypM7,2024-10-25,HARD,-1.770685416,0.2341975008,-0.7647836655,0.8783975686,-1.188164618
C6IYvJSa,2024-10-25,HARD,1.480130016,0.1702876511,2.013920725,0.392492284,-1.509472318
rFtPO6x2,2024-10-25,HARD,-2.130200604,0.2172558582,-0.2813385474,0.9206435748,-2.066594072
hp2pWlpS,2024-10-25,HARD,1.672318395,0.214760961,1.11378234,0.6070532539,0.9836928184
xx2bw6ie,2024-10-26,HARD,2.380789194,0.1959045045,4.210609019,0.6719415629,-2.846863192
nVJNTJCU,2024-10-26,HARD,0.8553443773,0.122000029,0.801162231,0.1965940639,0.3514675995
A1rHQS7k,2024-10-26,HARD,2.193828355,0.2139834314,1.1779521,0.6793072121,1.575675537
jL3juSMr,2024-10-26,HARD,1.313041443,0.2007270737,1.099510751,0.5289547929,0.436320786
QcrgamEE,2024-10-26,HARD,-0.9855801317,0.2210902932,-0.3194523773,0.9560830578,-0.7161364618
EaQpfXGr,2024-10-26,HARD,0.2197910443,0.1222009701,0.2305616816,0.1628225663,-0.1000973427
UuxJXRJH,2024-10-26,HARD,-0.9671040662,0.2016165154,-0.9971051585,0.4717154457,0.07034950081
zJbplm4b,2024-10-26,HARD,2.41550114,0.2352338116,1.748948751,0.9662175808,0.7112582545
tK5yj9Zo,2024-10-26,HARD,1.629662276,0.1854700606,1.58473148,0.4128148344,0.1218281367
8WdhnRYA,2024-10-26,HARD,-1.260040936,0.1825076684,-1.574937187,0.3977381347,0.8910654659
rk52wWkt,2024-10-26,HARD,-1.024330307,0.1765799567,-1.046630897,0.4721025929,0.05093365725
MFYAZmk5,2024-10-26,HARD,1.065283356,0.2079216702,1.687703813,0.5665546408,-1.181013011
O0YJRghK,2024-10-26,HARD,-1.853182335,0.173346612,-2.519560029,0.3203044305,2.47408191
roFjMXFs,2024-10-26,HARD,-0.0367952937,0.1562626201,-0.01989426704,0.2294738121,-0.1005724473
pCQrm1Kc,2024-10-26,HARD,1.629601323,0.1197743266,1.740195799,0.1750845324,-0.8660115967
SEIsK2jB,2024-10-26,HARD,0.9397476949,0.1557296539,1.356915153,0.2664319882,-1.929712671
tIrHY154,2024-10-26,HARD,0.9153285098,0.1487538637,0.8617269307,0.2329264153,0.2990490847
YoxaqJJM,2024-10-27,HARD,0.9405293605,0.208828733,0.4935295058,0.5918979939,0.8070985513
x40xGBBb,2024-10-27,HARD,0.07609322515,0.1454286235,0.1108303499,0.2493287646,-0.1715223295
dCX3JlCD,2024-10-27,HARD,0.3947134123,0.1334605491,0.3819907566,0.1849361264,0.09937860564
hA78Uree,2024-10-27,HARD,0.7219950445,0.1658793722,0.947377947,0.4543169323,-0.5328812921
veHVhYe3,2024-10-27,HARD,-0.937238077,0.1730052426,-0.5337206482,0.4016184653,-1.113319599
MLuj7OGD,2024-10-27,HARD,0.3668709062,0.1730992719,0.6769544638,0.3748362179,-0.932655599
KSPfHNdB,2024-10-27,HARD,1.003162824,0.1947642741,0.7070034311,0.488123824,0.6616839852
0bNCjerm,2024-10-28,HARD,0.9392476921,0.177740999,0.7266071868,0.2874404067,0.9413100181
QNVTYwc3,2024-10-28,HARD,-0.5845827269,0.1365686086,-0.3887876664,0.2011254472,-1.326077469
AcUnGdMt,2024-10-28,HARD,1.648027073,0.1613182797,1.752894892,0.2941958937,-0.426250969
nLIs7JqQ,2024-10-28,HARD,-1.204286769,0.1770989375,-1.103834776,0.2747818331,-0.4781205008
zsLoxdTg,2024-10-28,HARD,-0.0420647179,0.1890855276,-0.8252677402,0.4905864651,1.730136363
WS4ldHKP,2024-10-28,HARD,-1.285053818,0.1425306956,-1.240653279,0.2170574829,-0.2712247626
fof8SoT0,2024-10-28,HARD,0.6192374324,0.1710470834,0.4563221283,0.3402704916,0.5538425324
xUBbw3sJ,2024-10-28,HARD,-0.2762060346,0.1689562304,-0.4832838564,0.4048068709,0.5629226851
OOGIrbJb,2024-10-28,HARD,0.5832285618,0.1727957236,0.2368346205,0.9032944324,0.3906935413
8lKssorf,2024-10-28,HARD,-0.5097952864,0.1442882104,-0.5838911647,0.321290011,0.2581124062
Ykf3oAKr,2024-10-28,HARD,-0.4910999934,0.1712534429,-0.09371718425,0.3556353688,-1.274941958
63hBqlke,2024-10-28,HARD,-0.5528581935,0.1617382726,-0.590194026,0.2590535573,0.1845022479
E5DWjWdL,2024-10-28,HARD,0.5851752214,0.1725496118,0.6549569402,0.3793554718,-0.2065513534
29S9pKln,2024-10-28,HARD,0.5579486304,0.1879648339,0.4735182864,0.4679177128,0.1970348522
M1kwdgyP,2024-10-29,HARD,-0.5080526414,0.1420461826,-0.2100696053,0.1988914061,-2.140459964
UHiJGXgS,2024-10-29,HARD,1.108830568,0.1463524267,1.098834414,0.2194747248,0.06111813046
r7Ogzzb6,2024-10-29,HARD,-1.253357856,0.130240325,-1.358144475,0.1868758667,0.7819015747
hKzLlEe2,2024-10-29,HARD,-1.553264703,0.2058971657,-1.223468109,0.6173958202,-0.5666106694
QZeUcF6C,2024-10-29,HARD,2.769121367,0.1355558985,2.799431109,0.1997446249,-0.2066025833
df4D1c7m,2024-10-29,HARD,0.7443899448,0.1588740542,1.036122562,0.2548669337,-1.463865599
Ae55dQE8,2024-10-29,HARD,0.3112111776,0.135748205,0.4551572046,0.1958831878,-1.019314658
hMcMayx0,2024-10-29,HARD,-2.022895586,0.1381022562,-1.928440731,0.1974561642,-0.6692918815
YTrrBz5d,2024-10-29,HARD,-0.4920989691,0.1621739087,-0.04520882989,0.3293386297,-1.559053999
K6xDjzRk,2024-10-29,HARD,1.319121275,0.1494108122,1.198055797,0.2578406757,0.5761220879
CGNBsSJ7,2024-10-29,HARD,0.140600346,0.1594322756,0.269591842,0.2717116537,-0.5862730659
r7z3lTkK,2024-10-29,HARD,-0.04816940859,0.1644478615,0.1678610079,0.3398587076,-0.726339008
2BcGQPcD,2024-10-29,HARD,0.09279974675,0.1540392622,-0.1141895348,0.2890158626,0.8464274361
zXD2cKfE,2024-10-30,HARD,0.7530048979,0.1312519587,0.8099593593,0.1910652185,-0.410192096
zcagEO56,2024-10-30,HARD,-1.352118767,0.1350266193,-1.234934355,0.186382061,-0.9121112435
UyONUCbk,2024-10-30,HARD,-0.2079194093,0.120611578,-0.01855032905,0.1688337727,-1.602884742
d2n80p7N,2024-10-30,HARD,1.623056324,0.1256726688,1.628081452,0.1822667964,-0.03806525845
djUPtxlB,2024-10-30,HARD,0.1943242386,0.1607259744,0.5286873976,0.3031238983,-1.301001718
hINYvGIN,2024-10-30,HARD,0.1531811389,0.1563461457,-0.03464281941,0.2792883502,0.811594994
EkRYr7Ds,2024-10-30,HARD,2.546959248,0.1837006583,2.170654384,0.3540163991,1.243470628
zqv7U7bl,2024-10-30,HARD,1.295517409,0.2341278447,1.427282152,0.8322856577,-0.1649789415
pC4qB6p2,2024-10-30,HARD,0.5026425212,0.1514677545,0.1171228326,0.2977109045,1.504178022
4bbR1MYg,2024-10-31,HARD,0.1504142127,0.1502300876,0.2605611336,0.2561237765,-0.5309885122
URSQm7NH,2024-10-31,HARD,0.1615962181,0.1379287858,-0.03681732603,0.2072817148,1.282321465
Aqchn7aJ,2024-10-31,HARD,0.939613609,0.1284901115,0.7236666849,0.1695729102,1.951474863
E55bFZ3n,2024-10-31,HARD,1.264203536,0.1280144981,1.362171315,0.1916837594,-0.6866702334
88I1AL8K,2024-10-31,HARD,-0.3647380343,0.1403086655,-0.3646837635,0.2226216125,-0.0003139933426
IiwOJmjt,2024-10-31,HARD,-0.574048364,0.1651538556,-0.9432841786,0.3458077361,1.215307125
hWb4PhOG,2024-10-31,HARD,-0.2020883877,0.1494295285,0.1515876065,0.2345348081,-1.956509169
SlPppvD5,2024-10-31,HARD,-0.4303743013,0.1504062629,-0.4516462823,0.2551724323,0.1031952807
W6FCejMt,2024-10-31,HARD,0.4951333153,0.1607537103,0.1778596738,0.3034566178,1.232707911
bDTSlyec,2024-11-01,HARD,-0.1285788411,0.1205464117,0.1124016937,0.1667705061,-2.091063199
2HGDOelL,2024-11-01,HARD,-0.9616477671,0.1391616045,-0.9183154686,0.2030652999,-0.2930162223
S0FToPon,2024-11-01,HARD,1.183706618,0.1201448882,1.246312337,0.1664354904,-0.543556091
d6pGerVG,2024-11-01,HARD,1.002713665,0.1288390544,0.983308756,0.1811053813,0.1524609799
W2uPzV24,2024-11-01,HARD,0.08078887362,0.1574372076,0.2095618786,0.3014249731,-0.5009805923
lIQRUHh4,2024-11-01,HARD,0.5239664275,0.1557372728,0.4000689535,0.293069308,0.4990532819
0lCbfyMi,2024-11-01,HARD,0.1574695572,0.1385599476,0.1342090624,0.2221642303,0.1339420865
zkHJVxR0,2024-11-01,HARD,-0.5317992193,0.1590154771,-0.6035904706,0.2595298661,0.3500145898
d0ZBemC4,2024-11-01,HARD,0.02475028226,0.1492397518,0.1406590967,0.2593900247,-0.5463345549
4IUirPTk,2024-11-02,HARD,-0.4803993261,0.1190174606,-0.3871731405,0.1579735268,-0.8974650576
K2EX4dM5,2024-11-02,HARD,0.03539383784,0.1217180105,0.1112096633,0.164378715,-0.6862611482
WA5BN0Br,2024-11-03,HARD,0.3836231133,0.1172526575,0.3899352453,0.1473940066,-0.07067429986
l6dncUNk,2024-11-03,HARD,-0.4589289141,0.1409488282,-0.3893044698,0.1964487268,-0.5087971639
0ldFwqRa,2024-11-03,HARD,0.4516968758,0.1332512588,0.4856316286,0.2140517364,-0.202573887
jTyZxdwg,2024-11-03,HARD,-0.5077847643,0.1272907351,-0.4642700752,0.2036155258,-0.2738108048
fBV9418s,2024-12-26,HARD,-1.180370435,0.1714710853,0.3310724569,0.7774525926,-1.993179516
xSQSGVc4,2024-12-26,HARD,-1.193647708,0.1753665599,-0.6635579874,0.5471294955,-1.022818556
t0XJIiTi,2024-12-26,HARD,1.509598135,0.2078612245,1.197733598,0.450681592,0.7798865456
b3SQ0J76,2024-12-26,HARD,1.174982148,0.1785513903,0.9079025105,0.5514472079,0.5119010359
xEof2WrB,2024-12-26,HARD,1.498375214,0.2146241998,2.035101251,0.9144127177,-0.6038306949
AwfwANpK,2024-12-26,HARD,2.605483124,0.23568909,2.26949093,0.8926355267,0.3902538309
Gbco4hEb,2024-12-26,HARD,-1.806716859,0.1969859115,-1.147610613,1.004482994,-0.6691580065
2yZH2uwf,2024-12-26,HARD,-0.7387788157,0.1604585035,-0.1442881034,0.3695200396,-1.785989338
8Ygw6Eqn,2024-12-26,HARD,0.936789629,0.1595681633,0.6782412879,0.376175394,0.7589738313
pvk20ADN,2024-12-26,HARD,-0.4553519551,0.160768575,-0.1561842336,0.4220665594,-0.7666088736
l6pYflyo,2024-12-27,HARD,0.03883407198,0.1531275291,0.273453446,0.3588629067,-0.7229003893
jH9e8LXr,2024-12-27,HARD,2.095729082,0.1918112743,2.011847596,0.6346462591,0.138654791
prREaikB,2024-12-27,HARD,0.9851957115,0.166997983,0.9434039147,0.4003489273,0.1148581759
Cnvs3Qe3,2024-12-27,HARD,-0.3598113758,0.1818616087,-0.1527540001,0.4829502887,-0.462800799
vqqmsqZq,2024-12-27,HARD,2.204077415,0.1964961032,1.58313168,0.6232111122,1.049917828
Wj1fuN3d,2024-12-27,HARD,0.3888518708,0.1940608751,0.5364387601,0.4951312079,-0.3239989912
nmalqW4U,2024-12-27,HARD,-0.8634820063,0.1790227017,-0.913448642,0.4723979273,0.1142977384
WCxVi0m2,2024-12-27,HARD,-0.8070268582,0.1694170559,-0.8536194351,0.3896138409,0.1327985515
CUS61DKb,2024-12-27,HARD,-0.573777565,0.164724791,-0.4156969154,0.4214269098,-0.4075294239
I3XqShnT,2024-12-27,HARD,-0.1313162894,0.1286530584,-0.1151797213,0.2809596022,-0.06460486254
CAMTgMIk,2024-12-27,HARD,0.9569180027,0.1840147685,0.9968933823,0.4944650433,-0.08710199606
pG246a2e,2024-12-27,HARD,1.874540967,0.2265802288,1.600158405,0.7498258828,0.3838737781
KCsk14QF,2024-12-27,HARD,0.1075984019,0.1980959614,-0.05236052381,0.5661354693,0.3016121349
QPStvgtH,2024-12-27,HARD,0.821006913,0.1706609955,0.7022903044,0.4195433857,0.309751332
bJUGF3u9,2024-12-27,HARD,0.3778126466,0.200561789,0.7317370511,0.6526941568,-0.569820473
GvybareS,2024-12-27,HARD,0.5525332883,0.1851122898,0.392156146,0.5972526329,0.2824328583
judunmw2,2024-12-27,HARD,0.8486208792,0.1566925036,0.8102692712,0.31504363,0.1403212445
KYIPDsAL,2024-12-27,HARD,-0.2934243163,0.1845652379,0.09605808467,0.480485306,-0.8779571154
dpJSRJ46,2024-12-28,HARD,0.2938275089,0.1709823873,0.1184415778,0.3387622274,0.5997200126
0vTsbro2,2024-12-28,HARD,0.4245600871,0.1576795103,0.3057483629,0.3024979758,0.4602403
rNCCV15s,2024-12-28,HARD,-1.261890408,0.1912346832,-1.673034327,0.4052161802,1.150849211
bVKKgrC6,2024-12-28,HARD,-0.1293063037,0.1585772726,0.154370506,0.4214089194,-0.7265678534
AmooGyOp,2024-12-28,HARD,-0.05961156725,0.1756810863,0.3676199025,0.4834687091,-0.9485180477
KI4Nm1RP,2024-12-28,HARD,-0.0929661944,0.1343634289,0.4064566276,0.3405424432,-1.596034905
bD1Tdv4t,2024-12-28,HARD,0.9096857125,0.1317180415,1.015395968,0.3728382727,-0.3030717622
pQkNldU9,2024-12-28,HARD,0.01683154766,0.1686556344,0.1937763454,0.4192672448,-0.4609746301
b5yUKKA5,2024-12-28,HARD,-0.60183516,0.1500975093,-0.3440842126,0.3851422142,-0.7266928137
j7v2tJJa,2024-12-28,HARD,-0.2960285429,0.1374410455,0.2929020304,0.3574133957,-1.785012727
QPhpgd35,2024-12-28,HARD,0.1867328994,0.1352329322,0.7051209253,0.366033318,-1.524061399
CYpf8sRa,2024-12-28,HARD,-0.250063455,0.1624331287,-0.2509699432,0.460127168,0.00210565093
hCCyQcZI,2024-12-29,HARD,0.1015380365,0.1352433182,0.4005051941,0.3700964186,-0.8678279006
4jtfrukm,2024-12-29,HARD,1.307710402,0.1479371984,1.26942085,0.5125379708,0.07802670112
dCeAjamp,2024-12-29,HARD,-0.9407184131,0.1385833965,-0.8991798687,0.3045151385,-0.1531921039
r1N2f8lI,2024-12-29,HARD,0.03368652907,0.1407328749,0.2303311445,0.3388666312,-0.6379159466
UPqDO2Bt,2024-12-29,HARD,-0.1798579156,0.1454229812,-0.2643040749,0.2968157486,0.3263615233
b7bJ5ZnB,2024-12-29,HARD,0.1311084287,0.1532424625,0.5326652769,0.4158262117,-1.03879721
2kzyx0Yj,2024-12-29,HARD,0.4694948785,0.1561559526,0.6960896578,0.3379996137,-0.7559080502
4EGVcseA,2024-12-29,HARD,2.442768808,0.1630158467,2.565258961,0.3616586779,-0.3794195824
4A4yeIYh,2024-12-29,HARD,-0.08198340843,0.1343601215,-0.1189118083,0.3875177887,0.1015969078
KnWIxyJO,2024-12-29,HARD,0.1588445832,0.1523258191,-0.06967597046,0.4221010565,0.5805061839
xSEwdLPM,2024-12-29,HARD,0.514215897,0.168230533,1.262455725,0.4513421931,-1.78655256
tExB4aQO,2024-12-29,HARD,0.2884676068,0.1237410557,1.109390914,0.3088082936,-2.901482684
xjmLMttg,2024-12-29,HARD,0.51683794,0.1413720123,0.6134710657,0.3472027961,-0.3047230653
v1dn98g3,2024-12-29,HARD,0.3729736565,0.1412562285,-0.07150114993,0.3875433375,1.231631432
YkdhizYH,2024-12-30,HARD,0.5148135107,0.137617651,0.6222904439,0.3614342111,-0.3215853951
IeBimRWq,2024-12-30,HARD,0.1586007694,0.1372502003,0.06562032655,0.3838639168,0.2593681097
nZXAvclC,2024-12-30,HARD,2.120841572,0.1377840776,3.260593038,0.4540905874,-2.634154349
UHk1kE2U,2024-12-30,HARD,0.149389337,0.1451125201,0.4773802658,0.3617366142,-0.9898493412
pUPA9Hmn,2024-12-30,HARD,0.02405463388,0.1326368649,-0.2393975071,0.3302196589,0.8711721362
8tl35QhS,2024-12-30,HARD,0.8694090791,0.1882932444,1.092266196,0.5556903985,-0.4262622962
jseB7eIb,2024-12-30,HARD,1.454388414,0.1252607132,1.334369693,0.3730152942,0.3415884345
bRnkefQi,2024-12-30,HARD,-0.7467289991,0.1236177141,-0.9960527894,0.3324033133,0.8080179636
8nNMa3Qc,2024-12-30,HARD,0.7075519081,0.1640553071,0.7449553647,0.3547952203,-0.1188967045
j9yjoPS1,2024-12-30,HARD,1.07671872,0.1282541611,1.400090485,0.3265699354,-1.076717409
rXoMbiLP,2024-12-30,HARD,-1.676978113,0.2325061596,-1.613815152,0.7996306913,-0.08255713726
vXCE7cNr,2024-12-30,HARD,0.09949541378,0.1347014423,0.1524257622,0.3371811487,-0.1712367687
hbRAfT5F,2024-12-30,HARD,2.664294366,0.1255586242,2.638132828,0.3448154993,0.08146385467
YRBXiUpA,2024-12-30,HARD,-1.540500343,0.1282284668,-1.654565412,0.3399861078,0.3622518877
EwBLbW3S,2024-12-30,HARD,0.6132494846,0.1487564272,0.9488920087,0.356105414,-1.03738448
pf3tNIXi,2024-12-31,HARD,0.04860186283,0.134858064,-0.2711491863,0.3902594416,0.8731163325
QLEao51d,2024-12-31,HARD,-0.9713810007,0.1367044089,-1.409868622,0.3719969071,1.267423825
jcshZEuP,2024-12-31,HARD,0.1902873081,0.1305074921,0.1378415361,0.3910497977,0.1422722982
4MIJTKYr,2024-12-31,HARD,1.136270042,0.1275049119,0.9540448544,0.3304345625,0.5977665521
zynSSPVb,2024-12-31,HARD,-0.1933949135,0.1417202189,0.05488970292,0.3062931115,-0.9143767871
Wdx1tbIl,2024-12-31,HARD,2.746036652,0.1449524523,2.783224983,0.3402149168,-0.120823527
v9hJUo1n,2024-12-31,HARD,-1.329132535,0.1332632857,-2.009345044,0.3518075342,2.08916311
0xUHxGHD,2024-12-31,HARD,0.6263044314,0.1239784511,1.298112863,0.333964537,-2.166429118
EcXKjM96,2024-12-31,HARD,-0.4565129512,0.1376350067,-0.5262569101,0.430525758,0.1709693052
pbJ42E43,2024-12-31,HARD,-0.2712927162,0.1219344843,-0.1164870509,0.2715923852,-0.6378959283
4n2A2rzp,2024-12-31,HARD,-0.235668832,0.1265770029,-0.1463660759,0.3333222109,-0.2896114998
naetQ5wA,2024-12-31,HARD,-0.3364507026,0.1323048925,-0.3470208639,0.3306776114,0.03487854442
