match_id,match_date,surface,player_id,filtered_overall_mean,filtered_overall_sd,smoothed_overall_mean,smoothed_overall_sd,overall_revision_z,filtered_played_surface_mean,filtered_played_surface_sd,smoothed_played_surface_mean,smoothed_played_surface_sd,played_surface_revision_z
6yjA0wKs,2024-01-01,HARD,2yj9GWan,1.77577828,0.2803370569,1.912936184,0.1168556917,0.5382524993,1.82771081,0.2619970478,2.035018663,0.100985893,0.8575207987
6yjA0wKs,2024-01-01,HARD,rkOojWt6,1.839633533,0.3036943258,1.567055746,0.1528523487,-1.038691941,1.766107303,0.2810100487,1.578487765,0.1302358204,-0.7534661203
CYx2OEth,2024-01-01,HARD,dMopwFzs,1.679853077,0.2928368719,1.3566811,0.1443917611,-1.268517455,1.735145312,0.2590903441,1.60416253,0.1333631479,-0.5896651977
CYx2OEth,2024-01-01,HARD,MewU5OwE,1.456405771,0.3083178758,1.480913631,0.1381054183,0.08890707195,1.515576327,0.2785882731,1.638291128,0.1218767015,0.4898511651
Cdmdo5tL,2024-01-01,HARD,zHMiAkw6,2.607735531,0.3079782077,2.583053351,0.1147929194,-0.08636620663,2.786663105,0.2972558703,2.671023815,0.1027980689,-0.4146039683
Cdmdo5tL,2024-01-01,HARD,WUunsrrI,0.9042549156,0.225691096,1.151547483,0.148357408,1.453994424,0.9972884096,0.2128793317,1.221612598,0.1280923814,1.319326915
GAPi3A9j,2024-01-01,HARD,IJAxNUl3,2.712566052,0.2840002586,2.454221597,0.1315551954,-1.026426768,2.866263936,0.2790735281,2.557279552,0.1251983595,-1.238840768
GAPi3A9j,2024-01-01,HARD,8hvtJI4d,1.511894692,0.2826540309,1.374599291,0.1350250976,-0.5529028907,1.474689046,0.2853718755,1.361525946,0.1253018245,-0.4413685149
Kbx6NYeb,2024-01-01,HARD,f1PZMn7P,2.13093603,0.2682611185,2.062903007,0.1260677081,-0.2873100181,2.144550894,0.2637019808,2.054571669,0.1195088416,-0.3827816117
Kbx6NYeb,2024-01-01,HARD,GvHZX89Q,2.45304925,0.2638353341,2.234596337,0.1451419773,-0.9915052671,2.553028063,0.2615849221,2.278540282,0.1224010967,-1.187328589
M9NLIxtQ,2024-01-01,HARD,8jMJmh84,2.631339594,0.2729758376,2.408046881,0.1206898619,-0.9119705361,2.686151854,0.2649706,2.500564655,0.1107682632,-0.7710090611
M9NLIxtQ,2024-01-01,HARD,W2BCKjLQ,2.359705007,0.2815183391,2.40259573,0.1146670905,0.1668204891,2.371292162,0.277809533,2.391956725,0.1080102397,0.08073577751
UFbr5JBQ,2024-01-01,HARD,f5BXmEH6,4.017281055,0.2781157386,4.338354342,0.1094678539,1.25583052,4.09657054,0.2743144547,4.379895537,0.1026091066,1.113695174
UFbr5JBQ,2024-01-01,HARD,8KHYNHRA,1.902417723,0.2690639263,2.085154625,0.146719038,0.8102144748,1.933992689,0.2635328268,2.095311676,0.1385473391,0.719613605
UFzzeZmJ,2024-01-01,HARD,SjM2LLB8,2.263259492,0.3350235991,2.598504307,0.1523121212,1.123479189,2.415644993,0.3214515348,2.755323169,0.138357145,1.170689015
UFzzeZmJ,2024-01-01,HARD,jyngIesG,2.969329014,0.3250971702,3.170171023,0.1138487556,0.6595569763,3.108095861,0.3231002345,3.268139623,0.1072347355,0.5251021699
fH8m5itU,2024-01-01,HARD,6L5yEis0,2.279174061,0.224119583,1.869161714,0.1387683873,-2.329731355,2.290867318,0.2210483847,1.883469541,0.1339357432,-2.316720258
fH8m5itU,2024-01-01,HARD,MysmW1jf,2.118738526,0.2716733004,1.919112189,0.1142729121,-0.8099375719,2.130977241,0.2665736144,1.920742298,0.1065637623,-0.8603935834
l0uFacZm,2024-01-01,HARD,nwkutKbi,3.018024226,0.4603114827,2.673244853,0.1340467712,-0.782946479,3.055835239,0.4605558228,2.705381987,0.1301065051,-0.7932462523
l0uFacZm,2024-01-01,HARD,2LhiB9IJ,2.617754256,0.2745714578,2.975888474,0.1345611776,1.496352089,2.728657982,0.2683775853,3.084852135,0.1266410732,1.505348698
rJOHJIQJ,2024-01-01,HARD,KGQ2bDHb,2.048116063,0.271652404,2.110698341,0.1386124527,0.2678725239,2.148705644,0.2619589269,2.082319337,0.1284052631,-0.2907472565
rJOHJIQJ,2024-01-01,HARD,r9RckFqs,2.476135905,0.277341549,2.410095543,0.1224369007,-0.2653795973,2.447678656,0.2741734776,2.386025192,0.1161403887,-0.2482426919
ruvSuq4r,2024-01-01,HARD,xU3quIf5,1.954567461,0.2789152021,2.00126,0.118389116,0.1848898341,2.085513276,0.2733082144,2.104568216,0.1071282308,0.07578393566
ruvSuq4r,2024-01-01,HARD,CWtkHlUE,2.281954454,0.2123883644,2.354143564,0.1164465485,0.4064234526,2.282630907,0.2079478743,2.360042597,0.1102493664,0.4390504025
2sfTwNYf,2024-01-02,HARD,vZ8lpjnM,0.9656061185,0.2346138921,1.082019767,0.1457322557,0.6331525621,0.9118147485,0.2360122622,1.071100797,0.1374356888,0.8301868316
2sfTwNYf,2024-01-02,HARD,4IwCdyAG,1.997248655,0.2730016769,2.238323888,0.1188905079,0.9809621172,2.084552634,0.2659420563,2.344834166,0.1059643262,1.067079493
6saUAizc,2024-01-02,HARD,vyhksgUB,4.111731822,0.2822083531,4.455162235,0.1079224359,1.31705069,4.241188822,0.2791987938,4.569849665,0.1017456706,1.264082177
6saUAizc,2024-01-02,HARD,rBZ5EARu,2.138058256,0.2693522962,2.047428663,0.1241722377,-0.379167095,2.027150344,0.2607193581,2.023427948,0.114031568,-0.01587647964
8OKyaczG,2024-01-02,HARD,hQQLzcNT,1.471738393,0.2398811959,1.719772505,0.1235442627,1.206271131,1.445379953,0.2318955002,1.694339158,0.1128216217,1.22882068
8OKyaczG,2024-01-02,HARD,tlZeVkkp,2.339178175,0.2159988413,2.411069344,0.1272117873,0.4118322557,2.386160894,0.2089760429,2.455847822,0.1172307499,0.4028217652
8QVEm9Vn,2024-01-02,HARD,MDM4BKiA,2.5097455,0.3191011697,2.829115959,0.1457786115,1.125114879,2.776637179,0.3111597517,3.009965357,0.1380954184,0.8367907331
8QVEm9Vn,2024-01-02,HARD,xGn9KNfO,2.721374022,0.3078666611,2.610720806,0.1300164523,-0.3965132914,2.704875604,0.3053340046,2.608399043,0.1238724801,-0.3456976267
8pxzxrif,2024-01-02,HARD,O81eud9p,2.226066427,0.2945892988,2.126790778,0.1453831409,-0.3874687005,2.289870483,0.2718611317,2.258044577,0.1351737233,-0.134927575
AR753n1k,2024-01-02,HARD,6XSnpS5h,2.58900854,0.2355052857,2.329704186,0.1197368477,-1.278652367,2.60306269,0.2270899733,2.397148351,0.1076168385,-1.029720086
CvbKLIPH,2024-01-02,HARD,KGdcQnEf,2.53580604,0.2404126919,2.812367127,0.1226663514,1.337570781,2.589553062,0.2349681949,2.876855457,0.115698546,1.404840399
CvbKLIPH,2024-01-02,HARD,neAp94aO,3.237479337,0.2950315834,3.070810681,0.1129291619,-0.6114865191,3.29714688,0.2920488801,3.103205155,0.1061135304,-0.7127876145
E5NIl1Jf,2024-01-02,HARD,fBPsm3Iq,2.956125362,0.2808164203,2.752140825,0.140631231,-0.8392171729,2.932066357,0.2770494474,2.780216281,0.1348624644,-0.6274554844
IBigeGC5,2024-01-02,HARD,8CZqQdSa,2.694825252,0.2343505761,2.655536818,0.1228603884,-0.1968720211,2.762572297,0.2286882846,2.716514418,0.1158333767,-0.2335798874
IBigeGC5,2024-01-02,HARD,GU42elks,3.107141606,0.2716713072,2.988361189,0.1194484103,-0.4867993603,3.050734707,0.2682074887,2.942581982,0.1141993439,-0.4456591243
Ii7926Ge,2024-01-02,HARD,WMS3AdAb,2.787135407,0.2165914751,2.873008181,0.1125205013,0.4640009161,2.975726053,0.2117830151,3.035692365,0.1065008495,0.3275839581
MVxWv3Jl,2024-01-02,HARD,K4Sih0XH,1.235851435,0.2317068796,1.489515738,0.1394258471,1.370687674,1.130956335,0.2241497723,1.461821435,0.1175953252,1.733859983
MVxWv3Jl,2024-01-02,HARD,Ova6pdYE,1.645343788,0.3046173887,1.820845248,0.1130461923,0.6204436207,1.653175926,0.3037608083,1.805778748,0.1061359291,0.5361724862
Qai0pPeR,2024-01-02,HARD,S4ljFw3g,1.65873123,0.2758035083,1.413071555,0.1302324246,-1.010448261,1.910464065,0.2656149593,1.567969116,0.1177594387,-1.438546303
Qai0pPeR,2024-01-02,HARD,4Qyc8N2g,2.004535893,0.2502284365,1.783632268,0.126971182,-1.024497671,1.998117209,0.2392352794,1.882562966,0.1106105498,-0.5447350342
YsvbPfRo,2024-01-02,HARD,ra7IoKGO,2.124218407,0.20472027,2.255841333,0.1416955848,0.8907940724,2.03675496,0.1966870167,2.201299892,0.1379316354,1.173506803
YsvbPfRo,2024-01-02,HARD,YmIZde1B,2.890059578,0.4632319906,2.615316203,0.1397932162,-0.622104659,3.089043947,0.4630459748,2.727545316,0.1329455786,-0.8150112095
bTLaklpF,2024-01-02,HARD,GUIVvvjL,3.009714411,0.2758106211,3.006764972,0.1302008222,-0.0121303942,2.984548131,0.2723291238,2.973091372,0.1254133841,-0.04739435132
bTLaklpF,2024-01-02,HARD,dKYVCedT,1.481818933,0.2375002469,1.597990085,0.1161736051,0.5608138491,1.468439471,0.2309232833,1.595459821,0.1033045367,0.615027833
bTalOZvH,2024-01-02,HARD,dzbgeEFF,2.997079403,0.276193615,2.990300251,0.1346491935,-0.0281119625,2.934790983,0.2728694534,2.911720279,0.129877039,-0.0961365344
ncb6QxUj,2024-01-02,HARD,WxLdKcAs,2.859355651,0.2456958653,2.830690019,0.1079026435,-0.1298650792,2.703129755,0.2328403626,2.75074807,0.09618149037,0.2245653439
ncb6QxUj,2024-01-02,HARD,bigXsmFf,2.090873848,0.275277144,1.644477379,0.1362004283,-1.866037868,1.991554772,0.2649370585,1.591713251,0.1246179861,-1.710192989
rVAGKKfU,2024-01-02,HARD,x81l09qG,2.933523822,0.2983297382,2.565655194,0.1217247452,-1.350636402,2.975481908,0.2954522369,2.553654788,0.1152604323,-1.550593399
tYhXxsl1,2024-01-02,HARD,Cjagsdf4,1.73659627,0.2352555777,1.825278274,0.1502299653,0.489842616,1.616598638,0.215266482,1.772882459,0.1406638877,0.959079337
tYhXxsl1,2024-01-02,HARD,pS5UjYbG,2.962425672,0.3036605391,2.962339089,0.1223997373,-0.0003115632432,3.237400108,0.2993487963,3.10681624,0.1154332098,-0.4727922055
vmgiu4M7,2024-01-02,HARD,Gloq9MUN,3.269157718,0.2801328452,3.203500712,0.1174174619,-0.2581491656,3.193879211,0.2766383436,3.134438865,0.1111237254,-0.2346283504
vmgiu4M7,2024-01-02,HARD,OOzDwMPt,2.592918968,0.2429147244,2.331273331,0.138057139,-1.309082807,2.657418217,0.2387113301,2.385860822,0.1294142862,-1.353815263
2uiVhiqF,2024-01-03,HARD,UDzElXdm,3.78358867,0.2814349519,4.112904848,0.1076814634,1.266503878,3.808537529,0.2783751984,4.127834257,0.1013203508,1.231467073
46MejUU8,2024-01-03,HARD,Y1ZrrUtl,2.616684874,0.2572004699,2.888868173,0.1051696611,1.159630088,2.691649026,0.2538917041,2.963747142,0.09938510779,1.164647382
46MejUU8,2024-01-03,HARD,21U8Dqna,2.474150879,0.2391838715,2.621531832,0.1202384762,0.7127955945,2.463185257,0.2344233501,2.588685254,0.1125867516,0.6103567796
4zMm4jfp,2024-01-03,HARD,lI6fOOat,3.322732243,0.241136784,3.44097326,0.1182542002,0.5626513911,3.25478196,0.2217071486,3.479481235,0.1047955865,1.150083912
4zMm4jfp,2024-01-03,HARD,hIA4C9YT,3.348807638,0.2720255295,3.315692912,0.1498178844,-0.1458466128,3.365024786,0.2681612427,3.33284384,0.1458224567,-0.1429963995
Sr8aX9PM,2024-01-03,HARD,vXvzyRlq,2.484436743,0.2747786702,2.23587998,0.1269989834,-1.020059077,2.471195325,0.2711568046,2.223333766,0.1220817375,-1.023713974
Sr8aX9PM,2024-01-03,HARD,fkFeyKHL,2.222092175,0.232457483,2.140677945,0.1332626316,-0.4274460767,2.171613962,0.2249986728,2.158487239,0.1269627677,-0.07066692515
YoKurzVd,2024-01-03,HARD,zNoTPac0,2.592682146,0.2747706042,2.461340816,0.1411523218,-0.5571370473,2.444874976,0.2688091517,2.340734172,0.1335125774,-0.4463656661
bRprQGR1,2024-01-03,HARD,l84wBUxE,2.080772988,0.2805088953,1.925257671,0.1183901911,-0.6115403057,2.426335744,0.2737710073,2.285005332,0.1055155552,-0.5594577867
4Ah7Ofc0,2024-01-05,HARD,UiaMC9xj,2.009530685,0.3224196965,1.595304637,0.1462155646,-1.441490817,1.818251101,0.3230035959,1.384059189,0.1401698513,-1.492044324
EwBUS9ln,2024-01-05,HARD,n5XviZ0t,1.680383583,0.2730816002,1.391423845,0.1348522023,-1.216864665,1.773246536,0.2664996084,1.518310428,0.1256850674,-1.084831509
OAaJLhsJ,2024-01-05,HARD,dGQFd6qm,-0.882610496,0.7825225624,-0.6561788185,0.2938240811,0.3122055426,-0.9110720369,0.7706956074,-0.684565063,0.2531106328,0.311158638
OAaJLhsJ,2024-01-05,HARD,WrhNf3At,1.881438104,0.224639061,1.876516,0.1248577728,-0.0263575233,1.971821794,0.2130116971,1.938056651,0.1131807593,-0.1871108878
QPtGMYRC,2024-01-05,HARD,vo9FVe2A,1.680102915,0.2270808308,1.784095662,0.1265278601,0.5514982408,1.73479981,0.2180747597,1.823450388,0.1170213561,0.4817496426
dpkaQGSm,2024-01-05,HARD,OKBlwX8r,1.670789426,0.2761391226,1.704137403,0.1238131031,0.1351071632,1.672532736,0.2702517758,1.670896846,0.1127841913,-0.006660988032
dpkaQGSm,2024-01-05,HARD,61UNAx1e,-0.2887118333,0.3481618346,-0.3747240729,0.2419654858,-0.34358374,-0.2923248175,0.3143126429,-0.3790716371,0.1894897122,-0.3459204817
r1iBNEC6,2024-01-05,HARD,028BdVOj,2.154730272,0.2308416817,2.196631333,0.1279205671,0.2180566861,2.137126161,0.2048613515,2.202656449,0.1155350342,0.3873544553
rw9OWIkK,2024-01-05,HARD,W6pL8zuB,2.061254575,0.2225856155,2.133007732,0.1094533764,0.370214377,1.941930775,0.216718454,2.065085992,0.1016228124,0.6433938524
rw9OWIkK,2024-01-05,HARD,pWwx5ylk,-2.207391621e-15,0.8442081452,0.505002138,0.224031619,0.6204419937,-2.207391621e-15,0.8579964273,0.4424794166,0.2194503919,0.5334565412
x08SVx5Q,2024-01-05,HARD,U5Ot7i32,1.940483281,0.2855479775,1.765701704,0.1439479151,-0.7087358871,1.869710471,0.2752368676,1.774171285,0.1266406771,-0.3909586522
x08SVx5Q,2024-01-05,HARD,rysUUciD,2.287437912,0.2738894731,2.149182843,0.1266492746,-0.5693057883,2.210189864,0.2684013841,2.104262381,0.1191781381,-0.4404635756
zmCQTkZu,2024-01-05,HARD,fgVB4gm1,0.1022282938,0.3362532379,0.0462554478,0.2360008537,-0.2336875534,0.08474779505,0.3006490355,0.02821218794,0.1815754851,-0.2359335833
zmCQTkZu,2024-01-05,HARD,x0QCtJlk,2.066043743,0.3070821201,1.988865144,0.1212520591,-0.2735568146,2.175782377,0.3051853268,2.061136852,0.114889496,-0.4054890628
fmaLuw5G,2024-01-06,HARD,KQ3uLtiT,1.804969201,0.2994934473,1.746425777,0.1499213926,-0.2258027266,1.812808226,0.2806963923,1.785897907,0.1232410516,-0.1067045877
j3Mftzxo,2024-01-06,HARD,xEP5jAtb,-1.308359934,1.176899904,-0.5175850668,0.2678186949,0.6900171511,-1.340322781,1.168649904,-0.5294502105,0.2349669166,0.7083185333
jaAFVbtG,2024-01-06,HARD,dhZYs1S7,0.2308171687,0.340632806,0.4143759185,0.218200966,0.7017567213,0.1676382846,0.3315662125,0.3640451041,0.1912799001,0.7252069735
IHdLGWc7,2024-01-07,HARD,84GyAaXB,2.076743935,0.2984581402,1.892265188,0.1183112997,-0.6732635179,1.947303424,0.2948674624,1.809974148,0.1097308881,-0.5017703136
fyJsA5dr,2024-01-07,HARD,YsJXLo1O,2.435098324,0.2405743662,2.006139602,0.1358855248,-2.160757107,2.515661981,0.2257863448,2.158268551,0.1246135274,-1.898159373
2Rg9JYDl,2024-01-08,HARD,OGYNaUZG,2.260223023,0.2897287417,1.90760461,0.118616904,-1.333985148,2.188114925,0.2852650996,1.812128287,0.1112423864,-1.431343096
APIoS4IQ,2024-01-08,HARD,QoLeDQFG,2.158737738,0.2327706328,2.032599645,0.1266142808,-0.6457930218,2.198403814,0.2261986101,2.031952545,0.1184685777,-0.8638110317
Wr3wPfjR,2024-01-08,HARD,KQGnhml2,2.133166467,0.2276447471,2.02308801,0.1265029043,-0.5816272139,2.074975059,0.2207598857,1.966176014,0.1164651252,-0.580141523
YRHo9PBl,2024-01-08,HARD,0QlxEb7i,2.099583323,0.3130732113,1.674424726,0.1505187849,-1.548758132,1.888307921,0.3080584959,1.46001492,0.1439300405,-1.57248071
YRHo9PBl,2024-01-08,HARD,fJjFPDOb,1.881668356,0.2358947745,1.790254564,0.1232506238,-0.4544878226,1.973739073,0.2201979799,1.855750917,0.1131058517,-0.6245101297
lOk5KEbr,2024-01-08,HARD,pA0aW3EL,2.257668984,0.3197471032,2.10666538,0.1288363011,-0.5160009017,2.249255093,0.3187710093,2.069932823,0.121497162,-0.6084723188
hh4ZPzyL,2024-01-09,HARD,xEGb8F4p,2.681820083,0.2799994624,2.428323406,0.1440826816,-1.055870698,2.530122618,0.2763044586,2.319262154,0.1398449788,-0.8848479476
2NZViuaT,2024-01-13,HARD,KjsokFUj,3.353623577,0.2873175886,3.424879162,0.1361390903,0.2816238309,3.321176716,0.2842973058,3.388250366,0.131892739,0.2663220393
8WtnTxrl,2024-01-13,HARD,8EI3pJOd,2.77202974,0.2751120176,2.941181138,0.134238969,0.7043908603,2.936284422,0.2690095823,3.081504566,0.127683091,0.6133212101
8WtnTxrl,2024-01-13,HARD,jVCKq0LH,1.831837182,0.4504692279,1.849676486,0.1785561265,0.04313489606,1.880843136,0.4697082175,1.961524004,0.1701112751,0.1842778501
MR2h9tU3,2024-01-13,HARD,KhTa5tH1,1.780409489,0.2406893248,1.831005968,0.1268983812,0.2473921712,1.667833848,0.2333059083,1.716039421,0.117643198,0.2392646278
S4sJfsFA,2024-01-13,HARD,boU2UKtN,1.840333534,0.2896914529,1.684331994,0.1322910716,-0.6053112741,1.963116267,0.284593019,1.829237256,0.1252500101,-0.5238865058
S4sJfsFA,2024-01-13,HARD,bstrYIDU,1.595616382,0.2410805557,1.654118414,0.1607878821,0.3256799681,1.698100132,0.2235522901,1.753772384,0.1484674832,0.3331039204
UVtXByDD,2024-01-13,HARD,2FcuNEdC,2.027374894,0.3104920103,1.742383565,0.1463887388,-1.040810338,1.975476635,0.30909462,1.695837242,0.1418611548,-1.018286017
UVtXByDD,2024-01-13,HARD,Em3nvKqP,1.506460147,0.3854553768,1.738191427,0.1409105834,0.6458944509,1.489388182,0.4317398099,1.881981785,0.1230885329,0.9487020968
WzapLujR,2024-01-13,HARD,046jJj30,2.328699912,0.2371772434,2.135820359,0.1333644592,-0.9834272192,2.276961463,0.2328725129,2.074666828,0.126437802,-1.034446133
YsrFeNa4,2024-01-13,HARD,S0E8uMT2,1.77501431,0.2344298353,1.713260347,0.152148504,-0.3462544958,1.806659519,0.2016909044,1.783767768,0.1148996298,-0.138099473
YsrFeNa4,2024-01-13,HARD,2FyACZYi,3.092875161,0.2840468632,3.062029056,0.1232689034,-0.1205373029,3.139391414,0.2802389192,3.12942317,0.1182104721,-0.03923164029
fmqbQzS6,2024-01-13,HARD,Uwhd6a1e,2.153922262,0.2963188049,1.77279677,0.1296188994,-1.430300459,2.287690201,0.2896037415,1.930549559,0.1199628901,-1.354914126
fmqbQzS6,2024-01-13,HARD,YuOTpKxj,1.529644576,0.3052569535,1.72708318,0.1891015154,0.8239318809,1.516510083,0.2906502589,1.827245558,0.1792322271,1.358058465
0jkGFJDl,2024-01-14,HARD,EDBO32wT,1.095032629,0.2668057572,1.118478983,0.1687215325,0.1134404796,1.091772722,0.259066103,1.182485452,0.1554887027,0.4377687497
6ipwHURs,2024-01-14,HARD,S6JNQ85M,2.43457008,0.2274265475,2.254899194,0.134098154,-0.9781418175,2.491337501,0.2226787814,2.312401009,0.1297148462,-0.9886160242
E13lAMEc,2024-01-14,HARD,Of1fjykI,0.9761032098,0.4455148587,1.313833906,0.1546298457,0.8083172984,0.937570276,0.4801221457,1.321562958,0.1394573884,0.8358162547
IZkOaTd7,2024-01-14,HARD,xSJxJs6E,2.246994694,0.2959256703,2.020158974,0.166040052,-0.9260320847,2.105860456,0.2926843182,1.871036476,0.1590864721,-0.955836567
SpcB2VCl,2024-01-14,HARD,OKXs3Wah,2.517446978,0.2240275415,2.690997629,0.120500231,0.9189389591,2.53162595,0.2195803356,2.662228472,0.11472443,0.6975636369
dQlSbmCD,2024-01-14,HARD,byP3Cue7,2.147434653,0.2916644698,1.582575416,0.1586795441,-2.30816489,2.086057824,0.280424936,1.615024698,0.1450254507,-1.962539845
jurTCHc7,2024-01-14,HARD,EgKYrSR5,3.635156068,0.3167108638,3.420521884,0.1460619199,-0.7637710357,3.696422693,0.3135009395,3.440906732,0.1411206378,-0.9127444364
lGZsGlsl,2024-01-14,HARD,AsWv5414,2.592523131,0.2973174987,2.525260016,0.1335472121,-0.2532147263,2.594993716,0.2943434398,2.520508763,0.1282410739,-0.2811407823
rFvLEwTf,2024-01-14,HARD,WSCEkk6I,1.007139329,0.4135954218,1.705909345,0.1542325572,1.820840775,1.005168017,0.4662394902,1.838421332,0.1497584742,1.887181104
tAAkUISs,2024-01-14,HARD,WEvLWEdN,1.758272168,0.3243334337,1.979454413,0.1394941202,0.7553962358,1.751112415,0.3207853164,1.982893239,0.1250715193,0.7846375128
tAAkUISs,2024-01-14,HARD,UqnOkX4F,1.297676607,0.3090882753,1.24409257,0.1368687936,-0.1933515977,1.196853032,0.3068760691,1.114861127,0.1261658113,-0.2930991963
tpufRGC0,2024-01-14,HARD,WfnqI5WD,1.41675808,0.3655441683,1.767365288,0.1806985437,1.103375727,1.302772314,0.3672974694,1.68118842,0.182917521,1.18808239
vqk6cqVi,2024-01-14,HARD,ETkoNgxJ,2.228091632,0.2829270001,2.306542948,0.1306033799,0.3125812308,2.190802684,0.2784026561,2.294241731,0.1247768279,0.4156264524
xCY2PfsD,2024-01-14,HARD,OlQsiYlU,2.14605327,0.3342552167,2.093509616,0.1978623324,-0.1950386238,2.213675254,0.3005291333,2.1594653,0.1292404916,-0.1998006488
zB4pB2ai,2024-01-14,HARD,noaX0EJn,2.369650066,0.2729711338,2.586140964,0.1179617424,0.879446731,2.39699862,0.2679830083,2.551258362,0.1112798884,0.6327666768
CxcKZuwo,2024-01-15,HARD,My7MkGPr,2.136735446,0.2492795426,2.21414674,0.13243572,0.3665487027,2.072341573,0.2452717634,2.137088868,0.1266022877,0.3082152889
E1Hqtr0H,2024-01-15,HARD,AgIGoHjL,2.93692474,0.6491438911,2.42046247,0.1616272282,-0.8214757217,2.828849186,0.6541621515,2.305571463,0.1564169597,-0.8238174864
ERnuqpGb,2024-01-15,HARD,jNyZsXZe,4.79441165,0.291586363,4.974092782,0.1239124551,0.6807455887,4.761824531,0.288449575,4.989489786,0.11888079,0.8662642829
IeRbC6tD,2024-01-15,HARD,2HWgFEu7,1.504524435,0.2888726909,1.020354462,0.161929895,-2.02395393,1.393904155,0.2818047187,0.8769090567,0.1553171471,-2.198675984
K2Mcma7p,2024-01-15,HARD,lSABz6E8,2.91390094,0.2919908371,3.12627451,0.1278245814,0.8089642493,2.878634382,0.2871230213,3.068971458,0.1212744113,0.731351194
ObBonAS7,2024-01-15,HARD,8fh5VQUc,1.790943546,0.4366007315,1.572467377,0.1323305707,-0.5251029696,1.836354345,0.4401304227,1.610934132,0.1224720168,-0.533226684
WzLFzLkE,2024-01-15,HARD,6TlRnRze,1.525757273,0.3526331399,1.492755795,0.1677961056,-0.1064040249,1.487962064,0.3383356231,1.535925217,0.161574007,0.1613496378
dtwjESB0,2024-01-15,HARD,Y9jUuHka,2.404269667,0.3269114918,2.391416075,0.159634068,-0.04505511322,2.484847561,0.3193248843,2.471473871,0.1516572071,-0.04759095167
dtwjESB0,2024-01-15,HARD,Wl76rX3I,3.263451935,0.4048847072,3.008861879,0.1255579642,-0.6614026796,3.185235007,0.4105563996,2.963645813,0.1215403254,-0.5650570349
lGoCGabr,2024-01-15,HARD,f7a53rOM,3.354237266,0.2914423313,3.261673329,0.1385427936,-0.3610040016,3.346273596,0.2884116285,3.231638762,0.134876133,-0.4496704521
lGoCGabr,2024-01-15,HARD,GlqMuuhi,1.781339233,0.2775528554,1.752420553,0.1521166918,-0.1245660791,1.833066243,0.2356632676,1.838138334,0.1436697938,0.02715177277
nNujSdcf,2024-01-15,HARD,pQGynuhR,1.131962538,0.4489427845,1.291320933,0.1355238453,0.3723338049,1.341198733,0.4645777279,1.500235411,0.1264063395,0.3557467821
p8CsmjD1,2024-01-15,HARD,dMsOb1NA,2.35777242,0.3718482909,1.743363085,0.1313157862,-1.76610331,2.570883674,0.365254406,1.997690235,0.1166947867,-1.656095186
v1ONYbKQ,2024-01-15,HARD,vw1oqIPi,1.858675087,0.3360956434,2.021794501,0.1395394977,0.5334888791,1.802239114,0.3341427216,2.035504589,0.1328716798,0.7608423542
zXyfDnR6,2024-01-15,HARD,8fw1CCQC,2.704917425,0.2904178061,2.800835613,0.1369228779,0.3745129391,2.793779733,0.2872334462,2.850365764,0.1317314054,0.2216932094
zmIW9DKE,2024-01-15,HARD,2PPTHPya,2.47288647,0.3188296177,2.651453548,0.1272997296,0.6108755138,2.584968559,0.3111623501,2.707293699,0.1179067395,0.4248015079
EL7qsw31,2024-01-16,HARD,0SeXj3jT,2.422522241,0.3090070245,2.463159479,0.1310596817,0.1452175716,2.296114469,0.2954875221,2.494462285,0.1206466162,0.7353417513
S6YoF8df,2024-01-16,HARD,xCyEhjAS,3.21931979,0.289013369,3.264347965,0.1149228337,0.169801052,3.294924133,0.282395676,3.315106023,0.1043796043,0.07691355357
SWHxlWce,2024-01-16,HARD,jkHNR1ol,2.303882382,0.4078228765,1.991168219,0.163743196,-0.8372372013,2.360285294,0.4143270619,1.998225904,0.1622760124,-0.9497232787
lfb73Bcr,2024-01-16,HARD,hAR7VtG4,1.799075025,0.3588330772,2.130356735,0.1456672608,1.010201356,1.839068871,0.3551877927,2.155618647,0.1418860095,0.972152349
pvPJZv5K,2024-01-16,HARD,Wd9dyI7m,1.611450016,0.3149561222,1.783635094,0.1651928863,0.6421032755,1.684237891,0.3087778328,1.846311777,0.1592123011,0.6126027402
pvPJZv5K,2024-01-16,HARD,KdojxrAR,3.641055995,0.2839040842,3.679969784,0.1381509635,0.1568953368,3.777365623,0.2801194978,3.799529316,0.1341418428,0.09012841597
ShZfk3T6,2024-01-26,HARD,2kS2AMrn,0.8396388576,0.3363629299,0.8932503187,0.1724409178,0.185636688,0.8519369393,0.3291670794,0.851547739,0.1660702535,-0.001369442351
xAyDcRLQ,2024-01-26,HARD,lhFaesve,0.7240714791,0.3569608972,0.5593514192,0.2340935718,-0.6112438981,0.7068278504,0.3591140241,0.5329308708,0.2250668996,-0.6214262607
xAyDcRLQ,2024-01-26,HARD,bLI5Djkk,1.177968814,0.34789742,1.208462597,0.1765941238,0.1017323787,0.9825587917,0.3465015977,1.050629232,0.1748491734,0.2275456708
zJx3msbJ,2024-01-26,HARD,dGbzUtWd,1.580619455,0.4070308818,1.639766791,0.131923958,0.1536060199,1.508743033,0.4209014217,1.563457559,0.1268046373,0.1363275803
zJx3msbJ,2024-01-26,HARD,2PfUfy9o,1.201172418,0.4030892976,1.185083492,0.240027829,-0.04968282984,1.244850027,0.4134240146,1.242839496,0.2314330422,-0.005868864724
Gfm4amiE,2024-01-27,HARD,bZu69bao,1.182052184,0.3212464593,1.232441614,0.16884339,0.1843761476,1.229561028,0.3046399074,1.316582431,0.1411056043,0.3223132478
Gfm4amiE,2024-01-27,HARD,xplwkDKM,0,0.8442081452,-0.8305843714,0.2992559553,-1.05218786,0,0.8579964273,-0.8579374738,0.267032384,-1.05218786
MFYblNrD,2024-01-27,HARD,GhrNHJ5h,1.20828144,0.2614061871,1.381145247,0.1402041424,0.783513823,1.18170101,0.2541627907,1.324855299,0.1311761226,0.6575880511
MFYblNrD,2024-01-27,HARD,zk2irZZG,0.8232770305,0.522318812,0.7668645375,0.1869264836,-0.1156646102,0.5889785463,0.5271940389,0.5511457403,0.1897681382,-0.07691857371
bDsvgoUs,2024-01-27,HARD,Kp8Z0oRo,1.640282008,0.7779622187,0.2660699859,0.1938706629,-1.823969136,1.731122241,0.7745974961,0.3833039278,0.1822088061,-1.790259389
bDsvgoUs,2024-01-27,HARD,YDVzHVuJ,1.252866373,0.4052728271,1.067751668,0.164079497,-0.4995370733,1.282775704,0.4085676781,1.189985019,0.1452392113,-0.2429832266
fon8b76K,2024-01-27,HARD,YPE4iYlj,0,0.8442081452,-1.730976163,0.3016681838,-2.195363035,0,0.8579964273,-1.787981291,0.2699127782,-2.195363035
fon8b76K,2024-01-27,HARD,UeJstJ4j,0.6703183183,0.3152042411,0.4928956975,0.1638518067,-0.6589024484,0.6311790948,0.3045218066,0.4191741969,0.1470560544,-0.795035493
hzsrh5ql,2024-01-27,HARD,bDRQ9DzE,0,0.8442081452,-1.855528057,0.3228731019,-2.378803238,0,0.8579964273,-1.916634973,0.2949286131,-2.378803238
hzsrh5ql,2024-01-27,HARD,zZoU3kJa,1.236971026,0.2783799062,1.130492787,0.2232094466,-0.6400787396,1.255241672,0.2343093013,1.147886011,0.1648115097,-0.6445954843
l2zijqE0,2024-01-27,HARD,bFE65J4E,0.5804662233,0.4215463817,0.4240003936,0.2013191987,-0.4224612497,0.5902286574,0.4422458597,0.4553547892,0.199124763,-0.3415560313
0IgKuOVD,2024-01-28,HARD,pSohw4mS,0,0.8442081452,-0.2352587692,0.2884416308,-0.296518511,0,0.8579964273,-0.2430063954,0.2540181926,-0.296518511
0IgKuOVD,2024-01-28,HARD,GWuBzqkB,2.07338308,0.3395736217,2.246979604,0.125777035,0.5503645796,1.9796262,0.3343571604,2.335249843,0.1093734074,1.125525591
65cUI0O0,2024-01-28,HARD,YDHquro6,2.601545908,0.4152101673,1.861583137,0.1735689415,-1.961770318,2.613491603,0.4226896334,1.8570257,0.1693110545,-1.953184656
E7IkQrWQ,2024-01-28,HARD,ID57P88P,2.42883067,0.4158066481,1.915951065,0.1799655483,-1.36825035,2.309401356,0.4202188329,1.826733481,0.18293557,-1.275852859
KleIL2vr,2024-01-28,HARD,8jmUA2kT,1.298817146e-17,0.8442081452,0.3289783936,0.2536559905,0.4085676225,1.298817146e-17,0.8579964273,0.3398124281,0.2107262511,0.4085676225
SEbQJt9f,2024-01-28,HARD,rwWwX7oC,1.61096491,0.3120837043,1.049533432,0.1387385393,-2.008344562,1.558702048,0.2997330703,1.042044561,0.1277712461,-1.905532911
bgZfZL8s,2024-01-28,HARD,O8s9yjMD,1.592973345,0.3261158867,1.721094124,0.1405552381,0.4353826937,1.556449307,0.3251075283,1.725043962,0.13328912,0.5685621457
bufMKMgl,2024-01-28,HARD,bkppJqxo,1.382421487,0.3177145926,1.240440216,0.1336980529,-0.4926242299,1.463022559,0.3102723516,1.294226045,0.1257747407,-0.5951156912
dpmTw20Q,2024-01-28,HARD,nTL4I2Xq,1.724219125,0.3070048349,1.779000029,0.1751736011,0.217278194,1.740663282,0.3041136927,1.788709315,0.171801174,0.1914663399
dpmTw20Q,2024-01-28,HARD,dvDRCAx9,1.221010476,0.3531512305,1.592381146,0.153230751,1.167185376,1.270880625,0.3480356634,1.687194509,0.1327347246,1.293984511
hGYbYuOm,2024-01-28,HARD,0flvkwYe,2.007258124,0.2439349199,1.95708934,0.1155294189,-0.2335145022,1.755182342,0.2387822519,1.726358343,0.1067313656,-0.1349431938
hGYbYuOm,2024-01-28,HARD,h6Lq4OGA,1.720487557,0.3269080206,1.875763658,0.1231015324,0.512725298,1.702624286,0.3229076522,1.909801867,0.115860495,0.6873700043
lUnZHKw7,2024-01-28,HARD,MVSOop0f,1.517712554,0.3108085402,1.758110091,0.1238688776,0.8433265003,1.546284854,0.3083920783,1.829908639,0.1121711236,0.9873117832
v9hOvroK,2024-01-28,HARD,2gjsegvD,1.71719555,0.3104219922,1.721869457,0.1467393183,0.01708613929,1.541463692,0.3063012708,1.544571204,0.1370967812,0.01134514472
EsFHo5Gf,2024-01-29,HARD,pCVKwJRi,2.188794243,0.6224173477,1.152453349,0.2135839149,-1.772662132,2.295146336,0.6205949841,1.259536652,0.2098276334,-1.773162589
bVlL5Q7Q,2024-01-29,HARD,lOEhBzlI,1.121734562,0.5938039102,0.239067638,0.2646904504,-1.66056281,1.147719672,0.578256784,0.3720802376,0.2340948961,-1.466920075
f1zi04Vm,2024-01-29,HARD,l2FaZpEP,1.009043538,0.3231361382,0.8973478824,0.1586172548,-0.396749158,0.9023144179,0.3137570241,0.7691673351,0.1439170146,-0.4775661256
EaEek1de,2024-01-30,HARD,6oA7gaee,1.175036411,0.4005013029,1.253346284,0.1626287293,0.2139636445,1.070909398,0.4115941391,1.158359616,0.1376584459,0.2254501507
l07Ur30D,2024-01-30,HARD,SSdpiotE,-4.657475927e-14,0.8442081452,-0.02771369773,0.2708759601,-0.03466071378,-4.657475927e-14,0.8579964273,-0.02862637517,0.2324708397,-0.03466071378
C0ZzRr8C,2024-02-01,HARD,OKXs3Wah,2.685989373,0.1684772342,2.680375296,0.1091428131,-0.0437420946,2.700498897,0.162386843,2.651606139,0.1029909983,-0.3894342777
C0ZzRr8C,2024-02-01,HARD,4IwCdyAG,2.384167817,0.170975792,2.37071688,0.1123013581,-0.1043331476,2.474189102,0.1574441712,2.477227158,0.0994137556,0.02488407175
G4We9HlC,2024-02-01,HARD,Gloq9MUN,3.297759259,0.1720238254,3.314853056,0.1007741875,0.122610201,3.222350418,0.1658298039,3.245791209,0.09376261115,0.171378945
G4We9HlC,2024-02-01,HARD,2PPTHPya,2.646950677,0.1698032637,2.713842442,0.1118375414,0.5235271893,2.759358364,0.1536461727,2.769682593,0.1013615086,0.08941159702
U7GQAW1S,2024-02-01,HARD,WrhNf3At,1.870385948,0.1799798442,1.90695926,0.1239813708,0.280328407,1.958013512,0.1648192479,1.968499911,0.1142452456,0.0882694524
U7GQAW1S,2024-02-01,HARD,l84wBUxE,1.952685477,0.1656623982,1.953864187,0.1062583804,0.009274225705,2.297653679,0.153567677,2.313611847,0.09253127157,0.130206808
W6uL0ANL,2024-02-01,HARD,vw1oqIPi,2.181537483,0.2070333678,2.055520341,0.1208765124,-0.7497344241,2.129578343,0.1974798477,2.06923043,0.113015655,-0.3726475637
W6uL0ANL,2024-02-01,HARD,OGYNaUZG,1.784008489,0.1673848452,1.848585475,0.1061632366,0.49900922,1.711635206,0.1589812516,1.753109152,0.09837366705,0.3320822338
YimIyUtP,2024-02-01,HARD,dKYVCedT,1.639783508,0.1635893038,1.513857979,0.1206437928,-1.139770923,1.626934119,0.152636317,1.511327715,0.1088565522,-1.080476318
YimIyUtP,2024-02-01,HARD,dMsOb1NA,1.606771211,0.1809167468,1.801765393,0.1175733889,1.418097591,1.817245004,0.1645271551,2.056092543,0.1015926912,1.845601226
bsodRI7D,2024-02-01,HARD,Y1ZrrUtl,2.973171724,0.1615238228,2.900080962,0.1053236786,-0.5968458874,3.047865049,0.1560581874,2.97495993,0.1002264729,-0.6094754743
bsodRI7D,2024-02-01,HARD,rBZ5EARu,2.141732925,0.1850355181,2.029912663,0.1145108458,-0.7693393394,2.03163054,0.1716112903,2.005911948,0.1039313263,-0.188331399
jc3gXAB2,2024-02-01,HARD,CWtkHlUE,2.40954873,0.1399792672,2.401608972,0.105551517,-0.08635748152,2.410097761,0.131612695,2.407508006,0.09917121276,-0.0299299229
jc3gXAB2,2024-02-01,HARD,AsWv5414,2.520061544,0.2399288977,2.5283707,0.110881201,0.03905221959,2.522485346,0.2356601154,2.523619446,0.104464225,0.005368742125
nuVzP3QB,2024-02-01,HARD,x81l09qG,2.503537398,0.1719680558,2.596208114,0.1076448456,0.6910031958,2.544079812,0.1653473286,2.584207707,0.1004660387,0.3055612131
nuVzP3QB,2024-02-01,HARD,pA0aW3EL,1.894096285,0.1745724641,2.222899182,0.1094668508,2.417893624,1.878278831,0.1629169155,2.186166625,0.1005886735,2.402454205
rD9x4PR8,2024-02-01,HARD,8hvtJI4d,1.38789256,0.1920139655,1.273147008,0.1217557216,-0.7728259932,1.347857764,0.1812342142,1.260073663,0.1096539116,-0.6083536318
rD9x4PR8,2024-02-01,HARD,KQ3uLtiT,1.837735358,0.209234777,1.665985327,0.1375087689,-1.089066251,1.846543214,0.1741052661,1.705457457,0.114962018,-1.079024025
2yubEj6G,2024-02-02,HARD,8jMJmh84,2.46121487,0.1739957206,2.372553016,0.1090481288,-0.6539257257,2.51423453,0.1607111761,2.46507079,0.09856815482,-0.3873154154
2yubEj6G,2024-02-02,HARD,W2BCKjLQ,2.296038671,0.1568677645,2.302879479,0.1087489624,0.0605093228,2.306290926,0.1496070722,2.292240473,0.1020128369,-0.1283927907
MP7CAMTp,2024-02-02,HARD,2LhiB9IJ,2.938948493,0.1651392311,3.023254534,0.1045602032,0.6595648825,3.050126037,0.1537793643,3.132218195,0.09430788506,0.6758418485
Ot8dVpnh,2024-02-02,HARD,028BdVOj,2.238557937,0.188572368,2.331420798,0.1074667673,0.5992969576,2.220784438,0.1544927885,2.337445914,0.09329821888,0.9473888147
Ot8dVpnh,2024-02-02,HARD,dGbzUtWd,1.54346861,0.1784521509,1.657176946,0.1261856156,0.9011323463,1.469573887,0.1713740759,1.580867715,0.1205987009,0.9140571056
YiRwSbpL,2024-02-02,HARD,U5Ot7i32,1.937554389,0.1603533999,1.828763215,0.128992092,-1.142058154,1.868216757,0.1392657338,1.837232796,0.1090898056,-0.3579065883
xStkb88Q,2024-02-02,HARD,dzbgeEFF,2.820423931,0.1855296639,3.018109318,0.1031524532,1.281920482,2.757691881,0.1802590486,2.939529346,0.09707497284,1.197186182
0rRP1R2s,2024-02-03,HARD,2FcuNEdC,1.946197936,0.2516070287,1.678178334,0.1297894657,-1.243435481,1.893387376,0.248526949,1.631632011,0.1249053337,-1.218266932
0rRP1R2s,2024-02-03,HARD,lIUK95pq,-1.014181393,0.4302459675,-0.6923450584,0.270263704,0.9613733671,-1.050951113,0.4096955057,-0.7236330654,0.2279553275,0.961508243
2kWmdNWI,2024-02-03,HARD,jumjev14,2.383697495e-17,0.8442081452,-0.7068333296,0.2443990653,-0.8747317667,2.383697495e-17,0.8579964273,-0.7505533708,0.2175388815,-0.9043240277
2kWmdNWI,2024-02-03,HARD,bkppJqxo,1.116554141,0.1840248806,1.263776552,0.1375922274,1.204737986,1.195295292,0.1676473731,1.317562381,0.131341203,1.173524219
GYTyaPn0,2024-02-03,HARD,GWuBzqkB,2.384595038,0.2024812433,2.266312096,0.1174024825,-0.716993907,2.299810349,0.1809185484,2.354582335,0.09935751111,0.3622631168
GYTyaPn0,2024-02-03,HARD,jqcBin0G,1.278216842,0.4250019629,0.6026037805,0.1818706741,-1.75885012,1.267186987,0.4760573076,0.3074558615,0.1967185063,-2.213852906
IcEzKQOP,2024-02-03,HARD,8UJkYhtq,0.1854842885,0.4478704312,-0.06754155951,0.2673317129,-0.7041502012,0.1097451336,0.4611816808,-0.1540170379,0.2565406794,-0.6882368864
IcEzKQOP,2024-02-03,HARD,nTL4I2Xq,1.592802796,0.2375470184,1.783261973,0.179606099,1.225071584,1.608283739,0.2330104697,1.79297126,0.1765413868,1.21444467
OI3dJgYE,2024-02-03,HARD,W8nKjJdl,0,0.8442081452,-1.744917257,0.3250314492,-2.239574355,0,0.8579964273,-1.802381498,0.2974473263,-2.239574355
OI3dJgYE,2024-02-03,HARD,ALs3vJ11,1.61519427,0.4092864899,1.344093458,0.1705854314,-0.7286812689,1.62116513,0.4344675212,1.34360937,0.1661114994,-0.6913683493
ObXqc3HC,2024-02-03,HARD,O8s9yjMD,1.621542849,0.2321672354,1.713459573,0.1366843082,0.4897854411,1.585386938,0.2252914613,1.717409411,0.1293299485,0.7156766438
ObXqc3HC,2024-02-03,HARD,UcucvyFg,1.233076868,0.6132435882,0.2648485229,0.264904312,-1.750623429,1.132567764,0.6086123767,0.1545486317,0.2441706749,-1.754341098
SjAmLF32,2024-02-03,HARD,6oA7gaee,1.061862449,0.2440838344,1.271582663,0.1605694611,1.140822658,0.9504694213,0.2347997028,1.176595995,0.1345264079,1.175043525
SjAmLF32,2024-02-03,HARD,2ZK8XbpE,1.892016018,0.2500298976,1.849847889,0.1739792908,-0.2348255546,1.926839616,0.2431780016,1.855630252,0.1692865758,-0.4078934732
UyYubq26,2024-02-03,HARD,rwWwX7oC,1.212079177,0.2299077537,1.047200448,0.1342094565,-0.8832668288,1.157728666,0.2112603532,1.039711578,0.1231178594,-0.687437535
UyYubq26,2024-02-03,HARD,pfozD7X0,-0.4833195602,0.4406085392,0.09708075154,0.2149039803,1.508922644,-0.5026111387,0.4212824104,0.0714020313,0.2005619675,1.549386335
WK4srlnA,2024-02-03,HARD,8lUrX0je,-1.570319006,0.3998923253,-1.726205203,0.2748497816,-0.5366731364,-1.550106019,0.3764572074,-1.705709572,0.2387441762,-0.5345930859
WK4srlnA,2024-02-03,HARD,dhZYs1S7,0.3858476679,0.2783868761,0.4665432742,0.2419017133,0.5856924067,0.32700831,0.2590191802,0.4162124598,0.2173122615,0.6328873005
Y9vXa5Xg,2024-02-03,HARD,h6Lq4OGA,1.954297902,0.2286448991,1.869068512,0.1142185196,-0.430294436,1.937382136,0.2217993412,1.903106721,0.106500281,-0.1761710939
Y9vXa5Xg,2024-02-03,HARD,thnOh4z9,0.443712216,0.3798207946,0.279879473,0.2592336239,-0.5901755706,0.4583154123,0.352663905,0.2918062782,0.2132311096,-0.5927719726
tfEiKZI8,2024-02-03,HARD,f3VNER7g,0.1207544702,0.6567834046,-0.4130770315,0.2690081939,-0.8909586718,0.1101854057,0.6423910391,-0.4651884656,0.2439162047,-0.968183188
tfEiKZI8,2024-02-03,HARD,prMtFtya,1.869081749,0.3302730466,1.521429687,0.1720028129,-1.233031114,1.727749219,0.3182041023,1.413856096,0.1588318107,-1.138413022
v7FWK69J,2024-02-03,HARD,dvDRCAx9,1.375593841,0.2226489496,1.619052696,0.1515613223,1.492693744,1.428201935,0.2072227632,1.713866059,0.1308638269,1.777918273
v7FWK69J,2024-02-03,HARD,25RhY8EH,0.6214794006,0.2864954918,0.0748482063,0.1925581306,-2.576814581,0.6386920544,0.2709073542,0.05407636416,0.177798482,-2.860184671
G65cbzCe,2024-02-05,HARD,ETkoNgxJ,2.22321196,0.2166466874,2.364109001,0.1167642847,0.7720891312,2.182389092,0.2102886518,2.351807784,0.1107741222,0.9478139583
G65cbzCe,2024-02-05,HARD,MVSOop0f,1.842932906,0.1928771871,1.754138969,0.1184760154,-0.5834004471,1.876387093,0.1840624084,1.825937517,0.106236759,-0.3356396463
O8QI5IJL,2024-02-05,HARD,84GyAaXB,2.013474626,0.1865239695,1.970849856,0.1106768638,-0.2839014003,1.883042743,0.1781037316,1.888558816,0.1022296666,0.03782212491
O8QI5IJL,2024-02-05,HARD,QoLeDQFG,2.076472971,0.1878478148,2.045273276,0.1085006092,-0.2034619563,2.11557439,0.1790094785,2.044626176,0.09949872235,-0.4767706714
jgFtiPOt,2024-02-05,HARD,f1PZMn7P,2.074177572,0.1655252976,2.15344256,0.1124016139,0.6523369874,2.087225794,0.1573483339,2.145111222,0.1056277319,0.4963400846
lIOTViRj,2024-02-05,HARD,OKBlwX8r,1.687487054,0.1730993383,1.625032166,0.1214035989,-0.5061674833,1.689901047,0.1624957797,1.591791609,0.1109250345,-0.8262154178
rDcqMw42,2024-02-05,HARD,Uwhd6a1e,2.088551285,0.1852248543,1.805037209,0.1199727258,-2.009031477,2.221562275,0.1733954618,1.962789997,0.1106210631,-1.938003972
rDcqMw42,2024-02-05,HARD,046jJj30,2.249252538,0.2258033617,2.107245713,0.1138665991,-0.7282731114,2.19700036,0.2206368191,2.046092181,0.1060340765,-0.7799379471
tpyE6b4F,2024-02-05,HARD,Ova6pdYE,1.842938259,0.1787699119,1.889816487,0.1061692863,0.3259304269,1.851968616,0.1711223167,1.874749986,0.09913452004,0.1633285325
tpyE6b4F,2024-02-05,HARD,rysUUciD,2.239190792,0.2060596833,2.248645239,0.1196895309,0.05636540408,2.162586821,0.1977035005,2.203724777,0.1129936605,0.2535754086
M3dmLcJ8,2024-02-06,HARD,KhTa5tH1,1.963902765,0.1817558319,1.759525761,0.1260691639,-1.561005633,1.851306725,0.1716203606,1.644559214,0.1180198652,-1.659305863
M3dmLcJ8,2024-02-06,HARD,bigXsmFf,1.72348731,0.2038321567,1.735583637,0.1346154421,0.07903187981,1.614845162,0.1849649675,1.682819508,0.1248199189,0.4979835371
MZnIeN0J,2024-02-06,HARD,byP3Cue7,1.965135421,0.2484426195,1.514128457,0.1510283191,-2.286279354,1.901154787,0.2349539386,1.54657774,0.1383117157,-1.866887503
YDSEe5GP,2024-02-06,HARD,zXTgcZem,-6.898725071e-14,0.8442081452,1.182264282,0.1778687537,1.432600304,-6.898725071e-14,0.8579964273,1.041301215,0.1910907327,1.244911207
fNTAdo1J,2024-02-06,HARD,xGn9KNfO,2.667974122,0.2105629547,2.608194993,0.1007571149,-0.3233205459,2.651473112,0.2059988416,2.60587323,0.09295995424,-0.2480527916
zmY58KZ2,2024-02-06,HARD,4SqBlqOQ,2.027469868,0.7546566079,1.944234735,0.1674970779,-0.1131167635,1.998014425,0.752467172,1.947074864,0.1593841362,-0.06926844326
zmY58KZ2,2024-02-06,HARD,t0a5w4Gi,-0.3316735643,0.8637890145,0.9036308829,0.3185812518,1.538566385,-0.3370916399,0.8518777104,0.8999275384,0.2805641798,1.537911042
U991cfR1,2024-02-07,HARD,UqnOkX4F,1.013274702,0.1756608603,1.378856428,0.1120652217,2.702596417,0.906824129,0.1638485841,1.249624985,0.09843943789,2.61717901
U991cfR1,2024-02-07,HARD,YDHquro6,1.866230877,0.2504287165,1.869798623,0.1745561268,0.0198684855,1.85613086,0.2488588847,1.865241186,0.1699757536,0.05012109654
CYWaIYU4,2024-02-08,HARD,vo9FVe2A,1.814644249,0.1642698985,1.903283907,0.1094227352,0.7234681775,1.869008791,0.1486992837,1.942638633,0.1003829636,0.671174672
0hIqGmbc,2024-02-09,HARD,KGQ2bDHb,1.978605566,0.1953541333,2.125768977,0.1237649957,0.9736432615,2.080075224,0.1798798566,2.097389973,0.1139856063,0.1244280109
2Z3AvnzG,2024-02-09,HARD,UeJstJ4j,0.579797083,0.2491619232,0.4736249565,0.1596347738,-0.5549827036,0.5363311949,0.2293656282,0.3999034559,0.1443288346,-0.76531621
2Z3AvnzG,2024-02-09,HARD,WUunsrrI,1.05816359,0.2494492982,1.254750357,0.139356031,0.9501841783,1.152859217,0.2367942997,1.324815472,0.1188746899,0.8396570946
Cda5BPCS,2024-02-09,HARD,2yj9GWan,2.05899032,0.1929185693,2.013644028,0.118228061,-0.2974585978,2.114120261,0.1639609075,2.135726507,0.1039141001,0.1703602451
Cda5BPCS,2024-02-09,HARD,Kp8Z0oRo,0.5800152073,0.3068370999,0.2423881421,0.1888167932,-1.39594923,0.6709869466,0.2975770148,0.359622084,0.1771374096,-1.302173118
GnDktnbE,2024-02-09,HARD,KQGnhml2,2.050384886,0.1858121451,1.962849469,0.118796873,-0.6126684711,1.992775139,0.177102758,1.905937473,0.1096890482,-0.6245261942
GnDktnbE,2024-02-09,HARD,2gjsegvD,1.824711483,0.1971392819,1.700470627,0.1564887948,-1.036234837,1.649552307,0.1895472106,1.523172374,0.1475419877,-1.06207224
K2lu5Nkd,2024-02-09,HARD,Oxue6Cgb,0.8171675197,0.3478938426,0.777260625,0.1844250018,-0.1352834039,0.4707410798,0.3368124472,0.4434237598,0.1601687644,-0.09219747963
K2lu5Nkd,2024-02-09,HARD,O81eud9p,2.073378833,0.2468718823,2.260518359,0.1189223787,0.8650232463,2.136746841,0.2187627025,2.391772159,0.1088166997,1.343801997
MXZgjD98,2024-02-09,HARD,n5XviZ0t,1.44702436,0.1859562558,1.474285011,0.1059967634,0.1784204848,1.538006032,0.175661138,1.601171594,0.09481031668,0.4271470664
MXZgjD98,2024-02-09,HARD,S0E8uMT2,1.846918278,0.2024671215,1.704455904,0.1436047514,-0.9981553827,1.880424578,0.1624691988,1.774963325,0.1055160892,-0.8536478075
UX90C5cM,2024-02-09,HARD,S4ljFw3g,1.242895499,0.1958633269,1.414241004,0.1453987112,1.305675453,1.494156636,0.1798018127,1.569138565,0.1371544671,0.6449275439
UX90C5cM,2024-02-09,HARD,pS5UjYbG,2.801850482,0.2019915342,3.031410332,0.103338165,1.322682007,3.077150938,0.1950203153,3.175887482,0.09542939963,0.5805405815
UXVVRpc9,2024-02-09,HARD,My7MkGPr,2.187140162,0.2292727946,2.241720731,0.1080988107,0.2699473726,2.123757403,0.2243475555,2.164662859,0.1009588525,0.2041724945
UaWXAhMH,2024-02-09,HARD,boU2UKtN,1.774014421,0.2023383495,1.672299717,0.1131259369,-0.6063117689,1.896772935,0.1934307231,1.81720498,0.1055884483,-0.4909495828
YoQchp6j,2024-02-09,HARD,W6pL8zuB,2.188166129,0.1679543653,2.258547282,0.1014013776,0.5256655073,2.069667106,0.1598862184,2.190625542,0.09396370992,0.9350412646
YoQchp6j,2024-02-09,HARD,Em3nvKqP,1.909550888,0.2177929382,1.83902691,0.1349900462,-0.4126294623,1.955538427,0.1935045001,1.982817268,0.1151883245,0.1754433528
dKXNT6Sd,2024-02-09,HARD,l2FaZpEP,0.829173805,0.2425870366,0.9232812975,0.1533573938,0.5006710788,0.7211319641,0.2275943665,0.7951007501,0.1393897112,0.4111299608
nkEuHTri,2024-02-09,HARD,hQQLzcNT,1.697665608,0.1969365624,2.057207303,0.1232323151,2.340525882,1.672861364,0.184976821,2.031773956,0.1131396545,2.452568296
rH7lF7D3,2024-02-09,HARD,6XSnpS5h,2.499747016,0.1833875509,2.410960057,0.1132144552,-0.6154273932,2.513443688,0.1720755312,2.478404222,0.1011167568,-0.2516634875
rH7lF7D3,2024-02-09,HARD,S6JNQ85M,2.450769404,0.2296496129,2.141476241,0.1218857905,-1.589092916,2.507609934,0.2249033626,2.198978056,0.1181913557,-1.612973087
2kKMKLJN,2024-02-11,HARD,fBPsm3Iq,2.835506864,0.2293760987,2.767263743,0.1112311062,-0.3401921624,2.811737121,0.2244355515,2.795339199,0.104360853,-0.08252765897
2kKMKLJN,2024-02-11,HARD,21U8Dqna,2.628509226,0.1891847728,2.634063663,0.1140709272,0.03680234982,2.61712067,0.1827438376,2.601217084,0.1072224037,-0.1074697475
K6O1Pq5h,2024-02-11,HARD,tlZeVkkp,2.467373493,0.1969224328,2.392216891,0.1224767829,-0.4873944196,2.514974165,0.1889104528,2.436995369,0.1135122801,-0.5164031739
K6O1Pq5h,2024-02-11,HARD,vZ8lpjnM,1.180409403,0.2588327978,1.127959534,0.1474747032,-0.2465790035,1.165898679,0.2437956115,1.117040564,0.1408997402,-0.2455722348
QNXkqFun,2024-02-11,HARD,GUIVvvjL,3.128771417,0.2157311401,2.869743892,0.1199923395,-1.444811088,3.104147942,0.2109148064,2.836070292,0.1161078344,-1.522479867
WQ9yxNlb,2024-02-11,HARD,fJjFPDOb,1.831114813,0.2139939073,1.738935103,0.1230733309,-0.5265577096,1.923020615,0.1957484835,1.804431456,0.1152131225,-0.7493734451
WQ9yxNlb,2024-02-11,HARD,8CZqQdSa,2.69186462,0.1812962557,2.714059105,0.1161521298,0.1594415995,2.760408063,0.1734470378,2.775036705,0.1095784278,0.1088046605
zJ6hYvlN,2024-02-11,HARD,MysmW1jf,2.17220255,0.1775733357,1.769609875,0.1156442554,-2.987607513,2.185698423,0.1688671093,1.771239984,0.1099230284,-3.233122679
6NQDMskB,2024-02-12,HARD,MDM4BKiA,2.805171897,0.2420584662,2.820028733,0.1211102016,0.07088793523,3.072285288,0.2311494959,3.000878131,0.1127148005,-0.353841467
6NQDMskB,2024-02-12,HARD,8fw1CCQC,2.821427165,0.2246678938,2.79658347,0.1271267384,-0.1341150877,2.910444594,0.2203755926,2.846113622,0.1221536988,-0.3507253109
6q2lZKYG,2024-02-12,HARD,r9RckFqs,2.453434285,0.1880069047,2.407218161,0.1114761397,-0.3052736903,2.425064071,0.1826930881,2.38314781,0.1057666039,-0.2813857021
E95dXb3T,2024-02-12,HARD,lSABz6E8,3.157992859,0.2098821352,3.121012218,0.120672889,-0.2153513608,3.124357236,0.202424846,3.063709166,0.1148625649,-0.3638580854
EmUopeQu,2024-02-12,HARD,Wl76rX3I,3.161704366,0.1863763316,2.951799951,0.1144198712,-1.426758608,3.081269048,0.1818821013,2.906583885,0.1103543091,-1.208235098
GCQ2tDP4,2024-02-12,HARD,vXvzyRlq,2.382480657,0.1944115852,2.204319542,0.1141262854,-1.131984983,2.369933234,0.1888269998,2.191773329,0.1104184645,-1.16309319
GjPnSS81,2024-02-12,HARD,EgKYrSR5,3.757236173,0.2558015861,3.252367516,0.1171814135,-2.220346088,3.819528015,0.2512146049,3.272752364,0.1117563898,-2.430251132
S49plPmB,2024-02-12,HARD,jNyZsXZe,5.198324221,0.2062707939,4.894717084,0.1023615479,-1.695368704,5.166901628,0.2016788701,4.910114088,0.09644646983,-1.449772187
SWR9NNZ4,2024-02-12,HARD,YmIZde1B,2.677308024,0.2239457144,2.770591534,0.1349103313,0.521871319,2.872141567,0.2125350829,2.882820647,0.1305410491,0.06367184951
SWR9NNZ4,2024-02-12,HARD,zNoTPac0,2.570533301,0.2292264093,2.389295474,0.1159689485,-0.9166065641,2.423466808,0.2217608065,2.26868883,0.1075156786,-0.7980129988
Sh3pz1JA,2024-02-12,HARD,GU42elks,3.114935792,0.1998091598,3.023529066,0.1194577901,-0.5706956114,3.059095177,0.1948509416,2.977749858,0.1155201136,-0.5184071293
bDBTwqKo,2024-02-12,HARD,WxLdKcAs,3.061382191,0.1899129143,3.033381338,0.1059449715,-0.1776531578,2.907531346,0.1709721968,2.953439389,0.09493945035,0.3228640996
bDBTwqKo,2024-02-12,HARD,noaX0EJn,2.513784343,0.1798251308,2.575788826,0.1073386397,0.4297636978,2.541761176,0.1720279968,2.540906223,0.100481437,-0.006122898023
bL5hFaso,2024-02-12,HARD,WMS3AdAb,2.945200376,0.1982881923,2.700934849,0.1138402416,-1.504530355,3.134238727,0.1928910822,2.863619034,0.1097304728,-1.705888478
bL5hFaso,2024-02-12,HARD,IJAxNUl3,2.528577374,0.2114186696,2.307827426,0.1260299922,-1.300458839,2.681509491,0.2039667165,2.410885381,0.1213681576,-1.650877849
byWcsgAb,2024-02-12,HARD,neAp94aO,3.155352336,0.1822250374,3.135316659,0.1039978365,-0.1338976513,3.215423264,0.1761918295,3.167711133,0.09743033378,-0.3250096054
dCJQJuZT,2024-02-12,HARD,YsJXLo1O,2.215281837,0.2292415083,1.984040228,0.1242878752,-1.200478779,2.294118136,0.2133848777,2.136169176,0.1132452017,-0.8733445004
lQ2uPBfU,2024-02-12,HARD,zHMiAkw6,2.654787249,0.1930202627,2.843723989,0.1145991378,1.216446524,2.833526888,0.1740712795,2.931694453,0.1049539175,0.7068914566
lnGIL14H,2024-02-12,HARD,8EI3pJOd,3.192835816,0.2394486809,2.860481439,0.1067727177,-1.550701917,3.357927774,0.2323143065,3.000804868,0.0991067704,-1.699664672
lnGIL14H,2024-02-12,HARD,hIA4C9YT,3.401017252,0.2606777031,3.295922434,0.1267887964,-0.4614152292,3.41780365,0.2565619943,3.313073362,0.1230396778,-0.4651910082
x4AXx3Zi,2024-02-12,HARD,KGdcQnEf,2.78468519,0.1795750382,2.992605972,0.1023662833,1.409240964,2.83875664,0.1718230755,3.057094302,0.09451978841,1.52163028
WOSoWW5K,2024-02-13,HARD,xCyEhjAS,3.188161426,0.1754923282,3.31418293,0.1089169788,0.915832456,3.265184154,0.1637275032,3.364940988,0.09918857075,0.7658138224
fsOjRnO7,2024-02-13,HARD,f5BXmEH6,4.423453156,0.1727951069,4.148068111,0.10850528,-2.047783595,4.503293442,0.1663690493,4.189609306,0.1022995725,-2.390883932
hbP1xbEI,2024-02-13,HARD,f7a53rOM,3.413384957,0.2290252102,3.157268125,0.1360839328,-1.390344583,3.406345831,0.2249351442,3.127233559,0.1339757122,-1.544762668
p2HoHNHc,2024-02-13,HARD,UDzElXdm,4.178538302,0.192371862,4.173796458,0.102534106,-0.02913238512,4.205010531,0.187286361,4.188725867,0.09653433736,-0.1014678864
rcH8n78i,2024-02-13,HARD,KjsokFUj,3.699366049,0.2263272293,3.219136967,0.1183108513,-2.488983515,3.667304619,0.2223700645,3.182508171,0.1138907126,-2.538328243
AiDPmRf9,2024-02-16,HARD,v93ljkqM,2.181321921,0.327128128,1.843697776,0.1543436305,-1.17056545,2.263758872,0.3133781105,1.983161545,0.1494101779,-1.018621621
GUijZRuG,2024-02-16,HARD,tzAFAhMQ,-2.348067336e-14,0.8442081452,-0.499225212,0.2684818219,-0.6237368184,-2.348067336e-14,0.8579964273,-0.5156658757,0.2294884372,-0.6237368184
GUijZRuG,2024-02-16,HARD,fkFeyKHL,2.352486871,0.2281632995,2.01656607,0.1236272777,-1.751708395,2.303005348,0.220259629,2.034375365,0.1193300563,-1.451002034
M7hnz8Q9,2024-02-16,HARD,WEvLWEdN,1.963456588,0.2205093513,2.04998418,0.1279967806,0.4818912375,1.958309523,0.2113984115,2.053423006,0.1115487558,0.5296671776
MVWURqYk,2024-02-16,HARD,vNNBoNAG,0,0.8442081452,0.0513419209,0.2655555996,0.06406899521,0,0.8579964273,0.05303273146,0.2258265002,0.06406899521
QuawxUec,2024-02-16,HARD,6L5yEis0,2.126381695,0.2509594034,1.651170476,0.1294226989,-2.210155956,2.137026273,0.2476011471,1.665478303,0.1255892362,-2.209833451
YoCiEQ3j,2024-02-16,HARD,Ewjj4pTT,0.9284260727,0.3572580703,0.5780803316,0.1893299153,-1.156391907,0.9063687883,0.3463879907,0.5480286595,0.1860952671,-1.226550863
fePeSgCJ,2024-02-18,HARD,lI6fOOat,3.719556092,0.2139638943,3.425634662,0.131595576,-1.742166878,3.65532703,0.1894791614,3.464142637,0.1265208512,-1.355446419
AeRU3JT1,2024-02-19,HARD,OY0ZExo5,1.240709731,0.4025415655,0.7831319989,0.1536636935,-1.229855801,1.438744275,0.4027970556,0.9681897795,0.1508687134,-1.259933363
W4SQ4aEe,2024-02-19,HARD,MewU5OwE,1.768894415,0.2423917149,1.582869105,0.1413430625,-0.9446940834,1.828790152,0.2023083288,1.740246602,0.1307388853,-0.573508965
ngEvg2Fq,2024-02-19,HARD,jyngIesG,3.255956124,0.1999789925,3.216113158,0.1111003405,-0.2396168462,3.396311238,0.1933302083,3.314081758,0.1062315907,-0.5090714002
ChipQY0O,2024-02-20,HARD,vyhksgUB,4.654796452,0.180390437,4.357241154,0.118232566,-2.184026947,4.784909311,0.1751650198,4.471928584,0.1140714516,-2.354470867
2kIKl6ec,2024-02-24,HARD,A1GedNOl,1.698289072,0.2735535989,1.739328538,0.1298946711,0.1704674461,1.781609186,0.2608518649,1.802183162,0.1203542741,0.08890042436
2kIKl6ec,2024-02-24,HARD,Qk09uuRk,0.8109265344,0.3006827358,0.8423276545,0.1708329006,0.1269043147,0.9117913475,0.2909218622,0.7970891818,0.1667799772,-0.4811950166
4fjfYpBG,2024-02-24,HARD,AHr01PbQ,1.087681457,0.499883744,0.7277954563,0.2457385349,-0.8267316252,1.255748005,0.5068004084,0.8773281737,0.2378148836,-0.8455581056
8Sdoz7t4,2024-02-24,HARD,pEa6LCHl,0.284788409,0.4938764309,0.3249024421,0.1724694387,0.08667998215,0.2604321063,0.5140751389,0.2999166921,0.151780236,0.08039083125
CKg2WOuT,2024-02-24,HARD,vFKjUS0N,1.377552244,0.3632922119,0.9907717385,0.1578683057,-1.18209759,1.305787825,0.3591355674,0.8959659477,0.1652837395,-1.285348373
CKg2WOuT,2024-02-24,HARD,0flvkwYe,1.995002395,0.1946288889,2.033177663,0.1105898143,0.2383613785,1.742748035,0.1855200586,1.802446666,0.1038789032,0.388383992
I1WURrlp,2024-02-24,HARD,ncuzeEss,0.6910553688,0.6649823192,0.5753479599,0.2415886203,-0.1867618108,0.6838444722,0.6614530063,0.6016634254,0.2144141727,-0.1313348302
I1WURrlp,2024-02-24,HARD,xU3quIf5,2.1880195,0.2057882753,2.198311827,0.1091107674,0.05898820533,2.318978675,0.1962566984,2.301620043,0.1009094179,-0.1031244585
IwpHQg97,2024-02-24,HARD,2kS2AMrn,0.8195987081,0.2699699298,0.9448915474,0.17013113,0.5977235517,0.8323044075,0.2601892598,0.9031889677,0.165984208,0.3537702828
KhRDRZg1,2024-02-24,HARD,jVCKq0LH,1.966208127,0.3104669166,1.92727775,0.1451662334,-0.1418546653,2.02181618,0.3001755331,2.039125268,0.1374697096,0.06486516514
KhRDRZg1,2024-02-24,HARD,GQ68ufRu,1.054888263,0.3064849572,0.8596440358,0.1975091456,-0.8331062994,0.9498829382,0.2901102888,0.8064190005,0.1847511039,-0.6413913741
KrOakwn8,2024-02-24,HARD,fiwITwU4,1.37170729,0.5500143364,1.475620047,0.207657613,0.2040275591,1.405990996,0.5303236197,1.508384541,0.1433280316,0.2005404021
KrOakwn8,2024-02-24,HARD,GhrNHJ5h,1.390215763,0.2237530541,1.440597411,0.1516986347,0.3063127177,1.365765233,0.2136977394,1.384307463,0.1459752493,0.1188068839
OfXEtRmU,2024-02-24,HARD,QqnrZJm5,1.471641609,0.4744630128,1.509784633,0.1373800471,0.08398983097,1.479451398,0.4501258221,1.615284603,0.1280661378,0.3147760942
OveZx9do,2024-02-24,HARD,rkOojWt6,1.622301752,0.2607266616,1.576216141,0.1415164314,-0.2104574446,1.548307742,0.2327485027,1.58764816,0.1253726881,0.2006183852
OveZx9do,2024-02-24,HARD,G66hUeX6,0.3748033016,0.668552794,0.6565375074,0.2934809675,0.4690155051,0.371977651,0.6544420608,0.6538718269,0.2530046368,0.4670534801
Q3Jtxodo,2024-02-24,HARD,SEevun8U,-4.106912716e-17,0.8442081452,-0.3935877363,0.2130931594,-0.481823444,-4.106912716e-17,0.8579964273,-0.1788881688,0.2231235007,-0.2159241797
Q3Jtxodo,2024-02-24,HARD,8Gag74BD,1.86910363,0.3650586967,1.602875309,0.1624721248,-0.8143760738,1.841117409,0.3575837031,1.541489852,0.1627305729,-0.9410120589
Q3ijZQeA,2024-02-24,HARD,lEp5rDFG,0.9706567282,0.3528119228,0.6205023054,0.2110159279,-1.238381262,0.9418777144,0.3444704541,0.5866942035,0.193332712,-1.24581815
QVR9SFve,2024-02-24,HARD,vycI5UGq,0.2675145618,0.5014320243,0.6727122886,0.1559364031,0.8502395556,0.3149708558,0.5077010993,0.6354920031,0.1540992545,0.6625763499
S8R7mHGK,2024-02-24,HARD,8MpH36Na,1.284640269,0.3901536395,0.7502670938,0.176206763,-1.535130261,1.266332228,0.3737186152,0.7057432349,0.1638180245,-1.66891301
S8R7mHGK,2024-02-24,HARD,dE1ru1Ek,0.2782338779,0.3914246848,0.1596063799,0.2742359787,-0.4247330386,0.2855749132,0.3674904638,0.1632732902,0.2327373809,-0.4300359829
U3Y0UyAr,2024-02-24,HARD,AqLslEIk,3.27873964e-13,0.8442081452,1.41624354,0.239575205,1.749527618,3.27873964e-13,0.8579964273,1.600003263,0.2270351768,1.93374111
U3Y0UyAr,2024-02-24,HARD,EDBO32wT,1.095177323,0.2700318072,1.242978769,0.1786102078,0.7298007456,1.09190543,0.2573986634,1.306985237,0.1650802219,1.089062746
bHBTnpQ9,2024-02-24,HARD,O8O1gxd0,0.9850345416,0.6517473782,0.6198687808,0.2393458794,-0.6023769616,1.08822844,0.6509967826,0.7234910421,0.2154831178,-0.5937452605
bHBTnpQ9,2024-02-24,HARD,4Qyc8N2g,2.024745932,0.2298187606,1.642377424,0.128879818,-2.009499549,2.018130978,0.205343704,1.741308122,0.1182753452,-1.649129372
bHkbX4QM,2024-02-24,HARD,8KHYNHRA,2.190275735,0.2489548062,2.071556284,0.1248052084,-0.5511284111,2.223382055,0.2422356291,2.081713335,0.1172592121,-0.6683648521
bHkbX4QM,2024-02-24,HARD,IyCuT8lL,0.5716310007,0.4452074779,0.5501072079,0.2482529077,-0.05824047958,0.590588658,0.4237390653,0.5675758086,0.199533709,-0.06156137716
bZM3lc1E,2024-02-24,HARD,hbXrCD0b,1.131003751,0.3013041322,1.515953916,0.131126603,1.419041597,1.289752001,0.2899965008,1.590350608,0.1243026196,1.147299282
bZM3lc1E,2024-02-24,HARD,ljazqnR8,1.370327389,0.3739673261,1.231643218,0.1999412503,-0.4388320856,1.356836392,0.3662942932,1.169868639,0.1898761677,-0.5968856621
dhVYQ23j,2024-02-24,HARD,SA3XN9cP,1.122660879,0.3976926702,0.346878042,0.1727295463,-2.165640098,1.154476314,0.3700910449,0.4888766374,0.1865747552,-2.082468888
hvBXo4uG,2024-02-24,HARD,llkVD5Ld,0,0.8442081452,-1.172720354,0.3145297274,-1.496910115,0,0.8579964273,-1.211340801,0.2851468993,-1.496910115
hvBXo4uG,2024-02-24,HARD,Wd9dyI7m,1.784883313,0.2861177605,1.858074952,0.1455889767,0.2971559388,1.858699125,0.2785018537,1.920751634,0.1426512768,0.2594230644
nuT5TePl,2024-02-24,HARD,bZu69bao,1.213779711,0.2379442187,1.332122281,0.1826977487,0.7763050802,1.262832937,0.2149070049,1.416263098,0.1575026511,1.0493681
nuT5TePl,2024-02-24,HARD,jkHNR1ol,1.972727233,0.2911060636,2.018548298,0.1321318364,0.1766483303,2.02031667,0.2905203186,2.025605983,0.1300124249,0.02035875107
pE7PmQA3,2024-02-24,HARD,GlqMuuhi,1.859372817,0.2906217673,1.841343163,0.1422247284,-0.07113901273,1.912223868,0.249960231,1.927060944,0.1409635947,0.07187794998
pE7PmQA3,2024-02-24,HARD,YZQnwtm9,0.6121208668,0.3882818868,0.5898533261,0.191787415,-0.06595643071,0.4831487495,0.3953298391,0.3697893336,0.1923076392,-0.3281943434
zFbwxTBi,2024-02-24,HARD,WUQY7p9b,1.474470664,0.3195634875,1.597425764,0.1291529253,0.4206443415,1.494868084,0.3031019473,1.560475823,0.1180533043,0.2350125275
AVwBf381,2024-02-25,HARD,rwvAgOWm,2.000281242,0.3871479581,1.489658534,0.1499507932,-1.430600281,2.036628454,0.3780357335,1.516676431,0.1477442332,-1.494246684
QPpVjjNC,2024-02-26,HARD,0SeXj3jT,2.662468565,0.2175787671,2.600765931,0.1110343725,-0.3297584524,2.538157345,0.1972883569,2.632068737,0.1004701558,0.5531051225
4GqZkAxJ,2024-02-27,HARD,l0PyjPzI,0,0.8442081452,-0.05183558156,0.295341525,-0.06554324448,0,0.8579964273,-0.05354264952,0.2623413018,-0.06554324448
A77lYOED,2024-02-27,HARD,K4Sih0XH,1.623350376,0.2658021787,1.568005105,0.1492221392,-0.2516121737,1.577867556,0.2399427186,1.540310801,0.1434865735,-0.1952902037
IBD4v0ym,2024-02-27,HARD,6TlRnRze,1.662338086,0.2953741143,1.484409611,0.1458003326,-0.6926479353,1.625074117,0.2780185505,1.527579034,0.1428728105,-0.4087864852
QyHCxv6a,2024-02-27,HARD,fLqCAoUb,1.279729181,0.3997722856,1.453693065,0.1459613053,0.4674267335,1.294988272,0.4008616326,1.523730988,0.1315055874,0.6040574669
QyHCxv6a,2024-02-27,HARD,hU5bke4O,2.032380888,0.5144768808,1.096496338,0.1863069194,-1.95155519,2.122706991,0.5173785647,1.101009479,0.1745135763,-2.097691252
W2oRiW76,2024-02-27,HARD,SjM2LLB8,2.696304076,0.2534884249,2.581196845,0.1248568157,-0.5217766244,2.848446389,0.2352463572,2.738015707,0.1123495765,-0.5342962859
WG8pZ4a7,2024-02-27,HARD,Y9jUuHka,2.528057244,0.2860602847,2.325921421,0.11948739,-0.7777144376,2.60998646,0.2759944476,2.405979217,0.1100809004,-0.8060623316
WG8pZ4a7,2024-02-27,HARD,YHk7aS13,0.6562336071,0.4011134912,0.6673072477,0.2234326948,0.03324205765,0.6321633811,0.3926785461,0.6462330654,0.2115082386,0.04252606803
x4Em9Xxs,2024-02-27,HARD,Of1fjykI,1.420617276,0.2345457212,1.43086122,0.1412176271,0.05470207298,1.425024739,0.2060628056,1.438590272,0.1306891997,0.08514754459
dhXv1IGC,2024-02-28,HARD,KdojxrAR,3.852160266,0.2482628661,3.520904214,0.1125384478,-1.496927518,3.989682414,0.243827861,3.640463746,0.1089573723,-1.600972182
IkAwsDWH,2024-03-01,HARD,AsWv5414,2.611590245,0.1435350824,2.636485266,0.1044516949,0.2528728071,2.614984133,0.135378035,2.631734013,0.09943619002,0.1823262955
IkAwsDWH,2024-03-01,HARD,0SeXj3jT,2.775032426,0.1818988058,2.617310232,0.107058898,-1.072529012,2.650760125,0.1570026689,2.648613038,0.09648559152,-0.01733531074
KSedufd6,2024-03-01,HARD,xU3quIf5,2.232666615,0.153706763,2.194194568,0.105787244,-0.3450050059,2.363658209,0.1405574183,2.297502784,0.09873319275,-0.661285009
KSedufd6,2024-03-01,HARD,WxLdKcAs,3.164618087,0.1608640122,3.120347138,0.1014358991,-0.3545877953,3.010755315,0.137851138,3.040405189,0.09162097766,0.2878691969
SY0fVUkd,2024-03-01,HARD,2LhiB9IJ,3.16368786,0.1479508688,3.084476471,0.1042732475,-0.7546834584,3.276969816,0.1349833535,3.193440132,0.09589422592,-0.879269415
SY0fVUkd,2024-03-01,HARD,8CZqQdSa,2.641367734,0.1632861299,2.768711153,0.1002284859,0.9878824748,2.710285848,0.1544737372,2.829688752,0.09370274321,0.9722689375
UmriWAzj,2024-03-01,HARD,dKYVCedT,1.564370997,0.1626374204,1.471004424,0.1095508257,-0.7767196696,1.552459815,0.1514883652,1.46847416,0.09803409625,-0.727208748
UmriWAzj,2024-03-01,HARD,4SqBlqOQ,1.939381374,0.1862855546,2.024297161,0.1471804428,0.7436111524,1.90995103,0.1765302911,2.027137291,0.1382253188,1.067240703
UqlQw6Jf,2024-03-01,HARD,2yj9GWan,2.069363784,0.1831267254,2.08415287,0.1037429922,0.09800161033,2.122490885,0.1522732845,2.206235349,0.08925501197,0.6787953364
UqlQw6Jf,2024-03-01,HARD,dMsOb1NA,1.93441887,0.1655661479,1.89277667,0.1178318622,-0.3580305184,2.146110809,0.1471759116,2.14710382,0.1059367216,0.009719458803
nmDCDVl6,2024-03-01,HARD,pS5UjYbG,3.008586701,0.1435719124,3.124998483,0.09941370159,1.123830779,3.283953777,0.1335014958,3.269475634,0.09249636968,-0.1503978444
nmDCDVl6,2024-03-01,HARD,6XSnpS5h,2.52606371,0.1513576407,2.475803363,0.1023113376,-0.4505973774,2.539990283,0.1373722325,2.543247529,0.09068066082,0.03156556218
pOxPvdcI,2024-03-01,HARD,zNoTPac0,2.464961983,0.1545021468,2.445703751,0.1035537782,-0.16795555,2.317840008,0.1430331992,2.325097108,0.09578781149,0.0683198838
pOxPvdcI,2024-03-01,HARD,hQQLzcNT,2.095772548,0.1685129636,2.180689015,0.1083914089,0.6581303352,2.072775054,0.153940607,2.155255668,0.09808496231,0.695178042
xfcKXzP0,2024-03-01,HARD,KdojxrAR,3.647452212,0.195819373,3.520061326,0.1100901652,-0.786642563,3.784945216,0.1901414621,3.639620858,0.1065490881,-0.9227907323
xfcKXzP0,2024-03-01,HARD,f1PZMn7P,2.250043324,0.1574948543,2.171023094,0.1054204171,-0.6753331842,2.262419109,0.1488094081,2.162691756,0.09973915923,-0.9030244906
86i1KYpk,2024-03-04,HARD,Y9jUuHka,2.369409057,0.2072737309,2.319425459,0.1110684742,-0.2856149892,2.450742288,0.1923475692,2.399483255,0.1015184237,-0.3137495582
86i1KYpk,2024-03-04,HARD,bmWvBlnL,-1.314771302e-14,0.8442081452,1.472077854,0.2255890318,1.809540836,-1.314771302e-14,0.8579964273,1.513015513,0.2078422361,1.817562955
Ek3ISdw9,2024-03-04,HARD,OKBlwX8r,1.552890979,0.1820023081,1.704897044,0.105319688,1.024066139,1.555913703,0.1718667147,1.671656488,0.0951657187,0.8087446442
Ek3ISdw9,2024-03-04,HARD,4Qyc8N2g,1.783778358,0.195324933,1.63361883,0.1307509714,-1.034820027,1.774808082,0.1642968189,1.732549528,0.123282355,-0.3891055227
GWf9ICF1,2024-03-04,HARD,h6Lq4OGA,1.98288875,0.1874674981,1.868493819,0.117642808,-0.7837432848,1.967147032,0.1781861299,1.902532028,0.1142363848,-0.4725073431
GWf9ICF1,2024-03-04,HARD,fLqCAoUb,1.665670079,0.2486462314,1.436572262,0.1407893371,-1.117838821,1.707246618,0.2199127343,1.506610185,0.1267543425,-1.116458302
txN9ab9M,2024-03-04,HARD,dlm9zwW5,1.416557558,0.4072022579,1.361565204,0.1752284979,-0.1496100377,1.459547658,0.3789727414,1.33629366,0.1511493858,-0.3546614032
txN9ab9M,2024-03-04,HARD,2FcuNEdC,1.737340459,0.1838543927,1.645813456,0.1250159371,-0.6789386219,1.683566451,0.1783385145,1.599267133,0.1225880027,-0.6508327497
0txOej8t,2024-03-05,HARD,My7MkGPr,2.255391312,0.1675096191,2.294267754,0.1046094906,0.2971537522,2.192468573,0.160034905,2.217209882,0.09892292641,0.196673103
0txOej8t,2024-03-05,HARD,rysUUciD,2.375991052,0.1687116923,2.210956508,0.1100591945,-1.29064824,2.300061483,0.1580893399,2.166036045,0.1065657125,-1.147741075
CYCOUDC8,2024-03-05,HARD,WUQY7p9b,1.412148091,0.229267543,1.625554858,0.1180693484,1.085885074,1.432061306,0.2033444254,1.588604918,0.1070085714,0.9053435276
CYCOUDC8,2024-03-05,HARD,hbXrCD0b,1.356278622,0.204014764,1.524271603,0.1297782845,1.067195067,1.51567469,0.1854745227,1.598668295,0.1261843059,0.6105389699
Gp2S4Qhn,2024-03-05,HARD,UqnOkX4F,1.422934308,0.1785322228,1.566263767,0.1158869867,1.055378799,1.320914013,0.165926725,1.437032323,0.1072005356,0.9168584062
Gp2S4Qhn,2024-03-05,HARD,8hvtJI4d,1.331634841,0.1841622211,1.353425124,0.1276617606,0.1641655865,1.291104705,0.1700856134,1.340351778,0.1203277018,0.4096765423
QekEcGaI,2024-03-05,HARD,n5XviZ0t,1.541938178,0.1652557925,1.622378282,0.1126704322,0.6653887225,1.633104055,0.1534776227,1.749264865,0.1055766546,1.04277858
QekEcGaI,2024-03-05,HARD,xEwwLD1l,1.359736725,0.3127323071,0.9816621254,0.1772536878,-1.467405987,1.464080484,0.3093123266,1.078248181,0.1672897509,-1.483002651
SQYYIdTI,2024-03-05,HARD,rkOojWt6,1.738124617,0.2354401423,1.562537619,0.1328365779,-0.9032833365,1.663729858,0.2038787738,1.573969638,0.1185562546,-0.5411665749
SQYYIdTI,2024-03-05,HARD,GWuBzqkB,2.420621536,0.1905217686,2.221174549,0.1240237492,-1.379054323,2.340763241,0.1637061311,2.309444787,0.1115158649,-0.261314785
bZzOx89g,2024-03-05,HARD,S0E8uMT2,1.805139703,0.1948888923,1.660946858,0.1368924542,-1.039482219,1.83960151,0.1526757907,1.731454279,0.1030311072,-0.9598598138
bZzOx89g,2024-03-05,HARD,8KHYNHRA,2.218980452,0.2000346132,2.061130724,0.1177064727,-0.9759621988,2.251854416,0.1913929049,2.071287774,0.1108079588,-1.157078197
dU6hhm9t,2024-03-05,HARD,WrhNf3At,2.000560678,0.186528549,1.937839822,0.1218231202,-0.4440362909,2.088929197,0.1718556241,1.999380473,0.1180612258,-0.7170577692
dU6hhm9t,2024-03-05,HARD,KGQ2bDHb,2.056960564,0.1992054915,2.109449122,0.1223599069,0.3339031582,2.158769606,0.1838988813,2.081070117,0.1161033663,-0.5448229865
hfgWB8co,2024-03-05,HARD,WEvLWEdN,2.114876963,0.1870969471,2.076765701,0.1316638325,-0.2867056473,2.109694522,0.1755532007,2.080204528,0.115859809,-0.2235924271
hfgWB8co,2024-03-05,HARD,SfXC2Wt1,1.844880207,0.4230523974,1.855525636,0.1375207681,0.02660846854,1.845340096,0.3952767929,1.881282686,0.1353728008,0.09678297547
v52iyvqm,2024-03-05,HARD,MVSOop0f,1.868261191,0.1859101835,1.751981549,0.1198981124,-0.8184033091,1.90246522,0.1753706663,1.823780097,0.1108423087,-0.5789921393
vaeU9eos,2024-03-05,HARD,fiwITwU4,1.487701772,0.2669877073,1.48168071,0.2073415052,-0.03579659993,1.522079077,0.2209886529,1.514445203,0.1428113764,-0.04526612787
x2ghH9IQ,2024-03-05,HARD,2PPTHPya,2.81127899,0.1826906262,2.560964902,0.1165575661,-1.779345224,2.924347681,0.1676172906,2.616805052,0.1094307914,-2.422236997
x2ghH9IQ,2024-03-05,HARD,Cjagsdf4,1.96576487,0.2891061141,2.050863435,0.1253725692,0.326664771,1.847180292,0.2728736619,1.998467621,0.1196728431,0.616916596
8vVoyYqt,2024-03-06,HARD,OGYNaUZG,1.89347734,0.1517094142,1.861371184,0.1044017402,-0.2916810863,1.822735358,0.1422844964,1.765894861,0.100676268,-0.5653275886
8vVoyYqt,2024-03-06,HARD,84GyAaXB,2.042505017,0.1788793192,1.958719208,0.1168262813,-0.6185277183,1.912473242,0.1697431005,1.876428168,0.1126753986,-0.2839253448
I96TIjUB,2024-03-06,HARD,AgIGoHjL,2.516021274,0.2581141961,2.366563774,0.1189686104,-0.6524761341,2.403447603,0.2533299803,2.251672767,0.1132745341,-0.6698088261
I96TIjUB,2024-03-06,HARD,r9RckFqs,2.43131594,0.1719567835,2.434749035,0.1195565445,0.02777729488,2.402801397,0.166058125,2.410678684,0.1167844836,0.06672628285
MsZkzhan,2024-03-06,HARD,xEGb8F4p,2.645767267,0.260698961,2.241328002,0.1326887424,-1.802273107,2.495391643,0.2564141472,2.13226675,0.1322037772,-1.6527824
MsZkzhan,2024-03-06,HARD,WMS3AdAb,2.696593458,0.1824232837,2.692769717,0.1115730222,-0.02649395134,2.885469674,0.1765134232,2.855453902,0.1102601662,-0.2177591021
S2KpPRjo,2024-03-06,HARD,KhTa5tH1,1.842542886,0.2156530665,1.660394421,0.1234143074,-1.029972875,1.730190656,0.2071796248,1.545427874,0.1181274233,-1.085538984
S2KpPRjo,2024-03-06,HARD,W2BCKjLQ,2.29817487,0.1831512363,2.389861183,0.104422305,0.6093444621,2.308902618,0.1769349302,2.379222177,0.09867145326,0.4787975664
b7dTGpWL,2024-03-06,HARD,OY0ZExo5,0.8313291491,0.2512453825,0.7797740305,0.1444105525,-0.2507589923,1.026161519,0.24832818,0.9648318111,0.1417577782,-0.3007962649
jNQ6W9bB,2024-03-06,HARD,OOzDwMPt,2.352305774,0.2322086887,2.106262938,0.136423527,-1.309377766,2.414881487,0.2270935731,2.160850429,0.1273471419,-1.351034169
xY1ynkbb,2024-03-06,HARD,lI6fOOat,3.791717145,0.2180115687,3.341713461,0.1317310799,-2.590511199,3.726636584,0.1938972869,3.380221436,0.1312462003,-2.427141191
xY1ynkbb,2024-03-06,HARD,vw1oqIPi,2.112912076,0.1799804629,2.231505203,0.1051536685,0.8119071118,2.060334647,0.1669395846,2.245215292,0.09918802158,1.376850613
CWR2Xkq5,2024-03-07,HARD,bigXsmFf,1.772539574,0.2312189228,1.87093582,0.1279653194,0.5109369146,1.663562688,0.2144309537,1.818171691,0.121572833,0.8752915798
CWR2Xkq5,2024-03-07,HARD,8fh5VQUc,1.63680743,0.2359146954,1.669452981,0.1207647119,0.161084236,1.678946237,0.2288907491,1.707919736,0.1119000372,0.1451046478
GIDSmBTo,2024-03-07,HARD,21U8Dqna,2.639930584,0.1585528268,2.737410486,0.1034569854,0.8113288054,2.628382799,0.1507257528,2.704563907,0.09881094201,0.6693209859
GIDSmBTo,2024-03-07,HARD,0QlxEb7i,1.771799033,0.2669098742,1.589800749,0.1425529379,-0.8065384079,1.557628155,0.2586435063,1.375390942,0.1416551822,-0.8421194954
QgYIT7rU,2024-03-07,HARD,SjM2LLB8,2.577406251,0.221448541,2.598717684,0.1124152841,0.111698792,2.729334811,0.2003089477,2.755536546,0.1001243324,0.151027319
QgYIT7rU,2024-03-07,HARD,l84wBUxE,2.100052574,0.1679182198,1.988423833,0.1185056168,-0.9383234733,2.445760497,0.155960191,2.348171494,0.1115011045,-0.8949322163
UR8GJnn3,2024-03-07,HARD,dMopwFzs,1.337859231,0.288549259,1.741313875,0.1320848528,1.572659475,1.385758338,0.248381816,1.988795304,0.133551267,2.879529788
d05XHAqI,2024-03-07,HARD,xGn9KNfO,2.752192607,0.1571583033,2.710811446,0.1148078642,-0.3855815765,2.735709812,0.150706408,2.708489682,0.1115268001,-0.2685445229
f9CWnVrh,2024-03-07,HARD,4IwCdyAG,2.499401579,0.1826070427,2.299562163,0.1171112556,-1.426322853,2.589820833,0.1698715178,2.406072441,0.1097628662,-1.417293415
feXcYVTb,2024-03-07,HARD,OKXs3Wah,2.76284887,0.1537405641,2.788408492,0.108759037,0.2352193312,2.777957589,0.1469847038,2.759639336,0.1050158523,-0.1781229008
feXcYVTb,2024-03-07,HARD,QoLeDQFG,2.107399957,0.1787914166,2.097022811,0.1130965898,-0.07493836371,2.145518945,0.1692495144,2.096375711,0.1083709604,-0.3780122019
jy6uo9D4,2024-03-07,HARD,8jMJmh84,2.494763726,0.1627297729,2.411469831,0.1075399295,-0.6820008352,2.548525391,0.1483765487,2.503987605,0.1004103802,-0.4077062175
jyACKSWd,2024-03-07,HARD,tlZeVkkp,2.507198778,0.1835360044,2.366017172,0.1162450944,-0.9940261165,2.554452433,0.1748428854,2.41079565,0.1094298566,-1.053480253
lWVTeqfd,2024-03-07,HARD,MDM4BKiA,2.702890261,0.2028161527,2.94104411,0.1125215714,1.411363223,2.969797155,0.1895655689,3.121893508,0.1056147697,0.9661902935
ppQAVTDH,2024-03-07,HARD,W6pL8zuB,2.453590788,0.1559169128,2.358903512,0.1122710866,-0.8751864647,2.335327709,0.147167822,2.290981772,0.1092925867,-0.4499518045
ppQAVTDH,2024-03-07,HARD,rBZ5EARu,2.15808487,0.1667130378,1.986599203,0.1086374217,-1.356088437,2.049131187,0.1515649633,1.962598488,0.1010068258,-0.7657593335
rVrEUmTN,2024-03-07,HARD,KQGnhml2,2.062883873,0.1910199082,1.855332356,0.1267376541,-1.452220009,2.00434182,0.1825174488,1.798420359,0.1218482774,-1.515373564
t6SLc5Pq,2024-03-07,HARD,vXvzyRlq,2.254694654,0.1860804997,2.186670114,0.1157158901,-0.4668006487,2.241456802,0.1801765717,2.1741239,0.1154341891,-0.4867129195
xh8KI619,2024-03-07,HARD,M7dojKaa,1.472564924,0.4016400642,0.9208990288,0.1841791049,-1.545623446,1.50354592,0.3997147211,0.9403419562,0.1740208234,-1.565128199
zDDMn10a,2024-03-07,HARD,O81eud9p,2.420364905,0.2057231773,2.292351954,0.1197840117,-0.7653816582,2.4837823,0.1707530664,2.423605754,0.1179614237,-0.4874278995
zTRPdPvj,2024-03-07,HARD,YmIZde1B,2.79800009,0.2255378188,2.768902718,0.1276710486,-0.1565021616,2.993372992,0.213749467,2.881131831,0.1266475215,-0.6518465496
zoHOJWE5,2024-03-07,HARD,fkFeyKHL,2.139896513,0.1966986593,1.979507228,0.1196278067,-1.027217729,2.090228687,0.1873509178,1.997316523,0.1183231392,-0.6396336996
zoHOJWE5,2024-03-07,HARD,fJjFPDOb,1.753259933,0.1919043621,1.76323075,0.1092043284,0.06318533023,1.844656126,0.1710791643,1.828727103,0.104890858,-0.1178603016
4Q4yHUbO,2024-03-08,HARD,pA0aW3EL,2.367161836,0.1746108594,2.428765399,0.1156592425,0.4709305028,2.355461601,0.1616895567,2.392032843,0.1129046681,0.3159740024
4Q4yHUbO,2024-03-08,HARD,YsJXLo1O,2.137441985,0.1855960946,2.073211054,0.115219508,-0.441448389,2.216370711,0.1654599631,2.225340003,0.1066617805,0.07090789507
CbKL8RSG,2024-03-08,HARD,EgKYrSR5,3.235353232,0.1722440017,3.256092867,0.1208044664,0.1689206985,3.296498409,0.16481766,3.276477715,0.1194756134,-0.1763377419
EuWOvZ6q,2024-03-08,HARD,KGdcQnEf,3.122402014,0.1533278195,3.086530137,0.106071844,-0.3239970332,3.175519717,0.1441072724,3.151018467,0.1010649768,-0.2385090603
EwTZCcE4,2024-03-08,HARD,lSABz6E8,3.201036459,0.1789056098,2.983754938,0.1099850438,-1.539861387,3.167191851,0.1699422785,2.926451886,0.1064516309,-1.817310264
G4YgZBEh,2024-03-08,HARD,Ova6pdYE,1.946260956,0.1749591645,2.019376505,0.1088377582,0.5337462818,1.955697194,0.1666826615,2.004310004,0.1056642952,0.3771022989
G4YgZBEh,2024-03-08,HARD,IJAxNUl3,2.383125572,0.2000920182,2.226923724,0.1246063565,-0.9977319453,2.536049627,0.1920890812,2.329981679,0.1229353756,-1.396145182
MFCei9eD,2024-03-08,HARD,GUIVvvjL,2.956669257,0.1850784012,2.788262517,0.1112543617,-1.138598823,2.931316657,0.1793590723,2.754588917,0.1098767771,-1.246641515
MsDKKCaa,2024-03-08,HARD,028BdVOj,2.485037656,0.2079278923,2.520186437,0.1160823528,0.2037519904,2.469685922,0.1773276389,2.526211553,0.109694183,0.4057020223
MsDKKCaa,2024-03-08,HARD,046jJj30,2.126370076,0.1889350656,2.168168227,0.1242667251,0.293696715,2.073800341,0.1819776773,2.107014695,0.1209208097,0.2442361801
SnAElNVn,2024-03-08,HARD,x81l09qG,2.64507914,0.1675478373,2.666678903,0.1043515502,0.1647779449,2.686138356,0.1605564824,2.654678496,0.099333375,-0.2494045889
Uc9a1qLj,2024-03-08,HARD,dzbgeEFF,3.087040087,0.1731774122,3.005301578,0.1110817512,-0.6152319044,3.024985929,0.1674353269,2.926721605,0.10752886,-0.7656335362
Ue0SyWeA,2024-03-08,HARD,f7a53rOM,3.391836413,0.2249175261,3.023490222,0.1269723304,-1.984089417,3.384665927,0.2206938534,2.993455655,0.1270901829,-2.16824817
Uk9fkFwe,2024-03-08,HARD,noaX0EJn,2.502564644,0.160350471,2.707207468,0.1043701396,1.681066568,2.530608169,0.1515244559,2.672324866,0.09914389212,1.236762158
h4Cu3Mpt,2024-03-08,HARD,Gloq9MUN,3.518768092,0.1633481743,3.334315845,0.113693898,-1.572652459,3.443761725,0.1567204617,3.265253999,0.1107047308,-1.609172853
nBaH8AQm,2024-03-08,HARD,QwU996PK,3.433815884,0.3775329628,2.869485703,0.1245536168,-1.583439366,3.511424117,0.3747035975,2.890757339,0.1226295395,-1.75295483
pb5qpTSA,2024-03-08,HARD,MysmW1jf,1.90357797,0.1770739498,1.614499016,0.1156613386,-2.156006935,1.916795624,0.168300586,1.616129125,0.1134248545,-2.418142253
pbXUTWsq,2024-03-08,HARD,jNyZsXZe,4.99506112,0.1557215611,4.866317169,0.09715862526,-1.057932629,4.963348999,0.1495265765,4.881714173,0.09226389356,-0.6937772228
vc8nmvrj,2024-03-08,HARD,zHMiAkw6,2.833028454,0.1985612561,2.873112603,0.1173968645,0.2503082393,3.010448823,0.1801422262,2.961083068,0.1120991488,-0.3500765022
CACTlYJ8,2024-03-09,HARD,f5BXmEH6,4.222153315,0.1693695608,3.991527322,0.0999956805,-1.687094783,4.301666445,0.1627918805,4.033068517,0.09480938888,-2.029691902
M5gZUpF7,2024-03-09,HARD,8fw1CCQC,2.8415695,0.2050194357,2.706740282,0.113491895,-0.7896700651,2.930426926,0.2002575768,2.756270433,0.1093995671,-1.038287219
MNr1Sig9,2024-03-09,HARD,KjsokFUj,3.201608982,0.1848925508,3.197405487,0.09866133844,-0.02688193254,3.169166081,0.1799824883,3.160776691,0.09470810075,-0.0548149728
Qc89jW5e,2024-03-09,HARD,8EI3pJOd,2.999022449,0.1657099245,2.789113617,0.1125382635,-1.725736264,3.163834828,0.155183652,2.929437046,0.1085758546,-2.114073821
Wfq9BXsL,2024-03-09,HARD,GU42elks,3.174422372,0.1950991213,2.959343206,0.1063789105,-1.315101356,3.118346095,0.189983875,2.913563998,0.1041868683,-1.289009681
YqeZbABc,2024-03-09,HARD,xCyEhjAS,3.368800949,0.1711380952,3.341923909,0.1185364213,-0.2177341368,3.444208682,0.1590085951,3.392681966,0.1137521662,-0.4637686359
h0dfzZ4F,2024-03-09,HARD,jyngIesG,3.244171302,0.1785669468,3.209166422,0.1113413691,-0.2507442507,3.384460083,0.170925775,3.307135022,0.1091389056,-0.5878181692
hU5I7qbp,2024-03-09,HARD,fBPsm3Iq,2.861988646,0.1623917219,2.748201765,0.1124101185,-0.9709062189,2.838090221,0.1551640713,2.77627722,0.1079493217,-0.5545867752
lWg4CDSE,2024-03-09,HARD,neAp94aO,3.20944797,0.1746082463,3.126479631,0.1100186835,-0.6119179966,3.269593772,0.168223429,3.158874105,0.1063200699,-0.8493018644
ngUWxDyd,2024-03-09,HARD,Y1ZrrUtl,2.993733886,0.1803936879,2.784474792,0.1055624689,-1.430517595,3.068809834,0.1754907774,2.859353761,0.1034960122,-1.477919159
rer5kcv1,2024-03-09,HARD,vyhksgUB,4.607053114,0.1931127391,4.229005488,0.1096034239,-2.377722944,4.736497851,0.1882316131,4.343692918,0.1062919518,-2.528539988
tjKfu91P,2024-03-09,HARD,hIA4C9YT,3.431179934,0.1898215501,3.171022315,0.1233536898,-1.803171316,3.447646055,0.1840487563,3.188173243,0.1218594278,-1.881214755
0OfkPLpg,2024-03-17,HARD,0flvkwYe,2.209320603,0.183420446,1.972418513,0.1114668145,-1.626351925,1.958124281,0.1731139304,1.741687516,0.1109814032,-1.629068977
0QkVJQ8D,2024-03-17,HARD,Gj20DdaG,1.553762304,0.3939903887,2.012176576,0.1562766091,1.267489055,1.522849037,0.3990045897,2.002141923,0.1651932547,1.319630944
0QkVJQ8D,2024-03-17,HARD,bstrYIDU,1.747788965,0.2926224392,1.597274917,0.1499336099,-0.5989601192,1.851584567,0.2778780152,1.696928887,0.1432568649,-0.6495291094
4d1tRsGt,2024-03-17,HARD,OMXPbN89,1.929375048,0.3317098448,1.876488603,0.1429790867,-0.1766926482,1.939915361,0.3285887466,1.873363066,0.1485616679,-0.2270735069
C0HsTUoR,2024-03-17,HARD,ppu9X7PH,1.411495304,0.3745688693,1.306870489,0.1412802486,-0.3015966983,1.593859044,0.357907117,1.398201768,0.1398815372,-0.5939088294
IsYv99fe,2024-03-17,HARD,UiaMC9xj,1.546927848,0.2529140816,1.648365706,0.1485274116,0.495525968,1.347969559,0.2480222477,1.437120259,0.146551081,0.4455429389
K6h4FBHR,2024-03-17,HARD,K4Sih0XH,1.632583165,0.2530931011,1.596044726,0.1386973949,-0.1725910154,1.587685071,0.2216206688,1.568350422,0.1418992228,-0.113575491
MZjRK6g7,2024-03-17,HARD,hU5bke4O,1.117126214,0.3091449788,1.142549647,0.1762463721,0.1000985914,1.172877333,0.2909881158,1.147062788,0.1666444365,-0.1082166705
MZjRK6g7,2024-03-17,HARD,bHSsQ9ek,1.3435215,0.4738297264,1.69992543,0.142592156,0.7887396346,1.28386254,0.4836836825,1.578847044,0.1374379693,0.6360901434
Q7cIMSOf,2024-03-17,HARD,l2FaZpEP,0.8853562028,0.25289962,1.014646441,0.1426923857,0.6192085322,0.7776914526,0.2377879083,0.8864658941,0.1366837397,0.5590270981
Q7ym7mP7,2024-03-17,HARD,byP3Cue7,1.697875889,0.226605595,1.467480916,0.1413738133,-1.300949555,1.632906194,0.2115840656,1.499930198,0.1347787881,-0.8152899025
Q7ym7mP7,2024-03-17,HARD,Uwhd6a1e,1.901752852,0.199836686,1.594981463,0.1362160437,-2.098032033,2.035389607,0.1888397115,1.752734251,0.1340846367,-2.125664088
Qqg0Gi2L,2024-03-17,HARD,O8s9yjMD,1.843364646,0.2381853517,1.65501683,0.1373645903,-0.9679473895,1.816026748,0.2290918846,1.658966668,0.135074818,-0.8488136369
SCFVVW18,2024-03-17,HARD,ETkoNgxJ,2.486866969,0.2061566485,2.306235129,0.1062477122,-1.022430028,2.445797209,0.1993087246,2.293933912,0.1040571767,-0.8933742323
WpbEN89l,2024-03-17,HARD,6TlRnRze,1.623014153,0.249897384,1.476804173,0.1346961962,-0.6946203801,1.585624028,0.229070352,1.519973596,0.13554037,-0.3555064178
hfaAOlfr,2024-03-17,HARD,rwWwX7oC,1.20331902,0.2090787016,1.230647778,0.111939548,0.1547597036,1.149397621,0.1873288817,1.223158908,0.1063658639,0.4783403865
nHxq8T91,2024-03-17,HARD,UanvYI54,-4.562161944e-15,0.8442081452,0.2050834988,0.2575958528,0.2550955992,-4.562161944e-15,0.8579964273,0.2118373822,0.215765308,0.2550955992
ngfdHXnF,2024-03-17,HARD,dvDRCAx9,1.712535473,0.2476526952,1.595447188,0.1724166407,-0.6586276345,1.77172631,0.2324399159,1.690260551,0.1580713321,-0.4780392725
ngfdHXnF,2024-03-17,HARD,Em3nvKqP,2.003405687,0.2265889966,1.936175891,0.123044972,-0.3533397202,2.053368104,0.1941079977,2.079966249,0.1109897904,0.1670258697
vB1MLnv1,2024-03-17,HARD,boU2UKtN,1.792483698,0.184446546,1.631833912,0.1167433959,-1.125007663,1.915491462,0.1740993802,1.776739175,0.1159791372,-1.068608582
viZzAkuk,2024-03-17,HARD,GKr3Pq9i,0.06499706313,0.4597171616,0.6410228054,0.2448037184,1.480345769,0.06182157232,0.4389697249,0.6428455399,0.1949714081,1.477325406
vmJZUjHE,2024-03-17,HARD,2HWgFEu7,1.000156894,0.2943597301,1.074020054,0.13022206,0.2797970096,0.8885908027,0.2871285486,0.9305746484,0.1263081839,0.162819781
vmJZUjHE,2024-03-17,HARD,S6JNQ85M,2.259092326,0.210943554,2.021580439,0.1287856237,-1.421654883,2.315658853,0.2057261998,2.079082254,0.1298089541,-1.482287848
K8il9Yrl,2024-03-19,HARD,GvHZX89Q,2.327377795,0.2766923795,2.259475472,0.140838632,-0.2851047492,2.409151017,0.2557068556,2.303419417,0.1407341061,-0.4952427025
QeqlXt3r,2024-03-19,HARD,vo9FVe2A,2.000277263,0.2108443994,1.852888514,0.1177747627,-0.8427793418,2.0554063,0.1987676541,1.89224324,0.1201240927,-1.030311658
fyy5Tb27,2024-03-19,HARD,nN1Fd8dC,3.89735757,0.6546416364,3.032286921,0.227643908,-1.409399824,3.810583213,0.6532400899,2.937121869,0.2213003965,-1.421157372
fyy5Tb27,2024-03-19,HARD,Wl76rX3I,3.030264102,0.204527074,2.973245939,0.1221855917,-0.3476329245,2.947976155,0.1994252617,2.928029872,0.1232986737,-0.1272559794
00dSFuY7,2024-03-20,HARD,jkHNR1ol,2.011822477,0.2216878374,2.030774177,0.1187568372,0.1012399189,2.059812947,0.2167841736,2.037831862,0.1201601273,-0.1218224853
CCilnF7P,2024-03-21,HARD,UDzElXdm,4.264337691,0.1917310893,4.039055319,0.1016080406,-1.385556602,4.290385642,0.1865729487,4.053984728,0.09880698871,-1.493737824
Eo5XvIs9,2024-03-21,HARD,CWtkHlUE,2.511084638,0.1877234303,2.29575284,0.1139210505,-1.443195921,2.511985517,0.181451879,2.301651873,0.1132264774,-1.483411278
0A7AhcWc,2024-03-30,CLAY,Qk09uuRk,0.7227017524,0.2747601683,0.8673077742,0.1720110626,0.6749238161,0.5659598624,0.2966689223,0.783549571,0.1868858245,0.9443821815
0A7AhcWc,2024-03-30,CLAY,vkOnO123,1.54182223,0.4135941035,1.134168664,0.1735043405,-1.085797803,1.525872666,0.4240592293,1.133410994,0.168759022,-1.008813495
0Ykcqggp,2024-03-30,CLAY,GEAmUZ6D,0.6622262371,0.457184232,0.4862579762,0.2252506368,-0.4423050597,0.4975569421,0.4861496688,0.2645615896,0.2227768216,-0.5392139963
0Ykcqggp,2024-03-30,CLAY,jqcBin0G,0.2638111718,0.3103021443,0.9930116734,0.1628862085,2.760944768,0.4766532742,0.3381274407,1.294361061,0.129570469,2.618201472
0lftU1Wr,2024-03-30,CLAY,IkFj1aFB,0.344747997,0.4494521054,0.2701402185,0.2256539173,-0.1919419201,0.3828332071,0.4648899045,0.2815679061,0.2201877749,-0.2473271963
0lftU1Wr,2024-03-30,CLAY,xQIgg881,1.677906016,0.4516674716,1.636090588,0.1297874825,-0.09665660138,1.689218686,0.4492720701,1.662042798,0.1193977603,-0.06274504085
6oVuk388,2024-03-30,CLAY,2TtUq2X8,0.7145629049,0.7838357363,0.8747317815,0.2891956772,0.2198504042,0.7461996798,0.8004872161,0.9193656414,0.2663761573,0.2293994336
6oVuk388,2024-03-30,CLAY,rwvAgOWm,1.513718814,0.2491468539,1.570935659,0.1555009184,0.2939279313,1.385162513,0.2857343724,1.560577135,0.1595370809,0.7399942526
8zBIjy1A,2024-03-30,CLAY,prMtFtya,1.805480442,0.2967015229,1.270118558,0.1486113368,-2.084738994,1.950154451,0.3012167884,1.381947575,0.1252365085,-2.074143236
8zBIjy1A,2024-03-30,CLAY,baNcJtnh,-0.2627684686,0.4678879869,0.2075680927,0.1964850112,1.107631889,-0.2613736092,0.5150270471,0.24749211,0.1829610547,1.056980523
AuqhzGGT,2024-03-30,CLAY,vFKjUS0N,1.106418233,0.279177833,0.9581554198,0.1374964295,-0.6102074063,1.221296147,0.3072504362,1.027441671,0.1370061997,-0.7048921321
AuqhzGGT,2024-03-30,CLAY,hzt2DdvF,0.6214097955,0.4542562386,0.3268881035,0.2146271012,-0.7356517716,0.6145990499,0.5013891801,0.2067178619,0.2173814728,-0.9027623621
CO96z4gF,2024-03-30,CLAY,pfzOoOF5,1.458574206,0.7855277823,0.6943761813,0.2111386333,-1.010015144,1.321452243,0.7966638936,0.5250603214,0.1880162642,-1.028717873
CO96z4gF,2024-03-30,CLAY,pYMHXRN6,1.79703529,0.3944910273,1.676701024,0.1522083629,-0.3306388261,1.718668888,0.4171758933,1.573794255,0.1494351693,-0.3719568899
ClVJVZOp,2024-03-30,CLAY,zZiiCAEg,-0.09608748666,0.4369674312,0.07230451789,0.2018990146,0.4345295205,-0.1012159484,0.4695135183,0.1154705946,0.1953417461,0.5075245039
ClVJVZOp,2024-03-30,CLAY,zXTgcZem,0.7282231272,0.3441787838,1.479411164,0.1413318498,2.39367435,0.7170354064,0.4032206283,1.591447969,0.1381911101,2.30837005
EDBEiHo4,2024-03-30,CLAY,l21IOgts,1.553039699,0.3884458969,1.33436055,0.1907145528,-0.646204781,1.629374338,0.4148364053,1.394681097,0.1781278029,-0.6264397715
EDBEiHo4,2024-03-30,CLAY,O4H8PhkD,-1.177684229,0.7927044189,-0.9479344875,0.3198176973,0.3167540269,-1.209579214,0.7810328773,-0.9796101221,0.2828671886,0.3158872863
EDkqxxnH,2024-03-30,CLAY,2yuWdGRG,-0.8443334827,0.6005172788,-1.767952649,0.3160657639,-1.808851449,-0.8830994979,0.5856070528,-1.81450776,0.2798382111,-1.810604807
EDkqxxnH,2024-03-30,CLAY,QqnrZJm5,1.695981091,0.2602865426,1.583575555,0.1351720569,-0.5053396685,1.692153134,0.3372318698,1.504491041,0.1552775412,-0.6268853103
IoI5gwHi,2024-03-30,CLAY,Ojnpq17F,1.193147751,0.3607849073,1.338564314,0.1619067079,0.451021784,1.311504518,0.3790133595,1.525739713,0.1644689342,0.6273927583
IoI5gwHi,2024-03-30,CLAY,dE3YoMn4,-0.8819500208,0.5929459781,-0.7825716586,0.2737705802,0.1889463837,-0.9353007942,0.5743961758,-0.8370355408,0.2288643964,0.1865210085
KjjuwIWA,2024-03-30,CLAY,fVTD95Ep,8.224797215e-17,0.8442081452,-1.641086027,0.2809653967,-2.061454661,8.224797215e-17,0.8579964273,-1.695130861,0.2449147149,-2.061454661
KjjuwIWA,2024-03-30,CLAY,4Um0wVmD,0.8169565481,0.385935294,0.7499102081,0.1752458244,-0.1949854185,0.8299172667,0.4164161901,0.7865467934,0.1566743966,-0.1124117235
SGgmyd1N,2024-03-30,CLAY,OW7rtWni,0,0.8442081452,-0.08057202465,0.3199683679,-0.1031359029,0,0.8579964273,-0.08322545147,0.2915314565,-0.1031359029
SGgmyd1N,2024-03-30,CLAY,vqOqBe0i,1.314049782,0.5433557637,1.464174856,0.1985501266,0.2968189664,1.249311716,0.5407898363,1.366603854,0.1897919147,0.2316232858
UTocQJV7,2024-03-30,CLAY,SEevun8U,0.1881141158,0.3657627244,-0.4659299157,0.2086761198,-2.177286154,0.1855430205,0.4206964417,-0.6871103694,0.208505434,-2.388269257
UaK1ypv9,2024-03-30,CLAY,8jUODKId,0.7453801001,0.4919188293,0.7935044227,0.2466884985,0.1130760766,0.7412413246,0.5364877727,0.8017687372,0.231591502,0.1250757252
bu8EYsOR,2024-03-30,CLAY,QgKJwNBk,0.8499059021,0.424958794,0.3067187289,0.2316591466,-1.524676135,0.9374004102,0.4355559577,0.3630884845,0.2194951246,-1.526589346
dGmkSu1e,2024-03-30,CLAY,tG91oxJ8,2.036013187,0.4054928618,1.67825993,0.1555830881,-0.9553910079,1.91746904,0.4105450535,1.584883164,0.155495197,-0.8753215164
dGmkSu1e,2024-03-30,CLAY,A1GedNOl,1.761920302,0.2248038844,1.730728815,0.1219051966,-0.1651385785,1.602584738,0.2497777671,1.59967641,0.1092069799,-0.01294666225
jF8AZN8L,2024-03-30,CLAY,xCiOikO4,0.9218506834,0.4905076451,0.546702246,0.2066400842,-0.8433014561,1.035923971,0.4960777426,0.6455897939,0.2049466029,-0.8640237866
jwmgRaG1,2024-03-30,CLAY,vycI5UGq,0.428668974,0.2623754246,0.8546660896,0.146722018,1.958457094,0.4384024586,0.280808723,0.9240049975,0.1403168519,1.996409106
nR9MkeGG,2024-03-30,CLAY,SA3XN9cP,0.7566096374,0.3127265038,0.2930941857,0.1595199819,-1.723221967,0.7418087928,0.3788376488,0.1999581539,0.1666933345,-1.592774084
nR9MkeGG,2024-03-30,CLAY,8MpH36Na,0.8962824246,0.2856846662,0.7486023895,0.1684992994,-0.6401314959,0.9243951785,0.3237082911,0.7982333449,0.1678186318,-0.4557699451
pxUqlNNE,2024-03-30,CLAY,p2l29WXE,1.639398369,0.4711732435,1.213294111,0.2156329076,-1.017112648,1.591587206,0.4934268714,1.211035954,0.2105354454,-0.8527634073
rDqoTLok,2024-03-30,CLAY,KUkoziQu,0.2232050042,0.4414910412,0.004108129863,0.2339625198,-0.58519356,0.2202183793,0.4903351954,-0.1268111925,0.2285854058,-0.799986852
veJ1fJ1o,2024-03-30,CLAY,OhCrR0NO,0.8971758943,0.3940959826,1.042005413,0.1721196387,0.4085195225,0.9240289255,0.399023773,1.064005868,0.1702741972,0.3878881713
veJ1fJ1o,2024-03-30,CLAY,pOg9NpbD,0.5423889154,0.4661695945,0.5742234906,0.1819925318,0.07417588268,0.5678261399,0.4576714606,0.6166878799,0.1644448108,0.1144014235
xYiDWfhs,2024-03-30,CLAY,zDMLQaib,-1.253788313,0.457289663,-0.4860810422,0.226235648,1.931797473,-1.247258561,0.505471169,-0.3613115622,0.21994075,1.946655972
08SKUmcB,2024-04-01,CLAY,KhTa5tH1,1.783062184,0.1739389227,1.508122328,0.1243632781,-2.260868415,2.051058563,0.1865186827,1.747160938,0.1312155609,-2.292558737
08SKUmcB,2024-04-01,CLAY,xU3quIf5,2.288807241,0.1510129968,2.242594848,0.1033328326,-0.4196403814,2.234932788,0.1619824834,2.202698275,0.1053770257,-0.2620258516
8ve8ZBrt,2024-04-01,CLAY,MysmW1jf,1.579854048,0.1688980875,1.644481908,0.1093934614,0.5022204597,1.748721794,0.1744005497,1.807677862,0.1082447698,0.4311453611
8ve8ZBrt,2024-04-01,CLAY,dlm9zwW5,1.315274235,0.2704233775,1.453460309,0.1779666074,0.6786829991,1.293931396,0.3450457696,1.500404678,0.2072939568,0.7485349083
Eixa5WY7,2024-04-01,CLAY,2FcuNEdC,1.755041035,0.19304987,1.516888413,0.1300165567,-1.668877217,1.761724925,0.2013135413,1.516582584,0.1321497428,-1.614190914
Eixa5WY7,2024-04-01,CLAY,nwkutKbi,2.878052485,0.2698972735,2.710967477,0.130955973,-0.7079932252,2.898419425,0.2769796709,2.745847818,0.1303337588,-0.6242727425
G4bGXkDh,2024-04-01,CLAY,84GyAaXB,2.107806585,0.1760828832,1.979982444,0.1109792984,-0.9350233193,2.244416268,0.18258906,2.164399046,0.1117418484,-0.5541204173
G4bGXkDh,2024-04-01,CLAY,vw1oqIPi,2.398135701,0.1467189611,2.275561662,0.1017353509,-1.159439455,2.443675815,0.1645229036,2.377353867,0.1054315342,-0.5251096602
MHTGVTs5,2024-04-01,CLAY,A1GedNOl,1.892031882,0.1822082395,1.735403623,0.1212413717,-1.151542272,1.75473144,0.1924623265,1.604351218,0.1072588158,-0.941029607
MHTGVTs5,2024-04-01,CLAY,vo9FVe2A,1.821073384,0.2036863268,1.881801489,0.1069019981,0.35026331,1.892559028,0.2195571409,2.10605747,0.1029729374,1.10100615
MsaCYVcn,2024-04-01,CLAY,SjM2LLB8,2.685059544,0.1781561011,2.779591907,0.1127077297,0.6851509003,2.451679198,0.2333525051,2.627815698,0.1305162396,0.9105500816
MsaCYVcn,2024-04-01,CLAY,dMopwFzs,2.085173794,0.1833209947,1.799181531,0.1202627339,-2.067016984,2.10099452,0.2114211599,1.591796286,0.1288265146,-3.037479527
SfQtUFB8,2024-04-01,CLAY,vXvzyRlq,2.213917956,0.1873426352,2.181928982,0.103083696,-0.2044910564,2.190933929,0.1976657562,2.174884359,0.102367246,-0.09491521047
SfQtUFB8,2024-04-01,CLAY,r9RckFqs,2.579863115,0.1828560996,2.303205917,0.127224429,-2.106413723,2.70657507,0.19052032,2.399472796,0.1308294155,-2.217379246
WdOftAsk,2024-04-01,CLAY,6TlRnRze,1.440068742,0.228889603,1.549949957,0.1300532632,0.5833812473,1.485070601,0.2431063563,1.738733599,0.1298913299,1.234388925
WdOftAsk,2024-04-01,CLAY,StXbfYAa,0,0.8442081452,-1.050731352,0.3073731415,-1.336361572,0,0.8579964273,-1.085334414,0.2766949254,-1.336361572
nctrSgtL,2024-04-01,CLAY,0QlxEb7i,1.559529036,0.2405850396,1.633484402,0.1298008577,0.3650930728,1.872295057,0.2462621487,2.079280683,0.1251933475,0.9760468688
nctrSgtL,2024-04-01,CLAY,Ova6pdYE,2.044135194,0.1676060611,2.047046885,0.1069573098,0.02256384025,2.165062258,0.1802488269,2.149282588,0.108683055,-0.1097355936
rHT1ESCU,2024-04-01,CLAY,8KHYNHRA,2.196736356,0.143027148,2.074379742,0.1144678877,-1.426821161,2.224813851,0.1557450614,2.105617524,0.118942255,-1.185504209
rHT1ESCU,2024-04-01,CLAY,jkHNR1ol,1.970345879,0.1835185248,2.075090886,0.1161652795,0.7372629825,1.914018973,0.1982181864,2.056287339,0.1194077692,0.8992046399
08fZKHml,2024-04-02,CLAY,QwU996PK,2.828006789,0.1659165622,3.009850571,0.1112240932,1.477013858,2.67645864,0.1810687688,2.872175337,0.1143233489,1.393855304
0YBB3BbC,2024-04-02,CLAY,prMtFtya,1.479539367,0.2267187633,1.275147708,0.1471324932,-1.184935387,1.601323836,0.2204474151,1.386976725,0.1228130822,-1.170858565
0YBB3BbC,2024-04-02,CLAY,zk2irZZG,1.004751855,0.3405516233,0.6222536665,0.138089112,-1.228718068,1.308629837,0.3448478104,0.9179630419,0.125509454,-1.216284801
0lSXBBV3,2024-04-02,CLAY,KjsokFUj,3.21984085,0.1440149924,3.276389119,0.09489990111,0.5220237075,3.237718125,0.1532517209,3.348448854,0.09641354525,0.9295420297
0lYf6CJ1,2024-04-02,CLAY,pA0aW3EL,2.504918582,0.1893289317,2.47318833,0.1120722625,-0.2079376077,2.795929856,0.1998988207,2.663987271,0.1125826765,-0.7987770147
0lYf6CJ1,2024-04-02,CLAY,046jJj30,2.229251515,0.1919862225,2.167801136,0.1257555798,-0.423601906,2.369834568,0.1987123594,2.273301093,0.126700807,-0.6306077339
6FG7w8R7,2024-04-02,CLAY,WMS3AdAb,2.737815449,0.1834130211,2.748259756,0.1051944398,0.06951377858,2.676550917,0.1960459517,2.688763454,0.1054051866,0.07388149173
6FG7w8R7,2024-04-02,CLAY,Wd9dyI7m,1.917900342,0.2416830548,1.829659961,0.1486851103,-0.4631199616,1.733260935,0.2670148852,1.625908587,0.1690583772,-0.5194158179
AmNbuUde,2024-04-02,CLAY,UiaMC9xj,1.590248844,0.221602135,1.689652249,0.1500039091,0.6094088363,1.860335718,0.2270636996,1.961004437,0.1505397758,0.592213
AmNbuUde,2024-04-02,CLAY,Cjagsdf4,2.31473419,0.2062473447,1.98680237,0.1193787938,-1.949811564,2.412923861,0.2380184447,2.008271841,0.1191845331,-1.964056518
Au77UcVn,2024-04-02,CLAY,8hvtJI4d,1.45242574,0.2000213834,1.377717171,0.1387356078,-0.5184972321,1.250128891,0.2264788585,1.131146294,0.1572104341,-0.7298371231
Au77UcVn,2024-04-02,CLAY,xQIgg881,1.587554293,0.2473704799,1.633155881,0.1250262733,0.2136413513,1.598491027,0.2417521562,1.659108091,0.1142303297,0.284503964
EHD35XTa,2024-04-02,CLAY,l21IOgts,1.383964704,0.2944041711,1.335037116,0.1902925717,-0.2178056789,1.440911958,0.3046203302,1.395357662,0.177015183,-0.1837536558
EHD35XTa,2024-04-02,CLAY,ETkoNgxJ,2.434093274,0.1694716091,2.264788736,0.1055596884,-1.276987383,2.726776098,0.177584936,2.502277624,0.105680078,-1.573032907
Gpbb0VYK,2024-04-02,CLAY,rwWwX7oC,1.355431344,0.1828397806,1.318624739,0.1140040765,-0.2574867279,1.468693219,0.2196497597,1.474909732,0.1209709714,0.0339077827
Gpbb0VYK,2024-04-02,CLAY,K4Sih0XH,1.647463541,0.2409021229,1.616850145,0.1323293228,-0.1520764201,1.713074204,0.2931808964,1.849536572,0.1265302872,0.5159815555
IPrj7h4e,2024-04-02,CLAY,Y9jUuHka,2.404713692,0.166080636,2.456606257,0.1049262741,0.4030892747,2.460738248,0.1962834759,2.597879957,0.112698075,0.8533713689
IPrj7h4e,2024-04-02,CLAY,IJAxNUl3,2.280814742,0.1925022126,2.163824928,0.1235331703,-0.7924157519,2.084912058,0.2058782012,2.000554149,0.1261138469,-0.5183911054
KI4k2i48,2024-04-02,CLAY,O8s9yjMD,1.78169929,0.2160494388,1.644658667,0.1354517716,-0.8141879587,2.063535092,0.2237886676,1.981091341,0.1333810711,-0.4587942354
KI4k2i48,2024-04-02,CLAY,OGYNaUZG,1.885494615,0.1773447448,1.894772232,0.1052024034,0.06498241909,1.778882158,0.1901289463,1.698346738,0.1054944011,-0.5091476334
MNxPoWJR,2024-04-02,CLAY,8E7gvI2s,-0.9586950242,0.5906577497,-1.186795851,0.2793358533,-0.4382924565,-1.001315983,0.5746825048,-1.232028235,0.2366476566,-0.4405458462
MNxPoWJR,2024-04-02,CLAY,boU2UKtN,1.792769957,0.1922681112,1.625098505,0.1121583658,-1.073680926,1.757257409,0.2012324756,1.580102087,0.1108539983,-1.054834244
MsD74iq6,2024-04-02,CLAY,0flvkwYe,2.154697519,0.18177765,1.930244399,0.1113406614,-1.562081826,2.30248986,0.1953491333,2.023002529,0.1149241767,-1.769271572
MsD74iq6,2024-04-02,CLAY,jqcBin0G,0.6601293337,0.2378749351,1.006949976,0.161535571,1.986190624,0.940242518,0.2384904882,1.308299364,0.1264105919,1.819966798
OWOjsjSr,2024-04-02,CLAY,Em3nvKqP,2.046597445,0.1998130489,2.023482591,0.1243196133,-0.1477662175,1.873452154,0.2538578169,2.007551181,0.1283443625,0.6122572095
OWOjsjSr,2024-04-02,CLAY,xEGb8F4p,2.438835688,0.2045437412,2.121058326,0.1145922949,-1.875559982,2.629027519,0.2106786382,2.345846745,0.1136315858,-1.596218244
QmunRDeR,2024-04-02,CLAY,fJjFPDOb,1.761876301,0.18932934,1.873770491,0.112386858,0.7343872469,1.703313098,0.2556724337,1.938850176,0.1194187581,1.041877684
QmunRDeR,2024-04-02,CLAY,rkOojWt6,1.731375363,0.2155168042,1.510506889,0.1347809937,-1.313354369,1.816675821,0.2557630114,1.611359497,0.1559225564,-1.012715329
d05K1kTO,2024-04-02,CLAY,bkppJqxo,1.26899874,0.2674023747,1.368426714,0.1499594778,0.4490956353,1.226687639,0.2883908641,1.337509115,0.1601683321,0.4620956426
d05K1kTO,2024-04-02,CLAY,zXTgcZem,1.242600556,0.237246685,1.499373436,0.1399095243,1.34013696,1.358939129,0.2488713828,1.61141024,0.1361664248,1.211960577
dWVHLiJl,2024-04-02,CLAY,pS5UjYbG,3.054076605,0.1321853504,3.335329442,0.0878411309,2.847350474,3.051037358,0.1456162609,3.42614489,0.08880206986,3.250360906
dWVHLiJl,2024-04-02,CLAY,Wl76rX3I,3.247151343,0.1936553494,2.944512051,0.1176894645,-1.967864516,3.578846175,0.2017277822,3.212876545,0.1189719473,-2.246448352
fecKW9Sb,2024-04-02,CLAY,O81eud9p,2.468216347,0.2140313962,2.233793522,0.115195896,-1.299557491,2.470052778,0.3035282999,2.176004647,0.1194433499,-1.053788975
fecKW9Sb,2024-04-02,CLAY,vycI5UGq,0.7441918035,0.2018398018,0.8676953633,0.1477599853,0.8982067015,0.7917531678,0.2065428139,0.9370342711,0.1408124737,0.9614777355
hCC3vlC1,2024-04-02,CLAY,OKBlwX8r,1.779975052,0.1606332394,1.936349172,0.1105861379,1.342193275,1.935877415,0.1742544995,2.125030341,0.1138749247,1.434082818
hCC3vlC1,2024-04-02,CLAY,l2FaZpEP,0.9099814039,0.2256202161,1.067072169,0.1362718351,0.8736103847,1.072651652,0.2365245875,1.240311948,0.124349575,0.8333055422
jJvA7ze1,2024-04-02,CLAY,GlqMuuhi,1.87168754,0.2825425953,1.856054474,0.1395165372,-0.06362824413,1.845427518,0.3545080184,1.677476166,0.146255047,-0.5200819221
jJvA7ze1,2024-04-02,CLAY,UqnOkX4F,1.607301918,0.192222686,1.641702854,0.1071892,0.2155960292,1.785372137,0.1982172183,1.818976925,0.0987961552,0.1955572651
lYfG4E5m,2024-04-02,CLAY,CWtkHlUE,2.365307349,0.1719060987,2.302395562,0.1161271388,-0.4963356956,2.325533357,0.1806851906,2.298776168,0.1185010963,-0.1961688222
namLUhHC,2024-04-02,CLAY,KdojxrAR,3.579791035,0.1481198253,3.46403991,0.09875360419,-1.048511274,3.551929597,0.1616964057,3.434001638,0.1035609762,-0.9496478742
rTRDMX3r,2024-04-02,CLAY,W6pL8zuB,2.509463833,0.1820771255,2.322754269,0.1200117503,-1.363560798,2.57716214,0.1946180469,2.312257827,0.122917905,-1.755628282
rTRDMX3r,2024-04-02,CLAY,21U8Dqna,2.774876596,0.1649809119,2.805049566,0.09937741466,0.2291174018,2.913003293,0.1746533175,2.972266116,0.09904816693,0.4119723499
rc1G2VDI,2024-04-02,CLAY,fkFeyKHL,2.057948947,0.1928755915,1.951591437,0.1104531483,-0.6726492159,2.027007721,0.2047440156,1.943531506,0.1107389988,-0.4847292671
rc1G2VDI,2024-04-02,CLAY,4Um0wVmD,0.9867391657,0.2612794178,0.7495042638,0.1745444585,-1.220185848,1.02095661,0.2629696813,0.7861408491,0.1553945193,-1.106863282
zREa6DEg,2024-04-02,CLAY,rysUUciD,2.279468443,0.1801675424,2.195587112,0.1018998697,-0.564543809,2.499663885,0.1935453908,2.382487461,0.1020113564,-0.712407524
zREa6DEg,2024-04-02,CLAY,QqnrZJm5,1.619777947,0.2080197176,1.588963263,0.1351354704,-0.1948478404,1.59564679,0.2461952505,1.509878749,0.1547912372,-0.4479999747
23olpszq,2024-04-03,CLAY,GUIVvvjL,2.882361636,0.1807347832,2.747723002,0.1034799501,-0.908622682,2.816477968,0.1889589241,2.695852482,0.1044277386,-0.7659676203
6kgPtdr4,2024-04-03,CLAY,dzbgeEFF,3.028230193,0.1424537399,2.961365215,0.1036429623,-0.6841788405,2.901458116,0.1529873033,2.834245293,0.1080479745,-0.6205678047
6uAMiV9l,2024-04-03,CLAY,lSABz6E8,2.963315299,0.1707091859,2.93237907,0.1075194502,-0.2333152831,2.943462956,0.1852530915,2.912754195,0.1095959413,-0.2056067925
A1bagEAC,2024-04-03,CLAY,tlZeVkkp,2.467980814,0.1747238298,2.33915323,0.1237698765,-1.044605555,2.332324889,0.188568539,2.208404358,0.1311372908,-0.9145213768
AVHVEGDT,2024-04-03,CLAY,neAp94aO,3.127675903,0.1454715118,3.139197617,0.09784771528,0.1070327943,3.066767852,0.1573720883,3.042071955,0.1002753826,-0.2036133941
G6PIU1zd,2024-04-03,CLAY,WxLdKcAs,3.318743089,0.16481399,3.159817266,0.1043892423,-1.246082828,3.565852404,0.1904110638,3.334562385,0.1090286106,-1.481620001
U9cU6Ha2,2024-04-03,CLAY,GU42elks,3.052615603,0.162066149,2.906698796,0.09582198707,-1.116389731,3.139362337,0.1705663964,2.964388714,0.09617643074,-1.242135664
b93g1BJE,2024-04-03,CLAY,Glki8xA9,-1.179132804,0.7842088149,-1.075472197,0.3059163941,0.1435584662,-1.227658854,0.7699093083,-1.125690352,0.266196767,0.1411472905
b93g1BJE,2024-04-03,CLAY,OU6w8nNa,1.582192565,0.5463008727,1.500385307,0.1801314477,-0.1586182734,1.527615237,0.5308308865,1.618287605,0.1828350161,0.1819451322
xEFOV4RP,2024-04-03,CLAY,zNoTPac0,2.529299323,0.1602567425,2.491184198,0.1020958517,-0.3085596497,2.744228248,0.1766986855,2.670127784,0.1039073559,-0.5184807006
4bIdqsjB,2024-04-04,CLAY,jyngIesG,3.21363628,0.1801081319,3.155019575,0.1113994196,-0.4141814027,3.225949435,0.195212327,3.202666679,0.1127814181,-0.1461229402
4bIdqsjB,2024-04-04,CLAY,Y1ZrrUtl,2.870188182,0.1729430006,2.743291397,0.1012284084,-0.9049733107,2.829942926,0.1804105064,2.702489338,0.1013110466,-0.8537982651
ULigsNZ7,2024-04-04,CLAY,f7a53rOM,2.983522459,0.1956247697,2.961673351,0.1138963872,-0.1373732234,2.955652289,0.2047623166,2.887890946,0.1148690014,-0.3997547588
lnAjezt0,2024-04-04,CLAY,8EI3pJOd,2.737408918,0.171786757,2.749732382,0.1147338129,0.09638642311,2.75334793,0.1845940383,2.694839298,0.1181468057,-0.4125209255
2BDe9nDD,2024-04-13,CLAY,8fh5VQUc,1.74370657,0.1860251029,1.661514798,0.1176197667,-0.5702960714,1.618267291,0.1938584446,1.560677481,0.1179955521,-0.3744167673
2BDe9nDD,2024-04-13,CLAY,WSCEkk6I,1.989057195,0.2991683917,1.584290593,0.1620094651,-1.609379292,1.827083583,0.3428809961,1.584142891,0.1664405066,-0.810410633
4zM8JogB,2024-04-13,CLAY,88JkTZXP,0.7121017744,0.8504849233,0.2420375473,0.2463679215,-0.5774607752,0.7724583938,0.8550352152,0.2977218113,0.2123645557,-0.5731851233
4zM8JogB,2024-04-13,CLAY,vFKjUS0N,1.174051762,0.2245851127,0.9276367041,0.1308224442,-1.349860643,1.305582053,0.2325454972,0.9969229553,0.127768982,-1.588569607
88SaL7Ob,2024-04-13,CLAY,SA3XN9cP,0.6333170267,0.2491610385,0.2571436001,0.1577578215,-1.950533721,0.5805294094,0.2715491809,0.1640075683,0.1601594683,-1.899414998
AD0Z4nvI,2024-04-13,CLAY,pYMHXRN6,2.126495822,0.2873176796,1.613469597,0.1354811923,-2.024811424,2.073776159,0.2926530282,1.510562828,0.1309578075,-2.151992751
AD0Z4nvI,2024-04-13,CLAY,zw8Ilv1R,1.176178678,1.171050058,0.4809955638,0.2882380341,-0.6124837568,1.161132293,1.162922597,0.4645782137,0.2459625939,-0.6128325739
ERIv9wJU,2024-04-13,CLAY,KGdcQnEf,3.186538817,0.1872724148,3.103060443,0.1161768947,-0.5683420487,3.062504076,0.1979877451,3.000148998,0.1183330961,-0.3928279318
ERIv9wJU,2024-04-13,CLAY,x6DAjVjC,0,0.8442081452,0.6792591923,0.2912085636,0.8572262913,0,0.8579964273,0.7016287996,0.2573644733,0.8572262913
GhK7G3Kt,2024-04-13,CLAY,xAiYa51G,2.260656841,0.6937394157,1.438875,0.2417066535,-1.26375302,2.303321952,0.692236887,1.489339892,0.2268574368,-1.244603993
IaPVAalI,2024-04-13,CLAY,fc9W6odL,1.178544922,0.4084120244,1.665478689,0.1685119077,1.308866601,1.121693591,0.4160930267,1.682869704,0.1658911228,1.470612636
IaPVAalI,2024-04-13,CLAY,S6JNQ85M,2.207440154,0.2264494825,1.887660866,0.1103417653,-1.617109355,2.131468033,0.2327827154,1.805529245,0.1093443725,-1.586051461
OINFEskg,2024-04-13,CLAY,E9EQl2sR,1.191438155,0.5848564473,1.225226951,0.2527906321,0.06406636667,1.267006744,0.5714191924,1.393197633,0.2249553146,0.2402372468
OINFEskg,2024-04-13,CLAY,jVCKq0LH,2.013259067,0.2688198631,2.078468785,0.1288891828,0.276422327,1.978467503,0.3042520113,2.071763629,0.1170159525,0.3321923642
SUrqfVPa,2024-04-13,CLAY,hbXrCD0b,1.390713033,0.2400639769,1.631281916,0.1263663723,1.178604446,1.335446725,0.2738825081,1.619663044,0.1299296786,1.178824617
SUrqfVPa,2024-04-13,CLAY,vqOqBe0i,1.553767442,0.2918244333,1.45440333,0.1968478378,-0.4612245397,1.487615037,0.2841378881,1.356832328,0.18821722,-0.6144123331
UcFmB8r1,2024-04-13,CLAY,QoLeDQFG,2.122806126,0.1849714873,2.192387949,0.1069630718,0.4610864043,1.918844217,0.2036496309,1.996011631,0.1103718526,0.4508843597
UcFmB8r1,2024-04-13,CLAY,4Qyc8N2g,1.861890526,0.2444564905,1.594856414,0.1456250156,-1.360007879,1.744558967,0.3009858266,1.426475587,0.1601299659,-1.248097515
Ugu0jmPO,2024-04-13,CLAY,dO8fjQAB,0.3215005068,0.4230559942,-0.03607387758,0.2103240347,-0.974132082,0.4869940575,0.4338239594,0.1277931726,0.2018198842,-0.9353683458
Ugu0jmPO,2024-04-13,CLAY,SfXC2Wt1,1.93563037,0.2617448416,1.99105339,0.1156221278,0.2360203129,1.935355019,0.3384680447,1.817371009,0.1189482821,-0.3723321264
dUbs3Q8U,2024-04-13,CLAY,IaIL1xKN,1.481135884,0.5194593558,1.347858587,0.2146493083,-0.2817483364,1.531107116,0.51035115,1.357746122,0.1856689879,-0.3646794343
fH2u1wwp,2024-04-13,CLAY,xhsuPZNK,0.5810554194,0.6346167837,0.8930082913,0.2668364219,0.5417801968,0.5781259372,0.6683756573,0.9210668225,0.2425581171,0.5506353498
fH2u1wwp,2024-04-13,CLAY,WUunsrrI,1.247949368,0.2546237261,1.285096596,0.1635316198,0.190334368,1.126539381,0.2629880591,1.185137954,0.1598002369,0.2805506875
lbCQ6895,2024-04-13,CLAY,0rUdL1O9,0.3474441046,0.5258129234,0.7752054127,0.1944911611,0.8756258599,0.2980411991,0.5493210288,0.7471146689,0.1780981178,0.8641868403
lbCQ6895,2024-04-13,CLAY,6L5yEis0,1.654673061,0.2346379738,1.67034897,0.1508319503,0.08721674498,1.612533292,0.2433925888,1.615555408,0.1589494654,0.01639575093
p6F9AjAt,2024-04-13,CLAY,ra7IoKGO,2.408257135,0.3183809644,1.965818844,0.1227028173,-1.50598622,2.504303141,0.3266346792,2.024928214,0.1198902364,-1.577740393
pYBOCLJ5,2024-04-13,CLAY,44zKPsKi,0.9902890398,0.3996796842,0.6843326851,0.196455133,-0.8790207914,1.052282448,0.4124520526,0.7041511644,0.179334822,-0.9372883068
tY8I8Uvg,2024-04-13,CLAY,UeJstJ4j,0.4379442533,0.27374976,0.6319760073,0.1774279827,0.9307579027,0.4874313303,0.3071714561,0.7171084901,0.1827979272,0.9303992658
tY8I8Uvg,2024-04-13,CLAY,v5Rqcqd7,-2.131320864e-15,0.8442081452,-0.1937478887,0.2402749168,-0.2394038494,-2.131320864e-15,0.8579964273,-0.2001284636,0.1932711504,-0.2394038494
zaMvDUDl,2024-04-13,CLAY,028BdVOj,2.633328406,0.2174994976,2.632894433,0.1100135818,-0.002312981734,2.647960502,0.2451436829,2.720563749,0.1107404736,0.3319685164
zaMvDUDl,2024-04-13,CLAY,fuBOOacF,1.728695171,0.3819354573,1.420080148,0.1887591164,-0.9294760951,1.625493514,0.3910179691,1.304935708,0.1832866172,-0.9280773848
zeUiNTgn,2024-04-13,CLAY,WfnqI5WD,1.986922428,0.3430593759,1.549594976,0.1306091006,-1.378608177,2.198264547,0.346615048,1.762906632,0.125447856,-1.347367773
zeUiNTgn,2024-04-13,CLAY,6ukvX7TR,-1.801711754e-14,0.8442081452,0.2993515442,0.2718276272,0.3745415673,-1.801711754e-14,0.8579964273,0.3092098966,0.2336530374,0.3745415673
zenih9fC,2024-04-13,CLAY,OhCrR0NO,1.267583509,0.2848340151,1.008560685,0.1681319689,-1.126590291,1.302935098,0.2832745465,1.03056114,0.1665540971,-1.188689844
zenih9fC,2024-04-13,CLAY,8O9jYpK8,1.516225238,0.3979896399,1.533738394,0.1542193852,0.04773339218,1.490936019,0.4174494142,1.503332265,0.1504379112,0.03183421198
CpV37aFt,2024-04-15,CLAY,2FyACZYi,3.180076505,0.2802398416,2.78690608,0.1356151942,-1.603203687,3.232162909,0.2866838572,2.843922193,0.1368705121,-1.541243454
fHAPnCwf,2024-04-15,CLAY,lI6fOOat,3.675850205,0.2531820148,3.214817763,0.1104800048,-2.023799429,3.93005296,0.2849932272,3.334212056,0.1049889716,-2.248881314
jgTWE6YQ,2024-04-15,CLAY,xGn9KNfO,2.880881958,0.2047013225,2.573128985,0.1224638954,-1.876220759,2.8164213,0.2136352178,2.464596251,0.1268741535,-2.046914898
tEpjYCO0,2024-04-15,CLAY,YsJXLo1O,2.304227064,0.2063870872,2.105548551,0.1221153575,-1.194099853,2.460211791,0.2317345253,2.219155578,0.1230489333,-1.227582421
xtvaWjgD,2024-04-15,CLAY,8Gag74BD,1.644826732,0.2933804,1.676108927,0.1495030453,0.1239242432,1.686251305,0.3039415142,1.696760309,0.1498916099,0.03974502154
4KBJ52eD,2024-04-16,CLAY,4IwCdyAG,2.439706732,0.2104070631,2.269025659,0.1154437383,-0.970282082,2.519665274,0.217631353,2.345732921,0.11453709,-0.9399049534
8hIA7OQ0,2024-04-16,CLAY,f1PZMn7P,2.225374829,0.1992006648,2.143173048,0.1180488993,-0.512308691,2.11778743,0.2092653255,2.044560354,0.1197642509,-0.426717153
GWbYpj86,2024-04-16,CLAY,2LhiB9IJ,3.183249399,0.1904526991,3.054075238,0.1157683715,-0.8541681519,3.141343384,0.2016659756,3.018360952,0.1172989672,-0.7496961459
GWbYpj86,2024-04-16,CLAY,plF5itH8,0,0.8442081452,0.6901860341,0.2969016818,0.8733476499,0,0.8579964273,0.7129154881,0.2642135718,0.8733476499
GbuxOqBs,2024-04-16,CLAY,bigXsmFf,2.084841748,0.2072062998,2.005660289,0.1116423093,-0.4536115435,2.224924762,0.2271668157,2.187966948,0.1123507467,-0.1871861967
K8iz9Sze,2024-04-16,CLAY,noaX0EJn,2.740677243,0.1881054064,2.825563164,0.1035998227,0.5406557855,3.095494604,0.192123417,3.129121503,0.1021197494,0.2066348256
MHJh0r8D,2024-04-16,CLAY,EgKYrSR5,3.206808019,0.2255688178,3.35359029,0.1065681159,0.738312556,3.40925187,0.2336708559,3.48937967,0.1033576477,0.3823452364
MHJh0r8D,2024-04-16,CLAY,AsWv5414,2.717196135,0.1943970081,2.713080535,0.1140832624,-0.02614716212,2.513382719,0.2059399424,2.540065055,0.1167124899,0.157255967
MZUS1eqI,2024-04-16,CLAY,zHMiAkw6,2.770640637,0.206274198,3.003432458,0.1134209257,1.351142341,2.632849455,0.239028568,2.996312579,0.1155084568,1.736843629
MZUS1eqI,2024-04-16,CLAY,Gloq9MUN,3.45465308,0.1955300274,3.130330565,0.1111616285,-2.016212091,3.385630266,0.2053662704,3.066213152,0.1116828013,-1.853375663
f1j59noR,2024-04-16,CLAY,xCyEhjAS,3.390365623,0.2076169326,3.387425886,0.1138606923,-0.01693296865,3.481520128,0.2209430214,3.519970978,0.1124742751,0.2021899552
f1j59noR,2024-04-16,CLAY,fBPsm3Iq,2.895728861,0.1845520062,2.658234804,0.1126695073,-1.624804238,3.064186777,0.1939967346,2.809257391,0.1139117117,-1.623429551
v5pT6XUP,2024-04-16,CLAY,8fw1CCQC,2.64288108,0.1775165298,2.819968365,0.1003393492,1.209297431,2.622630797,0.184552439,2.828566756,0.1000591395,1.327989893
zyWb1Bhm,2024-04-16,CLAY,2yj9GWan,2.353302125,0.2052891098,2.236998135,0.1077620062,-0.6656168766,2.335757813,0.2716067828,2.061192384,0.1114296111,-1.108474033
8COC5wpg,2024-04-17,CLAY,8CZqQdSa,2.917886801,0.199202805,2.945905996,0.1009171586,0.1631410169,2.919010602,0.2102912856,2.94322443,0.09956191677,0.1307236149
Od2tqUxJ,2024-04-17,CLAY,KQGnhml2,1.902363914,0.2184798112,1.789899692,0.1172844872,-0.6101223046,2.200718383,0.2252415996,2.12300586,0.1145361984,-0.4006905539
Od2tqUxJ,2024-04-17,CLAY,MDM4BKiA,2.949108986,0.1960934083,3.169079921,0.11160713,1.364294361,2.779069003,0.2095288498,3.015145038,0.1128813129,1.33737175
QkQq24w1,2024-04-17,CLAY,hIA4C9YT,3.226852031,0.2130531529,3.046506696,0.1158713159,-1.008705229,3.185646848,0.2209017121,2.964437597,0.1164787859,-1.178542826
QkQq24w1,2024-04-17,CLAY,x81l09qG,2.716985608,0.1929807981,2.781308438,0.1066617155,0.3999539814,2.7767208,0.1999113573,2.839808664,0.1060882419,0.3723320915
UZQpffoK,2024-04-17,CLAY,dKYVCedT,1.581735983,0.1976619621,1.525952629,0.1140103753,-0.3454764101,1.813847505,0.2022171926,1.757070898,0.1096888926,-0.3342105997
UZQpffoK,2024-04-17,CLAY,hQQLzcNT,2.395989113,0.1972307415,2.365179598,0.122697057,-0.1995182236,2.542433283,0.210690355,2.545890471,0.1272406739,0.02058716931
YNJaTbqL,2024-04-17,CLAY,f5BXmEH6,4.023441498,0.1792030985,3.979792387,0.1024146398,-0.2968229118,3.88866528,0.190350231,3.906366149,0.1022617722,0.1102526453
nymcB8GE,2024-04-17,CLAY,YmIZde1B,2.699805339,0.235649044,2.970584685,0.11495348,1.316322669,2.738470242,0.2601088054,2.975266148,0.1192275423,1.024319268
nymcB8GE,2024-04-17,CLAY,AgIGoHjL,2.503758947,0.204917897,2.391970037,0.1240346637,-0.6853348729,2.337696586,0.2181956107,2.217671642,0.1268774269,-0.6761411496
zR439pdl,2024-04-17,CLAY,n5XviZ0t,1.775927488,0.2105405196,1.560818738,0.1246660788,-1.267855723,1.721300775,0.2218048245,1.448527746,0.1290459283,-1.512037058
McRKqNA5,2024-04-18,CLAY,jNyZsXZe,5.019215556,0.1796726054,4.902019599,0.09693768439,-0.7747008578,5.279576135,0.187498967,5.164279705,0.0955072063,-0.7145678012
lYYXekwH,2024-04-18,CLAY,UDzElXdm,4.021881545,0.1714591309,4.026718018,0.09461030497,0.0338230438,3.969332053,0.1807854626,3.973793186,0.09416080913,0.02890683085
rTyAnXZh,2024-04-19,CLAY,vyhksgUB,4.198043252,0.1951825078,4.09328682,0.1047248099,-0.6360106687,4.146633958,0.2028933811,4.075282966,0.1036105327,-0.4090203205
2kEOZrc6,2024-04-22,CLAY,My7MkGPr,2.304174702,0.205073031,2.345772274,0.1057947247,0.2367843308,2.434833844,0.2110184268,2.493383752,0.1051487016,0.3200235711
4lRlcweU,2024-04-22,CLAY,KECg1Jfi,-1.366585645e-14,0.8442081452,0.9153767995,0.252938828,1.136514092,-1.366585645e-14,0.8579964273,0.8506778616,0.2296292038,1.029007765
8Szjj4sm,2024-04-22,CLAY,G4F8vGbd,6.306752536e-19,0.8442081452,0.9034846579,0.2729039787,1.130937758,6.306752536e-19,0.8579964273,0.9332385387,0.2349879113,1.130937758
AkGtUJPi,2024-04-22,CLAY,Uwhd6a1e,1.863503199,0.2370653419,1.477126673,0.1358557066,-1.988801113,1.64836146,0.2544420429,1.160084367,0.1434376423,-2.323380659
AkYuaaQH,2024-04-22,CLAY,byP3Cue7,1.724930795,0.234208318,1.387418121,0.1666048373,-2.05038102,1.737336362,0.2860729695,1.098289418,0.1824177849,-2.899924793
CKX6nMtC,2024-04-22,CLAY,MVSOop0f,1.848051383,0.2288268655,1.702703824,0.1396415712,-0.8017906184,1.932676735,0.2371008194,1.76991879,0.141723097,-0.8562489068
GSf7FKAb,2024-04-22,CLAY,2PPTHPya,2.53626872,0.2090145779,2.46472735,0.1176325613,-0.4140830505,2.545088929,0.2246847948,2.486447031,0.1184865225,-0.3071806122
GSf7FKAb,2024-04-22,CLAY,WUQY7p9b,1.588339241,0.2308339117,1.754301923,0.1172660016,0.8347004925,1.571972948,0.2553949539,1.806465397,0.1129600768,1.023734612
GhvblrCa,2024-04-22,CLAY,fLqCAoUb,1.529381038,0.2514226628,1.377376491,0.1451725225,-0.7404881341,1.512155571,0.3313291793,1.376207162,0.1467761425,-0.4576692591
K01bHttn,2024-04-22,CLAY,bHSsQ9ek,1.63220542,0.2570976192,1.763864361,0.1206001296,0.5798502188,1.688246012,0.2782908338,2.060767939,0.1036302009,1.442339633
K01bHttn,2024-04-22,CLAY,Of1fjykI,1.57743017,0.2732192916,1.417155513,0.1391033699,-0.6815631226,1.582014577,0.3478807002,1.318463974,0.1546646124,-0.8457748318
OS63Miv3,2024-04-22,CLAY,pQGynuhR,1.499973474,0.2962283198,1.339074454,0.1624239959,-0.6494960752,1.338920728,0.3123834812,1.235467517,0.1748167102,-0.3996073585
OfaJeQJP,2024-04-22,CLAY,Gj20DdaG,1.924127284,0.3005955406,2.108571691,0.1205889909,0.6698616723,1.964755128,0.329364414,2.277130801,0.1160953483,1.013465645
OhbFDbuB,2024-04-22,CLAY,WYNOYtX1,-5.167771664e-14,0.8442081452,0.6273594493,0.2720392474,0.7850080164,-5.167771664e-14,0.8579964273,0.6480198757,0.2339156697,0.7850080164
UBlU7T8k,2024-04-22,CLAY,KGQ2bDHb,2.070189377,0.2295662204,2.023642461,0.1259849932,-0.2425488983,2.135467159,0.2506637695,2.108360299,0.1293271072,-0.1262398878
YqwH43dt,2024-04-22,CLAY,KzaX6MH4,1.234299176,0.5892181846,1.224931199,0.1963667725,-0.01686301008,1.26397782,0.5732300523,1.425496291,0.1600633902,0.2934409081
fsYg6GXp,2024-04-22,CLAY,SO0EHoOE,1.123538346,0.5870726295,0.6247998049,0.2320233835,-0.9248285479,1.134971266,0.5679507238,0.6339380858,0.1763735183,-0.9280613883
jRxw67w2,2024-04-22,CLAY,ID57P88P,2.046032867,0.3436966095,2.091790038,0.1177576899,0.1417096063,2.205936017,0.3455700257,2.336972363,0.1087483605,0.3994853927
p8nOBxAN,2024-04-22,CLAY,h6Lq4OGA,2.032939033,0.2278086538,1.656668115,0.1130480842,-1.902472391,1.757826653,0.2523531088,1.277917534,0.1152079843,-2.137489787
r3ElScf4,2024-04-22,CLAY,YZQnwtm9,0.4742105171,0.3251870831,0.6537077645,0.1831370346,0.6679850485,0.6363456653,0.3573654201,0.8864289362,0.1682302959,0.793181613
r3ElScf4,2024-04-22,CLAY,KQ3uLtiT,1.84968346,0.2889224264,1.49973046,0.1265776912,-1.347426365,1.763962496,0.3364078759,1.320210757,0.1214617244,-1.414504478
G6qs8WmK,2024-04-23,CLAY,GvHZX89Q,2.258080951,0.2529836336,2.34965845,0.1293395471,0.4211984745,2.160324504,0.2967289803,2.406807451,0.1320179048,0.9275236386
IBNxxeSj,2024-04-23,CLAY,OKXs3Wah,2.779199991,0.2147779103,2.824366626,0.1209635292,0.2544957594,2.717356518,0.2226037527,2.725877752,0.1225088984,0.04584755816
Mm0vlBdl,2024-04-23,CLAY,6XSnpS5h,2.626470808,0.2091673871,2.439231131,0.1180967577,-1.084574778,2.584464236,0.2248480592,2.374291784,0.117951539,-1.097927985
h6DOK9XP,2024-04-23,CLAY,ppu9X7PH,1.343359507,0.2588627954,1.267825378,0.1332135333,-0.3403125297,1.163374647,0.2862616595,1.138500588,0.1466249882,-0.101171878
ziQD2ABs,2024-04-23,CLAY,vwIzxgEI,2.297227523,0.4457926335,2.313823198,0.1315044184,0.03896109964,2.55450947,0.44863622,2.614741719,0.1267444591,0.139957608
ziQD2ABs,2024-04-23,CLAY,WrhNf3At,1.913400642,0.2020815299,1.836100406,0.122435675,-0.4808176086,1.850262005,0.2106580032,1.798123883,0.1265241921,-0.3095549714
6yhnDIVG,2024-04-24,CLAY,l84wBUxE,2.076572952,0.2135259422,1.859296116,0.1272654144,-1.267252298,1.834292285,0.2353445554,1.578286711,0.1369708813,-1.337686836
6yhnDIVG,2024-04-24,CLAY,hU5bke4O,1.056832031,0.2895909414,1.271825767,0.1702811609,0.9178447991,1.006746929,0.3247182328,1.270089615,0.1614563268,0.9347225396
KEEfYmq9,2024-04-24,CLAY,rBZ5EARu,2.154387932,0.2178572727,1.907021687,0.1161900923,-1.342288969,2.299581271,0.2302564243,2.034840683,0.1171715677,-1.335629185
Qw8mBd0T,2024-04-24,CLAY,OY0ZExo5,0.9067954815,0.2378616452,0.7424487713,0.1541408927,-0.9071936757,0.7268913539,0.2455571787,0.552059168,0.1598026223,-0.937718418
YNgvFv14,2024-04-24,CLAY,8jMJmh84,2.534995784,0.2074223047,2.338091178,0.1121141013,-1.128315518,2.429002039,0.2331395932,2.12473318,0.1134715259,-1.493988043
dMbJ5zOj,2024-04-24,CLAY,W2BCKjLQ,2.432449946,0.1897478614,2.534150292,0.09940162707,0.6292253204,2.579393235,0.1955352344,2.659594359,0.0983772475,0.4746048632
xd0VG0Wi,2024-04-24,CLAY,tG91oxJ8,1.867091366,0.2598336039,1.623635316,0.1413624586,-1.11669854,1.742510712,0.2589758495,1.530258549,0.1418108815,-0.9794822455
lrUkB3PE,2024-04-26,CLAY,0SeXj3jT,2.906900293,0.2177790388,2.622253064,0.1226462764,-1.581725012,2.894942345,0.3067448465,2.252990373,0.1387650641,-2.346633926
QDlT9Oln,2024-05-01,CLAY,lI6fOOat,3.163924579,0.1421072944,3.250345563,0.1047658371,0.9000915066,3.332144851,0.1286927065,3.369739856,0.09570298856,0.4369518576
QDlT9Oln,2024-05-01,CLAY,vyhksgUB,4.002592646,0.1375613463,4.108601607,0.09239597347,1.04019834,3.941089489,0.1367256794,4.090597753,0.08870356349,1.43694262
Wd4EkmZQ,2024-05-01,CLAY,W2BCKjLQ,2.46811214,0.1364906494,2.577553237,0.09539284392,1.121078966,2.617476374,0.1353459391,2.702997303,0.09339748525,0.8730520293
Wd4EkmZQ,2024-05-01,CLAY,UDzElXdm,4.023044595,0.1261398217,4.091447609,0.09600454641,0.8360264272,3.968652886,0.1243858267,4.038522777,0.0936293063,0.8532536224
0xldGNCm,2024-05-02,CLAY,jNyZsXZe,4.927908443,0.1285150517,4.943028337,0.09146641202,0.1674825514,5.180676575,0.1262512245,5.205288444,0.08754812741,0.2705630815
0xldGNCm,2024-05-02,CLAY,QwU996PK,2.928728174,0.1397564849,3.20621303,0.0976116322,2.774315339,2.79280795,0.1377501809,3.068537796,0.09290727171,2.711147476
0OzSFRec,2024-05-06,CLAY,0flvkwYe,1.840124582,0.1765029231,1.968765722,0.1175407868,0.9769837183,1.96150234,0.1766887615,2.061523852,0.1197370399,0.7698072255
0OzSFRec,2024-05-06,CLAY,GvHZX89Q,2.372431984,0.2115856476,2.401836276,0.1226700242,0.1705620058,2.29752464,0.2252521668,2.458985277,0.1195927521,0.8458642002
2eJ1aofJ,2024-05-06,CLAY,8fh5VQUc,1.827295576,0.1858085336,1.526433301,0.1274773215,-2.225598611,1.711819192,0.1861034394,1.425595984,0.1270862083,-2.105289048
2eJ1aofJ,2024-05-06,CLAY,dGbzUtWd,1.738866202,0.2792923856,1.637322236,0.1340681493,-0.4144480184,1.829910863,0.290957439,1.656797365,0.1444701655,-0.6854456195
42hAcptT,2024-05-06,CLAY,KGQ2bDHb,2.070434964,0.205568005,1.995529202,0.119553481,-0.447926234,2.134612724,0.2139417029,2.08024704,0.1214028783,-0.3086151354
42hAcptT,2024-05-06,CLAY,IJnvz0Yb,0,0.8442081452,-0.04569534941,0.2911342416,-0.05766562361,0,0.8579964273,-0.04720020504,0.2572747434,-0.05766562361
4GXrCqeM,2024-05-06,CLAY,2PPTHPya,2.488920921,0.2041864601,2.473547862,0.106762916,-0.08832496968,2.491373314,0.211638699,2.495267543,0.1042790685,0.02114530841
4GXrCqeM,2024-05-06,CLAY,xQIgg881,1.720761539,0.1808247581,1.647245291,0.1362930339,-0.6186403865,1.731793083,0.1726248938,1.673197502,0.1270026341,-0.501170631
ANL5HvX1,2024-05-06,CLAY,Of1fjykI,1.48621406,0.2198490209,1.391060379,0.1333374224,-0.5443602583,1.453560474,0.2413343017,1.29236884,0.1470356364,-0.8423002316
ANL5HvX1,2024-05-06,CLAY,Em3nvKqP,2.302385219,0.1852829866,1.931099338,0.1366383383,-2.966989622,2.220161546,0.1868942263,1.915167928,0.1279016503,-2.23809003
C6nKHS9m,2024-05-06,CLAY,lvmqHNt3,0.8251171524,0.7824591667,0.07180237315,0.271275439,-1.026413502,0.8303089152,0.7705328872,0.07331303748,0.2263202151,-1.027764487
C6nKHS9m,2024-05-06,CLAY,MysmW1jf,1.799812472,0.1647796516,1.876719904,0.107903533,0.6175528863,1.971442271,0.1600827016,2.039915858,0.1040529474,0.562859778
EyffMiAk,2024-05-06,CLAY,QPwVs83E,1.234266963,0.4839800742,1.070393258,0.1659755018,-0.3604547489,1.225892456,0.5296955916,0.9584517722,0.2070319444,-0.5485282556
EyffMiAk,2024-05-06,CLAY,WrhNf3At,1.927640199,0.2024597703,1.821593981,0.1173444303,-0.642760508,1.863664233,0.2055463227,1.783617458,0.1222542237,-0.4844367725
KWkSF6v0,2024-05-06,CLAY,pYMHXRN6,1.605129282,0.2002279857,1.543363294,0.1304336619,-0.4065813243,1.517584014,0.1854906065,1.440456525,0.1324170987,-0.5937720737
KWkSF6v0,2024-05-06,CLAY,O8s9yjMD,1.768349153,0.2104855235,1.684703503,0.1334737376,-0.5139386287,2.048169575,0.2095260331,2.021136177,0.1282348106,-0.1631451514
KhsROMvS,2024-05-06,CLAY,bHSsQ9ek,1.906588718,0.1758871359,1.829947115,0.1194762774,-0.593751716,2.014955417,0.1567670143,2.126850693,0.1005145881,0.9301152351
KhsROMvS,2024-05-06,CLAY,rwWwX7oC,1.457552585,0.165927609,1.358250467,0.1192034233,-0.8603306508,1.605559359,0.1606044524,1.51453546,0.120077125,-0.853442949
OQmIQrAF,2024-05-06,CLAY,2HyunfM6,0,0.8442081452,0.166040261,0.2808477968,0.2085610528,0,0.8579964273,0.1715083584,0.2447707604,0.2085610528
OQmIQrAF,2024-05-06,CLAY,vw1oqIPi,2.403755608,0.1834958336,2.202336947,0.110913883,-1.377873398,2.444762892,0.1848933816,2.304129153,0.1095230645,-0.944078961
SYAmNlnQ,2024-05-06,CLAY,MVSOop0f,1.824569986,0.2093780393,1.659762871,0.141895348,-1.070427196,1.907291132,0.2122170788,1.726977837,0.143622945,-1.15413567
SYAmNlnQ,2024-05-06,CLAY,6TlRnRze,1.818982671,0.1986222044,1.536908886,0.116855278,-1.756263621,1.926027482,0.1865133511,1.725692528,0.1113816727,-1.339101701
Sdco3lCi,2024-05-06,CLAY,Uwhd6a1e,1.627024719,0.2135140967,1.464142842,0.1348373968,-0.9838771181,1.384870121,0.2206643068,1.147100536,0.1429455402,-1.414410698
Sdco3lCi,2024-05-06,CLAY,S6JNQ85M,1.915750259,0.1802220807,1.952246563,0.1021621599,0.2458185215,1.826984549,0.179212137,1.870114942,0.1004405838,0.2905957014
URhWXaHr,2024-05-06,CLAY,x0QCtJlk,2.103976122,0.297510086,1.860248238,0.1333029792,-0.9163572313,1.889100167,0.3062916581,1.626582991,0.1373612963,-0.9589195628
URhWXaHr,2024-05-06,CLAY,tEP1bDQ8,3.896028076e-16,0.8442081452,0.9577425732,0.275886389,1.200395374,3.896028076e-16,0.8579964273,0.9892832952,0.2386747024,1.200395374
Ye70wMgL,2024-05-06,CLAY,l2FaZpEP,1.133389042,0.2012080615,1.151287426,0.1410023078,0.1246947705,1.31800749,0.1940547195,1.324527206,0.1235526998,0.04356949475
Ye70wMgL,2024-05-06,CLAY,GWuBzqkB,2.616159985,0.2538902563,1.974545494,0.1264296256,-2.914148089,2.703629076,0.266350035,2.060492216,0.1265551218,-2.744187942
djUzE5Q9,2024-05-06,CLAY,My7MkGPr,2.394419894,0.1690608003,2.338972388,0.1025410653,-0.4125156096,2.529394014,0.1692726361,2.486583867,0.1010321584,-0.3152091555
djUzE5Q9,2024-05-06,CLAY,OMXPbN89,2.037559495,0.2358257669,1.791802123,0.1383778157,-1.286963494,1.776713124,0.2414729279,1.5068518,0.148666655,-1.418214669
dxk2a6BG,2024-05-06,CLAY,ID57P88P,2.035325752,0.1814888278,2.216145701,0.114913049,1.287205067,2.1939079,0.1656970457,2.461328026,0.1057677548,2.096610508
dxk2a6BG,2024-05-06,CLAY,boU2UKtN,1.849937399,0.1837035724,1.683667258,0.121382801,-1.205831013,1.811287507,0.1812857026,1.638670841,0.1174974715,-1.250358001
jDkAS4u3,2024-05-06,CLAY,KQ3uLtiT,1.553544038,0.1914662888,1.519086507,0.1265668398,-0.2398432324,1.393221377,0.1869349575,1.339566804,0.1200542787,-0.3744508643
jDkAS4u3,2024-05-06,CLAY,2HWgFEu7,0.9517171573,0.2461534472,1.325636966,0.1159383474,1.722021053,1.025861554,0.2556841999,1.387984135,0.1177742449,1.595646397
l8XdJ02k,2024-05-06,CLAY,vo9FVe2A,2.247363172,0.1566971006,2.151178785,0.1033676357,-0.8167332502,2.346377244,0.1452883444,2.375434766,0.09582510555,0.2660765338
l8XdJ02k,2024-05-06,CLAY,Cjagsdf4,2.062354051,0.1825157341,1.910087707,0.1253689439,-1.147926181,2.095566002,0.1760029893,1.931557179,0.1198898569,-1.272822145
ll9F6NIq,2024-05-06,CLAY,A1GedNOl,1.840689623,0.1742563678,1.779362557,0.13489721,-0.555958213,1.684501255,0.1594701053,1.648310152,0.119651812,-0.3432918809
ll9F6NIq,2024-05-06,CLAY,K4Sih0XH,1.837853894,0.2038963321,1.741008248,0.1335655212,-0.6286297704,1.935189218,0.1942353964,1.973694675,0.1206103874,0.2529068839
no68exgo,2024-05-06,CLAY,ETkoNgxJ,2.31525252,0.1675013037,2.271767828,0.1043301798,-0.3318388396,2.599650269,0.1645659176,2.509256717,0.1002732494,-0.692732596
no68exgo,2024-05-06,CLAY,8bGfUqTM,0,0.8442081452,0.4069442156,0.2796067289,0.5108771874,0,0.8579964273,0.4203458485,0.2432500682,0.5108771874
vBcD2FWr,2024-05-06,CLAY,WfnqI5WD,1.690545666,0.1984697673,1.535039398,0.1230056936,-0.9983983714,1.894766409,0.1947970324,1.748351054,0.1171323096,-0.9406901819
vBcD2FWr,2024-05-06,CLAY,GlqMuuhi,1.805653767,0.2501037215,1.890931098,0.1245344768,0.3931750278,1.735541162,0.2653337356,1.712352789,0.1278522314,-0.09973535562
xUDiurP8,2024-05-06,CLAY,Ova6pdYE,2.03743182,0.1757371809,1.986375924,0.1102427117,-0.373057556,2.158825508,0.1753221121,2.088611627,0.108245495,-0.5091070244
xUDiurP8,2024-05-06,CLAY,UcSf4KWB,1.128048558e-17,0.8442081452,-0.1810265161,0.266732821,-0.2260112133,1.128048558e-17,0.8579964273,-0.1869881462,0.2273019607,-0.2260112133
z57N41md,2024-05-06,CLAY,h6Lq4OGA,1.704512511,0.174885627,1.651190583,0.1147778494,-0.4041044568,1.367490901,0.1765037458,1.272440002,0.1170478001,-0.7194761486
z57N41md,2024-05-06,CLAY,WUQY7p9b,1.777963201,0.1985503742,1.78204439,0.1111071944,0.02480178106,1.806287215,0.1979601415,1.834207864,0.101932655,0.1645298547
zN0g1St4,2024-05-06,CLAY,fLqCAoUb,1.432335086,0.210561278,1.404052097,0.1491079102,-0.1902395624,1.360375299,0.2376947413,1.402882768,0.1410082176,0.2221431522
zN0g1St4,2024-05-06,CLAY,Gj20DdaG,2.286833865,0.1813424659,2.07825572,0.1256089516,-1.594688148,2.383979932,0.168313038,2.24681483,0.1227927722,-1.191559688
4dPSa3Vb,2024-05-07,CLAY,QoLeDQFG,2.224479202,0.1645261608,2.100699283,0.1144942448,-1.047631726,2.043978192,0.1632038912,1.904322966,0.1177376232,-1.235675907
4dPSa3Vb,2024-05-07,CLAY,028BdVOj,2.791817538,0.1900358661,2.620065748,0.1085199439,-1.100949212,2.849014412,0.1803177458,2.707735065,0.1082856903,-0.9798622528
AsxAIEt2,2024-05-07,CLAY,84GyAaXB,2.118141601,0.1615479572,1.963492647,0.1097899048,-1.304976902,2.255125617,0.1569231797,2.147909249,0.1088539844,-0.9485687994
AsxAIEt2,2024-05-07,CLAY,rysUUciD,2.364028303,0.1771816826,2.243949025,0.1107647676,-0.8683061059,2.575022289,0.1752852421,2.430849374,0.1096616671,-1.054318343
I7NIoDAl,2024-05-07,CLAY,Wl76rX3I,2.909466213,0.1837316596,2.918788711,0.1048360592,0.06178485878,3.221075043,0.1830983996,3.187153206,0.1025546925,-0.2236372235
IqcVPdlS,2024-05-07,CLAY,046jJj30,2.213274211,0.1991672022,2.195953251,0.1177322032,-0.1078215787,2.350774053,0.1998695391,2.301453208,0.1156469778,-0.3025556301
IqcVPdlS,2024-05-07,CLAY,8EI3pJOd,2.714912634,0.1717728275,2.842941278,0.1109177011,0.9761193748,2.727415946,0.1702125714,2.788048194,0.1102272742,0.4674782429
Op2qXDee,2024-05-07,CLAY,tG91oxJ8,1.480545822,0.2184960726,1.643807659,0.1395827127,0.9712255876,1.349865288,0.2156334509,1.550430893,0.1413355125,1.231552259
Op2qXDee,2024-05-07,CLAY,AgIGoHjL,2.435643857,0.2073995107,2.380221611,0.1132719792,-0.3190036208,2.265246374,0.2137376496,2.205923216,0.1121291542,-0.3260162122
QBDybs0B,2024-05-07,CLAY,fg39SFtR,0.9077993651,0.5770787613,0.9430353961,0.2633854498,0.06862379666,0.9886361253,0.5630206671,1.023483001,0.228289971,0.06770840276
QBDybs0B,2024-05-07,CLAY,jkHNR1ol,2.090635688,0.1753257303,2.11307389,0.1298854593,0.1905317644,2.05367693,0.174902907,2.094270344,0.1298757465,0.3465181809
SI8zZZQr,2024-05-07,CLAY,8jMJmh84,2.432467418,0.1765317807,2.310904185,0.107890562,-0.8700173175,2.303212992,0.1828451435,2.097546187,0.1064490367,-1.383434936
SI8zZZQr,2024-05-07,CLAY,2yj9GWan,2.204549902,0.174399892,2.203624664,0.1149257963,-0.00705335666,2.107797169,0.1706239088,2.027818913,0.1174329066,-0.6461208629
jZ0abjff,2024-05-07,CLAY,KQGnhml2,1.879106838,0.1767953238,1.760824923,0.1185933858,-0.9020958355,2.176141483,0.1750756005,2.093931091,0.114573395,-0.621019302
r9ci0CPs,2024-05-07,CLAY,YsIulCZH,0,0.8442081452,-0.1559506963,0.3017119795,-0.1977934057,0,0.8579964273,-0.1610865206,0.2699650023,-0.1977934057
r9ci0CPs,2024-05-07,CLAY,bkppJqxo,1.257881764,0.2590171649,1.431260765,0.1405741014,0.7969547903,1.217322881,0.2650469738,1.400343166,0.1548409629,0.8508047124
xlUetIY8,2024-05-07,CLAY,W6pL8zuB,2.275059324,0.1905651489,2.258863227,0.1067451258,-0.1025962558,2.327667979,0.192665149,2.248366785,0.1055884408,-0.4920801897
xlUetIY8,2024-05-07,CLAY,O81eud9p,2.416858912,0.1763841301,2.295604992,0.1126605504,-0.8934355255,2.307566297,0.1638701931,2.237816117,0.1108892457,-0.5781082447
C6rvgeIE,2024-05-08,CLAY,bigXsmFf,2.216546289,0.1801872312,2.013061527,0.1100835722,-1.426460899,2.375525494,0.1797307724,2.195368186,0.1084765669,-1.25717031
C6rvgeIE,2024-05-08,CLAY,fkFeyKHL,2.033783917,0.1737093216,1.987466747,0.1098227528,-0.3441407794,1.998784343,0.1706051248,1.979406816,0.1079159136,-0.1466469243
EuEVCFdR,2024-05-08,CLAY,OGYNaUZG,1.836177118,0.1688712824,1.789028606,0.1082504635,-0.3637657325,1.733808783,0.1662798325,1.592603112,0.1063846833,-1.104948417
GlEhvej2,2024-05-08,CLAY,dKYVCedT,1.520362391,0.1708265207,1.608633587,0.1240012641,0.7512677115,1.747334671,0.1671280234,1.839751856,0.1191194617,0.7883563105
OfyKfGzq,2024-05-08,CLAY,fJjFPDOb,1.950212189,0.1710269571,1.882132598,0.1143774883,-0.5354126793,2.002155891,0.1635096792,1.947212283,0.117393406,-0.4827383699
UivShf5e,2024-05-08,CLAY,Y9jUuHka,2.607858423,0.1843479148,2.441365517,0.1284526403,-1.259141185,2.717736756,0.1827854913,2.582639217,0.1355957296,-1.102173145
WnN4vd3L,2024-05-08,CLAY,AsWv5414,2.76206105,0.1699708069,2.69384433,0.1156367978,-0.5476083665,2.565601116,0.1707817453,2.52082885,0.1175297385,-0.361335066
WnN4vd3L,2024-05-08,CLAY,tlZeVkkp,2.456731982,0.197065792,2.204815632,0.1383801291,-1.795473876,2.316892517,0.2007812332,2.07406676,0.1430494721,-1.723514804
bNtniZnR,2024-05-08,CLAY,hQQLzcNT,2.490871062,0.2047124618,2.338036964,0.1178694049,-0.9131302503,2.644841558,0.210496634,2.518747837,0.1206745813,-0.7310981415
bNtniZnR,2024-05-08,CLAY,f1PZMn7P,2.266959399,0.1857598672,2.097045073,0.1098833428,-1.134468205,2.16285608,0.1874908113,1.998432378,0.1097503324,-1.081649004
byMK5Y1K,2024-05-08,CLAY,OKXs3Wah,2.725523351,0.2029854537,2.892268751,0.1102682484,0.978420603,2.661742098,0.2065569654,2.793779877,0.1105659186,0.7567789716
byMK5Y1K,2024-05-08,CLAY,jqcBin0G,0.9632481444,0.2354547065,1.054045899,0.1643600759,0.5385515568,1.296821128,0.2134884731,1.355395287,0.1220911782,0.3344579915
dWLK1P0n,2024-05-08,CLAY,MDM4BKiA,3.159116531,0.1761024763,3.253175268,0.1027260593,0.6575855871,3.016864115,0.1738859871,3.099240385,0.1011236746,0.5823376923
dWLK1P0n,2024-05-08,CLAY,4IwCdyAG,2.301485102,0.1814690098,2.278958986,0.1124502298,-0.1581570924,2.371830732,0.1781626201,2.355666248,0.1110908798,-0.1160520338
lSm1KzCk,2024-05-08,CLAY,l84wBUxE,2.02152611,0.2056518395,1.814797913,0.1220228266,-1.248819866,1.770624325,0.2175338256,1.533788509,0.1297821949,-1.356617372
lSm1KzCk,2024-05-08,CLAY,vXvzyRlq,2.258679808,0.1530989872,2.389582712,0.1025746365,1.151743976,2.236482007,0.1489452433,2.38253809,0.09930529111,1.315706064
n1f8dUO6,2024-05-08,CLAY,r9RckFqs,2.483442615,0.2241707992,2.092710542,0.128971232,-2.13101678,2.604758621,0.2273590729,2.188977421,0.1306033431,-2.234126637
n1f8dUO6,2024-05-08,CLAY,0QlxEb7i,1.670949053,0.1693134332,1.930685612,0.1078902433,1.990523941,1.989807029,0.1609228095,2.376481893,0.09788629774,3.027332183
nmFZsV9D,2024-05-08,CLAY,IJAxNUl3,2.151591648,0.1980009681,2.162815279,0.1086801811,0.06781309607,1.941961214,0.1998489333,1.9995445,0.1066061782,0.3406476972
nmFZsV9D,2024-05-08,CLAY,rBZ5EARu,1.848599088,0.1798144124,1.953959437,0.1141415343,0.7583034866,1.962597068,0.1810788917,2.081778433,0.1143269471,0.8487247323
2glVm6jm,2024-05-09,CLAY,dzbgeEFF,3.080703339,0.174341381,2.815360759,0.1092345674,-1.952805681,2.955761109,0.1757022498,2.688240838,0.1102763832,-1.955758206
4Afm0xDL,2024-05-09,CLAY,SjItfRhp,5.503281094e-17,0.8442081452,0.3847543877,0.2105673881,0.4706325985,5.503281094e-17,0.8579964273,0.5198384677,0.1738920044,0.6187152818
8t4l4PcB,2024-05-09,CLAY,zHMiAkw6,3.128399798,0.1796782053,2.99817515,0.1139634793,-0.9374605216,3.080934294,0.1797065626,2.99105527,0.1134245917,-0.6448068578
GOU15Xl1,2024-05-09,CLAY,r9aVDoif,0.1772884476,0.6977825939,-0.07551537201,0.2664623432,-0.392003571,0.1434927003,0.6864424695,-0.1142999607,0.2331514956,-0.3992858848
IDKMEySE,2024-05-09,CLAY,dMsOb1NA,2.002268577,0.2501632827,1.789655786,0.1220909521,-0.9737375267,1.824143133,0.2703408438,1.597224206,0.1279465255,-0.9528534802
KEhGf8gJ,2024-05-09,CLAY,x81l09qG,2.868714017,0.1684058347,2.787763147,0.1049943058,-0.6148059173,2.936808824,0.1671405807,2.846263373,0.1033648002,-0.6893674772
KEhGf8gJ,2024-05-09,CLAY,6XSnpS5h,2.556666138,0.1840051205,2.409112441,0.1158915198,-1.032398524,2.50608773,0.1874568773,2.344173095,0.113413808,-1.084810702
McHra7je,2024-05-09,CLAY,GUIVvvjL,2.803105083,0.1703552826,2.819348481,0.1158998771,0.1301007265,2.730312428,0.1688074731,2.767477961,0.1171313477,0.3057446279
OlY93BJD,2024-05-09,CLAY,vwIzxgEI,2.378353388,0.2162570105,2.294263766,0.1165342537,-0.4615930929,2.636982969,0.2128357536,2.595182287,0.1108881433,-0.2300951524
QkpoXxHF,2024-05-09,CLAY,xCyEhjAS,3.505483396,0.1788530935,3.348943535,0.1063325579,-1.088505451,3.608730187,0.1781523752,3.481488627,0.1023693596,-0.8726895673
Ugk0S1Yo,2024-05-09,CLAY,21U8Dqna,2.910450392,0.1512335726,2.734939438,0.1089907749,-1.673994118,3.061844482,0.1463721363,2.902155988,0.1072797899,-1.603646626
UkHx8uTk,2024-05-09,CLAY,f5BXmEH6,4.055224884,0.1534817061,4.047232434,0.09673105541,-0.06707177379,3.920810362,0.1523163238,3.973806195,0.0934421314,0.4405802316
WA5iViQ7,2024-05-09,CLAY,UqnOkX4F,1.691893619,0.1637877081,1.688121676,0.1160782233,-0.03264282206,1.878855594,0.1538866452,1.865395746,0.1066920827,-0.1213737226
WA5iViQ7,2024-05-09,CLAY,nwkutKbi,2.851420805,0.201832894,2.596698939,0.1250205273,-1.607585704,2.870701269,0.1996063074,2.631579281,0.1246168502,-1.533548069
Wddu2br9,2024-05-09,CLAY,pA0aW3EL,2.47146246,0.1819018007,2.420918909,0.1073001065,-0.3441048748,2.760290746,0.1792404318,2.61171785,0.1040617889,-1.0180459
Y9fUV64c,2024-05-09,CLAY,WxLdKcAs,3.166561772,0.1740234179,3.056370706,0.1104211833,-0.8192403839,3.391592926,0.1725830847,3.231115825,0.1087121419,-1.197237265
dbvVBlUN,2024-05-09,CLAY,hIA4C9YT,3.003988577,0.173656968,3.011169142,0.1063730873,0.05231193189,2.950051311,0.1734513969,2.929100043,0.1054216039,-0.1521099109
j7SziYZ7,2024-05-09,CLAY,xU3quIf5,2.271362269,0.16342339,2.108971529,0.1082988039,-1.326862846,2.226050054,0.1603417205,2.069074955,0.10762185,-1.320704691
jLLQqiu1,2024-05-09,CLAY,OKBlwX8r,2.144565618,0.1740775768,1.899216579,0.1153589656,-1.882000754,2.35033768,0.1731803863,2.087897747,0.1125887962,-1.994417366
jLLQqiu1,2024-05-09,CLAY,xEGb8F4p,2.161212557,0.1588152623,2.313015216,0.1005573333,1.234922815,2.334463981,0.1558216452,2.537803635,0.09681446334,1.665412924
jc9ThhYq,2024-05-09,CLAY,8CZqQdSa,3.030043613,0.1605862512,3.01012467,0.1127467196,-0.1741914402,3.035910785,0.1575858567,3.007443104,0.1120647784,-0.2569479123
nLhIpxU9,2024-05-09,CLAY,GU42elks,2.973657667,0.1548271098,3.023742832,0.1048484697,0.4396441887,3.049560129,0.15244564,3.08143275,0.1038639661,0.2856268947
t0yc255t,2024-05-09,CLAY,fBPsm3Iq,2.692637684,0.1721029383,2.564198132,0.106144091,-0.9480843677,2.846800175,0.1728245902,2.715220719,0.1049822826,-0.9584429983
tf2d23SN,2024-05-09,CLAY,lSABz6E8,2.959431275,0.1531325706,3.019663942,0.103528406,0.5338178641,2.934981523,0.1497292254,3.000039067,0.1008246583,0.5877225859
v904zuLN,2024-05-09,CLAY,EgKYrSR5,3.379264246,0.1589568082,3.345739192,0.105415698,-0.2817848605,3.589623076,0.1552640991,3.481528572,0.1002696921,-0.9118432377
APSPEQyK,2024-05-10,CLAY,pS5UjYbG,3.458950671,0.155797677,3.551559377,0.09666305561,0.7579385374,3.516725097,0.1517185397,3.642374825,0.091275378,1.036788723
INLeYjXb,2024-05-10,CLAY,KjsokFUj,3.358417083,0.1574164242,3.387658823,0.1044126716,0.2482223855,3.386357243,0.1554615727,3.459718558,0.1030892507,0.6304392289
McT91rXa,2024-05-10,CLAY,f7a53rOM,2.970691191,0.150800612,3.127678979,0.1066734735,1.472808307,2.938097862,0.1476380846,3.053896575,0.105003633,1.11576018
S8DP2rzo,2024-05-10,CLAY,0SeXj3jT,2.733359117,0.195168815,2.591229268,0.1194691283,-0.9209429062,2.600843579,0.2314084889,2.221966577,0.1347511862,-2.013935938
Umb4TcLG,2024-05-10,CLAY,Y1ZrrUtl,2.752832662,0.1711924986,2.819236882,0.1085613889,0.5016635623,2.7023626,0.1693022464,2.778434823,0.1077822935,0.5826556469
bTe7vThJ,2024-05-10,CLAY,Gloq9MUN,3.094725384,0.1610274128,3.083036429,0.1002068939,-0.09273325587,3.003484064,0.160170249,3.018919016,0.09824873419,0.1220175425
baUl0ztA,2024-05-10,CLAY,neAp94aO,3.215429974,0.1689166789,3.181941468,0.1026652729,-0.2496593091,3.159772002,0.1678484125,3.084815806,0.1004677603,-0.5574635925
hWQthX4S,2024-05-10,CLAY,2LhiB9IJ,3.172793649,0.1705385274,3.004463509,0.1137992374,-1.3252648,3.130754464,0.1683169771,2.968749223,0.1128076329,-1.296870417
nuZOZJun,2024-05-10,CLAY,jyngIesG,3.138461227,0.1879371705,3.144949377,0.1053734427,0.04169292193,3.143318868,0.1886845646,3.192596481,0.102166602,0.3106426725
t2dZMLvq,2024-05-10,CLAY,KGdcQnEf,3.270339,0.1834727087,2.911437201,0.1089804873,-2.431599171,3.164403904,0.1842459551,2.808525756,0.1087722378,-2.393074166
xC0n2WpQ,2024-05-10,CLAY,8fw1CCQC,2.918083461,0.1560589528,2.764288515,0.1084438203,-1.370422409,2.915008978,0.1550648952,2.772886906,0.1067302781,-1.263431129
zXDMHo4E,2024-05-10,CLAY,noaX0EJn,2.791970116,0.1559392776,2.890294643,0.1079385567,0.8736480915,3.150014647,0.151661288,3.193852983,0.1055654575,0.4025920291
zepiI8Hs,2024-05-10,CLAY,CWtkHlUE,2.322201772,0.1761967807,2.349486955,0.1090372354,0.1971389038,2.276939438,0.1754918452,2.34586756,0.1084085077,0.4994662568
xd4X0gU8,2024-05-12,CLAY,zNoTPac0,2.623545765,0.1695052056,2.466586319,0.1074103348,-1.196977339,2.849842786,0.166272991,2.645529905,0.1053457254,-1.588217797
0lS5I4jS,2024-05-18,CLAY,fuBOOacF,1.565260331,0.277378263,1.372828464,0.2012692349,-1.008210017,1.45715948,0.2760029467,1.257684025,0.1944956303,-1.018619554
2ZacyO0M,2024-05-18,CLAY,WMS3AdAb,2.798523698,0.2106758082,2.71586092,0.1101752536,-0.4603350296,2.74859953,0.2100262267,2.656364618,0.1095389285,-0.5147069621
2ZacyO0M,2024-05-18,CLAY,hbXrCD0b,1.692484413,0.212377924,1.647625713,0.1245241706,-0.2607442049,1.698996222,0.2128344291,1.636006841,0.1298441671,-0.3735169234
61Dc5HXh,2024-05-18,CLAY,baNcJtnh,0.49477703,0.3181302294,0.02102189426,0.1787074036,-1.800030022,0.6152856135,0.3120350296,0.06094591154,0.1633973106,-2.085293107
80l2H29j,2024-05-18,CLAY,SA3XN9cP,0.4556716168,0.2561585865,0.2265486891,0.1629614899,-1.159306114,0.3519504117,0.2534564589,0.1334126573,0.1678997089,-1.150998239
A56FQ6n4,2024-05-18,CLAY,bFE65J4E,0.5120355021,0.370222497,0.352979798,0.1877134183,-0.4984422559,0.5282350509,0.3841372104,0.3291729868,0.1907936629,-0.5970570712
ERG53e25,2024-05-18,CLAY,63iw7jad,0.3415598355,0.5290265951,0.4801538705,0.2284149932,0.2904471347,0.3240915973,0.5070811658,0.4614259441,0.1715295014,0.2877988978
ERG53e25,2024-05-18,CLAY,zZiiCAEg,0.192124156,0.3158220856,-0.07628837227,0.2024488641,-1.107309704,0.223350494,0.3107541018,-0.03312229552,0.1989032157,-1.074193324
G29NOpHG,2024-05-18,CLAY,rwPVxdQ4,0.2429746346,0.4880243448,-0.3247396281,0.2225165669,-1.307063348,0.2400404689,0.5154950809,-0.4174465747,0.2132419721,-1.400929836
O06k3n8M,2024-05-18,CLAY,EkbAYvzQ,1.151663443,0.3851920462,0.3760201006,0.1954793333,-2.336945809,1.032164453,0.40569399,0.1910770069,0.1787357164,-2.309415093
O8Wlu61c,2024-05-18,CLAY,Ewjj4pTT,0.6729458267,0.3452682367,0.4952219906,0.2019385477,-0.6346026231,0.5523427672,0.3851108423,0.3800933688,0.2080160764,-0.5314727888
YHjTV1Oq,2024-05-18,CLAY,8Gag74BD,1.699767532,0.2592986466,1.715005038,0.1359695397,0.06901367503,1.745280018,0.2539570179,1.73565642,0.1355051805,-0.04480576549
fLEY6U8c,2024-05-18,CLAY,OIxOD54s,1.184143235,0.5325959159,1.612582701,0.1948010232,0.8643252388,1.205861173,0.5582500794,1.705678014,0.1925669675,0.9538747904
fLEY6U8c,2024-05-18,CLAY,67YcQ3Y6,1.489625023,0.4758460513,0.9525189568,0.2302507089,-1.289786673,1.425430046,0.4755156758,0.8693541571,0.2320415703,-1.339759618
fqcLcQVq,2024-05-18,CLAY,KjtjWuVS,0.9569165538,0.4712524443,0.9300435462,0.1705049393,-0.06116878047,0.9480289475,0.4730855373,0.9243438446,0.1684120828,-0.05357478553
hv7buKMM,2024-05-18,CLAY,rDEdDdEe,-0.2118647228,0.8011615004,0.7907612298,0.2521933636,1.318493583,-0.2162918346,0.7887504629,0.8208593753,0.250480939,1.386711292
hv7buKMM,2024-05-18,CLAY,OxiK2c23,0.80150611,0.5286608882,0.5031338276,0.2440730076,-0.6362609862,0.8187288924,0.5090799931,0.518411683,0.1929055004,-0.6374597026
xIcWMOoT,2024-05-18,CLAY,GhrNHJ5h,1.418794737,0.3063057629,1.524944542,0.1254957316,0.3798970015,1.361856334,0.3127475424,1.540968856,0.1188114071,0.6191224023
zs5E1ZWH,2024-05-18,CLAY,UF9Kx4PB,0.9387704176,0.5172397051,0.7153060752,0.2082423327,-0.4719733845,0.9283826124,0.4946382504,0.710077705,0.1641830089,-0.4678680335
zs5E1ZWH,2024-05-18,CLAY,pOg9NpbD,0.6264818714,0.2949494561,0.6280781751,0.1850263073,0.006949623831,0.6506641125,0.2811418049,0.6705425643,0.1711213748,0.08911488933
Iua78nRk,2024-05-19,CLAY,xGn9KNfO,2.636712331,0.2149447281,2.548139964,0.1179725571,-0.4929541399,2.556387145,0.2168772476,2.43960723,0.1236183332,-0.6553408477
viwg2dnQ,2024-05-19,CLAY,tQUXZxHO,0.2926758701,0.435004359,0.6751330367,0.1799404418,0.9656955359,0.3086113727,0.4461922144,0.7292903712,0.1559193073,1.006257456
25jTwyMb,2024-05-20,CLAY,6sR0zPpf,0.2617482686,0.4820075451,0.167064997,0.2435625928,-0.2276352364,0.1534676723,0.5023345878,0.05533051127,0.2222033424,-0.2178322369
61RaExF8,2024-05-20,CLAY,2FyACZYi,2.791491265,0.2172501367,2.835736969,0.1202064627,0.2444998126,2.830031408,0.2157775801,2.892753082,0.1229829806,0.3537609328
GxfK9vSO,2024-05-20,CLAY,YsJXLo1O,2.226168891,0.211714528,2.099448779,0.1065952974,-0.6927546317,2.365749415,0.2140624368,2.213055807,0.1007665674,-0.808493348
QsKSFUYF,2024-05-20,CLAY,2FcuNEdC,1.571755183,0.2239516929,1.431758733,0.1472927173,-0.8298613805,1.568496366,0.2252878266,1.431452905,0.1454853933,-0.7967023012
rRt9YupJ,2024-05-20,CLAY,rkOojWt6,1.643854643,0.2551528584,1.466338819,0.1273521619,-0.8028823147,1.704004506,0.2663679713,1.567191427,0.1481613839,-0.6180578577
2RR3jE54,2024-05-21,CLAY,vFVXE3nL,-0.773481428,0.5955844163,-0.7305381086,0.2969086693,0.08317507518,-0.8099063825,0.5802072051,-0.7679935752,0.2575714031,0.08061685255
2u7x5DKc,2024-05-21,CLAY,n5XviZ0t,1.625362382,0.2123487554,1.473669238,0.1177633142,-0.8584660089,1.560673444,0.212644049,1.361378245,0.1252645972,-1.159825165
OKvxxFjB,2024-05-21,CLAY,fsp0NMQe,-0.3695276553,0.5958568596,-0.03046629851,0.2711094917,0.6390051446,-0.3926812372,0.5804639709,-0.05223186753,0.2268917004,0.6372076565
C8gorSqB,2024-05-26,CLAY,hAR7VtG4,2.228037832,0.3382422427,2.065427787,0.1361400907,-0.5251672648,2.194424077,0.3454543046,1.926971431,0.1430248981,-0.8505249509
GvkHkMSN,2024-05-26,CLAY,v93ljkqM,2.070136838,0.3303493582,1.887493064,0.1394410662,-0.609874387,1.939943449,0.3451062259,1.842922178,0.1477576803,-0.3110903103
jHw8OqUO,2024-05-26,CLAY,fc9W6odL,1.758939951,0.2949369467,1.658742334,0.1389999779,-0.3851851602,1.727532603,0.2892476517,1.676133349,0.1377736103,-0.2020984407
rRj9irbB,2024-05-26,CLAY,KfdYy5Pq,2.242901202,0.5997306163,1.824548706,0.1638479637,-0.7251547619,2.08792094,0.6048645391,1.624125624,0.1681849672,-0.7982543009
rRj9irbB,2024-05-26,CLAY,UiaMC9xj,1.713783089,0.2648753293,1.725808156,0.1574788737,0.05646171972,1.990569495,0.2661674443,1.997160344,0.1560225946,0.03056365619
fXYOOhO7,2024-05-27,CLAY,j572Ekuh,-4.797637136e-15,0.8442081452,0.9619409372,0.2379656489,1.18761784,-4.797637136e-15,0.8579964273,0.9936199211,0.1901983549,1.18761784
lSc0g4Tb,2024-05-27,CLAY,bLI5Djkk,1.242045536,0.3627663975,1.268711842,0.1672813011,0.08284161296,1.588919375,0.3719923054,1.599618169,0.1747279679,0.03257826258
ppIt2Mzp,2024-05-27,CLAY,KhlPw9hb,3.087845509,0.4825843648,2.464033536,0.1172323649,-1.332565835,3.050136464,0.4895331059,2.360161113,0.1225024485,-1.455774405
t2fheQbn,2024-05-28,CLAY,CQrcqp08,1.067175096e-17,0.8442081452,1.50449756,0.2545689187,1.869147229,1.067175096e-17,0.8579964273,1.554044213,0.2118975895,1.869147229
tSicTJjt,2024-05-28,CLAY,bstrYIDU,1.601654356,0.296800959,1.701368367,0.1294339788,0.3733333386,1.513085132,0.3441025398,1.429174852,0.1713097542,-0.2811738837
x8CQtRqg,2024-05-28,CLAY,YZQnwtm9,0.7379504182,0.2755100468,0.6396668198,0.1833465501,-0.4779286735,0.9471758969,0.2742542993,0.8723879915,0.1622863205,-0.338276727
x8CQtRqg,2024-05-28,CLAY,K25VJT7h,1.723639126,0.4441332215,1.852455721,0.1310948202,0.303565897,1.669221193,0.4675281872,2.054133238,0.1440202919,0.8653735452
xfXiSRUa,2024-05-28,CLAY,vZ8lpjnM,1.229238506,0.3353609552,1.449320775,0.1282574951,0.7102496406,1.148545817,0.3725043585,1.466646102,0.1523119432,0.935748678
zB6ygqbT,2024-05-28,CLAY,KhTa5tH1,1.666111386,0.2503032972,1.213787926,0.1176445194,-2.047330715,1.919875601,0.2551418151,1.452826536,0.1233476557,-2.091161255
8vZwImyR,2024-06-01,CLAY,Wl76rX3I,2.962390314,0.1477055872,2.994558895,0.1048500479,0.3092074079,3.276230973,0.1424026761,3.262923389,0.1063678248,-0.1405524481
8vZwImyR,2024-06-01,CLAY,vyhksgUB,4.26631208,0.1387406665,4.345875222,0.09885881999,0.8173377288,4.213563974,0.1338057126,4.327871368,0.09664525284,1.235220576
AX6dr9Lc,2024-06-01,CLAY,jyngIesG,3.293073553,0.1463813935,3.221094834,0.101995884,-0.6855317484,3.30337163,0.1393871816,3.268741938,0.1007723623,-0.3596016656
AX6dr9Lc,2024-06-01,CLAY,046jJj30,2.230683071,0.1588161642,2.191099749,0.1151396893,-0.361866313,2.369255757,0.1547773056,2.296599706,0.1143638346,-0.6966564611
AsOMnc46,2024-06-01,CLAY,Y1ZrrUtl,2.935153142,0.1510924965,2.801526246,0.1026903733,-1.205675738,2.88911668,0.1468887674,2.760724187,0.1051560134,-1.251878707
AsOMnc46,2024-06-01,CLAY,UDzElXdm,4.205255543,0.1523353121,4.183350356,0.1004136529,-0.1912176583,4.158433995,0.1487391953,4.130425523,0.1000739275,-0.2545324834
OGxg1gid,2024-06-01,CLAY,QwU996PK,3.489276616,0.1288207763,3.556899014,0.09938377455,0.8250525873,3.373886379,0.1199252867,3.41922378,0.0979356278,0.6550247593
OGxg1gid,2024-06-01,CLAY,WxLdKcAs,3.112817134,0.1536747987,3.073093898,0.09951170354,-0.3392130868,3.33425602,0.1428640353,3.247839018,0.10056122,-0.8515923418
d4i7SZqI,2024-06-01,CLAY,lI6fOOat,3.287896442,0.1680153514,3.253718708,0.1053505003,-0.2611314141,3.465693793,0.1522184216,3.373113001,0.0980404263,-0.7950870933
d4i7SZqI,2024-06-01,CLAY,YsJXLo1O,2.051991197,0.1465768588,2.171217274,0.1065672201,1.184690897,2.175405566,0.1303563767,2.284824301,0.1035962476,1.382877238
dG9gffce,2024-06-01,CLAY,MysmW1jf,1.946172469,0.1556114193,1.982125328,0.1047801475,0.3125032154,2.12036116,0.148019424,2.145321282,0.1037920877,0.2365176382
dG9gffce,2024-06-01,CLAY,vwIzxgEI,2.392774074,0.1539971434,2.324650659,0.1159965745,-0.6725499349,2.651916337,0.1470897273,2.625569179,0.111377553,-0.2742349754
ro54tmjA,2024-06-01,CLAY,KhlPw9hb,2.261432207,0.1985588992,2.505207344,0.1093362923,1.470789436,2.20546125,0.193009192,2.401334921,0.1159103576,1.269198234
ro54tmjA,2024-06-01,CLAY,noaX0EJn,2.920349846,0.1542057598,2.93785172,0.09614100042,0.1451634379,3.281545816,0.1483411757,3.241410059,0.09498874456,-0.3522545412
zoTD7AWI,2024-06-01,CLAY,xCyEhjAS,3.498521962,0.1517958196,3.426407534,0.107095188,-0.670358086,3.59947316,0.1435656231,3.558952626,0.1058765411,-0.4179096985
zoTD7AWI,2024-06-01,CLAY,bigXsmFf,2.177139435,0.1597883594,2.018383228,0.1003344333,-1.276589419,2.331828958,0.1494160982,2.200689886,0.1022383248,-1.203541583
W2aCtO23,2024-06-02,CLAY,2PPTHPya,2.555343675,0.1487535403,2.507212508,0.1035501415,-0.4506911707,2.564814267,0.1361103419,2.528932189,0.1046551078,-0.4123196638
W2aCtO23,2024-06-02,CLAY,f7a53rOM,3.167652844,0.1442397943,3.220548364,0.09505092826,0.4875538169,3.141180379,0.1392322385,3.14676596,0.09696043813,0.05589973127
hrXBDPYG,2024-06-02,CLAY,ID57P88P,2.45376719,0.1592378069,2.247871355,0.1122060148,-1.822266188,2.620945586,0.1380209034,2.49305368,0.1063086347,-1.452919043
hrXBDPYG,2024-06-02,CLAY,EgKYrSR5,3.298098744,0.1343496553,3.329230196,0.1022355391,0.3571557251,3.509399436,0.1269200382,3.465019576,0.09908773823,-0.5595638945
nPOVsFWI,2024-06-02,CLAY,f5BXmEH6,4.205502046,0.142817696,4.149308448,0.09496659043,-0.5268042648,4.077500899,0.1373244967,4.075882209,0.09417533443,-0.0161957934
nPOVsFWI,2024-06-02,CLAY,pA0aW3EL,2.277891257,0.1371642017,2.340294297,0.09881837783,0.6560043795,2.56568906,0.1278951188,2.531093237,0.09912869356,-0.4280997807
nkfmbaKh,2024-06-02,CLAY,jNyZsXZe,5.101490127,0.1374030418,5.193946891,0.09722726944,0.9522796729,5.359092149,0.1323437487,5.456206997,0.09430156319,1.045874409
nkfmbaKh,2024-06-02,CLAY,x81l09qG,2.879624908,0.1394475733,2.786718429,0.0992452821,-0.9484204028,2.948935049,0.1338688865,2.845218655,0.1015590522,-1.189189441
2klKsnZG,2024-06-08,GRASS,vqNRXSve,0,0.8442081452,-0.1477877858,0.2857230555,-0.1860401798,0,0.8579964273,-0.1526547862,0.2507186281,-0.1860401798
2klKsnZG,2024-06-08,GRASS,SfXC2Wt1,1.984836689,0.2336902057,2.15328052,0.1157311221,0.8296878101,1.984715242,0.3183190189,2.301205851,0.1193612511,1.072511341
2y9oTnKN,2024-06-08,GRASS,jgkwgMP1,2.960157626e-14,0.8442081452,-0.1817891399,0.2733894466,-0.2276020192,2.960157626e-14,0.8579964273,-0.1877758851,0.2355892227,-0.2276020192
2y9oTnKN,2024-06-08,GRASS,vZ8lpjnM,1.442295211,0.2325466303,1.480573513,0.1180917226,0.1910758265,1.550328223,0.2844575474,1.474167156,0.1186331491,-0.2945828224
4IKgVHqf,2024-06-08,GRASS,dMopwFzs,1.79907932,0.2546261314,1.604987051,0.1303137892,-0.8872676312,1.773384479,0.3337070203,1.564890865,0.1412497289,-0.689602043
4IKgVHqf,2024-06-08,GRASS,Aa22YkfQ,-0.4971808845,0.5973450294,0.4871997536,0.2777367209,1.861357181,-0.524508283,0.5821351224,0.4659529465,0.2349014622,1.859541261
4vEYnsBd,2024-06-08,GRASS,ppu9X7PH,1.315820606,0.2505052559,1.431924191,0.1363026215,0.5524079438,1.314280084,0.3306248429,1.469917702,0.1448221244,0.5236456527
4vEYnsBd,2024-06-08,GRASS,v7n71YDK,0.460990073,0.7592530894,0.3817232167,0.2120372966,-0.1087270934,0.4793819643,0.7474488681,0.403333568,0.1641128451,-0.1042887889
69FxV8kB,2024-06-08,GRASS,2ZK8XbpE,1.807074098,0.3596651707,2.025874873,0.2167338138,0.7622957452,1.7680456,0.3751591265,2.031091707,0.2221170599,0.8700392951
69FxV8kB,2024-06-08,GRASS,AXHTSyZD,0.5525249983,0.5224957122,0.7784536839,0.1748718499,0.4588658255,0.5309116402,0.5383182441,0.8110471027,0.1589877086,0.5446876164
6NfBq844,2024-06-08,GRASS,MewU5OwE,1.78589549,0.3423847249,1.885097631,0.1347090997,0.3151565831,1.779387978,0.4047730728,1.869218029,0.1297300136,0.2342859216
6NfBq844,2024-06-08,GRASS,OhCrR0NO,1.025011405,0.2915065969,1.017603123,0.1701522399,-0.03129891312,0.9880127328,0.3169269522,1.002646925,0.1871225633,0.05721204383
6qWodolA,2024-06-08,GRASS,bkppJqxo,1.327960242,0.2446286453,1.513604791,0.1272703661,0.8886133304,1.283737654,0.2826133316,1.490736561,0.1329609866,0.8300455713
6qWodolA,2024-06-08,GRASS,pWwx5ylk,0.4953402903,0.4366485123,0.8976044831,0.2099233685,1.050638052,0.489507789,0.4845983176,0.9684426603,0.1859423198,1.070232875
CrO1TeE6,2024-06-08,GRASS,OQuCGwoF,0,1.296988797,0.259243957,0.3135075712,0.2059898066,0,1.30600552,0.262861037,0.277940401,0.2059898066
CrO1TeE6,2024-06-08,GRASS,v93ljkqM,1.912239142,0.2427314201,1.935578962,0.1299726747,0.113851906,1.959509667,0.2989862926,1.84068608,0.1445995909,-0.4540554112
E9ZgfPIM,2024-06-08,GRASS,2kJDi9VA,1.898351141,0.4929327709,1.376840938,0.1869283487,-1.143375432,1.872338953,0.5221203183,1.329287416,0.2134008796,-1.139623674
E9ZgfPIM,2024-06-08,GRASS,8GwNXON6,1.557022015,0.4196467018,1.23509584,0.1796826126,-0.8488880137,1.552143286,0.4711434757,1.163911309,0.1639314127,-0.8789409545
I1EGNQso,2024-06-08,GRASS,6L5yEis0,1.778499825,0.2791347841,1.548131822,0.1290718688,-0.9307765436,1.808413977,0.2880738618,1.588617557,0.12912438,-0.8535320263
I1EGNQso,2024-06-08,GRASS,vFKjUS0N,0.9839118269,0.2502278355,0.971566088,0.1576816121,-0.06354126493,0.9424270056,0.2813078128,0.9970856276,0.1793405961,0.2521991441
KndLAp33,2024-06-08,GRASS,UTOJG35K,0.9319915867,0.5502549385,0.7958471855,0.1537369276,-0.2576822513,0.9392109715,0.5293363946,1.0977354,0.1467956659,0.3117034365
KndLAp33,2024-06-08,GRASS,bw2fEE7H,0.6446737994,0.4628384443,0.6762985422,0.2087459024,0.07655626924,0.6360303933,0.5098731582,0.6669708356,0.2287546389,0.06789987346
SCaT8OXF,2024-06-08,GRASS,2kS2AMrn,0.8628896773,0.3419663965,1.153002927,0.16986616,0.9774912477,0.6180717243,0.3662671718,0.9699400543,0.1899292322,1.123552086
SCaT8OXF,2024-06-08,GRASS,0h94gRG0,0.483844057,0.4820165406,0.7902119921,0.2097352276,0.7059261214,0.6018806843,0.492217495,0.9224985868,0.2014843712,0.713927449
SYnz5FWs,2024-06-08,GRASS,xxwNdLxH,0,1.06949179,1.022483502,0.3115421199,0.999387594,0,1.080408796,1.043464363,0.2777237207,0.999387594
SYnz5FWs,2024-06-08,GRASS,nFb01JTe,2.256129131,0.5376451386,2.15129075,0.1622693349,-0.2045336089,2.300620945,0.5162107842,2.192931953,0.1494770593,-0.2179518567
WQFQl3tp,2024-06-08,GRASS,hfzer6K1,0.2018077108,0.4595699563,1.278985051,0.1405085913,2.461761917,0.2106029259,0.5077481204,1.381546683,0.1501862788,2.414177267
WQFQl3tp,2024-06-08,GRASS,xOczGeTE,1.270055889,0.4185630724,1.377120851,0.1832316858,0.2845006365,1.308266656,0.4333161395,1.421170665,0.1794490965,0.2862589927
YXU1NNn9,2024-06-08,GRASS,dnuFIN0K,0.4335531073,0.4880091048,0.4028092264,0.2385830358,-0.07221749496,0.5377956667,0.5135725634,0.4773734118,0.2475681803,-0.1342826945
YXU1NNn9,2024-06-08,GRASS,A1mr8BP4,1.494264243,0.4384575129,1.065030843,0.1735828904,-1.066064021,1.46499477,0.459172056,1.015351577,0.1838372472,-1.068633623
YcCARZrJ,2024-06-08,GRASS,Of1fjykI,1.429660215,0.229302496,1.447484868,0.1415144132,0.09879240245,1.427227839,0.2926033856,1.538447355,0.1820036112,0.485441401
YcCARZrJ,2024-06-08,GRASS,O48DAOcN,1.302210566,0.5136385307,0.05942241127,0.273489223,-2.858471213,1.362560461,0.5395457322,0.02921512019,0.2678159267,-2.846688508
YeHUWUKb,2024-06-08,GRASS,pYMHXRN6,1.590111284,0.233786502,1.55483025,0.1298727053,-0.1814919626,1.586528458,0.271835746,1.579487946,0.1412504418,-0.03031354552
YeHUWUKb,2024-06-08,GRASS,nwkutKbi,2.571092874,0.1758434581,2.588188636,0.1197549255,0.1327701353,2.513499168,0.194725186,2.521171161,0.1312234157,0.05332620976
bci3oUZi,2024-06-08,GRASS,SA3XN9cP,0.3532700666,0.2398560654,0.2297770921,0.1784764779,-0.7706717562,0.3408397273,0.3227640763,0.1809145285,0.2146168034,-0.6633886062
bci3oUZi,2024-06-08,GRASS,hbXrCD0b,1.643349315,0.1932783612,1.638212361,0.1235996598,-0.03457081426,1.532161877,0.2295565473,1.57543454,0.1420680312,0.2399859909
lSmx722S,2024-06-08,GRASS,Q3JleRnG,-0.1616844021,0.8132592671,-0.2182588155,0.1916053983,-0.0715800424,-0.1455607394,0.8230842194,-0.1796598985,0.1844184564,-0.0425092798
lSmx722S,2024-06-08,GRASS,Qk09uuRk,0.7069643335,0.3116974493,0.9214549504,0.1715591493,0.8242158835,0.7590410906,0.3420682674,1.050451626,0.1990653828,1.047564034
pCl71tQk,2024-06-08,GRASS,WrhNf3At,1.937726337,0.2135439367,1.740112799,0.1171898911,-1.106986716,1.864350516,0.247229836,1.716548671,0.1199971313,-0.6837749617
pCl71tQk,2024-06-08,GRASS,UkERyGft,0.8552337025,0.5544106116,1.089590795,0.2098866493,0.456706543,0.8720935633,0.5350568712,1.107070026,0.1466158894,0.4566399145
pUswb7Jc,2024-06-08,GRASS,Wd9dyI7m,1.843180793,0.285197106,1.854464073,0.1325737409,0.04468438528,1.954270027,0.3029451038,1.995538764,0.1337997142,0.15183686
pUswb7Jc,2024-06-08,GRASS,n92QhO25,1.157042285,0.7306770337,0.7299856309,0.2484487769,-0.6214982591,1.217123997,0.7364173794,0.8035007052,0.238824408,-0.5937610664
tvrGaKf2,2024-06-08,GRASS,S4ljFw3g,1.306675856,0.339693399,1.66678609,0.1279900969,1.144446843,1.145414472,0.3579176952,1.734687686,0.1255252295,1.758057494
tvrGaKf2,2024-06-08,GRASS,xneEgl1j,1.454140881,0.8216508585,0.8829519506,0.184007902,-0.7132892495,1.441342367,0.8293069111,0.8550855673,0.1828494999,-0.7247598367
xUNLYjjn,2024-06-08,GRASS,S6JNQ85M,2.027940856,0.1894076463,1.906340408,0.1080726903,-0.781749164,2.043219639,0.2048056051,1.930970214,0.1138167792,-0.6592527552
xUNLYjjn,2024-06-08,GRASS,YF2Vi2Bb,-0.7662727666,0.5336158408,0.08648491234,0.2467242388,1.802290378,-0.884968426,0.5624772605,0.02370562876,0.2342450297,1.776904273
z3nSuQ3T,2024-06-08,GRASS,QqnrZJm5,1.679039917,0.2777712993,1.678470638,0.1416622089,-0.002382592611,1.675759838,0.3517093135,1.652055183,0.1612617934,-0.07584020909
z3nSuQ3T,2024-06-08,GRASS,dGbzUtWd,1.415085383,0.2094921496,1.759581952,0.1079614853,1.918872569,1.387907956,0.2398070265,1.816416054,0.1053329575,1.989033613
2H4Xo81T,2024-06-10,GRASS,QPwVs83E,0.9114026972,0.3039072641,1.138482414,0.1447419985,0.8497686716,0.9212242822,0.3499845731,1.19989562,0.1463216516,0.8765192464
AqBYc3ET,2024-06-10,GRASS,h6Lq4OGA,1.591010986,0.1877495463,1.662775762,0.1067641622,0.4646813643,1.896426699,0.2103008192,2.007488134,0.1107706846,0.621276757
AqBYc3ET,2024-06-10,GRASS,0SeXj3jT,2.466343565,0.2011401539,2.645550193,0.10090559,1.029932951,2.696714614,0.2389621928,2.983510077,0.1010132899,1.324309063
KbYMu4ho,2024-06-10,GRASS,Uwhd6a1e,1.447366372,0.2320096359,1.541141971,0.1376154838,0.5020379667,1.532354715,0.2586286638,1.700431489,0.1482056283,0.7929925151
KbYMu4ho,2024-06-10,GRASS,xGn9KNfO,2.42599115,0.1913795183,2.651681898,0.1032101932,1.400381003,2.50477551,0.2044645953,2.762536396,0.1050452017,1.469414293
S0grmn0B,2024-06-10,GRASS,4IwCdyAG,2.335505895,0.1725703553,2.258428632,0.1090989123,-0.5764575924,2.160591496,0.2171187956,2.075211092,0.1232523091,-0.4776684805
S0grmn0B,2024-06-10,GRASS,xU3quIf5,2.132938762,0.1768835997,2.013012152,0.1034651422,-0.835917895,2.067726563,0.1971443669,1.94960051,0.1046288577,-0.7069652554
nkt4tnPj,2024-06-10,GRASS,l84wBUxE,1.8256006,0.1863490729,1.825505182,0.1157680364,-0.0006534244687,1.724836093,0.2113947236,1.746766926,0.1192115444,0.1256243289
t4JH1oF4,2024-06-10,GRASS,OMXPbN89,1.885020185,0.2430332582,1.755694412,0.1248226281,-0.620180291,2.147496685,0.2573883535,2.043770272,0.1261761009,-0.4623629088
t4JH1oF4,2024-06-10,GRASS,rkOojWt6,1.592029503,0.211861057,1.439536406,0.1213112888,-0.8779545596,1.580946203,0.3026934391,1.327251778,0.1464781678,-0.9577298668
tU2BYrie,2024-06-10,GRASS,AsWv5414,2.746766747,0.1732768141,2.662878525,0.09951876592,-0.5913949579,2.945421222,0.1872846497,2.840645258,0.1007827615,-0.663745832
tU2BYrie,2024-06-10,GRASS,KhTa5tH1,1.249366587,0.1897283295,1.232848039,0.1107753025,-0.1072414344,1.088769139,0.2090913421,1.108775976,0.1173615323,0.1156146688
xddKWML7,2024-06-10,GRASS,QoLeDQFG,2.165875941,0.1915083032,1.999089732,0.1053116628,-1.042721702,2.329509908,0.2139421373,2.19611315,0.1082881411,-0.7229681019
xddKWML7,2024-06-10,GRASS,KGQ2bDHb,1.984024817,0.1922586406,1.987968582,0.1137372861,0.02544247341,1.812577766,0.2275413449,1.931629747,0.124796255,0.62571504
zRdjoQUN,2024-06-10,GRASS,fkFeyKHL,2.134500611,0.1661956676,1.894546615,0.1043504735,-1.855044516,2.215434371,0.1936616688,1.884797252,0.1120213304,-2.092972718
zRdjoQUN,2024-06-10,GRASS,hQQLzcNT,2.355280249,0.1751076578,2.32286223,0.1007106359,-0.2263065707,2.228711701,0.2081557935,2.167584704,0.1057643792,-0.3409507724
23oHrLrp,2024-06-11,GRASS,2HWgFEu7,1.3583624,0.1831601207,1.41533898,0.1091114309,0.3872972507,1.402036327,0.210609826,1.496437216,0.1185808139,0.5423628916
2Zm6fQDE,2024-06-11,GRASS,8hvtJI4d,1.418469014,0.2777654438,1.392830423,0.1376490496,-0.1062695534,1.661796463,0.3059333429,1.652474646,0.1511089141,-0.03504311208
2Zm6fQDE,2024-06-11,GRASS,dzbgeEFF,2.784921511,0.1721419869,2.813963631,0.09808037194,0.2052915584,2.973701677,0.1851839113,3.019663525,0.09986064271,0.2947184787
4Az9j3M9,2024-06-11,GRASS,fJjFPDOb,1.924515842,0.2013274161,1.843171152,0.1045440465,-0.4727802861,1.848812922,0.2442129265,1.712595114,0.1083090547,-0.6223359261
4Az9j3M9,2024-06-11,GRASS,OU6w8nNa,1.852640296,0.3491123529,1.53802376,0.1524116169,-1.001688541,1.798391862,0.3950879893,1.383732996,0.1492011309,-1.133465929
CY6xj3jA,2024-06-11,GRASS,KdojxrAR,3.499646779,0.2463050221,3.456095634,0.1100091667,-0.1976249102,3.388905385,0.2575117745,3.366574375,0.1092206272,-0.09575823221
EHHPaPqH,2024-06-11,GRASS,rysUUciD,2.21756261,0.1782667355,2.249713697,0.1071536527,0.2256723804,2.07304075,0.1989347039,2.10773381,0.1129223783,0.2118285337
IeyXHIvR,2024-06-11,GRASS,YmIZde1B,2.996352421,0.2366106377,3.156575173,0.1134434007,0.7716298853,2.74968308,0.2708351066,3.039664596,0.111694065,1.175295132
Igx1hPic,2024-06-11,GRASS,YuOTpKxj,1.987600866,0.3985047001,1.919754496,0.1566920258,-0.1851670212,2.022197344,0.4114459419,2.061737065,0.1357177314,0.1017968575
Igx1hPic,2024-06-11,GRASS,8CZqQdSa,3.048607749,0.1782489136,2.966744683,0.1116000269,-0.5889869844,2.977679477,0.1987330034,2.908448649,0.1196500817,-0.4362979555
MmOsk8Vb,2024-06-11,GRASS,O81eud9p,2.515184187,0.1993998342,2.282274755,0.1072240003,-1.385401281,2.481847217,0.2616092104,2.20880983,0.1158228615,-1.163976702
MmOsk8Vb,2024-06-11,GRASS,dMsOb1NA,1.864415291,0.174520967,1.768754119,0.1076468205,-0.6963905266,1.829507425,0.2059773911,1.706858549,0.1199841514,-0.7325684921
OCK1q05D,2024-06-11,GRASS,028BdVOj,2.829765323,0.2023385403,2.560812227,0.1058822817,-1.559841085,2.829516504,0.2959358594,2.467117794,0.1093128232,-1.31778091
OCK1q05D,2024-06-11,GRASS,2yj9GWan,2.011067623,0.1991495909,2.159591082,0.1061076133,0.8812976775,1.994945014,0.2596816989,2.213314354,0.1133154838,0.934584263
OzTT47kI,2024-06-11,GRASS,0pESKoy5,1.942704005,0.4629602363,1.804594819,0.1878395377,-0.3263902953,2.072178191,0.4808292457,1.892276669,0.1744203706,-0.4014955915
bVvQtaDd,2024-06-11,GRASS,84GyAaXB,1.987714503,0.1713574253,1.880293388,0.1014418167,-0.7778234035,1.987437495,0.204170665,1.778167826,0.107671256,-1.206359397
fXSpmr6l,2024-06-11,GRASS,f1PZMn7P,2.153014306,0.1688724374,1.9980847,0.1053020313,-1.1735279,2.24674649,0.1893681036,2.105028732,0.111239126,-0.9247375427
fXSpmr6l,2024-06-11,GRASS,bstrYIDU,1.309618421,0.229146874,1.784143517,0.1181270608,2.41670058,1.316940966,0.2662471245,1.956683062,0.1205616191,2.694936988
l6vt73cK,2024-06-11,GRASS,My7MkGPr,2.403105983,0.1705769597,2.217664863,0.1147378724,-1.469179004,2.333490906,0.187966761,2.147111257,0.1236679469,-1.316661386
l6vt73cK,2024-06-11,GRASS,Ojnpq17F,1.287758544,0.3136429388,1.611589966,0.1258367992,1.12718361,1.254194215,0.3516355127,1.454410667,0.1330943843,0.6151531704
lEMb2ToA,2024-06-11,GRASS,x0QCtJlk,1.81019443,0.1896895523,1.795453191,0.1018026391,-0.09209974274,1.91303859,0.2032013862,1.95684673,0.1028526803,0.2499768826
n5Q837ph,2024-06-11,GRASS,OGYNaUZG,1.719716187,0.1815031234,1.788042206,0.1109575084,0.4756827404,1.8944544,0.2002296422,2.079944023,0.1187723493,1.150688931
n5Q837ph,2024-06-11,GRASS,rwWwX7oC,1.442220975,0.2187438449,1.432926713,0.1280658925,-0.05241051128,1.385230328,0.2648300757,1.284130591,0.1456654895,-0.4571115406
t4JKaLkf,2024-06-11,GRASS,MDM4BKiA,3.270076741,0.1755027514,3.431003298,0.1024119065,1.129121046,3.173273622,0.2242627713,3.404088784,0.1096680373,1.179923248
tS14hsxi,2024-06-11,GRASS,W6pL8zuB,2.27054615,0.1674346604,2.319400249,0.0993203859,0.3624312377,2.318260439,0.1849940436,2.39781843,0.1045213178,0.5212230874
tS14hsxi,2024-06-11,GRASS,n5XviZ0t,1.433286015,0.1937761313,1.530971514,0.1088477999,0.6093294475,1.394931995,0.2256340057,1.516375924,0.1169132236,0.6293022664
6XaolsLM,2024-06-12,GRASS,vXvzyRlq,2.502754747,0.1682609418,2.434592963,0.1059659661,-0.5215061125,2.538000214,0.1836875119,2.4541838,0.1118606262,-0.5752696264
KlVB1sLs,2024-06-12,GRASS,KfdYy5Pq,1.209916366,0.3050617049,1.922680436,0.147308553,2.668147008,1.390444244,0.3183338913,2.163187616,0.1539178751,2.773169612
KlVB1sLs,2024-06-12,GRASS,hIA4C9YT,3.047273261,0.1540471143,3.033809602,0.09171141052,-0.1087778289,3.068062266,0.1700616465,3.098727773,0.09382484679,0.2162017661
OlxFh4rR,2024-06-12,GRASS,KQ3uLtiT,1.615835141,0.1988256477,1.577710262,0.1324444467,-0.2570956925,1.692104168,0.2575528806,1.717757836,0.1487017153,0.1219926835
OlxFh4rR,2024-06-12,GRASS,GUIVvvjL,2.936835822,0.1943525867,2.739597085,0.1033958589,-1.198533138,3.023647531,0.2060040106,2.825141204,0.1038551612,-1.115771937
jaMgoMz1,2024-06-12,GRASS,0flvkwYe,2.02082619,0.197065494,2.076704825,0.1058763948,0.3361976366,2.118547305,0.2137700932,2.214677692,0.1066994418,0.5189578572
0hYMmmUH,2024-06-15,GRASS,CWtkHlUE,2.463096713,0.1743873459,2.337873018,0.1073043959,-0.9109475691,2.496771088,0.1939914961,2.335593379,0.1126117871,-1.020371948
2acE9S1b,2024-06-15,GRASS,vw1oqIPi,2.325388303,0.1837089232,2.303489449,0.1107926266,-0.1494394618,2.328695177,0.2128204588,2.187987155,0.120240923,-0.801307518
AVqV5p1N,2024-06-15,GRASS,YyyT3fOe,-8.851139605e-15,0.8442081452,0.5198775856,0.228743206,0.6397487102,-8.851139605e-15,0.8579964273,0.5091794704,0.2164818665,0.6132941226
CCVSqvTq,2024-06-15,GRASS,Ayhok8sR,0,0.8442081452,-0.259131967,0.2984799297,-0.328147379,0,0.8579964273,-0.2676657938,0.2661040789,-0.328147379
Euxb7xLU,2024-06-15,GRASS,fc9W6odL,1.810717391,0.2197610426,1.624451336,0.1354079139,-1.076132183,1.877884295,0.2755992387,1.660652649,0.1692149691,-0.9986080404
OEoN76WA,2024-06-15,GRASS,4Qyc8N2g,1.694292245,0.2797245149,1.705696063,0.1298375687,0.04602655594,1.82610087,0.3160007807,1.775146192,0.1420704649,-0.1805219029
SnhnyApC,2024-06-15,GRASS,WSCEkk6I,1.955750533,0.2971210446,1.442331634,0.1410577362,-1.963341175,1.957669994,0.3465976611,1.309967349,0.1679809076,-2.136430295
b70Vvhom,2024-06-15,GRASS,GlqMuuhi,1.876388083,0.2246709784,1.764724811,0.1167926373,-0.5817963665,1.85056942,0.3117121953,1.857585338,0.1235538206,0.02451575876
bTy6iVUh,2024-06-15,GRASS,OKXs3Wah,2.932702789,0.1737933533,2.943939409,0.09713467327,0.07797009652,2.976604909,0.1894133325,3.07119744,0.09952870944,0.5869603611
bTy6iVUh,2024-06-15,GRASS,IyMCDvw8,1.395965974,0.4640726821,1.143547741,0.1580566439,-0.5785065644,1.369752355,0.4846667844,1.161650849,0.1769389161,-0.4612030718
fZg6BlXo,2024-06-15,GRASS,ri7kwHCF,-0.56535293,0.5827878337,-0.1899723892,0.2677073941,0.7251453956,-0.531242295,0.6015531899,-0.1288543246,0.2430098779,0.7312369573
fZg6BlXo,2024-06-15,GRASS,K25VJT7h,2.148832696,0.2448629659,1.840678742,0.1148864832,-1.425067006,2.1567409,0.326674881,1.578854216,0.1264388429,-1.918527186
fZgvwWFa,2024-06-15,GRASS,SSyPK4Yj,0.6249284235,0.5132461143,0.3087212066,0.2590039959,-0.713623329,0.6448553776,0.5186415106,0.325062211,0.2433942378,-0.6982645509
nk8mZmFO,2024-06-15,GRASS,WfnqI5WD,1.66498508,0.1877483268,1.487002076,0.134173169,-1.355257478,1.551197477,0.2093322185,1.359867288,0.1516052916,-1.325495544
tSwj9bjI,2024-06-15,GRASS,GMV15eJK,0.2997369267,0.5445276485,-0.1229891029,0.2078746474,-0.8399292188,0.3508796392,0.5357166172,-0.0660051648,0.1766278519,-0.8242712034
xEmcgi0t,2024-06-15,GRASS,8jMJmh84,2.306448902,0.1715847785,2.360060927,0.1030770521,0.3908348475,2.365969424,0.2013056615,2.480901151,0.1090963876,0.6793449354
xEmcgi0t,2024-06-15,GRASS,d0rtetKq,0.3106624821,0.5564295434,0.3995912047,0.2699171466,0.1827633875,0.3071542862,0.5426044805,0.397995621,0.2335351417,0.1854751016
OjXdDw0k,2024-06-16,GRASS,jVCKq0LH,2.280173796,0.2404803071,2.069823414,0.1485767004,-1.112424145,2.258774938,0.3232756447,1.964681053,0.1954013668,-1.141946868
r15SbruJ,2024-06-16,GRASS,pQGynuhR,1.512307003,0.2855733643,1.33541624,0.1649639283,-0.7588381198,1.455762816,0.3382263458,1.230108698,0.1828280173,-0.7930098332
Ewu6zP3U,2024-06-17,GRASS,rBZ5EARu,1.917804866,0.1876275887,1.989159005,0.1042704141,0.4574378717,1.879533153,0.2173764622,1.885340724,0.1114042422,0.03111324784
GIeYsk5t,2024-06-17,GRASS,hAR7VtG4,1.752376791,0.2523965195,2.169673676,0.1078989196,1.828880982,1.747619754,0.2635764364,2.282868119,0.109088861,2.230740717
OQ5Aq2to,2024-06-17,GRASS,21U8Dqna,2.798604186,0.190898554,2.520234152,0.109906704,-1.783442498,2.671834046,0.2108453862,2.385864181,0.1157465841,-1.622669213
SWq3GZyI,2024-06-17,GRASS,GU42elks,3.059190779,0.1806705504,3.004631063,0.1006464119,-0.3636332922,3.02784966,0.1939363093,2.992720353,0.1021591733,-0.2131014714
bqMVjplB,2024-06-17,GRASS,fBPsm3Iq,2.667628441,0.1860016119,2.505102925,0.1233792478,-1.167643062,2.522139801,0.2026387644,2.326004882,0.128863907,-1.254172327
fBFvkOIN,2024-06-17,GRASS,Gloq9MUN,3.147334505,0.1777382524,3.057804241,0.105694069,-0.6265355506,3.28849399,0.1913720922,3.1909835,0.1090068831,-0.6199328771
nJVWaA2E,2024-06-17,GRASS,KGdcQnEf,2.911187378,0.1808839882,2.886196632,0.1059326311,-0.1704462002,2.982037017,0.2037363905,2.924619747,0.1106530179,-0.3356390848
pbmkv745,2024-06-17,GRASS,8EI3pJOd,2.919826944,0.1743934507,2.933455406,0.09685080009,0.09397152102,2.736458182,0.2078549187,2.848025061,0.09965878908,0.6116418361
pbmkv745,2024-06-17,GRASS,xEGb8F4p,2.620572313,0.1782291605,2.184189917,0.1109478777,-3.128514617,2.578692546,0.1953449658,2.06846275,0.1208178059,-3.323939925
KYxnO8M5,2024-06-18,GRASS,2FyACZYi,2.948433675,0.2058309165,2.767046562,0.1035838177,-1.019789261,2.844516098,0.2236215538,2.642636335,0.1031756316,-1.017554272
QVNNh6Jb,2024-06-18,GRASS,SjM2LLB8,2.89970227,0.254832534,2.640918491,0.1205623237,-1.152664866,2.957623366,0.2888458349,2.635875838,0.1233369613,-1.23185516
SpPyVYjB,2024-06-18,GRASS,KjsokFUj,3.509036428,0.1921339791,3.297736697,0.1129838666,-1.359688337,3.524524271,0.2054648553,3.262305757,0.1170464893,-1.55281462
SpPyVYjB,2024-06-18,GRASS,neAp94aO,3.243625526,0.1803157786,3.329829761,0.108892124,0.5997945122,3.245572937,0.1990188958,3.394560949,0.1177751274,0.9286836581
U3UEfSln,2024-06-18,GRASS,WMS3AdAb,2.743408512,0.1784236699,2.782713614,0.1049475721,0.2723942936,2.614274752,0.1954854836,2.679525732,0.1110793664,0.405638243
hOjcxoZH,2024-06-18,GRASS,W2BCKjLQ,2.798136777,0.1749175161,2.809409024,0.0983476429,0.07792726245,2.645134418,0.1935712652,2.694603963,0.09980623748,0.2982662214
lWgttTZh,2024-06-18,GRASS,zNoTPac0,2.452362392,0.1850667178,2.465842811,0.1010665939,0.08695192393,2.381119021,0.2075852899,2.407505869,0.1054462405,0.1475698275
zBSqTCLN,2024-06-18,GRASS,zHMiAkw6,3.110814564,0.196130695,2.885354449,0.1048196917,-1.360068285,3.061407834,0.239152606,2.804503863,0.1119187821,-1.215547151
zBSqTCLN,2024-06-18,GRASS,AgIGoHjL,2.473759007,0.1956370267,2.489445385,0.1190959728,0.1010658205,2.750053116,0.213372344,2.778634787,0.127518417,0.1670705601
zcmBED6U,2024-06-18,GRASS,lSABz6E8,3.140824039,0.1841856496,2.919840351,0.1083409825,-1.48359372,3.194829012,0.2038776016,2.996768278,0.1142036356,-1.17272496
CUUx3CHs,2024-06-22,GRASS,vo9FVe2A,2.298021511,0.2066861906,2.096433218,0.1170062368,-1.183181445,2.166910315,0.247738317,1.83282251,0.1365430076,-1.616191242
CUUx3CHs,2024-06-22,GRASS,MN00XZF9,0,0.8442081452,-0.4633465274,0.2976681395,-0.5865234863,0,0.8579964273,-0.4786056215,0.2651321062,-0.5865234863
CfhtG2kg,2024-06-22,GRASS,OnZIerTQ,0.7705164792,0.585879167,0.9344445587,0.2342640192,0.3052633894,0.7849354634,0.5695667962,0.9514541311,0.1804200837,0.3082331976
CtD713z0,2024-06-22,GRASS,pOESWIvh,-0.06396723167,0.5788596927,0.7665319266,0.2351014174,1.570040257,-0.09347309296,0.5594827645,0.7375339931,0.1806089983,1.569331435
KrYS8orQ,2024-06-22,GRASS,tG91oxJ8,1.790048918,0.252858684,1.54408025,0.1266583217,-1.123916035,1.82325311,0.2636041816,1.597405993,0.1305113956,-0.986110297
KrYS8orQ,2024-06-22,GRASS,ETkoNgxJ,2.334764817,0.1898430376,2.223153856,0.1211852938,-0.7637691401,2.071305193,0.2159347436,1.997966185,0.1315394698,-0.4282670662
Q3JNcLZO,2024-06-22,GRASS,IJAxNUl3,2.375572061,0.1848879578,2.248520083,0.1053336936,-0.8361511592,2.417290401,0.2063137745,2.308732907,0.1117319347,-0.6259089492
Y9tkEtK5,2024-06-22,GRASS,6XSnpS5h,2.456303857,0.1908304244,2.257548214,0.1155446031,-1.308688212,2.484156322,0.2157616203,2.255043395,0.1333413774,-1.350690543
Y9tkEtK5,2024-06-22,GRASS,r9RckFqs,2.053770009,0.2057408076,2.163342533,0.1054083982,0.6201499274,1.953330645,0.2179815947,2.091146005,0.1102859963,0.7329673709
tAMgaUG6,2024-06-22,GRASS,Ova6pdYE,1.907068874,0.181496883,2.099273776,0.09850770336,1.260872442,1.770838088,0.2008675327,2.012104574,0.1034732893,1.401361717
tAMgaUG6,2024-06-22,GRASS,Y9jUuHka,2.597538564,0.2420235483,2.351430485,0.1200667535,-1.171155124,2.455474674,0.2807756553,2.130098989,0.1335986245,-1.317554782
n3onfihg,2024-06-23,GRASS,OKBlwX8r,1.925449454,0.1989763792,1.724578655,0.1181568268,-1.254693728,1.773152501,0.2231250853,1.569138043,0.135793612,-1.152331703
fBZJbtyf,2024-06-24,GRASS,2LhiB9IJ,3.12538467,0.2022036636,2.874546056,0.1153747793,-1.510555803,3.055393473,0.2337679384,2.801296682,0.1277932275,-1.298097077
IXfhlBXj,2024-06-26,GRASS,Or4Qa1ye,3.571670523,0.4752191066,2.977531414,0.127146214,-1.297546883,3.515026788,0.4831158891,2.893090569,0.1372020931,-1.342624974
0OYbVI8m,2024-06-27,GRASS,GWuBzqkB,2.055884698,0.2200257891,1.909623829,0.1114182764,-0.7708912071,2.047516711,0.3082423572,1.735406868,0.1376737808,-1.131700108
4hmTzuoQ,2024-06-27,GRASS,ptenoUxT,2.289991737e-17,0.8934802832,0.6300347061,0.17153292,0.7185123055,2.289991737e-17,0.906519439,0.5905530469,0.213736848,0.6703501899
4hmTzuoQ,2024-06-27,GRASS,bLI5Djkk,1.228832725,0.2697895698,1.323083504,0.1658914634,0.4429929398,1.070246466,0.2951628015,1.150010543,0.1719656947,0.3324979014
AucHlnhB,2024-06-27,GRASS,SpnIw30M,0.437802206,0.580671872,0.6573325103,0.2401736914,0.415246857,0.4356984841,0.6171746952,0.6207298973,0.2356539562,0.324381068
CGBnosMa,2024-06-27,GRASS,UBK4SRuM,-2.003273334e-14,0.8442081452,0.4388525872,0.2757104444,0.5499979616,-2.003273334e-14,0.8579964273,0.453305038,0.238457681,0.5499979616
SM0idGmp,2024-06-27,GRASS,6TlRnRze,1.580145582,0.2278980732,1.656607229,0.1216357391,0.3967430972,1.573188004,0.3140169547,1.424654165,0.145556555,-0.5338251081
SYUUdP2L,2024-06-27,GRASS,MVSOop0f,1.693441311,0.2560211629,1.63649298,0.1528500743,-0.2772737244,1.57489012,0.2805400554,1.497479466,0.1729503195,-0.3504542055
SYUUdP2L,2024-06-27,GRASS,zXTgcZem,1.429794599,0.3065387319,1.955512503,0.1345657304,1.908762556,1.411648117,0.3742904851,1.984438766,0.1471352596,1.664325695
l2bC92nR,2024-06-27,GRASS,8Gag74BD,1.808667532,0.2404528163,1.703449663,0.1219923337,-0.5077870344,1.802220544,0.3231447396,1.744183737,0.1445748834,-0.2008198503
pMRT33uP,2024-06-27,GRASS,YDN2k7yT,-5.466370064e-18,0.8442081452,0.8930340884,0.1778342371,1.082117928,-5.466370064e-18,0.8579964273,0.8036337968,0.2142572664,0.9672849986
pMRT33uP,2024-06-27,GRASS,ra7IoKGO,1.929670857,0.2625704764,2.13756695,0.1362364004,0.9261999529,1.917648677,0.2814539282,2.132999022,0.1481659878,0.8999283658
2Rc52krm,2024-07-01,GRASS,Wl76rX3I,2.978117557,0.1446624526,3.150809529,0.09776201412,1.619554146,2.737968026,0.1476432204,2.927661101,0.1009722537,1.761018832
2Rc52krm,2024-07-01,GRASS,Or4Qa1ye,3.022907009,0.2531515816,2.978361314,0.1198954776,-0.1997930512,2.953123466,0.251835269,2.893920468,0.131398486,-0.2755701952
4IEW6gB5,2024-07-01,GRASS,84GyAaXB,1.833512389,0.153120977,1.852878288,0.1028405311,0.1707067814,1.798313864,0.1529813631,1.750752726,0.109154033,-0.4437280607
4IEW6gB5,2024-07-01,GRASS,2yj9GWan,2.104290419,0.1528554765,2.171944714,0.1092446446,0.6327972403,2.14385606,0.1482919569,2.225667986,0.1159685671,0.8852012592
6q8cdss2,2024-07-01,GRASS,KhTa5tH1,1.213390999,0.1565922021,1.173236318,0.1102150908,-0.360981955,1.067686581,0.1560847768,1.049164255,0.1175149459,-0.180307518
6q8cdss2,2024-07-01,GRASS,QPwVs83E,1.282817521,0.2028101396,1.154044242,0.1354532971,-0.8531145851,1.360731855,0.2012829924,1.215457448,0.1323709592,-0.9580616207
8GtM30lf,2024-07-01,GRASS,6TlRnRze,1.490380626,0.1887471002,1.663648623,0.1212824129,1.198060029,1.442749618,0.2329637971,1.431695559,0.1452699553,-0.06069558706
8GtM30lf,2024-07-01,GRASS,YmIZde1B,3.21921526,0.1496574908,3.316050864,0.1029367898,0.8913918059,3.007191652,0.1391643994,3.199140288,0.09819298229,1.946449608
Ai1D0TCa,2024-07-01,GRASS,GvHZX89Q,2.655518717,0.2457016159,2.24939287,0.1597357257,-2.175382725,2.680182348,0.3044369877,2.148299924,0.1679787682,-2.094853236
Ai1D0TCa,2024-07-01,GRASS,lI6fOOat,3.266099569,0.1704193569,3.409685782,0.1144985585,1.137538696,3.107067369,0.1942086523,3.251783513,0.13507057,1.03705359
Amkuzj8t,2024-07-01,GRASS,ID57P88P,2.196051583,0.1668423251,2.209113251,0.1158149651,0.1087594505,2.039654868,0.1999974829,2.05314851,0.1392394775,0.0939887459
Amkuzj8t,2024-07-01,GRASS,zXTgcZem,1.727480407,0.2376612494,1.970013727,0.1309328083,1.222804882,1.8089531,0.2663101603,1.99893999,0.1436975576,0.8473445929
E7WGvRYr,2024-07-01,GRASS,8CZqQdSa,2.984890528,0.1771644255,2.926058056,0.1080726188,-0.4190837853,2.905666027,0.1838440687,2.867762022,0.1146432009,-0.2637341829
E7WGvRYr,2024-07-01,GRASS,WUQY7p9b,1.931148938,0.2302231838,1.766036188,0.1268181469,-0.85931129,1.924244005,0.3157776938,1.750822655,0.1595356699,-0.6363757487
GjJRdQfR,2024-07-01,GRASS,dKYVCedT,1.637872701,0.2276072193,1.744488971,0.1195974956,0.5505531451,1.419129454,0.258427709,1.515900965,0.154116064,0.4664940487
GjJRdQfR,2024-07-01,GRASS,dMsOb1NA,1.740607248,0.1636234331,1.801089604,0.1100376252,0.4994560829,1.680914969,0.1687057944,1.739194034,0.1204842124,0.493514833
IiaqNdrK,2024-07-01,GRASS,vwIzxgEI,2.37728401,0.2027013939,2.376915816,0.1207603487,-0.002261595649,2.143860679,0.2259193704,2.093833064,0.1419337043,-0.2846230164
IiaqNdrK,2024-07-01,GRASS,l84wBUxE,1.769854081,0.168949641,1.879100201,0.1239533548,0.9516029555,1.666785814,0.1730567788,1.800361945,0.1201440286,1.072422979
K6ErcZlA,2024-07-01,GRASS,KhlPw9hb,2.588417079,0.1516459753,2.725312578,0.1037378881,1.23762202,2.551008437,0.1490323533,2.704955969,0.1040507488,1.442858307
K6ErcZlA,2024-07-01,GRASS,vo9FVe2A,2.110068363,0.1817881972,2.085775723,0.1122556512,-0.169892655,1.929967703,0.201227642,1.822165015,0.1330818476,-0.7142260849
Qqg9rzzH,2024-07-01,GRASS,noaX0EJn,2.821737179,0.141065465,3.172712504,0.09505708855,3.367358803,2.445008179,0.1527748004,2.904036767,0.09782536885,3.91171722
Qqg9rzzH,2024-07-01,GRASS,xEGb8F4p,2.237626396,0.1616283349,2.061450466,0.1103520159,-1.491830179,2.143963508,0.1663600673,1.945723299,0.1204947757,-1.72829779
S8qNkCbs,2024-07-01,GRASS,Y9jUuHka,2.269197764,0.1794792398,2.369919735,0.1188876065,0.7491048478,2.048231514,0.1859720478,2.148588239,0.1340588727,0.7785951896
S8qNkCbs,2024-07-01,GRASS,2LhiB9IJ,2.990641136,0.1792274019,2.857441671,0.1134064865,-0.9597502049,2.889549321,0.1959878498,2.784192296,0.1253860604,-0.6994397921
UN2zV1mR,2024-07-01,GRASS,GU42elks,2.857864358,0.125044594,3.03672718,0.09497219941,2.19891355,2.809938159,0.1225473539,3.024816469,0.09461718598,2.759061313
UN2zV1mR,2024-07-01,GRASS,OY0ZExo5,0.8062190911,0.2869076495,0.6989236725,0.154981492,-0.4443846581,0.7896976547,0.2949856364,0.7042554952,0.162611818,-0.347159751
UVIl1FL0,2024-07-01,GRASS,xCyEhjAS,3.390567093,0.1652684815,3.379963098,0.1070858005,-0.08423750841,3.170672637,0.1747987249,3.196659948,0.1237083351,0.2104332891
UVIl1FL0,2024-07-01,GRASS,MewU5OwE,1.887864223,0.2116687105,1.900830653,0.1133308414,0.072530161,1.914987006,0.1959994478,1.884951051,0.1070367438,-0.1829322205
W6kMb7sC,2024-07-01,GRASS,tlZeVkkp,2.353826816,0.2564600482,1.934706224,0.1404160326,-1.952990637,2.443111953,0.2693211428,2.020676618,0.1548167192,-1.916882902
W6kMb7sC,2024-07-01,GRASS,MysmW1jf,2.019848464,0.1782054007,2.145562662,0.1116656599,0.9051933341,1.862585315,0.1962620317,1.980736599,0.1245205741,0.7788394489
WxYPZZRP,2024-07-01,GRASS,AsWv5414,2.565710643,0.1266516986,2.732834651,0.09050684272,1.886371104,2.751887369,0.1231927289,2.910601384,0.08850688193,1.852162533
WxYPZZRP,2024-07-01,GRASS,6XSnpS5h,2.361165524,0.177208019,2.241283528,0.1139266076,-0.8832201224,2.372007847,0.190538002,2.23877871,0.1323680653,-0.9721019599
YkGzaeKc,2024-07-01,GRASS,MDM4BKiA,3.52138616,0.1643986717,3.425713412,0.1100497071,-0.7833615959,3.529720505,0.1686354256,3.398798898,0.116386076,-1.072832866
YkGzaeKc,2024-07-01,GRASS,hQQLzcNT,2.417297209,0.1483403046,2.304464285,0.1032261822,-1.059139563,2.310451988,0.1443563991,2.14918676,0.1104086859,-1.734065582
dQhieYzK,2024-07-01,GRASS,KfdYy5Pq,1.949349125,0.2334194791,1.907310913,0.1423074113,-0.2272061843,2.181855911,0.2358653907,2.147818093,0.1502866371,-0.1872404073
dQhieYzK,2024-07-01,GRASS,GlqMuuhi,1.771048154,0.1751708763,1.848886743,0.1196835391,0.6085470955,1.681895254,0.180786401,1.94174727,0.1242809133,1.979169266
fyVIbnQE,2024-07-01,GRASS,QoLeDQFG,2.014858965,0.1530572445,2.026761892,0.107674093,0.109423307,2.155695378,0.1511809851,2.22378531,0.1095654066,0.6536507723
fyVIbnQE,2024-07-01,GRASS,OMXPbN89,1.786149371,0.1808839878,1.734261226,0.1337613451,-0.4261305531,2.044973648,0.180618092,2.022337086,0.1347383244,-0.188191074
fyX7MhQc,2024-07-01,GRASS,8Gag74BD,1.790938167,0.1950988441,1.702315957,0.1203850155,-0.5772361304,1.776586461,0.234746334,1.743050031,0.1436132794,-0.1806036339
fyX7MhQc,2024-07-01,GRASS,21U8Dqna,2.551045863,0.1574035525,2.473010307,0.1107553748,-0.6977166078,2.384407889,0.1601003171,2.338640335,0.1154877943,-0.4127613945
hfwlyhSj,2024-07-01,GRASS,KQGnhml2,1.83230168,0.21337902,1.603428688,0.1267657735,-1.333430772,1.592943217,0.235623511,1.327234517,0.1512928743,-1.470972404
hfwlyhSj,2024-07-01,GRASS,QwU996PK,3.460491169,0.147668332,3.625508732,0.1070754659,1.622757045,3.524162348,0.1545613703,3.741912331,0.1109236196,2.023051618
jNEdUDkm,2024-07-01,GRASS,pCVKwJRi,1.278562468,0.4193007472,0.9790359911,0.178559406,-0.7895144371,1.279093459,0.4315721654,0.975311257,0.1882412582,-0.7822277156
jNEdUDkm,2024-07-01,GRASS,WxLdKcAs,3.020275369,0.1435751588,3.196432058,0.09655937104,1.657868091,2.928089767,0.148056771,3.101628887,0.09878810075,1.573620183
jmUnp8SI,2024-07-01,GRASS,CWtkHlUE,2.27877805,0.1527366703,2.322195965,0.1037518303,0.3873505448,2.286721272,0.1566195301,2.319916327,0.1068429844,0.2898688812
jmUnp8SI,2024-07-01,GRASS,OKBlwX8r,1.85479494,0.1786665108,1.69864172,0.1164711967,-1.152549965,1.692884375,0.1908623709,1.543201108,0.1347731755,-1.107561233
lzjFHz6s,2024-07-01,GRASS,fJjFPDOb,1.766598156,0.1484723673,1.904159842,0.1091888339,1.367312245,1.658288962,0.1435320603,1.773583804,0.1123532747,1.290795915
lzjFHz6s,2024-07-01,GRASS,f5BXmEH6,4.039307684,0.1455088444,4.185648473,0.09826404862,1.363627333,4.05181791,0.1498481875,4.217533516,0.1017517592,1.506439602
nLUOx53e,2024-07-01,GRASS,xGn9KNfO,2.647607887,0.1545404867,2.702394831,0.1137364354,0.5236411577,2.748180582,0.1530796865,2.813249329,0.1165184132,0.6553953769
nLUOx53e,2024-07-01,GRASS,028BdVOj,2.542631962,0.143342462,2.674327353,0.09262834785,1.203862846,2.340635386,0.1208174194,2.58063292,0.09295416858,3.109681392
nZ9ci4Il,2024-07-01,GRASS,xU3quIf5,2.091951316,0.1520451134,1.978183406,0.117143155,-1.173726255,2.021270498,0.1500484887,1.914771763,0.1155825786,-1.113038377
nZ9ci4Il,2024-07-01,GRASS,YsJXLo1O,2.143062785,0.1692846596,2.343024022,0.1127512465,1.583583653,1.91581673,0.1955217016,2.077288045,0.1358033127,1.147926888
nuopKpZ8,2024-07-01,GRASS,n5XviZ0t,1.530170002,0.166364,1.594714309,0.1157061735,0.539953155,1.522184859,0.167008822,1.580118719,0.1256637613,0.5266591413
nuopKpZ8,2024-07-01,GRASS,Y1ZrrUtl,2.811688308,0.1529856789,2.699834854,0.1057305558,-1.011609994,2.7669381,0.1553471217,2.665757944,0.1091866292,-0.9156290918
rHiVDh56,2024-07-01,GRASS,v93ljkqM,1.807711424,0.1928301522,2.042437188,0.1134249382,1.505201329,1.82093037,0.1989764803,1.947544306,0.1309432913,0.8451171648
rHiVDh56,2024-07-01,GRASS,4IwCdyAG,2.31895768,0.1599897932,2.163489807,0.1101509502,-1.33986683,2.144123149,0.16513685,1.980272267,0.1203543644,-1.449099853
rmOXzqY7,2024-07-01,GRASS,UqnOkX4F,1.626578651,0.2138700493,1.597713712,0.1270257093,-0.167760259,1.550146606,0.2579831669,1.549671085,0.1668445674,-0.002416641124
rmOXzqY7,2024-07-01,GRASS,zHMiAkw6,2.909677185,0.1523397925,2.889973062,0.1029900821,-0.1755351022,2.789683668,0.1548566933,2.809122477,0.110549881,0.1792580043
rsHY7BKP,2024-07-01,GRASS,dMopwFzs,1.572124244,0.2012853373,1.665636861,0.1221532985,0.584518265,1.44593253,0.2085170969,1.625540676,0.1344433384,1.126864837
rsHY7BKP,2024-07-01,GRASS,KjsokFUj,3.33917165,0.1680782944,3.259313164,0.1082612448,-0.6211365215,3.339067065,0.1722253224,3.223882225,0.1112151626,-0.8759177012
vqovCWZI,2024-07-01,GRASS,fBPsm3Iq,2.521447627,0.1659320986,2.459706826,0.1352699803,-0.6424542377,2.361276897,0.1710493529,2.280608783,0.1388211381,-0.8072232587
vqovCWZI,2024-07-01,GRASS,nFb01JTe,2.214862593,0.275738294,2.181002579,0.1355943953,-0.1410273726,2.259323014,0.2310123131,2.222643783,0.1236883771,-0.1879926703
xtOIj9b4,2024-07-01,GRASS,bstrYIDU,1.848077876,0.1774255793,1.802113094,0.1273188891,-0.3719712995,1.984872662,0.1750479425,1.974652638,0.1321809203,-0.08905518884
xtOIj9b4,2024-07-01,GRASS,GWuBzqkB,2.016850975,0.1889571687,1.901155396,0.1088259232,-0.7489723786,1.986026451,0.2408458672,1.726938435,0.1351717618,-1.299747323
0APGmDbU,2024-07-02,GRASS,ETkoNgxJ,2.398813281,0.182171762,2.177100586,0.1224924231,-1.644250021,2.150418526,0.1973533549,1.951912914,0.1318469061,-1.351763372
0APGmDbU,2024-07-02,GRASS,GhO8JUQF,1.644874042,0.4578161133,1.21786889,0.1796593416,-1.014043446,1.582817987,0.4686030101,1.138260574,0.1913681922,-1.039301318
88ERWNIE,2024-07-02,GRASS,KGdcQnEf,2.799245512,0.1565237156,2.930547497,0.1034334406,1.117668251,2.851705518,0.1602293193,2.968970613,0.1056017322,0.9731054222
88ERWNIE,2024-07-02,GRASS,bLI5Djkk,1.185273121,0.2646932455,1.328752495,0.1669170327,0.6984365831,1.018551311,0.2872781703,1.155679534,0.1721466714,0.596241956
8Gnr4YrB,2024-07-02,GRASS,WMS3AdAb,2.771522077,0.1548741228,2.791154002,0.1078476106,0.1766214715,2.647306253,0.1583173131,2.687966119,0.1134896113,0.368351508
8Gnr4YrB,2024-07-02,GRASS,K4Sih0XH,2.036446449,0.2447185698,1.618598148,0.1429717221,-2.103854477,2.016824384,0.3259586779,1.413606024,0.1950742415,-2.309925462
CMUOC2Rr,2024-07-02,GRASS,SjM2LLB8,2.670569601,0.1715600814,2.639364543,0.1107673977,-0.238189583,2.683172216,0.1689638169,2.634321889,0.1130210321,-0.3889399383
CMUOC2Rr,2024-07-02,GRASS,Uwhd6a1e,1.404619643,0.2126111046,1.646726113,0.1379106146,1.496191568,1.483604521,0.2218025314,1.806015631,0.1476836841,1.948258367
ClgZ5fEb,2024-07-02,GRASS,KGQ2bDHb,2.075607742,0.1783495788,1.934662667,0.1135262691,-1.024672839,1.942340923,0.183236986,1.878323833,0.126704005,-0.4836213625
ClgZ5fEb,2024-07-02,GRASS,hIA4C9YT,3.10882649,0.1382314482,3.142400895,0.09839594394,0.3458124751,3.128576726,0.1365368354,3.207319066,0.09918953534,0.8392176892
EDkj2CDN,2024-07-02,GRASS,SfXC2Wt1,2.226428946,0.1821117411,2.182921975,0.1159890799,-0.309886107,2.342912775,0.1728810663,2.330847306,0.1227810221,-0.09913507131
EDkj2CDN,2024-07-02,GRASS,4Qyc8N2g,1.678188718,0.1961607783,1.748514372,0.1171122683,0.446894925,1.810512279,0.1955182102,1.817964501,0.1333377752,0.05211419598
GE1EmMHD,2024-07-02,GRASS,Gj20DdaG,2.246318211,0.2444495513,1.996633741,0.1154625594,-1.158831638,2.218294548,0.2925530151,1.838109283,0.1299545985,-1.450507087
GE1EmMHD,2024-07-02,GRASS,EgKYrSR5,3.320539999,0.1750276533,3.384158625,0.1392322665,0.599827341,3.077332197,0.1880467763,3.227984397,0.1473083964,1.288905557
MJCHIXc4,2024-07-02,GRASS,zNoTPac0,2.50118136,0.1414186239,2.458380592,0.1048080713,-0.450796826,2.439912789,0.1395445104,2.40004365,0.1104564995,-0.4675294414
MJCHIXc4,2024-07-02,GRASS,bigXsmFf,2.01695376,0.151667302,2.236847887,0.09859596768,1.908029438,1.96264515,0.1523928438,2.107305357,0.1093127816,1.362399238
QiJ8KgTi,2024-07-02,GRASS,QqnrZJm5,1.614068611,0.2099152156,1.722652505,0.1316004866,0.6639545493,1.58346034,0.2136489139,1.69623705,0.1540715804,0.7619385945
QiJ8KgTi,2024-07-02,GRASS,OKXs3Wah,3.023014385,0.1386705682,2.896460659,0.1003545348,-1.322400208,3.083057325,0.1373492155,3.023718689,0.102665148,-0.650360168
YZ5ZzzFO,2024-07-02,GRASS,OU6w8nNa,1.536249062,0.2214594343,1.563649883,0.1624209747,0.1820111914,1.418062592,0.2157575759,1.409359119,0.1592582925,-0.05979244252
YZ5ZzzFO,2024-07-02,GRASS,r9RckFqs,2.205050556,0.155718406,2.145613705,0.10395069,-0.5126443298,2.120945681,0.1569179236,2.073417177,0.1099326529,-0.4244623768
bJ4kb3Ck,2024-07-02,GRASS,h6Lq4OGA,1.68867345,0.1402108971,1.722560198,0.100987622,0.3483939893,2.019927665,0.1380335277,2.06727257,0.1004574402,0.5001283841
bJ4kb3Ck,2024-07-02,GRASS,KQ3uLtiT,1.699013832,0.1826014279,1.516739725,0.1488138447,-1.722503674,1.831222963,0.1993647492,1.656787299,0.1549989484,-1.391190196
boRMdjyo,2024-07-02,GRASS,0QlxEb7i,2.232244807,0.2011296562,2.012557597,0.1284644822,-1.419553861,2.143281395,0.2446447898,1.781171122,0.159215595,-1.949494711
boRMdjyo,2024-07-02,GRASS,dGbzUtWd,1.797303957,0.1597207529,1.905317418,0.1199582806,1.024262411,1.848692515,0.1522161928,1.96215152,0.1162516955,1.154664459
buz6LhQb,2024-07-02,GRASS,8jMJmh84,2.405249595,0.1533560198,2.388569895,0.1002980306,-0.1437778346,2.477997156,0.158353186,2.509410119,0.10257784,0.2603903627
buz6LhQb,2024-07-02,GRASS,Ova6pdYE,2.095391346,0.1358443886,2.132172379,0.0986620908,0.3938931084,1.98929104,0.1357074909,2.045003176,0.1045740168,0.6441334437
f5lhIO3L,2024-07-02,GRASS,8fh5VQUc,1.677995034,0.2481663732,1.193817721,0.1653109216,-2.61588145,1.759044104,0.2730529999,1.256188283,0.1835038356,-2.486939894
f5lhIO3L,2024-07-02,GRASS,YuOTpKxj,2.006363155,0.2012900022,1.984430628,0.1544395035,-0.1698914907,2.044409424,0.1791761543,2.126413197,0.1328198824,0.6818754332
fXAPGBSG,2024-07-02,GRASS,0SeXj3jT,2.697907952,0.1399280903,2.744334361,0.1030085313,0.4902192333,2.980063947,0.1318995562,3.082294246,0.1012978253,1.210165586
fXAPGBSG,2024-07-02,GRASS,OGYNaUZG,1.932129328,0.1673053265,1.692190151,0.1126586931,-1.939850895,2.144380352,0.1701735357,1.984091968,0.1210397018,-1.340004226
h2Fvn0NP,2024-07-02,GRASS,f7a53rOM,3.354118972,0.1455465538,3.389867692,0.1072124681,0.3631738776,3.429810424,0.1459973487,3.493684663,0.1069706132,0.642853287
h2Fvn0NP,2024-07-02,GRASS,K25VJT7h,1.878709996,0.1781217916,1.833645258,0.1125947132,-0.3265063301,1.73972043,0.1725788797,1.571820731,0.1294915582,-1.471705984
hQcRxdpC,2024-07-02,GRASS,rBZ5EARu,2.011491595,0.1534071939,2.012501832,0.1062621108,0.009130503014,1.989198104,0.1532701953,1.908683551,0.115536117,-0.7994435016
hQcRxdpC,2024-07-02,GRASS,8EI3pJOd,2.994370067,0.1286465463,2.989928194,0.09552319871,-0.05154784193,2.820565964,0.122615635,2.90449785,0.09657388634,1.110918027
hvw0iea5,2024-07-02,GRASS,hAR7VtG4,2.176895226,0.1532550101,2.185293313,0.1076231044,0.07697101992,2.201745317,0.1498079753,2.298487756,0.1112845397,0.9646223386
hvw0iea5,2024-07-02,GRASS,Gloq9MUN,3.033967528,0.1515625652,3.045016633,0.09863284052,0.09601466867,3.167738564,0.1538334983,3.178195892,0.09936956637,0.0890495548
lOXVmjTg,2024-07-02,GRASS,fkFeyKHL,1.991004881,0.1626244001,1.785557801,0.1096389824,-1.710516135,2.037962647,0.1658945657,1.775808437,0.1158555415,-2.207854128
lOXVmjTg,2024-07-02,GRASS,046jJj30,2.305184195,0.1853073467,2.176504973,0.1195900333,-0.9090581842,2.232903407,0.1977704714,2.132158548,0.1360214572,-0.7017298705
p0fJvIFa,2024-07-02,GRASS,UDzElXdm,4.17542752,0.1710339356,4.10028655,0.1041679165,-0.5539217152,4.186076559,0.178958692,4.138281973,0.1054139949,-0.330490575
p0fJvIFa,2024-07-02,GRASS,ra7IoKGO,1.887073717,0.2582419945,2.142553994,0.1321170097,1.151395992,1.870447505,0.2749936654,2.137986066,0.1443694703,1.143087424
pEZigHUh,2024-07-02,GRASS,My7MkGPr,2.336488287,0.193531739,2.171342056,0.1071154541,-1.024571557,2.258469759,0.2032417764,2.10078845,0.1145615462,-0.9392638222
pEZigHUh,2024-07-02,GRASS,x81l09qG,2.878562209,0.1435217235,2.825338649,0.1081775996,-0.5642925087,2.78741556,0.1442278227,2.778838831,0.114047413,-0.09714440243
pzTWAtde,2024-07-02,GRASS,W2BCKjLQ,2.722933649,0.1444126889,2.927360124,0.1008218473,1.977191331,2.556469806,0.1442397403,2.812555063,0.1006745464,2.479177896
pzTWAtde,2024-07-02,GRASS,AgIGoHjL,2.575927494,0.1690240895,2.437062291,0.1210239419,-1.176893558,2.86835629,0.1736034025,2.726251693,0.1292927067,-1.226611389
r136krm1,2024-07-02,GRASS,O81eud9p,2.268293259,0.1505287541,2.240490447,0.1075088951,-0.2638837763,2.154869981,0.1473275467,2.167025522,0.1138820526,0.130050168
r136krm1,2024-07-02,GRASS,KdojxrAR,3.38589172,0.1421088804,3.537005374,0.1012512881,1.515453351,3.271638248,0.1368540417,3.447484114,0.1014660778,1.914802654
vcl6PuBl,2024-07-02,GRASS,8fw1CCQC,2.805772808,0.2111706009,2.56370103,0.1237975853,-1.414991127,2.740219131,0.2210379832,2.505572488,0.131096361,-1.31849897
vcl6PuBl,2024-07-02,GRASS,f1PZMn7P,1.949544473,0.1412108236,1.996516502,0.1039521956,0.4914715808,2.018037251,0.1400607489,2.103460534,0.1088373735,0.9690039032
zPsFNJu1,2024-07-02,GRASS,jNyZsXZe,5.302309716,0.1789218054,5.099652734,0.106529899,-1.409776426,5.067727233,0.1927590392,4.821995624,0.1145749367,-1.585245427
zPsFNJu1,2024-07-02,GRASS,IJAxNUl3,2.272460237,0.1484434145,2.252556909,0.11127475,-0.2025750962,2.293798392,0.1515056603,2.312769733,0.1179479764,0.1995078677
EJAaOdVI,2024-07-03,GRASS,x0QCtJlk,1.888025137,0.1418796754,1.846485196,0.1089676602,-0.4571764829,1.9999453,0.1384679583,2.007878735,0.1100434263,0.09439337146
EJAaOdVI,2024-07-03,GRASS,0flvkwYe,2.079656602,0.1491778978,2.138336466,0.1068137161,0.5634778063,2.188827181,0.1450967715,2.276309333,0.1078488462,0.9012698273
EgR8kZTH,2024-07-03,GRASS,2FyACZYi,2.74063294,0.1553921354,2.819799357,0.09660594416,0.6504362095,2.612078475,0.1544064435,2.695389129,0.09448318213,0.6821806986
EgR8kZTH,2024-07-03,GRASS,GUIVvvjL,2.779263554,0.1447607963,2.735292769,0.1128742052,-0.4851295619,2.852050375,0.1418683703,2.820836888,0.1134925134,-0.3666828609
Op6Atvom,2024-07-03,GRASS,W6pL8zuB,2.336609339,0.1565966955,2.34655372,0.1052555352,0.08576631467,2.399505134,0.1568088753,2.424971901,0.1124652362,0.2330562987
Op6Atvom,2024-07-03,GRASS,lSABz6E8,2.941853923,0.1537618052,2.875871751,0.1058111935,-0.5914251236,2.963045319,0.1560096802,2.952799678,0.111006422,-0.0934648672
lntqew0t,2024-07-03,GRASS,rysUUciD,2.310418861,0.1627410985,2.248964608,0.1143107186,-0.5305331267,2.179767595,0.1634565337,2.106984721,0.1209223719,-0.6617768531
lntqew0t,2024-07-03,GRASS,tG91oxJ8,1.702807547,0.1848420283,1.522287163,0.1298145339,-1.371885868,1.732126662,0.1863697588,1.575612906,0.1342179017,-1.210442664
pvJrSvWg,2024-07-03,GRASS,bHSsQ9ek,2.042510001,0.2286714705,1.746242902,0.1247517587,-1.545919631,2.032637868,0.3144973355,1.57041771,0.1917021427,-1.853947165
pvJrSvWg,2024-07-03,GRASS,vw1oqIPi,2.240758775,0.1678941483,2.40173735,0.1114247587,1.281773725,2.219486619,0.174196722,2.286235056,0.1198282298,0.527928815
t6CiQI06,2024-07-03,GRASS,pS5UjYbG,3.711340724,0.197819555,3.522205066,0.1064652357,-1.134406615,3.439298801,0.2212070633,3.286912468,0.1143766172,-0.8048187434
t6CiQI06,2024-07-03,GRASS,2PPTHPya,2.594554161,0.1672065142,2.471817571,0.1173094038,-1.030108739,2.462271135,0.1812606911,2.394257739,0.1304846557,-0.5405863508
vyeR7Gqn,2024-07-03,GRASS,vXvzyRlq,2.492322485,0.1495055115,2.444561095,0.1031134523,-0.4411864423,2.528763451,0.1503521035,2.464151931,0.1089668416,-0.6236917152
vyeR7Gqn,2024-07-03,GRASS,jyngIesG,3.278147433,0.1730274946,3.211622878,0.09871079235,-0.4681266299,3.126847895,0.1839185203,3.066007174,0.1031560345,-0.3995693425
2qNnmbhS,2024-07-13,CLAY,jqcBin0G,1.079893026,0.2692430751,1.238341014,0.1682524187,0.7538055623,1.425732682,0.2411813182,1.539690401,0.1269889396,0.5557773417
2qNnmbhS,2024-07-13,CLAY,YDVzHVuJ,1.432685301,0.3918794931,0.9316385214,0.1718662527,-1.422696384,1.312897777,0.4129184385,0.7356192257,0.1690118651,-1.532280174
6HTwkKNF,2024-07-13,CLAY,tQUXZxHO,0.7405564524,0.299939026,0.6951337948,0.1636686917,-0.1807159777,0.7838138971,0.2865849525,0.7492911293,0.1362951036,-0.1369405862
6HTwkKNF,2024-07-13,CLAY,4Um0wVmD,0.881699994,0.3364767988,0.6870204229,0.1726937113,-0.6741464203,0.9047188019,0.3257791886,0.7236570082,0.1608076869,-0.6390607713
8pS0fFae,2024-07-13,CLAY,EsWES72T,0.7911010047,0.4811403641,1.186948223,0.2204489881,0.9255987747,0.6560317081,0.4953715427,1.073054134,0.22305064,0.9428205808
CIYidyVr,2024-07-13,CLAY,2kS2AMrn,1.160668589,0.2945456605,1.184435957,0.1506957641,0.0939136117,1.382107297,0.3114746675,1.40920141,0.1490540872,0.09906632152
CIYidyVr,2024-07-13,CLAY,YZQnwtm9,0.590513046,0.2891878272,0.6689014702,0.1798572649,0.3461575793,0.79004956,0.2773385778,0.901622642,0.1567802432,0.4877042078
CjCKcl6m,2024-07-13,CLAY,SYyGD8mf,0.9546149173,0.5480184122,0.5882401948,0.185801798,-0.7106348225,1.295927487,0.5495957566,0.9103613627,0.1649353208,-0.7354438974
CjCKcl6m,2024-07-13,CLAY,prMtFtya,1.279595532,0.3005051762,1.461172433,0.1698923723,0.7325465008,1.38896853,0.2888305909,1.57300145,0.1474362032,0.7409746543
GCWs7D0b,2024-07-13,CLAY,ptenoUxT,0.4578428066,0.3350180801,0.6486527485,0.1595852366,0.6477643398,0.4511064962,0.3950531089,0.6973960167,0.1227261267,0.6558858802
GCWs7D0b,2024-07-13,CLAY,j572Ekuh,1.166289951,0.3531231774,0.9282251906,0.2213878031,-0.8653558648,1.203285769,0.3263897064,0.9599041745,0.1657263339,-0.8655567198
GlIJ6qkI,2024-07-13,CLAY,KOgqqjnp,0,0.8442081452,-1.297078417,0.292202516,-1.637671647,0,0.8579964273,-1.339794269,0.258563682,-1.637671647
GlIJ6qkI,2024-07-13,CLAY,8zSzotZ1,0.9934815615,0.4808229292,1.013124568,0.1553019401,0.04316654297,1.065987263,0.4940747085,1.154595656,0.137931706,0.1867677594
K0VVjtg3,2024-07-13,CLAY,Q3wtrOvH,0.3396028117,0.7219093996,0.765434873,0.233537513,0.6233898808,0.337563468,0.7490740146,0.7900495677,0.1959593279,0.6258555119
K0VVjtg3,2024-07-13,CLAY,ljazqnR8,1.140529887,0.3994197738,1.431766395,0.1327231278,0.7730772654,1.170671048,0.4162009118,1.507263564,0.1241704355,0.8473136643
WvkyVbWq,2024-07-13,CLAY,WfnqI5WD,1.531200951,0.2110379735,1.479019613,0.1502338283,-0.352072075,1.74814234,0.2115980698,1.69233127,0.146819237,-0.3662767097
WvkyVbWq,2024-07-13,CLAY,63iw7jad,0.5854757734,0.341669916,0.4007142612,0.2243520181,-0.7169894098,0.5677481828,0.3065890006,0.3819863348,0.1660804056,-0.7208191745
Y50TeSz0,2024-07-13,CLAY,WSCEkk6I,1.537575967,0.2504774174,1.45420566,0.1173145979,-0.3767200745,1.401860982,0.2774385388,1.454057957,0.1081015802,0.2042841509
Y50TeSz0,2024-07-13,CLAY,UTN9MbHt,0.330111564,0.9573313868,0.8951729181,0.2117469428,0.6052368769,0.3063008287,0.9475987304,0.9054708651,0.1878885477,0.6451117864
bF8IsxGk,2024-07-13,CLAY,OxiK2c23,0.6188887871,0.3574701847,0.5826388959,0.253960209,-0.1440927378,0.6353536311,0.32512254,0.5979167512,0.2049871161,-0.1483478465
bF8IsxGk,2024-07-13,CLAY,xYVwkuJR,0.7724817646,0.5396785051,1.09399615,0.1510817407,0.6205648187,0.8646379691,0.5415149733,1.182120893,0.137290799,0.6060890895
fZTA85K5,2024-07-13,CLAY,pfozD7X0,0.2915353155,0.4338157631,0.1235867923,0.1836484348,-0.4273217552,0.2955124951,0.4830942169,0.1451835323,0.1655548473,-0.3312371004
fZTA85K5,2024-07-13,CLAY,GQ68ufRu,1.165617913,0.394258393,0.6521463109,0.1821003744,-1.468386057,1.278007998,0.4134219932,0.710748039,0.1576389272,-1.484243018
fs2RuGp2,2024-07-13,CLAY,SjItfRhp,0.5852144149,0.322137337,0.4314297967,0.2171853792,-0.6463879773,0.6024704269,0.2889768118,0.5665138768,0.1861599434,-0.1626808817
fs2RuGp2,2024-07-13,CLAY,nTL4I2Xq,1.819498648,0.3981084222,1.796441669,0.1393715922,-0.06182898491,2.061904356,0.4016133688,2.026446411,0.1371680097,-0.09393756399
jsXgCmLt,2024-07-13,CLAY,rsErY1Yt,-3.196092477e-16,0.8442081452,1.375686286,0.2658558222,1.716916455,-3.196092477e-16,0.8579964273,1.454357184,0.2731224907,1.788075338
jsXgCmLt,2024-07-13,CLAY,6s0Bm30D,0.223409493,0.5865458839,0.6706620074,0.2762878356,0.8644257754,0.195542226,0.5672674803,0.6429190118,0.2316655871,0.8639846877
n9Q2ARkg,2024-07-13,CLAY,4AGU3dN1,0.5537871314,0.5053470111,0.9676021194,0.1807518461,0.8768833928,0.5487608951,0.5478867611,1.073105881,0.1569504694,0.9988946953
n9Q2ARkg,2024-07-13,CLAY,ALs3vJ11,1.547562605,0.3899727114,1.441662459,0.1427953434,-0.2918254199,1.604391096,0.4065583921,1.495272385,0.128188824,-0.2828225834
raYZ8ZVo,2024-07-13,CLAY,25RhY8EH,0.2690115198,0.4075436832,0.2534597264,0.1786236456,-0.04245489481,0.2927040204,0.4280093092,0.280312564,0.1541095363,-0.03103278012
tW3yf65C,2024-07-13,CLAY,CQrcqp08,1.471800229,0.3384660218,1.588189175,0.2746246315,0.588299149,1.518888999,0.3094562562,1.637735829,0.2343832065,0.5881799421
tW3yf65C,2024-07-13,CLAY,dhN0o6oN,-4.953435965e-17,0.8442081452,0.7533232563,0.2637723124,0.939373311,-4.953435965e-17,0.8579964273,0.7781319679,0.223585483,0.939373311
tbQ8hgU7,2024-07-13,CLAY,IyMCDvw8,1.367943278,0.2786511282,1.098527917,0.1370936207,-1.110561245,1.43418877,0.2988523085,1.126212413,0.1219876763,-1.128855575
tbQ8hgU7,2024-07-13,CLAY,44zKPsKi,0.5136138859,0.3480083376,0.9712511161,0.1605252699,1.48211019,0.5415038013,0.3394477802,0.9910695954,0.136107993,1.445710544
tzrM1c7L,2024-07-13,CLAY,KzaX6MH4,1.511289256,0.3394710724,1.281475961,0.191324557,-0.8195317066,1.541777021,0.3049077329,1.482041053,0.1627482554,-0.2316779747
tzrM1c7L,2024-07-13,CLAY,fy9ZGfoI,0.6464429699,0.5575483503,0.5834654234,0.2188836259,-0.1228143318,0.6567465464,0.5384366454,0.5932967997,0.1593178888,-0.1233647048
v5hqTx1d,2024-07-13,CLAY,xIMFUBN3,-4.764004933e-14,0.8442081452,1.05897261,0.1697959673,1.280566592,-4.764004933e-14,0.8579964273,1.098842847,0.1637223637,1.30468126
v5hqTx1d,2024-07-13,CLAY,KIRyWIvq,0.5516603543,0.5602135867,0.2975157874,0.2808338926,-0.5242919073,0.6051059731,0.5439355379,0.3504658411,0.2408155621,-0.5220998944
zFftFP44,2024-07-13,CLAY,EkbAYvzQ,0.7272901012,0.3098377397,0.2046727216,0.191165772,-2.14333172,0.5614172192,0.3038874611,0.01972962784,0.1678432588,-2.138266285
zFftFP44,2024-07-13,CLAY,UZH1kwVj,0.6222390483,1.102706898,0.8988807681,0.2455255796,0.2573350454,0.5129637107,1.113770807,0.7949374455,0.2058163312,0.2576069542
zVdphpzP,2024-07-13,CLAY,UeJstJ4j,0.7137595354,0.3354676986,0.6242957871,0.1553851274,-0.3009092935,0.8167372032,0.3470445086,0.7094282699,0.1419686182,-0.3388584474
zVdphpzP,2024-07-13,CLAY,UTOJG35K,1.250730475,0.2689921756,0.6920881622,0.1482865963,-2.489184045,1.247121336,0.3441772966,0.6124936083,0.1872640606,-2.197665445
8p673FmR,2024-07-15,CLAY,Ojnpq17F,1.561801646,0.2243706881,1.557355747,0.1178531768,-0.02328594714,1.654292224,0.2500754782,1.744531146,0.1216412538,0.4129975325
W0xwpDdf,2024-07-15,CLAY,xQIgg881,1.662704759,0.2724024721,1.677672324,0.1316567506,0.06276406256,1.670748761,0.2670222575,1.703624534,0.1240786222,0.1390430108
YRiPjx4L,2024-07-15,CLAY,S6JNQ85M,1.93640993,0.19455661,1.929434841,0.1025360353,-0.04218531622,1.852514257,0.2004643491,1.847303221,0.1030240347,-0.03030286996
YgEdkPSG,2024-07-15,CLAY,jkvDHTob,0.831834073,0.5905528634,-0.01561323534,0.2378616092,-1.567803106,0.8179825515,0.5711330257,-0.03014697988,0.1840145838,-1.568643769
h27EdpK6,2024-07-15,CLAY,Em3nvKqP,2.14238394,0.2585028226,1.678717441,0.1406806332,-2.137991172,2.036512488,0.2499477604,1.662786031,0.1312942639,-1.757167611
jNKnw5qA,2024-07-15,CLAY,dvDRCAx9,1.763899521,0.3547605277,1.297311325,0.1546809927,-1.461454315,1.846593769,0.3687320893,1.32923666,0.1493900113,-1.534664284
xt8MWGCk,2024-07-15,CLAY,boU2UKtN,1.735988178,0.2348713191,1.735150558,0.1222171464,-0.004176241994,1.698231721,0.2302931065,1.690154141,0.1254014826,-0.04181886768
6cHNvIKE,2024-07-16,CLAY,rwvAgOWm,1.632490655,0.3299802247,1.91901181,0.1348096661,0.951308121,1.511657153,0.3365983434,1.908653286,0.1345428055,1.286694305
IcC3VDs1,2024-07-16,CLAY,rwWwX7oC,1.472254501,0.2171542011,1.48479032,0.135893896,0.07401104841,1.612685107,0.230430961,1.641075314,0.145889338,0.1591675146
KOPCsYQ7,2024-07-16,CLAY,O8s9yjMD,1.775994886,0.2726642918,1.668712695,0.1232042804,-0.4410518169,2.053384817,0.2688295789,2.005145369,0.1183344353,-0.1998451421
OdW3qfde,2024-07-16,CLAY,pOg9NpbD,0.6142846622,0.3079162549,0.7179944241,0.1825101019,0.4181896823,0.6343994439,0.2947289488,0.7604588133,0.1754544996,0.5323138331
QNFBTiCD,2024-07-16,CLAY,GhrNHJ5h,1.638472786,0.230522666,1.600728725,0.1109289694,-0.1867797883,1.589014069,0.2251438176,1.61675304,0.10506243,0.1393027998
QNFBTiCD,2024-07-16,CLAY,Kp8Z0oRo,0.4503900638,0.3992224125,-0.2429168674,0.170982385,-1.921826613,0.4600315745,0.4088885718,-0.276145497,0.1783833388,-2.000885689
buUuD54m,2024-07-16,CLAY,WUunsrrI,1.330132774,0.3201172816,1.203370372,0.163275999,-0.4603731223,1.22161812,0.3184260503,1.10341173,0.1622020717,-0.4313824937
zZrUoZRs,2024-07-17,CLAY,fLqCAoUb,1.551460952,0.279738859,1.42459037,0.1899047995,-0.6176695465,1.504072791,0.2744759872,1.423421041,0.1837944635,-0.3956338686
0rmxg4uH,2024-07-20,CLAY,vkOnO123,1.078344681,0.3500096829,1.375259503,0.1324425001,0.9164484614,1.042314523,0.3474255475,1.374501833,0.1279487565,1.02842088
0rmxg4uH,2024-07-20,CLAY,hnSjsqNn,-0.02200902379,0.5479139839,0.4990082668,0.2288453875,1.046566561,-0.07767146606,0.5763575126,0.009136006804,0.2194953342,0.1628885154
0t8IYZg2,2024-07-20,CLAY,IaIL1xKN,1.492599772,0.3779548354,1.328374633,0.1639139003,-0.4822188395,1.539638106,0.3566385499,1.338262167,0.1260573537,-0.6036133382
4hLUIWcm,2024-07-20,CLAY,jR0q9v5K,-2.335215212e-14,0.8442081452,-0.01456702735,0.259509401,-0.01813325971,-2.335215212e-14,0.8579964273,-0.03516013323,0.2484056316,-0.04281291749
ERtaoDw8,2024-07-20,CLAY,j3kiI4W8,0.5836201018,0.4727212517,0.7131251902,0.2472677872,0.3214366797,0.6486179896,0.4866752139,0.7912521352,0.2333842226,0.3339869211
KUnC0krJ,2024-07-20,CLAY,Oxue6Cgb,0.8209726389,0.3912618037,0.7177232299,0.2162647326,-0.3166573394,1.154553434,0.4061243854,1.038096281,0.2135148472,-0.3370992754
Kpuqkevq,2024-07-20,CLAY,APJPAjJh,0.8721612541,0.8958202681,0.4876288694,0.2831443015,-0.4524463845,0.8706253968,0.92034978,0.4709701836,0.2511949026,-0.4513804341
W2eLdnth,2024-07-20,CLAY,tKY1K8z4,1.565459437e-15,0.9456281855,0.414309427,0.2602043755,0.4557238087,1.565459437e-15,0.9579577976,0.4423034743,0.2505875131,0.4783716965
W2eLdnth,2024-07-20,CLAY,r7vRlR2g,0.728160112,0.924557416,1.721556599,0.238740398,1.11217476,0.7367104058,0.9121453451,1.729949186,0.1848392667,1.111974406
WSvCV9sg,2024-07-20,CLAY,fXSY8gS6,-1.003793291,0.5735641918,-0.7762114587,0.2582904207,0.4443958096,-0.9818927288,0.6110587941,-0.7280565177,0.2366966135,0.4505804122
WvDMqqpT,2024-07-20,CLAY,Krn6dKDD,0.7911397883,0.4963196029,0.4380876492,0.1853117918,-0.7667934709,0.8010919309,0.5091543437,0.4645626569,0.1766015596,-0.7047056882
WvDMqqpT,2024-07-20,CLAY,6L5yEis0,1.676641181,0.2137904823,1.47442108,0.166972473,-1.514574031,1.64486436,0.2237492995,1.419627518,0.173124944,-1.589034102
dl5Av5QN,2024-07-20,CLAY,YDN2k7yT,0.4269701805,0.3479106762,0.9484606765,0.1631572552,1.697113305,0.4199299976,0.4054358911,1.052565827,0.1293451556,1.646417087
dl5Av5QN,2024-07-20,CLAY,88JkTZXP,0.4592254336,0.3899116295,0.09738209938,0.2521935876,-1.216808004,0.5163707914,0.370337988,0.1530663634,0.2173714729,-1.211688996
jkee4Xrf,2024-07-20,CLAY,xI9rCXEU,0,0.8442081452,-0.7920365391,0.2957421558,-1.001676321,0,0.8579964273,-0.8181201704,0.2628224095,-1.001676321
l2lDfHGL,2024-07-20,CLAY,OhCrR0NO,1.066509747,0.2691601851,0.9846059462,0.1838794071,-0.4166874313,1.093600007,0.2764547545,1.006606401,0.1833081599,-0.4203749922
lGqm04U9,2024-07-20,CLAY,d2HpmHB6,0.7915606143,0.9087178206,0.4472366883,0.2628991138,-0.3958394468,0.7921874908,0.9326039841,0.4350888295,0.2256399887,-0.394629502
lGqm04U9,2024-07-20,CLAY,YLn2EJSQ,0.3575903801,0.5470660667,0.09123709648,0.3011486117,-0.58319056,0.5885961367,0.5394100692,0.3225952285,0.2841322242,-0.5801410589
nyubOhzQ,2024-07-20,CLAY,G4foPjmA,0.3732037434,0.598524255,0.5147334556,0.2851563239,0.2689507087,0.4323174746,0.5899858323,0.575692773,0.2591185302,0.2704997536
nyubOhzQ,2024-07-20,CLAY,v7vDWRvO,2.428089619,0.6629226836,2.255318444,0.1714051377,-0.2697946989,2.511209707,0.6667556372,2.369398264,0.1526606608,-0.2184928833
pCt4XVCt,2024-07-20,CLAY,C6Gh75fM,0,1.415906705,1.083019516,0.3179816623,0.7849452587,0,1.424170732,1.09569863,0.2823976421,0.7849452587
tbGgDSRO,2024-07-20,CLAY,hfzer6K1,1.178329981,0.2647039804,1.347461514,0.1229139894,0.7214393855,0.8727101589,0.318731175,0.9926919057,0.1396372196,0.4187621143
tbGgDSRO,2024-07-20,CLAY,hE0NYjnh,0.2191636872,0.9443408673,0.3150780504,0.303565694,0.1072604898,0.2941224863,0.9346353163,0.3904726008,0.2717014719,0.1077414592
x6JxHASa,2024-07-20,CLAY,jy1nvLTe,1.431288188,0.4408422897,1.443691826,0.1593121536,0.03017554518,1.238324148,0.4569859855,1.242200443,0.1809122999,0.009236950045
x6JxHASa,2024-07-20,CLAY,0llvOkD9,1.825528911,0.7170666537,1.241415247,0.2081962113,-0.8512579616,1.781597473,0.7249052735,1.183526363,0.1682976311,-0.8482095907
zoe3hDS0,2024-07-20,CLAY,vycI5UGq,0.8720170206,0.3231273441,0.9591094103,0.1678781592,0.3154440669,0.9429861018,0.3204262283,1.028448318,0.1610303098,0.3085013074
bkTEx9gL,2024-07-21,CLAY,zk2irZZG,0.7042889926,0.306400084,0.7510937654,0.2021466062,0.2032728843,0.9932421165,0.3007499783,1.046803141,0.1922444272,0.2315804535
hGtys9SG,2024-07-21,CLAY,jVCKq0LH,2.0978601,0.2374212316,2.087996082,0.1662388368,-0.05819151197,2.179504585,0.2488613765,2.081290925,0.1689001276,-0.5373631736
tde1UVrB,2024-07-21,CLAY,Gt68t7pq,-7.529401338e-15,0.8442081452,1.175388743,0.2235990254,1.443863155,-7.529401338e-15,0.8579964273,1.165461383,0.2214746595,1.406001392
GxdxB3R6,2024-07-22,CLAY,fc9W6odL,1.731309547,0.2327709121,1.529452727,0.134786281,-1.063657931,1.710118965,0.2389707398,1.546843742,0.1364598734,-0.8322819817
MefMEoSs,2024-07-22,CLAY,neHPGJlB,1.313275743,0.5450736321,1.176007578,0.2368262693,-0.2796047625,1.335754783,0.5516829067,1.200718565,0.2320340217,-0.2697950973
jD3jK74K,2024-07-22,CLAY,WQ5OxBkB,-2.128599819e-16,0.8442081452,1.189690896,0.1824844003,1.443363021,-2.128599819e-16,0.8579964273,1.250878419,0.1599146461,1.483908179
nFZqumcT,2024-07-22,CLAY,vZ8lpjnM,1.444630388,0.202927758,1.578173756,0.1409480443,0.9147380252,1.399001351,0.234341179,1.595499082,0.1685852556,1.207194422
nFZqumcT,2024-07-22,CLAY,UD6yIDJ1,1.202147742,0.5593916232,1.521749516,0.2345691873,0.6293418885,1.204174231,0.5991292822,1.549818214,0.2467020992,0.6330709779
x461T4G7,2024-07-22,CLAY,MVSOop0f,1.507196544,0.2358073083,1.66697745,0.1588941181,0.9170438804,1.593068318,0.2427540519,1.734192416,0.1628469354,0.7838969035
0GYiaEMa,2024-07-27,HARD,Cjagsdf4,1.958078273,0.2621049229,2.043832954,0.1267295442,0.3737710104,1.927407777,0.2747001494,1.99143714,0.1181608331,0.2581951091
0GYiaEMa,2024-07-27,HARD,Of1fjykI,1.600024451,0.2535993052,1.40160817,0.1519396723,-0.9772073761,1.643212668,0.2854055662,1.409337222,0.1444679606,-0.950168949
4luq1zhm,2024-07-27,HARD,2kJDi9VA,1.423035507,0.3308824424,1.357477603,0.162645809,-0.227514337,1.377121812,0.349667361,1.310618525,0.1567213433,-0.2127566739
6Dy0chiC,2024-07-27,HARD,8hvtJI4d,1.41835584,0.2454064087,1.379583666,0.125217219,-0.1837049668,1.380328359,0.2590427785,1.36651032,0.1185740738,-0.05999719081
8IgD6dUP,2024-07-27,HARD,A1GedNOl,1.862672669,0.2717638736,1.630469318,0.1436267776,-1.00647429,1.937297456,0.2825109065,1.693323942,0.1322347544,-0.9772523499
bT9Anywf,2024-07-27,HARD,S4ljFw3g,1.824881614,0.235402067,1.638468317,0.1315721159,-0.9549877609,2.034657555,0.2505380438,1.793365878,0.1268669007,-1.11687446
j362lc8s,2024-07-27,HARD,nwkutKbi,2.714362151,0.2187148487,2.753370859,0.1018449546,0.2015374259,2.750645486,0.2291225036,2.785507992,0.09761623466,0.1681841528
M9VsGsgC,2024-07-28,CLAY,dzbgeEFF,2.875990519,0.1947286102,2.776291347,0.1185697511,-0.64543465,2.735498303,0.200870512,2.649171425,0.1248383292,-0.5485706031
MomePoWP,2024-07-28,CLAY,pA0aW3EL,2.561460972,0.2022982029,2.446493186,0.1159415874,-0.6935074395,2.791127531,0.2086910383,2.637292126,0.123662899,-0.9151126236
Y7Nso2hn,2024-07-28,CLAY,QefM3YDk,1.448532555,0.5168863614,0.5901246835,0.19016924,-1.78599797,1.642568568,0.519207169,0.8282214174,0.1911287211,-1.686898109
vRVj8mdR,2024-07-28,CLAY,t4og3DEc,1.630965591,0.5253930265,0.5621137068,0.2205279983,-2.241389323,2.003035561,0.5242257733,0.9374936537,0.2163397515,-2.231484135
x0KbsKiB,2024-07-28,CLAY,l2FaZpEP,1.1971371,0.2736605078,1.138222197,0.1891260478,-0.2978639249,1.379571887,0.2643422248,1.311461976,0.176846923,-0.3466614404
tvh4x3pS,2024-07-29,HARD,jkHNR1ol,2.19097165,0.2841723565,1.98878118,0.135527084,-0.809498292,2.210762054,0.2901541354,1.995838865,0.1301454345,-0.8287661471
AaPIUyn4,2024-07-30,HARD,neAp94aO,3.350547041,0.2118153655,3.373129778,0.1067356954,0.1234319805,3.401862666,0.2207771383,3.405524252,0.1040416154,0.01880386584
YDldvPFF,2024-07-30,HARD,dlm9zwW5,1.547391184,0.3505448859,1.66751776,0.2205791862,0.4409196848,1.515364575,0.3520895233,1.642246216,0.1947077722,0.4325222174
KWZGjtuK,2024-07-31,HARD,vyhksgUB,4.436919258,0.2210005363,4.265420245,0.1028461697,-0.876732276,4.567852587,0.227819564,4.380107675,0.09942350622,-0.9159190704
2JBAtoyI,2024-08-01,CLAY,jNyZsXZe,5.112498135,0.1424493127,4.996284456,0.09665900451,-1.110639527,5.384442423,0.1420648452,5.258544562,0.09888038235,-1.234228091
2JBAtoyI,2024-08-01,CLAY,xCyEhjAS,3.440302306,0.1248144453,3.457859361,0.09286375903,0.2105252037,3.571128494,0.1184725041,3.590404453,0.09137489022,0.2556222705
2aLxGgtS,2024-08-01,HARD,dMsOb1NA,1.652212612,0.1741076851,1.888339532,0.1049071892,1.699328027,1.873219957,0.1887666424,2.142666682,0.09621163811,1.659079034
2aLxGgtS,2024-08-01,HARD,neAp94aO,3.268896247,0.1810808379,3.381055273,0.1045933919,0.7587585837,3.314454543,0.1865401434,3.413449747,0.1013048769,0.6320117176
4vhUxrKj,2024-08-01,HARD,Wl76rX3I,3.182412889,0.1617661326,3.395657883,0.09340672989,1.614590798,3.126177302,0.1713884671,3.350441817,0.09041650434,1.540296337
4vhUxrKj,2024-08-01,HARD,hIA4C9YT,3.152536615,0.1839467345,3.16935757,0.103718193,0.1107242488,3.177994225,0.1957107966,3.186508498,0.1030134127,0.05116566135
hWdO37Uq,2024-08-01,HARD,WMS3AdAb,2.791641996,0.1695320996,2.710862223,0.09840533583,-0.5851529589,2.965905121,0.175931116,2.873546408,0.09550762884,-0.6251014465
hWdO37Uq,2024-08-01,HARD,Y9jUuHka,2.306018843,0.1826237367,2.54204378,0.1017714834,1.556505573,2.38578785,0.1952716433,2.622101576,0.09281845232,1.37550458
nNNDOp0s,2024-08-01,CLAY,dKYVCedT,1.755174958,0.1257917519,1.882319979,0.1005955579,1.683471812,1.996848819,0.1184720426,2.113438248,0.09392642662,1.614717374
nNNDOp0s,2024-08-01,CLAY,AsWv5414,2.801603076,0.1238150786,2.91650411,0.09188985469,1.384608279,2.628896948,0.1258970931,2.743488631,0.09556361407,1.398117415
jVCrlWyK,2024-08-02,HARD,vyhksgUB,4.245762966,0.1838041415,4.265616805,0.09984985585,0.1286555769,4.366899392,0.1874204894,4.380304236,0.09588017679,0.08323993991
vmNEXJAM,2024-08-02,HARD,YmIZde1B,3.35762863,0.1544065562,3.264318451,0.1150866889,-0.9064608613,3.481726709,0.1657270732,3.376547564,0.1151614263,-0.8825409643
vsUNaiC5,2024-08-02,HARD,SfXC2Wt1,2.332554823,0.1887227193,2.200616692,0.115813765,-0.885442225,2.335056015,0.2251081571,2.226373742,0.109946258,-0.5532821155
xOpMoW3M,2024-08-02,HARD,nwkutKbi,2.756359655,0.1471479105,2.798940356,0.09793312656,0.3877128155,2.793716593,0.1470472358,2.831077489,0.09205682897,0.3258219555
xOpMoW3M,2024-08-02,HARD,fJjFPDOb,1.912373062,0.1621674811,2.029921144,0.1061580585,0.9588573276,1.9474682,0.1709240996,2.095417497,0.1007364007,1.071443204
0lCRPU0B,2024-08-04,HARD,bstrYIDU,1.936846849,0.187734839,1.681218782,0.134332252,-1.949190168,2.053704983,0.1962400558,1.780872752,0.1284517693,-1.839003979
8vaQdWWO,2024-08-04,HARD,S4ljFw3g,1.688350541,0.2011851822,1.640220821,0.1305746641,-0.3144609515,1.8798708,0.2063321921,1.795118383,0.1239385742,-0.5137717748
8vaQdWWO,2024-08-04,HARD,GhrNHJ5h,1.715155863,0.1568762509,1.573596154,0.107644874,-1.240476352,1.676881397,0.1710454469,1.517306207,0.1055294242,-1.185455486
CtBmyb9l,2024-08-04,HARD,QoLeDQFG,2.02055112,0.2027315411,2.088654387,0.1053276122,0.3931539577,2.039753298,0.2167486161,2.088007287,0.1018124871,0.2521787943
CtBmyb9l,2024-08-04,HARD,WUunsrrI,1.359366026,0.2553606285,1.164950717,0.1565641937,-0.9637199343,1.445908918,0.2583295731,1.235015832,0.143489491,-0.9817486793
EHLiDiH5,2024-08-04,HARD,S8vyAxRf,1.967161944,1.18234064,1.521337,0.2418015352,-0.3852115159,1.974651259,1.173842005,1.546880966,0.2185591759,-0.3709047919
EHLiDiH5,2024-08-04,HARD,GWuBzqkB,1.880430186,0.1837188666,1.973173424,0.1076664565,0.6230055683,1.912887354,0.2149480908,2.061443663,0.1027400585,0.7868258496
M30zO8VN,2024-08-04,HARD,IyCuT8lL,0.5091299929,0.4383154964,0.6767386175,0.2237981802,0.4447325386,0.5266094481,0.4130772954,0.6942072183,0.1660726915,0.4431188107
M30zO8VN,2024-08-04,HARD,0flvkwYe,2.249380379,0.1751101292,2.140486853,0.1240240281,-0.8808818817,2.028437318,0.1869759411,1.909755857,0.1255669727,-0.8566672342
MsPaBVoI,2024-08-04,HARD,p2l29WXE,1.270786619,0.3948730493,1.189994445,0.2144432162,-0.2436653275,1.348734914,0.4135028287,1.194717465,0.2080890452,-0.4310250093
MsPaBVoI,2024-08-04,HARD,n5XviZ0t,1.653431583,0.1684175071,1.646135667,0.1134999698,-0.0586358656,1.76185647,0.1749344884,1.773022249,0.1099039974,0.08204104306
OpS6MGBG,2024-08-04,HARD,ljazqnR8,1.424858746,0.1717028487,1.39698804,0.1260060044,-0.2389510733,1.370706262,0.1841746825,1.335213461,0.1151683115,-0.2469511927
OpS6MGBG,2024-08-04,HARD,8hvtJI4d,1.348797062,0.1891838717,1.403595675,0.1251143986,0.3861650794,1.303691051,0.1910958601,1.39052233,0.1165269356,0.5733079946
SIYcOxs4,2024-08-04,HARD,My7MkGPr,2.214816988,0.1738040397,2.223330803,0.108272006,0.06262017525,2.155957852,0.185486037,2.146272931,0.1084436158,-0.06435902114
SIYcOxs4,2024-08-04,HARD,8zSzotZ1,1.186622002,0.2076278131,0.9595840012,0.1553225795,-1.647791829,1.099598156,0.2441641864,0.8126163123,0.1583182129,-1.543906549
YLhITC1n,2024-08-04,HARD,A1mr8BP4,1.028090213,0.3058006622,1.07183818,0.1582671936,0.1671944503,1.137351566,0.3212321456,1.248426976,0.1460073552,0.3881953909
YLhITC1n,2024-08-04,HARD,Uwhd6a1e,1.739714377,0.2326417324,1.627417608,0.1435151981,-0.6133088305,1.903769359,0.2465776111,1.785170396,0.1440732963,-0.5926733495
f5zjQbCi,2024-08-04,HARD,O81eud9p,2.246060101,0.1776681622,2.389626577,0.1016235798,0.9851216278,2.389734655,0.1967289487,2.520880376,0.09279925997,0.7560297228
f5zjQbCi,2024-08-04,HARD,jy1nvLTe,1.54453056,0.2850158676,1.43303135,0.1467236143,-0.4563120952,1.621967181,0.2976826448,1.552751433,0.1390806573,-0.2629829153
h2XrFDng,2024-08-04,HARD,K25VJT7h,1.904238198,0.1759746065,1.807341274,0.1056592679,-0.6885611392,1.977317288,0.2337115936,1.867488284,0.1038694282,-0.5245901845
h2XrFDng,2024-08-04,HARD,nRpbVO5S,1.754208036,0.5097034368,1.362701908,0.2237747153,-0.8549015057,1.81815373,0.5072284505,1.411850713,0.2112795484,-0.8811013687
hO8JRjWb,2024-08-04,HARD,vw1oqIPi,2.48016739,0.175498487,2.450930001,0.1061799737,-0.2092363567,2.455842456,0.1864540383,2.464640089,0.1021089655,0.05639176164
hO8JRjWb,2024-08-04,HARD,QPwVs83E,1.128261013,0.2228580426,1.163288435,0.1526860688,0.2157723745,1.171935226,0.258930862,1.213816715,0.1541497131,0.2013089792
n5UzHZHt,2024-08-04,HARD,2kJDi9VA,1.35141503,0.2287176109,1.356417929,0.1644818485,0.0314794239,1.297873555,0.2307973159,1.309558852,0.1573799166,0.06921898075
va790EXa,2024-08-04,HARD,rkOojWt6,1.414457203,0.2376150606,1.45760202,0.1459920665,0.230135201,1.412989947,0.271371303,1.469034039,0.144966759,0.2443011092
va790EXa,2024-08-04,HARD,KGQ2bDHb,1.928431485,0.163451321,1.939554837,0.1246512013,0.1052072375,2.026396242,0.1889268809,1.911175833,0.1329648158,-0.8584750175
zR0Ibh2C,2024-08-04,HARD,h6Lq4OGA,1.667220592,0.1912321426,1.843575,0.1039241796,1.098584198,1.700980253,0.2035725364,1.877613209,0.1002816833,0.997029868
G6iu10o1,2024-08-05,HARD,Qk09uuRk,1.201956335,0.3096287655,0.7292200088,0.1459739639,-1.731256598,1.253263627,0.3199723462,0.6839815361,0.1356933665,-1.964565201
EXmCS8F5,2024-08-06,HARD,IJAxNUl3,2.231512146,0.1762983346,2.180961598,0.1155979261,-0.379765746,2.383883217,0.1841541333,2.284019553,0.113791748,-0.6897131762
Uqfv48ek,2024-08-06,HARD,x81l09qG,2.969404228,0.1763977887,2.711439221,0.1061588149,-1.831129201,2.993803465,0.1833474814,2.699438814,0.1037612163,-1.947347325
Uqfv48ek,2024-08-06,HARD,W6pL8zuB,2.298711429,0.1498389011,2.446912586,0.09344080548,1.265221117,2.192986779,0.1640427004,2.378990846,0.09333596897,1.378814316
WEqHxT1E,2024-08-06,HARD,KhlPw9hb,2.780152317,0.1623898569,2.770568431,0.1132932718,-0.08237793517,2.899834156,0.1842490936,2.894797464,0.1198465166,-0.03599056964
WEqHxT1E,2024-08-06,HARD,tlZeVkkp,2.01600937,0.2017082075,1.844654814,0.1208284636,-1.060928763,2.078317466,0.2045627549,1.889433292,0.1144356423,-1.11397025
WOnVrUan,2024-08-06,HARD,Ova6pdYE,2.107486518,0.1464139406,2.099580331,0.1013906363,-0.07485033314,2.105954501,0.1610428808,2.08451383,0.104062006,-0.174447582
YmqnunaB,2024-08-06,HARD,21U8Dqna,2.432831995,0.1772392315,2.356709389,0.1235916899,-0.5992078556,2.411401345,0.1844580587,2.323862811,0.123877178,-0.6405011312
jJ6UEP97,2024-08-06,HARD,OKBlwX8r,1.614566735,0.1672922822,1.649023786,0.1169949626,0.2881555594,1.571666251,0.1813796674,1.61578323,0.1192501143,0.3228052923
jJ6UEP97,2024-08-06,HARD,xGn9KNfO,2.785502415,0.1809999335,2.732087819,0.1149795323,-0.3821114746,2.791614138,0.1861996888,2.729766055,0.1129739422,-0.4178618114
jgNwt286,2024-08-06,HARD,OGYNaUZG,1.637331845,0.1695423847,1.619020786,0.1146312477,-0.1465856172,1.555379645,0.1824158754,1.523544463,0.1166554137,-0.2270061097
jgNwt286,2024-08-06,HARD,8CZqQdSa,2.788884543,0.1465613625,2.951141815,0.09344655696,1.437088731,2.845704236,0.1613120011,3.012119414,0.09405169605,1.269795952
lfADI7Ar,2024-08-06,HARD,jkHNR1ol,1.981988591,0.220652854,1.994144345,0.1304007927,0.06829149109,1.993066417,0.2216337543,2.00120203,0.1237587106,0.04424843165
lfADI7Ar,2024-08-06,HARD,jyngIesG,3.242860121,0.1483589297,3.305498152,0.09538491848,0.551238879,3.38454083,0.1633569377,3.403466752,0.09666172171,0.14371677
pM3MGoue,2024-08-06,HARD,2LhiB9IJ,2.798647947,0.1634664561,2.719689619,0.1074526543,-0.6409595102,2.909315465,0.1687459212,2.82865328,0.1029267891,-0.6032132839
rwa2ZYfc,2024-08-06,HARD,CWtkHlUE,2.322471898,0.1655750872,2.348506853,0.1146484402,0.2179375078,2.333281976,0.1775537433,2.354405886,0.1173959268,0.1585821584
tKk4UUpg,2024-08-06,HARD,KGdcQnEf,2.887520209,0.1938071967,3.02764874,0.1046821578,0.8591367191,2.937685147,0.2078115159,3.09213707,0.1034143805,0.8568625594
4z6JMwqp,2024-08-07,HARD,Y1ZrrUtl,2.660833562,0.1805070854,2.72863153,0.1024736373,0.4562447242,2.74125972,0.1861765486,2.803510498,0.1002358186,0.3967796467
KpJCQnpI,2024-08-07,HARD,QqnrZJm5,1.886898749,0.1997510769,1.759387894,0.1257738649,-0.8216862945,1.963369469,0.2192277268,1.864887863,0.1122974511,-0.5230539881
SAMKOQEU,2024-08-07,HARD,pA0aW3EL,2.440649048,0.1879426109,2.454902983,0.1110100692,0.09398932551,2.392603672,0.2052245831,2.418170427,0.109929134,0.1475293082
WtnRbkO8,2024-08-07,HARD,KdojxrAR,3.479508272,0.164786637,3.56885785,0.09248941447,0.6551368312,3.620967995,0.1759163359,3.688417381,0.09109525022,0.448188836
WxS3TOO0,2024-08-07,HARD,lSABz6E8,2.930542779,0.1645352357,2.844080079,0.1021577717,-0.67036159,2.903127066,0.1797664751,2.786777027,0.1025306535,-0.7879595434
bPTeVpfl,2024-08-07,HARD,fkFeyKHL,1.722703514,0.1671905613,1.748370933,0.1071334728,0.1999715149,1.687364428,0.1839302703,1.766180228,0.1083564577,0.5303017669
bPTeVpfl,2024-08-07,HARD,2yj9GWan,2.160659867,0.1727463269,2.131226764,0.1046016292,-0.2140954963,2.25727006,0.2061108062,2.253309243,0.1044038888,-0.0222878622
ddVYPkI8,2024-08-07,HARD,2PPTHPya,2.640307713,0.1878888354,2.384584851,0.1115652533,-1.691511907,2.756693399,0.2078401863,2.440425002,0.1104024151,-1.796027446
dfUUsOwf,2024-08-07,HARD,vXvzyRlq,2.449963066,0.1405659706,2.523311065,0.09774035806,0.7260536072,2.432531432,0.1529500043,2.510764851,0.1002031685,0.6770214347
dfUUsOwf,2024-08-07,HARD,Wd9dyI7m,1.890130727,0.2518582135,1.740118167,0.1508058281,-0.7436745364,1.970027368,0.2637223208,1.80279485,0.1482097068,-0.7666431185
hOOsOTnL,2024-08-07,HARD,f7a53rOM,3.477995207,0.1968117401,3.242267016,0.1465007904,-1.793640649,3.460393752,0.2060669056,3.21223245,0.1504008077,-1.761686268
hOOsOTnL,2024-08-07,HARD,MDM4BKiA,3.490129464,0.18527825,3.35537391,0.1078662225,-0.8945437724,3.684771825,0.2065789881,3.536223308,0.1067239949,-0.8398489086
hfuLsLJj,2024-08-07,HARD,0SeXj3jT,2.689524707,0.1742540678,2.717744207,0.1098165447,0.2085771616,2.714569133,0.1956359357,2.749047013,0.1094292197,0.2126051112
r55fgPEF,2024-08-07,HARD,8EI3pJOd,2.922133427,0.1512541064,2.944575405,0.09632891471,0.192448667,3.06672373,0.1682011905,3.084898833,0.09700762348,0.1322703599
vkjws8Ub,2024-08-07,HARD,028BdVOj,2.840443128,0.1499664796,3.021197534,0.09228864045,1.529142354,2.870423238,0.1888970111,3.02722265,0.09036569684,0.9452589971
vumPz7WQ,2024-08-07,HARD,f1PZMn7P,2.05096226,0.1793922268,2.004613758,0.1115720301,-0.3299410586,2.071729921,0.1920140948,1.99628242,0.1120309642,-0.4838120527
vumPz7WQ,2024-08-07,HARD,YsJXLo1O,2.370427477,0.1686747021,2.506899372,0.1048977977,1.033178321,2.483138666,0.1798328524,2.659028321,0.09721540962,1.162590335
6Pu3cKQr,2024-08-08,HARD,f5BXmEH6,4.389598601,0.1532771036,4.225103346,0.1001541982,-1.417693463,4.469300303,0.1652345486,4.266644541,0.1014080972,-1.553437558
ran95VVr,2024-08-08,HARD,Gloq9MUN,3.160015927,0.171887921,3.075673657,0.1082957968,-0.6318619045,3.105813254,0.1831013833,3.006611811,0.1093320261,-0.6754084603
tWLM1GSN,2024-08-08,HARD,WxLdKcAs,3.20600127,0.1561528492,3.417360166,0.09308055529,1.685769116,3.075426002,0.1841985645,3.337418217,0.09195426668,1.641511281
vsSprRyB,2024-08-08,HARD,GU42elks,3.057135143,0.1720316002,3.003158049,0.1076269862,-0.4021952408,3.009016735,0.1789675113,2.957378842,0.1066470839,-0.3592922311
023SBZhD,2024-08-11,HARD,Cjagsdf4,2.139980562,0.1896552849,2.052262516,0.1302712906,-0.6363984131,2.123406893,0.1821013567,1.999866702,0.1197784871,-0.9006737158
E5VvLwWQ,2024-08-11,HARD,boU2UKtN,1.749331568,0.1647347529,1.823035206,0.1165674404,0.6331785036,1.87811467,0.161331466,1.967940469,0.1100986751,0.761724715
GjP33Tkm,2024-08-11,HARD,KQGnhml2,1.658541441,0.1984934747,1.54683337,0.114598056,-0.6892547478,1.619319539,0.2082276503,1.489921374,0.1106229793,-0.7334984144
K6zgSfwf,2024-08-11,HARD,UqnOkX4F,1.579384815,0.190862639,1.472974236,0.1235461928,-0.731436871,1.4587914,0.201339936,1.343742793,0.1198903644,-0.711260536
S8eEZxoK,2024-08-11,HARD,6XSnpS5h,2.286833664,0.1622764271,2.386903094,0.1108978126,0.8446764023,2.31608607,0.1798972627,2.454347259,0.1129367961,0.9873707552
S8eEZxoK,2024-08-11,HARD,S6JNQ85M,1.902999154,0.1677110194,1.998581006,0.1155658364,0.7864349338,1.976405139,0.1773516056,2.056082821,0.1171470023,0.5983843336
YkCBFHgl,2024-08-11,HARD,MewU5OwE,1.910066243,0.1892004512,2.115661442,0.1054342806,1.308689653,1.948158486,0.2447873678,2.273038939,0.0983467736,1.449308617
nZg2OCxJ,2024-08-11,HARD,rBZ5EARu,1.987438283,0.1750254872,2.083191659,0.1034370383,0.678186657,1.906514951,0.1946540909,2.059190944,0.1013701825,0.9187634835
ngxoUG8s,2024-08-11,HARD,Gj20DdaG,2.048166533,0.2024513887,1.998437874,0.105100936,-0.2873943709,2.007358227,0.2464542415,1.988403221,0.09749225495,-0.0837415026
thXWMa1E,2024-08-11,HARD,MysmW1jf,2.202976788,0.1853762688,2.169726569,0.1047353714,-0.2173873417,2.198273431,0.1968899299,2.171356678,0.1024876833,-0.1601112485
v9jfQY76,2024-08-11,HARD,bigXsmFf,2.346840916,0.1606154824,2.475509381,0.09894272412,1.016969794,2.257324737,0.1890127195,2.422745253,0.09578655712,1.015198639
v9jfQY76,2024-08-11,HARD,tG91oxJ8,1.676555143,0.2303177909,1.352866074,0.1334467465,-1.724331903,1.766338832,0.2396200517,1.392917097,0.1334633169,-1.876388974
vNVSvYMa,2024-08-11,HARD,KhTa5tH1,1.216307152,0.1769709933,1.131470642,0.1160504397,-0.6349670378,1.134819358,0.1923532891,1.016504095,0.117550412,-0.7770844911
6yr4oS3D,2024-08-13,HARD,zHMiAkw6,3.001587623,0.166318482,2.846243745,0.1055990575,-1.208959378,3.111773748,0.1940482882,2.93421421,0.1068111946,-1.096002539
MqQj9VeK,2024-08-13,HARD,W2BCKjLQ,2.952295935,0.2034749682,3.036925817,0.108890267,0.492359072,2.948004763,0.2155490232,3.026286812,0.1081392089,0.4198331682
lKmwepDc,2024-08-13,HARD,dzbgeEFF,2.885915848,0.1969325478,2.727994804,0.1094890454,-0.9647539168,2.822766669,0.2057501756,2.649414832,0.1084548156,-0.99146148
rZUDzBke,2024-08-13,HARD,hAR7VtG4,2.091978154,0.1813500943,2.078010161,0.1126252066,-0.09827013463,2.127951468,0.1940334949,2.103272073,0.1129375128,-0.1564177907
tEQBvPSG,2024-08-13,HARD,4IwCdyAG,2.206338587,0.1787046412,2.184590503,0.10907271,-0.1536343982,2.312637911,0.195854722,2.291100782,0.1076513404,-0.131632012
YB5jXtLj,2024-08-14,HARD,SjM2LLB8,2.549959665,0.1818061253,2.836446599,0.1147586066,2.031672551,2.612262597,0.2102862165,2.993265461,0.1160145148,2.172343725
YB5jXtLj,2024-08-14,HARD,zNoTPac0,2.43607333,0.1815829442,2.462444468,0.1148095524,0.1874534976,2.278220708,0.1959392316,2.341837824,0.1156083566,0.4021337609
YoMabJJk,2024-08-14,HARD,OKXs3Wah,2.921383139,0.1765698415,2.682355328,0.1049591577,-1.683441215,2.927821378,0.1866370109,2.653586171,0.1045670694,-1.773913422
Ysver7Ti,2024-08-14,HARD,lI6fOOat,3.412074845,0.1759615913,3.476437752,0.1040470853,0.4535672164,3.421917167,0.2113992581,3.514945727,0.1015172412,0.5016938261
fcS3tob4,2024-08-14,HARD,8jMJmh84,2.397370335,0.1755898969,2.521258524,0.1082009578,0.8958522649,2.486208295,0.1952521096,2.613776298,0.1086137303,0.7862228403
nFVPotzp,2024-08-14,HARD,OY0ZExo5,0.6252532444,0.2688396556,0.7702186447,0.1375686358,0.6276227099,0.8243701883,0.2736871027,0.9552764253,0.1345165118,0.5492223225
rsPYqK4d,2024-08-14,HARD,Or4Qa1ye,2.880344714,0.1728556278,3.247587249,0.1060103269,2.68979875,2.899364088,0.1857876807,3.325292165,0.105047533,2.779508488
Ec9iE9un,2024-08-15,HARD,noaX0EJn,3.248739181,0.1635807669,3.37466138,0.1063346683,1.013014101,3.240859539,0.1758523468,3.339778777,0.1071894978,0.709568829
lMI6KRfm,2024-08-15,HARD,UDzElXdm,4.10798337,0.1995323507,4.019693054,0.1377288838,-0.6115379862,4.132073055,0.2088460616,4.034622462,0.1401632871,-0.6294221739
67MBxO9E,2024-08-17,HARD,2HWgFEu7,1.459418832,0.2475849767,1.383460832,0.1237413417,-0.3542083626,1.298915433,0.2623536922,1.240015427,0.1201989309,-0.252574233
KEtHGtme,2024-08-17,HARD,Krn6dKDD,0.5983775981,0.2614708173,0.3874210158,0.2003540461,-1.255666259,0.6038288447,0.2790012474,0.36679613,0.2001268727,-1.219311011
KEtHGtme,2024-08-17,HARD,GhO8JUQF,1.126486531,0.3110035914,1.286685124,0.1583774225,0.5985238147,1.171460236,0.3196421307,1.339704726,0.1539511499,0.6006045942
O8ODbmAC,2024-08-17,HARD,UZAhfYfD,-1.626223793e-14,0.8442081452,0.2733617298,0.2625969586,0.3407106915,-1.626223793e-14,0.8579964273,0.2823641764,0.2221044317,0.3407106915
Onm8I2Ir,2024-08-17,HARD,KOetRHt3,-2.05940236e-16,0.8442081452,-0.2774431054,0.2468338518,-0.3436607534,-2.05940236e-16,0.8579964273,-0.2865799612,0.2018973737,-0.3436607534
Onm8I2Ir,2024-08-17,HARD,vFKjUS0N,1.131315481,0.2921349772,0.7889065869,0.1710133994,-1.445686761,1.052655385,0.3081214101,0.6941007961,0.1690215774,-1.391770762
QBqPEKH7,2024-08-17,HARD,vycI5UGq,0.9701696579,0.2468146972,0.9287281982,0.181573843,-0.2478884562,0.9365595335,0.2646462721,0.8915079126,0.1889070869,-0.2430725476
QBqPEKH7,2024-08-17,HARD,Ms0Wvc4A,1.147387837,0.7381334653,1.150343923,0.194474376,0.004151492989,1.206309232,0.7299710904,1.213043822,0.1466004837,0.009417706971
Slc16rHU,2024-08-17,HARD,zDlxzf38,-0.2970336653,0.9084174224,-0.9035344722,0.259204387,-0.6966051296,-0.2978906252,0.8957311617,-0.90472269,0.2102216157,-0.696936926
Slc16rHU,2024-08-17,HARD,UVzDxGPi,0.5317562101,0.5045944913,0.6940002612,0.209641619,0.3534854687,0.6814641137,0.4954658817,0.8447411428,0.1815668641,0.3541810115
StV409u0,2024-08-17,HARD,046jJj30,2.082345733,0.2013703293,2.097663595,0.1065665493,0.08965086565,2.014748098,0.2105616565,2.036510064,0.1021027261,0.1181751768
b3lheZKH,2024-08-17,HARD,xUr2qOCl,-7.697221945e-15,0.8442081452,0.6597650546,0.2391858261,0.8149114192,-7.697221945e-15,0.8579964273,0.681492674,0.1918244043,0.8149114192
dMMLdRvP,2024-08-17,HARD,SxUqLqIe,0.753655508,0.5292071379,0.619569106,0.1991052926,-0.2734650944,0.8394470359,0.5198964581,0.7109095561,0.1457809417,-0.2575698435
dMMLdRvP,2024-08-17,HARD,Of1fjykI,1.600820296,0.2271926553,1.348498866,0.1532238081,-1.504180867,1.63913134,0.2354622128,1.356227918,0.1367734951,-1.476030839
jwopcej5,2024-08-17,HARD,ra8p4Wb8,4.186638409e-16,0.8442081452,-0.6313997384,0.2211362012,-0.7749796468,4.186638409e-16,0.8579964273,-0.652193221,0.1671278099,-0.7749796468
tQWd2VAm,2024-08-17,HARD,Kp8Z0oRo,-0.2941356908,0.2787421328,-0.2126482809,0.1583325302,0.3552075081,-0.175860298,0.2839687259,-0.095414339,0.1482251355,0.3321278317
tQWd2VAm,2024-08-17,HARD,GKr3Pq9i,0.6713699219,0.4300437503,1.080624322,0.2018877397,1.07781048,0.6725872798,0.4041678406,1.082447057,0.1348342396,1.075709019
vs6r2sY1,2024-08-17,HARD,bFE65J4E,0.2819147968,0.3419293472,0.4804732492,0.1776804139,0.6796705458,0.2976030685,0.3555964977,0.5118276447,0.160997526,0.67565397
vs6r2sY1,2024-08-17,HARD,O8O1gxd0,0.5517976551,0.4431606616,0.7946731686,0.2630929345,0.6810601258,0.6518625006,0.431135921,0.8982954299,0.2400669267,0.6881398927
xGvU0wit,2024-08-17,HARD,O8s9yjMD,1.692750463,0.1982378748,1.723324086,0.1259443564,0.1997112908,1.664101146,0.207405035,1.727273924,0.1218276541,0.3763561431
xGvU0wit,2024-08-17,HARD,8MpH36Na,0.9433269507,0.36615128,0.7718664362,0.1692820112,-0.5281076676,0.9276080129,0.3722989372,0.7273425773,0.1431994573,-0.5827473259
Ac0ZbGbE,2024-08-18,HARD,x0QCtJlk,1.885435031,0.1998435352,1.763625508,0.1153404277,-0.7463849062,2.002777712,0.2117785912,1.835897215,0.1143837506,-0.936312237
UNdyaHLh,2024-08-18,HARD,UTOJG35K,0.9163776245,0.2537327972,0.6044419075,0.1601875387,-1.58524296,0.9147303261,0.3329761815,0.3821482471,0.1745968727,-1.878399863
zc3X18Oh,2024-08-18,HARD,fiM0CnA5,-0.07864282332,0.4693425908,0.036021238,0.2011089209,0.2703877346,-0.003835200431,0.4591889574,0.1157482221,0.1759731178,0.2819485919
8rXDFtBr,2024-08-19,HARD,hQQLzcNT,2.357034739,0.1775962173,2.17188267,0.1127623594,-1.349460906,2.316782259,0.195756374,2.146449323,0.1129310295,-1.065264744
CYYnYjlL,2024-08-19,HARD,rysUUciD,2.279514563,0.1825304101,2.344628588,0.1095116627,0.4458970935,2.204105878,0.1967524871,2.299708125,0.1086801481,0.5828953862
ddP4LD4F,2024-08-19,HARD,bHSsQ9ek,1.844890118,0.1934212645,1.751271002,0.1289413933,-0.6493518672,1.791950126,0.2240886956,1.630192616,0.1228296682,-0.8630459745
ddP4LD4F,2024-08-19,HARD,GUIVvvjL,2.810838219,0.2260250206,2.604881764,0.120641912,-1.077540733,2.791881616,0.2353321367,2.571208164,0.1196546409,-1.088979141
fu7v1sdk,2024-08-19,HARD,84GyAaXB,1.87664059,0.1805866653,1.95960909,0.1069240478,0.5701152338,1.758145659,0.1923511652,1.87731805,0.1049514069,0.7393008415
xOOUBbA7,2024-08-19,HARD,l4Y83CRf,1.544409912,0.5404191711,1.032243743,0.2426286173,-1.060623621,1.636062128,0.5395697916,1.116778369,0.2198902248,-1.053888933
xOOUBbA7,2024-08-19,HARD,dMopwFzs,1.776113765,0.1876937549,1.819502586,0.1174993349,0.2964416346,1.927263876,0.1878778056,2.066984016,0.1029029466,0.8888550737
G6uvzDJ8,2024-08-20,HARD,baNcJtnh,-0.01432963048,0.3366331728,0.08022816874,0.1935544351,0.343316771,-0.09144691881,0.3775974414,0.03905607484,0.1830222341,0.3951323209
G6uvzDJ8,2024-08-20,HARD,6TlRnRze,1.744004918,0.1994653701,1.737137242,0.121683857,-0.0434528412,1.726563036,0.2075919051,1.780306665,0.1126877082,0.3082617428
nNPbvMBm,2024-08-20,HARD,vo9FVe2A,2.199210589,0.1782439267,1.997185514,0.1164422252,-1.497011703,2.254236893,0.1944342085,2.036540241,0.116048528,-1.395451208
rTFq8cVi,2024-08-20,HARD,r9RckFqs,2.136936741,0.1827188256,2.011387385,0.1159519577,-0.8890734015,2.117452564,0.191485182,1.987317034,0.1162453671,-0.855237468
x0trL2mL,2024-08-20,HARD,xEGb8F4p,2.071738375,0.1944033638,2.073020821,0.1107540874,0.008026866369,1.963289711,0.203318366,1.963959569,0.1086078509,0.003897242187
rR4eJ27e,2024-08-21,HARD,pS5UjYbG,3.583729076,0.1835683703,3.340537464,0.1223489017,-1.777058865,3.79317667,0.1941696801,3.485014615,0.123695042,-2.058929942
2ioeAf8D,2024-08-26,HARD,E5xrmfn5,7.519158619e-15,0.8442081452,1.63784295,0.2302860658,2.016571333,7.519158619e-15,0.8579964273,1.731029571,0.2173534789,2.085554585
C2WCcHO7,2024-08-26,HARD,AqLslEIk,1.460565895,0.4802314205,1.921910416,0.161349462,1.01996363,1.503129318,0.4614428767,2.105670139,0.13913381,1.369512431
C2WCcHO7,2024-08-26,HARD,ETkoNgxJ,2.196793687,0.2195842716,1.969564777,0.1400881386,-1.343807378,2.175487103,0.2292307456,1.95726356,0.1408113556,-1.206430409
E3OtsfMF,2024-08-26,HARD,QwU996PK,3.685238368,0.2309515278,3.524471781,0.1214613252,-0.8184314201,3.719930061,0.2413395736,3.545743417,0.1197709737,-0.8313503029
EPB3yX6C,2024-08-26,HARD,rwvAgOWm,1.931370153,0.237967304,2.026978209,0.1368084708,0.4910286441,1.941293549,0.2598321046,2.053996106,0.1350159643,0.5076722082
EVEDSyOs,2024-08-26,HARD,QefM3YDk,0.7027579617,0.2983932658,0.5565601822,0.1843870657,-0.6231631396,0.5307954045,0.307858943,0.3140713003,0.1780406499,-0.8629109929
EVEDSyOs,2024-08-26,HARD,ra7IoKGO,2.105943403,0.2233646364,2.296321345,0.1184798848,1.005416806,2.032660639,0.2363944992,2.241779904,0.1153754743,1.013532864
Ghlenkbe,2024-08-26,HARD,bmWvBlnL,1.722509097,0.4523184885,1.467232049,0.1832146947,-0.6172807621,1.773967576,0.4308032315,1.508169708,0.1598750029,-0.66442946
KSHLQFhf,2024-08-26,HARD,GlqMuuhi,1.832171746,0.2512900325,2.084247219,0.1254111248,1.157592304,1.919905429,0.3019229188,2.169965,0.1184460793,0.9004042107
SAEaLKGE,2024-08-26,HARD,2FyACZYi,2.969276601,0.1808400741,2.924520215,0.121996291,-0.3352746395,3.036114732,0.192469919,2.991914329,0.1246258469,-0.30135268
SAEaLKGE,2024-08-26,HARD,dvDRCAx9,1.239473902,0.2398021458,1.332760433,0.1651234881,0.5364547046,1.329462292,0.2504084192,1.427573796,0.158890615,0.5069285817
nHMluYjS,2024-08-26,HARD,8fh5VQUc,1.385892733,0.2758553343,0.996935054,0.1940092405,-1.983430648,1.446043723,0.2849427947,1.035401809,0.1958268662,-1.983887681
vRZk8WKE,2024-08-26,HARD,KjsokFUj,3.338157369,0.1966612904,3.198297629,0.1437496391,-1.042114189,3.297055929,0.2041396435,3.161668833,0.1462148602,-0.9503667017
0E1Zu4rh,2024-08-27,HARD,pCVKwJRi,0.9558023843,0.309591742,0.9917392052,0.1600414107,0.1356021551,1.066598673,0.3173022497,1.098822509,0.1555912812,0.116526797
0nweuF7m,2024-08-27,HARD,v93ljkqM,2.220244286,0.2029213013,2.069334691,0.1239467293,-0.9392625186,2.322893606,0.2320369982,2.208798459,0.1225279512,-0.5790209442
6a8ewgx0,2024-08-27,HARD,hbXrCD0b,1.724130224,0.2752473894,1.48145858,0.1430953648,-1.032086261,1.826517366,0.2937091881,1.555855272,0.137936465,-1.04380181
IaTct8DE,2024-08-27,HARD,Ya0krxub,1.462786711,1.18522567,0.3739373546,0.3002105402,-0.9496541008,1.455620252,1.177186531,0.3649719459,0.2599200084,-0.9499319061
foYtYc0K,2024-08-27,HARD,xU3quIf5,2.037895809,0.2394640362,1.879391156,0.1605006518,-0.8919044155,2.154426469,0.2537561021,1.982699372,0.1642915829,-0.8879745177
foYtYc0K,2024-08-27,HARD,hfzer6K1,1.204519612,0.2209064568,1.494875964,0.1244248515,1.590710299,1.347335964,0.2606370137,1.747083941,0.118344876,1.721419005
hbBTWftI,2024-08-27,HARD,8fw1CCQC,2.667421921,0.2204847137,2.363282407,0.1353903955,-1.747727658,2.739043398,0.2276185926,2.412812558,0.1353329693,-1.782516889
lQ4xVYAU,2024-08-27,HARD,0QlxEb7i,2.153582237,0.2203225926,2.065568473,0.1465453379,-0.5349762113,1.961979958,0.2313580358,1.851158667,0.1460435661,-0.6176038385
Aui8Tgz2,2024-08-29,HARD,vkOnO123,1.313569784,0.2307325733,1.352986512,0.1328738666,0.2089609132,1.377037239,0.2500171653,1.375409453,0.1266557247,-0.007551362715
AJyYoYjt,2024-09-01,HARD,WxLdKcAs,3.478140582,0.1289058931,3.517145655,0.1025864164,0.4997055616,3.415026418,0.1205330332,3.437203706,0.09300948319,0.2892770871
AJyYoYjt,2024-09-01,HARD,f5BXmEH6,4.293024824,0.1362029259,4.146340474,0.1075010143,-1.753868774,4.355424411,0.1348681145,4.187881669,0.1036284039,-1.94102485
GKlSxzcS,2024-09-01,HARD,Wl76rX3I,3.622182338,0.1294510388,3.607399365,0.1013816022,-0.1836522775,3.587987729,0.1238587737,3.562183299,0.09377079641,-0.3188884832
GKlSxzcS,2024-09-01,HARD,dMsOb1NA,2.022934184,0.139495976,1.997458862,0.1203290576,-0.3609965311,2.284778022,0.1278682252,2.251786012,0.1051625655,-0.4535603253
KvrYsMvP,2024-09-01,HARD,xCyEhjAS,3.52669951,0.1333400363,3.605694287,0.1044054611,0.9524313283,3.629357406,0.1319786696,3.656452345,0.09760011923,0.3049850252
KvrYsMvP,2024-09-01,HARD,AsWv5414,3.024563129,0.1348813053,3.042176022,0.1090030975,0.2217030028,3.039138707,0.1363981648,3.037424768,0.1070732817,-0.02028398163
YPt8lGlB,2024-09-01,HARD,Y1ZrrUtl,2.737787325,0.1389240236,2.811941665,0.1046105093,0.8111920819,2.819429125,0.1360037945,2.886820634,0.09987390788,0.7300093649
YPt8lGlB,2024-09-01,HARD,vyhksgUB,4.272959318,0.129169018,4.489424824,0.09687626224,2.533602195,4.392306945,0.1237323285,4.604112255,0.09014885415,2.49912364
CMG3VKnI,2024-09-02,HARD,Or4Qa1ye,3.198474138,0.1377552833,3.507480371,0.1015940796,3.32146487,3.24774014,0.135697432,3.585185287,0.09437401634,3.46077781
CMG3VKnI,2024-09-02,HARD,noaX0EJn,3.346263428,0.1439819545,3.408578741,0.1139490105,0.7080176509,3.349431911,0.144257901,3.373696139,0.1111841025,0.2639844095
WnTgwvmd,2024-09-02,HARD,SjM2LLB8,3.004469096,0.1445253688,2.943466311,0.1283359405,-0.9178314333,3.162344902,0.1421217015,3.100285173,0.1214435925,-0.8406405788
WnTgwvmd,2024-09-02,HARD,lSABz6E8,2.811337651,0.1255244117,2.9284612,0.0981610064,1.497063818,2.765187671,0.1199397916,2.871158148,0.09011685014,1.338879342
zZGAyTm3,2024-09-02,HARD,028BdVOj,3.121551511,0.1381228685,3.214236522,0.1086849175,1.087367351,3.197981301,0.1282384126,3.220261638,0.09680657694,0.264912358
zZGAyTm3,2024-09-02,HARD,KdojxrAR,3.651094049,0.1269912772,3.694877603,0.09648261582,0.5302565417,3.799701468,0.1224430652,3.814437135,0.09049833004,0.1786652534
zgLd1jZo,2024-09-02,HARD,jNyZsXZe,4.92507995,0.1322350209,4.950867261,0.1076350982,0.33569982,4.885365833,0.1304762597,4.966264264,0.1042727818,1.031475022
zgLd1jZo,2024-09-02,HARD,hIA4C9YT,3.182509248,0.1332158799,3.192304251,0.1075953448,0.1247016284,3.207342609,0.128657066,3.209455179,0.1018209924,0.02686190047
06kzvtUt,2024-09-07,HARD,pEa6LCHl,0.3607538969,0.4157431983,0.3005359342,0.2316819602,-0.1744416165,0.3402045339,0.4079028108,0.2755501842,0.2125790446,-0.1857187107
06kzvtUt,2024-09-07,HARD,xIMFUBN3,1.150732584,0.296598394,1.114311385,0.1563140183,-0.1444915586,1.132805094,0.3647821602,1.091878381,0.1323513023,-0.1203991642
6cqTJ9j9,2024-09-07,HARD,K4Sih0XH,1.737623282,0.2603702183,1.571275325,0.1813257798,-0.8902666003,1.712021257,0.2949316724,1.543581021,0.1913077769,-0.7503964808
6cqTJ9j9,2024-09-07,HARD,Q3JleRnG,-0.132482638,0.3438087546,-0.3091459315,0.1961481759,-0.6256543662,-0.002108242515,0.3639508818,-0.2004378891,0.1872180587,-0.6354577235
8jHPlcra,2024-09-07,HARD,xCiOikO4,0.4541322354,0.4224745268,0.7571663917,0.1786616101,0.7915471865,0.4741897856,0.451905971,0.7718806336,0.1589575303,0.7037166059
8jHPlcra,2024-09-07,HARD,v7vDWRvO,2.403575254,0.2707928947,2.214561789,0.1889918091,-0.9746214207,2.309225705,0.2804317774,2.089242468,0.1833750217,-1.036831416
AHx6USdp,2024-09-07,HARD,GlqMuuhi,1.957732013,0.2089536335,2.13967187,0.1147433802,1.04186013,2.083383236,0.2270720795,2.225389651,0.1006423542,0.6976467641
AHx6USdp,2024-09-07,HARD,bFE65J4E,0.6721043189,0.2466948756,0.4171274842,0.1847503021,-1.559682798,0.7229172514,0.2402275508,0.4484818797,0.1660767804,-1.581089763
CInyEvKm,2024-09-07,HARD,Wd9dyI7m,1.656633921,0.2394967141,1.788821323,0.1520414367,0.7143482947,1.717852789,0.2419667925,1.851498005,0.1448324871,0.6894841233
CInyEvKm,2024-09-07,HARD,dO8fjQAB,0.04306864843,0.4055263746,-0.1875651017,0.2160387575,-0.6720307129,-0.116449912,0.4172594749,-0.3573687363,0.2058712222,-0.6638053334
GGKXnyDB,2024-09-07,HARD,8Gag74BD,1.777314261,0.232475816,1.732322946,0.132626872,-0.2356402287,1.736917728,0.2569670308,1.67093749,0.1303315451,-0.2979293007
GGKXnyDB,2024-09-07,HARD,QmuAWNnP,0,0.8442081452,-0.5076670821,0.2727978844,-0.635443919,0,0.8579964273,-0.5243857566,0.2348564382,-0.635443919
GYD3q26J,2024-09-07,HARD,WCviGTuO,0,0.8442081452,-0.8998446411,0.3036872522,-1.142378799,0,0.8579964273,-0.9294786476,0.2723178123,-1.142378799
GYD3q26J,2024-09-07,HARD,KYbF10KE,-4.213878172e-14,0.8442081452,1.544177647,0.2200881367,1.894662835,-4.213878172e-14,0.8579964273,1.595031059,0.1656451442,1.894662835
MgabYybI,2024-09-07,HARD,vZ8lpjnM,1.478204083,0.2669584319,1.715922119,0.1248479077,1.007426296,1.412952273,0.3091744464,1.705003149,0.1126579875,1.014352874
MgabYybI,2024-09-07,HARD,AgiLFeyF,1.094344392,0.5877822673,0.4722617698,0.2647114345,-1.185369107,1.081621644,0.6259924388,0.4009027645,0.2447563048,-1.181474464
Qod111zr,2024-09-07,HARD,rwWwX7oC,1.556772735,0.2383514282,1.494764632,0.1600549005,-0.3510864587,1.479856863,0.2482934371,1.487275761,0.1579389217,0.03872373267
Qod111zr,2024-09-07,HARD,hfzer6K1,1.488376203,0.1836077109,1.506528367,0.1227555121,0.1329449894,1.713147191,0.1929298619,1.758736344,0.1096910061,0.2872427223
QugiAdJC,2024-09-07,HARD,WUunsrrI,1.18834661,0.2209548454,1.110938708,0.1775007341,-0.5882743426,1.265072842,0.2123920764,1.181003823,0.1634296685,-0.6197458713
QugiAdJC,2024-09-07,HARD,4Qyc8N2g,1.737646301,0.2311101311,1.965294995,0.114915428,1.135319006,1.800657841,0.2640438774,2.064225693,0.1045102326,1.086965263
YBa9au5f,2024-09-07,HARD,hzt2DdvF,0.5402764199,0.4226729938,0.3438165027,0.2024713347,-0.5295092064,0.5835147849,0.4458012173,0.467866873,0.1810553152,-0.2838828094
YBa9au5f,2024-09-07,HARD,S4ljFw3g,1.564764735,0.1972816276,1.692980427,0.1202664857,0.8198763363,1.750413189,0.1915144936,1.847877988,0.1073774287,0.614606322
YXzpCIl0,2024-09-07,HARD,pOg9NpbD,0.9023286269,0.2938058049,0.6186204412,0.2027668079,-1.33434076,0.9575131365,0.3163950732,0.6427896961,0.2070287247,-1.31540807
YXzpCIl0,2024-09-07,HARD,ppu9X7PH,1.500780186,0.2877976165,1.617146114,0.1404529507,0.4632438421,1.673728125,0.3175186739,1.708477394,0.1338404147,0.1206856659
YoGIQH3g,2024-09-07,HARD,Of1fjykI,1.379636267,0.2007651517,1.338196897,0.1637882844,-0.3569172037,1.394190133,0.1916163234,1.34592595,0.1439149999,-0.3814988324
YoGIQH3g,2024-09-07,HARD,vqjYeY1t,1.483705328e-18,0.8442081452,0.1343903954,0.254772852,0.1669763918,1.483705328e-18,0.8579964273,0.1388161881,0.2121589364,0.1669763918
h0S8NKq0,2024-09-07,HARD,EPozrIpG,0,0.8442081452,-0.8973305394,0.3132411879,-1.144636806,0,0.8579964273,-0.9268817505,0.2836294956,-1.144636806
h0S8NKq0,2024-09-07,HARD,U5Ot7i32,2.021204502,0.4137753063,1.469431901,0.1972086647,-1.516873772,1.946630474,0.4060467724,1.477901482,0.1851033349,-1.296977303
hE7sxKbg,2024-09-07,HARD,nFb01JTe,2.231663282,0.2969038676,2.361017095,0.132922768,0.4872318559,2.20952138,0.3662796203,2.477107913,0.1222331757,0.7749791854
hE7sxKbg,2024-09-07,HARD,xt0Q1xuF,0,0.8442081452,0.2304296187,0.2696370963,0.2880407975,0,0.8579964273,0.2380182096,0.2309290768,0.2880407975
hEFAcJZ6,2024-09-07,HARD,UPNUJjU4,1.120930775,0.4711907687,0.740553116,0.2483561262,-0.9499354498,1.156369097,0.4631061333,0.7715995321,0.2325061518,-0.9606992615
hEFAcJZ6,2024-09-07,HARD,bkppJqxo,1.463629222,0.2904090838,1.693430108,0.1379190219,0.8991717232,1.523051579,0.3076982355,1.747215937,0.1320360454,0.8065517767
lSLHLbEC,2024-09-07,HARD,MuT7l0nb,1.711767533,0.7645321126,1.646247194,0.1682604712,-0.08785399427,1.726362416,0.749851316,1.806594758,0.1382638978,0.1088643147
lSLHLbEC,2024-09-07,HARD,EsKmIeoB,0,0.9456281855,-0.171244732,0.2970618995,-0.1907473964,0,0.9579577976,-0.1757394072,0.2623974958,-0.1907473964
lt1jzbT5,2024-09-07,HARD,Em3nvKqP,1.812258143,0.2519641644,1.726216832,0.1607898064,-0.4435320757,1.780363597,0.2744082023,1.87000719,0.1584573108,0.4001342391
lt1jzbT5,2024-09-07,HARD,tQUXZxHO,0.6835574131,0.2666633769,0.7500463538,0.1895843079,0.3545527409,0.6445510148,0.2909772601,0.6986598082,0.1973307244,0.2530317846
nyTGjJDn,2024-09-07,HARD,rDEdDdEe,0.9464905772,0.4345113369,0.7119557102,0.2528382909,-0.6637022903,0.9473596524,0.4846452169,0.6803606468,0.2504711383,-0.6435202108
nyTGjJDn,2024-09-07,HARD,vySLbjQG,0.659657491,0.7525041513,1.221163494,0.1907908691,0.771388724,0.8342598631,0.7489971069,1.383150088,0.1691275648,0.7522626831
p82dLMRD,2024-09-07,HARD,A5DgdSBm,1.346546727e-16,0.8442081452,-0.3950296368,0.2614526935,-0.4921251307,1.346546727e-16,0.8579964273,-0.4080388945,0.2206594221,-0.4921251307
p82dLMRD,2024-09-07,HARD,pYMHXRN6,1.702119831,0.2940233917,1.512711363,0.1574315534,-0.7627457732,1.790602817,0.3197385533,1.590960436,0.1560493008,-0.7153786624
tlyvYaBJ,2024-09-07,HARD,2HWgFEu7,1.380413405,0.1897255078,1.419530494,0.1262611653,0.2762277131,1.21492906,0.1892521215,1.276085089,0.119837719,0.417515034
tlyvYaBJ,2024-09-07,HARD,rkOojWt6,1.562707082,0.2244231815,1.414691637,0.1787223995,-1.090471368,1.597242418,0.2283458976,1.426123657,0.1721492523,-1.1406274
tzd5J0dQ,2024-09-07,HARD,A1GedNOl,1.761667553,0.2403778487,1.458501909,0.1408487171,-1.556371601,1.825837659,0.2360902123,1.521356533,0.1231920193,-1.511816262
tzd5J0dQ,2024-09-07,HARD,SxUqLqIe,0.736063548,0.2577205285,0.57105522,0.2033613605,-1.042270465,0.8216018339,0.2201059575,0.6623956701,0.1509399676,-0.993801725
x2sodujP,2024-09-07,HARD,0rUdL1O9,0.9185309685,0.3931356283,0.9647981935,0.2324900354,0.1459424951,0.9182041598,0.4284167633,0.9803108334,0.2237288015,0.1699886191
x2sodujP,2024-09-07,HARD,OlQsiYlU,2.393625935,0.4477463027,2.072234669,0.220651025,-0.8249215815,2.460592233,0.4219002088,2.138190354,0.1614126885,-0.8270910384
xKM9SwZt,2024-09-07,HARD,AqLslEIk,2.101290347,0.2637381085,1.913294884,0.1580512792,-0.8904081173,2.151395182,0.2186103717,2.097054607,0.1351996266,-0.3163211103
xKM9SwZt,2024-09-07,HARD,nuKXEflM,1.901735061,0.6119088184,1.225176387,0.2119797981,-1.178636146,1.784152694,0.6143472419,1.128632309,0.205279415,-1.132088822
0thxmuNK,2024-09-09,HARD,GUIVvvjL,2.522120132,0.1892105861,2.647238987,0.1069556445,0.8016300603,2.485832341,0.1908561248,2.613565387,0.1024305622,0.7931734661
8p82KVLB,2024-09-09,HARD,rysUUciD,2.303278037,0.1704645945,2.42654388,0.1080627038,0.9349965144,2.230727384,0.1719425516,2.381623418,0.1019098837,1.089605246
8p82KVLB,2024-09-09,HARD,Cjagsdf4,2.080840168,0.2176734569,2.068929743,0.1261223431,-0.06713440638,2.056595824,0.2076281024,2.016533929,0.1127011345,-0.2297409393
ANiABrRo,2024-09-09,HARD,tlZeVkkp,1.832161275,0.1838389969,1.727873517,0.1423280115,-0.8962554202,1.888052494,0.1793314234,1.772651995,0.134809231,-0.9757922072
ANiABrRo,2024-09-09,HARD,v93ljkqM,2.158921683,0.1933348932,2.072269671,0.1208079766,-0.5740707826,2.240695364,0.2067526413,2.211733439,0.1137805445,-0.1677701191
CKBsRc01,2024-09-09,HARD,21U8Dqna,2.378722313,0.1901267475,2.222500715,0.1333914885,-1.153095218,2.35553339,0.1904769032,2.189654137,0.1295278475,-1.18776457
GhIYSJVl,2024-09-09,HARD,boU2UKtN,1.784693528,0.1860489553,2.058035056,0.1128474921,1.847929336,1.91304166,0.1801605783,2.202940319,0.1039559517,1.970186261
OpbQ70QA,2024-09-09,HARD,UopBzI6j,1.184942526,0.6823353015,0.6104370326,0.2633503216,-0.9126863707,1.204106287,0.6663874576,0.6542566999,0.2385446013,-0.8836774527
OpbQ70QA,2024-09-09,HARD,S0E8uMT2,1.681252884,0.3785497336,1.435183689,0.1696608755,-0.7271531546,1.748904557,0.3747194747,1.50569111,0.1389644705,-0.6988904834
UqQckhAq,2024-09-09,HARD,Uwhd6a1e,1.774618176,0.2463981267,1.542618021,0.1316956957,-1.114043562,1.936253716,0.2518182707,1.700370809,0.1257234475,-1.081098758
UqQckhAq,2024-09-09,HARD,QPwVs83E,1.137040036,0.2389600646,1.199572213,0.1688184268,0.36974596,1.1832107,0.2495641887,1.250100493,0.1579048846,0.3461180539
WdMaiutU,2024-09-09,HARD,hQQLzcNT,2.218731163,0.1661259026,2.14219988,0.118102779,-0.6550581316,2.153798385,0.1674771052,2.116766533,0.1122807456,-0.298008788
WdMaiutU,2024-09-09,HARD,vuh74hwO,-1.260671149,0.5782028194,-1.216354464,0.2990596439,0.08955482529,-1.301912429,0.562553513,-1.258024991,0.260287112,0.08800096222
ryjI9Meb,2024-09-09,HARD,dvDRCAx9,1.296486781,0.2163248289,1.353294719,0.1775063136,0.4594460641,1.392303631,0.2164610335,1.448108082,0.169939586,0.416220361
ryjI9Meb,2024-09-09,HARD,4IwCdyAG,2.202581824,0.1584896842,2.23015372,0.1256910792,0.2855890856,2.307923372,0.1552619919,2.336663998,0.1176047573,0.2835284879
tb6AI9jO,2024-09-09,HARD,zNoTPac0,2.535572571,0.1671617415,2.414887181,0.1281491169,-1.124378172,2.391624175,0.1671673062,2.294280537,0.1239404745,-0.867768661
tb6AI9jO,2024-09-09,HARD,6TlRnRze,1.782496693,0.1751746352,1.722723377,0.1281197284,-0.5003486394,1.772649662,0.167473419,1.765892799,0.1164254647,-0.05612729453
x8Mg9D1F,2024-09-09,HARD,f1PZMn7P,1.955464593,0.172785313,1.978538341,0.1269337209,0.1968265953,1.969349777,0.1719105513,1.970207003,0.1230215163,0.007138860636
x8Mg9D1F,2024-09-09,HARD,xEGb8F4p,1.949283014,0.1677961273,2.176791608,0.108085543,1.772599909,1.832426712,0.1676796047,2.067730356,0.1020550683,1.768589902
0zD55MkG,2024-09-10,HARD,Ojnpq17F,1.565680039,0.2407464838,1.635660395,0.1322932139,0.3479183191,1.449122818,0.2853765529,1.605664295,0.1281509507,0.6139253899
46jKxDyt,2024-09-10,HARD,fJjFPDOb,2.100446512,0.17316082,1.992697251,0.1241962217,-0.8929642834,2.160386531,0.1654095525,2.058193604,0.1146592992,-0.8571746588
46jKxDyt,2024-09-10,HARD,KQGnhml2,1.518253195,0.1781822524,1.471009949,0.1197728606,-0.3581153729,1.46811559,0.1756712154,1.414097953,0.1109833184,-0.3966839782
48Jd7rL3,2024-09-10,HARD,vo9FVe2A,2.003658233,0.1798888795,1.984251475,0.1216084119,-0.1464029333,2.028836935,0.1830908399,2.023606201,0.1160229169,-0.03693065496
4hBoODMn,2024-09-10,HARD,OGYNaUZG,1.504904939,0.1782486136,1.818053439,0.1207806608,2.38880456,1.408568487,0.1789748225,1.722577116,0.1165100594,2.311300438
4hBoODMn,2024-09-10,HARD,O81eud9p,2.449605379,0.1632088513,2.532536089,0.1169837294,0.7286987656,2.616878049,0.1493483838,2.663789888,0.1029037138,0.4334081999
ALK17iWR,2024-09-10,HARD,rwvAgOWm,1.915816,0.2113346677,2.091163289,0.135567278,1.081569735,1.919908275,0.2200356508,2.118181187,0.1306432137,1.119845732
ALK17iWR,2024-09-10,HARD,KjtjWuVS,0.9611408694,0.3350899294,0.8406759177,0.1956306997,-0.4427964142,0.8706343489,0.3406142414,0.7450076914,0.1938577083,-0.448560084
CIEgMiia,2024-09-10,HARD,QqnrZJm5,1.884393888,0.2091109485,1.645958582,0.1339562149,-1.484919183,1.958016745,0.2001871271,1.751458552,0.1111198694,-1.240477655
CIEgMiia,2024-09-10,HARD,dKYVCedT,1.88407119,0.1789200483,1.94642611,0.1414635487,0.5692093047,1.881215486,0.180033787,1.943895846,0.1376968738,0.5404335768
I56hBZW2,2024-09-10,HARD,rBZ5EARu,2.048621784,0.1643861333,2.188876639,0.1097168753,1.145748801,1.98132099,0.1609406988,2.164875924,0.1005433934,1.460611261
I56hBZW2,2024-09-10,HARD,dGbzUtWd,1.955459843,0.2634236753,1.764997703,0.1390175917,-0.8512097653,1.871239432,0.280828877,1.688688471,0.1381196929,-0.746582499
IFw2o1bp,2024-09-10,HARD,KGQ2bDHb,1.967299626,0.2177683073,1.907851129,0.1437892351,-0.3634944035,2.072863019,0.2300851001,1.879472125,0.1430481419,-1.073129661
MRA5uSns,2024-09-10,HARD,QoLeDQFG,2.056341739,0.1610497183,2.121409285,0.1126363985,0.5652695762,2.078756601,0.1560061156,2.120762185,0.1038222267,0.3607410321
OWIig1BH,2024-09-10,HARD,pQGynuhR,1.446210987,0.3170865431,1.37798756,0.1645819404,-0.251720124,1.683812176,0.3338187643,1.586902038,0.159907165,-0.330721151
QNyHucFf,2024-09-10,HARD,WMS3AdAb,2.702340128,0.1660800859,2.73179283,0.1175380794,0.251014758,2.868803555,0.1626856136,2.894477015,0.112193811,0.2179228888
Uer8sJpr,2024-09-10,HARD,zZiiCAEg,-0.007007936,0.3756824729,-0.1626371506,0.2037444867,-0.4930669111,-0.03210611652,0.3984873321,-0.2037823179,0.185053974,-0.48645553
j5gNhq6A,2024-09-10,HARD,WUQY7p9b,1.776727105,0.2444940808,1.702774332,0.114386518,-0.3422379811,1.770594686,0.2659829527,1.665824391,0.1034357046,-0.4275520003
jaE6mWvd,2024-09-10,HARD,0QlxEb7i,2.143227567,0.2061504467,2.055935451,0.1528915638,-0.6312572263,1.947788238,0.2101492626,1.841525644,0.1505202202,-0.7245974428
jaE6mWvd,2024-09-10,HARD,fc9W6odL,1.618783065,0.2501406312,1.417425946,0.1282977956,-0.9377117849,1.587682523,0.2650115957,1.363833618,0.120474654,-0.9483335142
nXnWjNzN,2024-09-10,HARD,OKBlwX8r,1.62334454,0.1787264184,1.706088151,0.1277944968,0.6622308108,1.583501061,0.1788589938,1.672847595,0.1216340485,0.6813461471
p4bDtMxE,2024-09-10,HARD,bstrYIDU,1.886140153,0.227002126,1.459261098,0.1375394208,-2.36379776,1.992280744,0.226183117,1.558915068,0.1237326817,-2.288842092
p4bDtMxE,2024-09-10,HARD,W6pL8zuB,2.490736013,0.1589755119,2.477272516,0.1026829521,-0.1109340738,2.407127266,0.1558352964,2.409350777,0.09551168485,0.01805754898
6F2ouAJS,2024-09-11,HARD,neAp94aO,3.42490087,0.1626570707,3.309522214,0.1316729605,-1.208199558,3.477990134,0.1587008564,3.341916688,0.126670644,-1.423272884
WOAzRJbI,2024-09-11,HARD,pS5UjYbG,3.470638429,0.1796697948,3.257646829,0.1394457429,-1.879946947,3.667965703,0.1820809698,3.402123979,0.1384682131,-2.248376505
KvKeSWsr,2024-09-12,HARD,8fw1CCQC,2.496051538,0.2061768635,2.303111728,0.135372511,-1.240695257,2.558596453,0.2092656841,2.352641879,0.133491031,-1.277957694
roHEZN8i,2024-09-12,HARD,Gloq9MUN,3.121850831,0.1801054191,3.059579044,0.1396417868,-0.5474639362,3.059732797,0.1800795633,2.990517198,0.1373706515,-0.5944384785
6cTWnanQ,2024-09-13,HARD,vkOnO123,1.241088097,0.2066186912,1.377971251,0.1273747404,0.8413912298,1.293776586,0.2126201198,1.400394191,0.1159932119,0.5983252008
6cTWnanQ,2024-09-13,HARD,2Pz8iDFl,0,0.8442081452,-0.05026157865,0.2902100891,-0.06340089744,0,0.8579964273,-0.05191681099,0.2561582992,-0.06340089744
INm1NftT,2024-09-13,HARD,hSk9dOo1,0.4949769641,0.5481350893,0.4497142016,0.2379314815,-0.09166171329,0.5074619461,0.5272691603,0.4612737495,0.1842349251,-0.09349181128
INm1NftT,2024-09-13,HARD,8Ck3Vpyk,0.6605063566,0.5548190761,0.8605718461,0.2421898107,0.4007982199,0.6549576317,0.5338135993,0.8548651011,0.1891017208,0.4004581925
be8BuHv0,2024-09-13,HARD,xEP5jAtb,-0.3663998521,0.5241137773,-0.8329370865,0.2446856169,-1.006571683,-0.3972938908,0.5019686983,-0.8448022302,0.2264145747,-0.9988900651
be8BuHv0,2024-09-13,HARD,SE54TO51,0.3227760002,0.6016207868,0.2965372455,0.1941031755,-0.04607748951,0.3178279847,0.5822695514,0.2611515693,0.1525700354,-0.100861093
fN1Kwe9C,2024-09-13,HARD,YTIjgkce,-0.3659177552,0.5132043298,-0.2753759352,0.1993096455,0.1914522815,-0.4102203208,0.5069189738,-0.3241266798,0.1794605546,0.1815979048
fN1Kwe9C,2024-09-13,HARD,jy1nvLTe,1.495163329,0.2204511742,1.449863921,0.1281768607,-0.252563717,1.562305221,0.2142768826,1.569584004,0.1121586849,0.03986653507
pAkgPGBG,2024-09-13,HARD,CWPUTmnP,0,0.8442081452,-0.7079970879,0.3097036045,-0.9015077698,0,0.8579964273,-0.731313102,0.2794538142,-0.9015077698
pAkgPGBG,2024-09-13,HARD,vFKjUS0N,1.342460137,0.2743740461,0.5810980223,0.1666211481,-3.492688504,1.284980956,0.281840329,0.4862922315,0.1597620662,-3.439875093
0riQHY3j,2024-09-14,HARD,OMXPbN89,1.712917417,0.2792927952,1.855847207,0.122416843,0.5693619526,1.715679809,0.2869225001,1.85272167,0.1165906792,0.5227288742
0riQHY3j,2024-09-14,HARD,Of42ImLn,-0.2402482905,0.5747433558,-0.6259771322,0.2666023726,-0.7575654053,-0.2594690683,0.55535075,-0.6462254033,0.2201744894,-0.7585825395
QsA3swAm,2024-09-14,HARD,ra7IoKGO,2.250726282,0.1829138207,2.330863446,0.1152323032,0.5641366834,2.192079475,0.1833294027,2.276322004,0.1084321287,0.569881262
QsA3swAm,2024-09-14,HARD,007xoimf,0.01942649938,0.5691782346,-0.2732159098,0.2072941192,-0.5520640975,0.01026957386,0.5539188089,-0.1583010708,0.1744563287,-0.3206416764
SlqCuxdc,2024-09-14,HARD,ncuzeEss,0.5664141245,0.4734126122,0.7261031558,0.2209716652,0.3814127851,0.5572042562,0.4543738474,0.7524186213,0.1934894712,0.4748386279
SlqCuxdc,2024-09-14,HARD,lzVyJOoH,1.051930533,0.5541216285,0.3381458327,0.2890715172,-1.509870519,1.039765027,0.5331350248,0.3255249138,0.2464305769,-1.510778127
WCvr8G46,2024-09-14,HARD,ncLLz3yC,7.70203639e-19,0.8934802832,0.2405385728,0.2768121084,0.2831468738,7.70203639e-19,0.906519439,0.2476104823,0.2388226431,0.2831468738
bgTiLngo,2024-09-14,HARD,E35TNjPi,-0.8424303141,0.540103559,-0.9930955061,0.2705824373,-0.3223221795,-0.773504503,0.5306835631,-0.9285986874,0.2381220477,-0.3270232593
bgTiLngo,2024-09-14,HARD,0OZYPwg9,-0.0290780002,0.5577539576,0.3655583871,0.1953086087,0.7553710413,-0.02001934634,0.5367099411,0.3743709096,0.1229124724,0.754891542
lrdpRxs4,2024-09-14,HARD,lj0um52s,-1.786456849e-17,0.8442081452,-0.8535633643,0.2692863594,-1.066810655,-1.786456849e-17,0.8579964273,-0.8816732191,0.2304920029,-1.066810655
lrdpRxs4,2024-09-14,HARD,Qk09uuRk,0.5928589743,0.2159493568,0.6374647327,0.1367945217,0.2669454117,0.6104721964,0.2080042834,0.59222626,0.1209393633,-0.1078161453
tIhxTbCi,2024-09-14,HARD,8O9jYpK8,1.720294446,0.3753343132,1.578147708,0.1276029764,-0.402707304,1.753383065,0.3964933059,1.649174537,0.108000529,-0.2731541841
tIhxTbCi,2024-09-14,HARD,jViJUf2q,-0.5334947804,0.5649960287,0.3218160426,0.2048215786,1.624327499,-0.5507939972,0.5475025249,0.3059903913,0.1607387139,1.637035222
4zQyVhU9,2024-09-15,HARD,OY0ZExo5,0.3381946197,0.2118775155,1.139741669,0.1187669541,4.568240034,0.5272844185,0.2105756535,1.32479945,0.1125660788,4.481342118
CUG4JK9j,2024-09-15,HARD,2yj9GWan,2.19163321,0.1770471455,2.158767839,0.1211888504,-0.2546329881,2.292661865,0.1715011846,2.280850318,0.1092756371,-0.08935971803
QkEpTWbM,2024-09-16,HARD,84GyAaXB,1.989565359,0.1715868568,1.891325268,0.1321413733,-0.8975270256,1.882666387,0.1698413855,1.809034228,0.1272606593,-0.6546485068
QkEpTWbM,2024-09-16,HARD,8CZqQdSa,3.030645005,0.166413265,3.145166421,0.114318576,0.946987289,3.111458105,0.1632974991,3.206144021,0.1080192872,0.7731612101
hQgisO1c,2024-09-16,HARD,dzbgeEFF,2.691118311,0.1658615889,2.731563387,0.1169083699,0.3437624154,2.615615007,0.1635533352,2.652983414,0.1124320157,0.3146013283
lWBPSOn4,2024-09-16,HARD,WWkxyOw9,1.213225913,0.5496124475,0.7953173266,0.2699573273,-0.8729250169,1.217320016,0.5287646156,0.7988411905,0.2241029405,-0.8737864064
pfoBqhq3,2024-09-16,HARD,W2BCKjLQ,3.060021705,0.168692025,3.154365465,0.1191765727,0.7902157081,3.06294768,0.1668578134,3.143726459,0.1145091596,0.6655918006
pfoBqhq3,2024-09-16,HARD,nwkutKbi,2.972351474,0.1845840036,2.960333602,0.1174827237,-0.08441326598,3.013859393,0.1797366339,2.992470736,0.1105404437,-0.1509162685
bwNTWEac,2024-09-17,HARD,YsJXLo1O,2.713984405,0.172559253,2.593130925,0.1269423449,-1.033943164,2.856619172,0.162195441,2.745259874,0.1152990398,-0.9761792084
bwNTWEac,2024-09-17,HARD,YmIZde1B,3.393699189,0.2047902873,3.073285777,0.1294279867,-2.018917239,3.513206915,0.2042842633,3.18551489,0.1226236628,-2.005611737
dY4GNAMq,2024-09-17,HARD,Ova6pdYE,2.060005603,0.181430786,2.041876661,0.1092269375,-0.1251414958,2.05081796,0.1808779312,2.026810161,0.1032675563,-0.1616672581
rVvs9B7j,2024-09-17,HARD,hAR7VtG4,2.103399428,0.1820735828,2.088395911,0.1160678772,-0.1069525564,2.136691509,0.18167061,2.113657823,0.1106723396,-0.1598796755
rVvs9B7j,2024-09-17,HARD,OUcOCbAR,1.373220261,0.5437370197,1.468376047,0.2065043109,0.189177664,1.377266325,0.5221253693,1.472226358,0.1400110909,0.1887863009
ne3v2vgR,2024-09-19,HARD,GU42elks,3.062420303,0.1839439335,3.005871902,0.10365976,-0.3721415237,3.01163214,0.1823269267,2.960092694,0.09793864732,-0.3351303813
8Sd8G8tg,2024-09-22,HARD,r1KzDnxd,-0.8656752712,0.5910339636,-0.1771233967,0.2855474699,1.330590824,-0.8938794744,0.5751370488,-0.2014895603,0.2440721841,1.329525795
8WhhguqS,2024-09-22,HARD,4Y0B7SZo,6.118615809e-17,0.8442081452,-0.4983115594,0.2741716271,-0.6241011324,6.118615809e-17,0.8579964273,-0.5147221344,0.2365570698,-0.6241011324
02g0IUBt,2024-09-23,HARD,CEFSKodt,0.6727456006,0.551946733,0.8138367029,0.2416833246,0.2843317075,0.6878333543,0.5320921947,0.828748017,0.1888370722,0.2832704964
2gER7vbL,2024-09-23,HARD,8hvtJI4d,1.37840786,0.2135894068,1.407728609,0.1351772277,0.1773028993,1.339572299,0.2072782007,1.394655263,0.1233345304,0.3306462018
2gER7vbL,2024-09-23,HARD,4Um0wVmD,0.7664036107,0.3054569028,0.6079552192,0.1621962019,-0.6121563908,0.7522869885,0.3314266849,0.5743038154,0.1390248278,-0.5915846282
4MClDZZ0,2024-09-23,HARD,AFSnl5ye,1.310779472,1.147175178,1.566170821,0.1927531798,0.2258370393,1.30310216,1.13941907,1.558592035,0.1201755461,0.2254858613
4MClDZZ0,2024-09-23,HARD,n5XviZ0t,1.74708861,0.2094288591,1.477493305,0.1329933428,-1.666417299,1.860671377,0.206740447,1.604379888,0.1253260947,-1.558730883
CbOBtuBD,2024-09-23,HARD,xneEgl1j,0.8809467866,0.3335730481,0.9675345151,0.1513274924,0.2912738791,1.06937122,0.3482298464,1.159543865,0.145244132,0.2849114778
f9nxcNq3,2024-09-23,HARD,UqnOkX4F,1.431254709,0.1912175404,1.514432719,0.1327355816,0.604305414,1.297160655,0.1869619353,1.385201275,0.1226406581,0.6238834566
f9nxcNq3,2024-09-23,HARD,rN9FSHYh,0.8980731897,0.5377451468,0.7119855952,0.1610045151,-0.3626898366,0.9400886999,0.5290106702,0.7500396056,0.1285641112,-0.3703573317
fig60dje,2024-09-23,HARD,KhTa5tH1,1.173289831,0.2064523923,1.193653754,0.1219379649,0.1222364769,1.072326701,0.2079667547,1.078687207,0.1148702413,0.03668878615
jJnFbzL7,2024-09-23,HARD,QJ1JdGQr,0,0.8442081452,-0.7518341827,0.279312922,-0.9437294461,0,0.8579964273,-0.7765938557,0.2428896605,-0.9437294461
x8lPCQuI,2024-09-23,HARD,bZu69bao,1.385958206,0.4383763059,1.366198163,0.1703607857,-0.04892074099,1.437224852,0.4263235727,1.45033898,0.1441913652,0.03268734084
zJfpe1EF,2024-09-23,HARD,zFSFxuaJ,-1.201298546e-19,0.8442081452,-0.3956724367,0.2706657351,-0.4948119263,-1.201298546e-19,0.8579964273,-0.4087028633,0.2322094395,-0.4948119263
zswXocy2,2024-09-23,HARD,WrhNf3At,1.926643959,0.2992366093,1.651598962,0.1487026051,-1.059197387,2.065131852,0.3135781656,1.713139613,0.1459660581,-1.268284655
EZdilYH6,2024-09-24,HARD,IJAxNUl3,2.139271973,0.1923900759,2.211293656,0.119143276,0.4767785053,2.288453246,0.1890431226,2.314351611,0.1120897094,0.1701293931
EZdilYH6,2024-09-24,HARD,046jJj30,2.150463678,0.1913076824,2.153930256,0.1246303331,0.02388420942,2.084589891,0.1886196903,2.092776725,0.1173680808,0.05544553814
dEMPXswQ,2024-09-24,HARD,8jMJmh84,2.588714314,0.1889483745,2.593890447,0.1262491215,0.03681992233,2.69258848,0.1874680526,2.68640822,0.119665544,-0.04282724777
dIEsakWO,2024-09-24,HARD,GWuBzqkB,2.128329609,0.1913534571,2.077958663,0.1396933851,-0.3851748177,2.197896465,0.1820185337,2.166228901,0.1254763793,-0.2401648876
2Z1BcxeK,2024-09-25,HARD,h6Lq4OGA,1.904574746,0.1954108417,1.770552832,0.1354899704,-0.9517827675,1.959273944,0.1910700745,1.804591041,0.1287785165,-1.09586106
2Z1BcxeK,2024-09-25,HARD,2PPTHPya,2.374845425,0.1948413599,2.416237327,0.1215855763,0.2718677495,2.448234322,0.1905395538,2.472077477,0.1128452485,0.1553002728
8AcaHWog,2024-09-25,HARD,Gj20DdaG,2.181204742,0.1905367418,2.072821651,0.1330781465,-0.794821819,2.139140716,0.1778983857,2.062786999,0.1195736711,-0.5796699451
EDLGyeY0,2024-09-25,HARD,4tDEgmxI,0.0809484087,0.5930117824,0.5572063463,0.2354112905,0.8750181877,0.07250933114,0.5772214602,0.5509623349,0.1819908534,0.8734385968
EDLGyeY0,2024-09-25,HARD,fkFeyKHL,1.818463766,0.1980217127,1.756810429,0.1179418664,-0.3875934746,1.792925803,0.1966821605,1.774619724,0.111178244,-0.1128302168
EHueQheS,2024-09-25,HARD,pA0aW3EL,2.575621024,0.195063976,2.371529473,0.1241178384,-1.356255702,2.534453319,0.1914124894,2.334796917,0.1165081538,-1.314650651
IknnSEQF,2024-09-25,HARD,bigXsmFf,2.563604999,0.1933993629,2.567045821,0.1225627476,0.02299936092,2.523314391,0.1887951179,2.514281692,0.1098949725,-0.05883939549
Ma0anCnJ,2024-09-25,HARD,MDM4BKiA,3.362188021,0.1967440207,3.302785607,0.127532116,-0.3965118758,3.535091063,0.1935465168,3.483635005,0.1199825758,-0.3388169256
Oji0ZVXr,2024-09-25,HARD,ETkoNgxJ,1.981993854,0.2331335644,2.010871827,0.1348506791,0.1518494222,1.945924463,0.2375060694,1.99857061,0.1321036183,0.2667285883
SK5UvhAL,2024-09-25,HARD,pCVKwJRi,0.8596564907,0.2544027178,1.072397973,0.1531640155,1.047320325,0.9654525182,0.2547373952,1.179481277,0.1457789625,1.024546276
UT5i6X3d,2024-09-25,HARD,4G2NcWDT,-0.04756072352,0.5581890895,0.2253131869,0.2902497392,0.5723128494,-0.06036316542,0.537384558,0.2121992186,0.247811643,0.5716074169
Umx4SNKb,2024-09-25,HARD,MysmW1jf,2.226477025,0.198911066,2.015900142,0.1316378473,-1.412120384,2.224763392,0.1966255338,2.017530251,0.1263309772,-1.375391506
fimTcok3,2024-09-25,HARD,K25VJT7h,1.93206027,0.2009341126,1.708770201,0.1342721932,-1.493737942,1.979745781,0.1921862404,1.76891721,0.1199444369,-1.40399948
fimTcok3,2024-09-25,HARD,WvwZpPTa,-4.550808697e-14,0.8442081452,0.7119126609,0.2079393607,0.8700978451,-4.550808697e-14,0.8579964273,0.735357624,0.1479532589,0.8700978451
hK8rjfmf,2024-09-25,HARD,dMopwFzs,1.913852635,0.2034365326,1.982366863,0.1358962661,0.4525707285,2.084871662,0.1882754572,2.229848292,0.1200153883,0.9993884476
rXVQKWIk,2024-09-25,HARD,vw1oqIPi,2.561720193,0.20174151,2.290310777,0.1250283272,-1.714229357,2.546027058,0.1972477865,2.304020866,0.1164596899,-1.520163694
xEuCQ1kB,2024-09-25,HARD,l2kcaiDr,0.901297875,0.5899111804,1.389719902,0.2140362169,0.8885046911,0.8881794983,0.5701446426,1.376295058,0.1512027413,0.8879193529
z3QY0B1C,2024-09-25,HARD,Y9jUuHka,2.760060602,0.1934137036,2.682183426,0.1399065222,-0.5831406531,2.875531099,0.1848550133,2.762241222,0.128952386,-0.855349102
4nKZIAm2,2024-09-26,HARD,hQUwozcE,0.8082700616,0.5385700028,1.334825122,0.2020547666,1.054732451,0.8222315152,0.5174922701,1.34848622,0.1345831999,1.053171827
6mI8wH3l,2024-09-26,HARD,x0QCtJlk,1.735343129,0.2055345296,1.750283243,0.1319458473,0.09480344997,1.839906503,0.2057531264,1.82255495,0.1272179044,-0.1073007811
6mI8wH3l,2024-09-26,HARD,6XSnpS5h,2.494682353,0.2010896433,2.486105707,0.1284675629,-0.05543930088,2.544982599,0.2010613157,2.553549872,0.1209006146,0.05332852881
AuFPZY2D,2024-09-26,HARD,bw2fEE7H,0.6415034356,0.3835356376,0.7054444141,0.1779109013,0.1881860359,0.6560089307,0.4073942511,0.7229690466,0.1348005362,0.1741729103
AuFPZY2D,2024-09-26,HARD,vwIzxgEI,2.44562583,0.2507822377,2.2979316,0.1450929155,-0.7220526225,2.424683437,0.2575996739,2.280095831,0.1427474335,-0.6742841978
GOhLMHUO,2024-09-26,HARD,x81l09qG,2.705847236,0.1820593167,2.625984235,0.1402914669,-0.6882721557,2.711232351,0.1782498168,2.613983828,0.1352140373,-0.8372871791
SG9TlkW7,2024-09-26,HARD,OKXs3Wah,2.65187277,0.1921604357,2.694666691,0.1236340941,0.2909048797,2.634733734,0.1909719676,2.665897534,0.1192182433,0.2088883149
na5zdPJF,2024-09-26,HARD,O8s9yjMD,1.822823034,0.2070628002,1.669706982,0.1314898501,-0.9572479054,1.806983533,0.2035101701,1.67365682,0.1216455381,-0.8171905246
zurnAFvQ,2024-09-26,HARD,dfAUd6JU,0.1577654765,0.5632109939,-0.1480738295,0.2383349532,-0.5993358363,0.1522079791,0.5445368805,-0.1554500606,0.185335324,-0.6008634003
AmDKtDGk,2024-09-27,HARD,KGdcQnEf,3.189915271,0.1905039111,2.947943138,0.1205615947,-1.640474263,3.258021189,0.1873563279,3.012431467,0.1143648668,-1.654898064
ULRtbg9L,2024-09-27,HARD,0SeXj3jT,2.705578333,0.2025008982,2.648078068,0.1212779628,-0.3545734886,2.735787273,0.1995301219,2.679380874,0.1115784852,-0.340996876
bFCXeLpK,2024-09-27,HARD,8EI3pJOd,3.010733977,0.1961641569,2.955563138,0.1295682611,-0.374589299,3.154196903,0.1938523102,3.095886566,0.1239370782,-0.3911919902
jJtM3mH8,2024-09-27,HARD,vXvzyRlq,2.584165585,0.205651285,2.590237534,0.1230144385,0.03684376897,2.575379518,0.2061679079,2.577691321,0.1190204767,0.01373270019
CQjZ8I43,2024-09-28,HARD,QwU996PK,3.612015331,0.2049013038,3.431381798,0.12438598,-1.109357761,3.640763095,0.2049369328,3.452653434,0.1195051497,-1.129881185
MBfCi3a3,2024-09-28,HARD,MewU5OwE,2.264428054,0.2018738148,2.071792375,0.1526305656,-1.457983382,2.405896229,0.1898759863,2.229169872,0.140143468,-1.379467037
jmhHJbME,2024-09-28,HARD,2FyACZYi,3.00626157,0.2069086692,2.833098825,0.1360584158,-1.110855413,3.074813219,0.2103490819,2.900492939,0.1349647858,-1.080439523
pGGoTxcl,2024-09-28,HARD,CWtkHlUE,2.427941172,0.214720704,2.178967763,0.1511374307,-1.632394664,2.448279584,0.2157020267,2.184866796,0.1489482281,-1.688342692
trAMaZrm,2024-09-28,HARD,lI6fOOat,3.63021586,0.1990048526,3.586368536,0.1175197683,-0.2730236615,3.663735231,0.1944646164,3.624876512,0.104714606,-0.23714038
dQd5mZjD,2024-10-01,HARD,vyhksgUB,4.503568688,0.1463090152,4.54036364,0.114172474,0.4021612662,4.625730245,0.1409491273,4.655051071,0.1082594145,0.3248547244
dQd5mZjD,2024-10-01,HARD,QwU996PK,3.36765648,0.1566242041,3.43472601,0.1263167243,0.7242732826,3.389532525,0.153030379,3.455997646,0.1213690814,0.7130792765
hEyx8oG6,2024-10-01,HARD,GlqMuuhi,2.152455618,0.1555419691,2.320878889,0.1157318003,1.620694608,2.300191866,0.1282302002,2.40659667,0.09613500362,1.253901621
hEyx8oG6,2024-10-01,HARD,KGdcQnEf,3.098164489,0.1722783742,2.92919442,0.1200810346,-1.36781405,3.164755647,0.1679668153,2.99368275,0.1137241464,-1.383962199
4CTT4PcK,2024-10-02,HARD,fkFeyKHL,1.81133473,0.1586757726,1.782868333,0.1170269552,-0.2656504909,1.784927933,0.1534296805,1.800677628,0.1097120164,0.1468415094
4CTT4PcK,2024-10-02,HARD,Or4Qa1ye,3.669900243,0.1441006735,3.898699508,0.1022937463,2.254317414,3.733774856,0.1374953253,3.976404424,0.09214842441,2.377620864
EHgSJ1f4,2024-10-02,HARD,vXvzyRlq,2.578909895,0.1648863932,2.592700021,0.1232670013,0.125923998,2.569967654,0.1626749249,2.580153808,0.1189932919,0.09183153531
EHgSJ1f4,2024-10-02,HARD,lI6fOOat,3.637737965,0.1683517255,3.590238921,0.115269114,-0.3871146984,3.672661825,0.1580686066,3.628746897,0.1016273171,-0.3627280578
KxuxXJQp,2024-10-02,HARD,nwkutKbi,2.978666195,0.147375591,2.936159435,0.1224408425,-0.5182285175,3.019193635,0.1401994963,2.968296569,0.1156274535,-0.6419466963
KxuxXJQp,2024-10-02,HARD,xCyEhjAS,3.707587928,0.1538912328,3.815518598,0.1094541933,0.9977217106,3.810243625,0.1475148599,3.866276655,0.09932024196,0.5137376294
tW3GYwTF,2024-10-03,HARD,OY0ZExo5,1.094653888,0.1428206518,1.493543516,0.1098288356,4.369084275,1.293768241,0.1368345915,1.678601297,0.1022829359,4.233818469
tW3GYwTF,2024-10-03,HARD,Wl76rX3I,3.449760788,0.1431312916,3.599829614,0.1048111398,1.539577121,3.414055663,0.1370771978,3.554613548,0.09675344348,1.447518166
tfKaa0B5,2024-10-03,HARD,f5BXmEH6,4.178088839,0.1592281126,3.927357988,0.1132922251,-2.240950481,4.237975794,0.1557180923,3.968899183,0.1076832521,-2.392152043
CznUMr4k,2024-10-11,HARD,bstrYIDU,1.49133187,0.1945581386,1.409424424,0.1325707448,-0.5751912211,1.5717436,0.1823283656,1.509078394,0.1146952642,-0.4421313636
CznUMr4k,2024-10-11,HARD,fg8WB6JC,1.211516973,0.6090787775,1.175716964,0.1670488025,-0.06112103832,1.23940368,0.5935436016,1.390704187,0.1130748106,0.2596661377
G40bS4tS,2024-10-11,HARD,fc9W6odL,1.397607776,0.1837263799,1.416463605,0.1294748304,0.1446531342,1.346283404,0.1768571891,1.362871277,0.1169600079,0.1250399855
G40bS4tS,2024-10-11,HARD,QqnrZJm5,1.696653577,0.2022963039,1.655259993,0.1407067944,-0.2847938741,1.75940087,0.1828021286,1.760759962,0.1162588901,0.009634232149
IgQCXaI7,2024-10-11,HARD,AFSnl5ye,1.56152254,0.2376296595,1.628000432,0.1880490371,0.4575939706,1.554317452,0.1838327523,1.620421647,0.1123743458,0.4543647431
IgQCXaI7,2024-10-11,HARD,n5XviZ0t,1.586576541,0.2109620146,1.431888438,0.1237487487,-0.9053797945,1.697290165,0.2070012937,1.558775021,0.1144923666,-0.803191731
Kx7kUQBF,2024-10-11,HARD,WrhNf3At,1.555045729,0.2294693562,1.691746679,0.1466137578,0.7744059575,1.665525479,0.2320959353,1.75328733,0.1417395366,0.4775139525
Kx7kUQBF,2024-10-11,HARD,hfzer6K1,1.60776745,0.2067157767,1.422576833,0.1382780563,-1.205217822,1.853125335,0.1979964604,1.67478481,0.1203509306,-1.134334561
OlC6wpzh,2024-10-11,HARD,rN9FSHYh,0.7056616214,0.2196907257,0.7421761073,0.1670046676,0.2558190243,0.7470052359,0.197176504,0.7802301178,0.1359945457,0.2327116524
OlC6wpzh,2024-10-11,HARD,KhTa5tH1,1.157159149,0.193043915,1.206252228,0.1171813254,0.3200131816,1.05429089,0.1903752632,1.091285681,0.1080554048,0.2360296386
WEFEyO44,2024-10-11,HARD,boU2UKtN,2.176116046,0.1710933104,2.082555288,0.1152647217,-0.7399642222,2.308453631,0.1621514561,2.227460551,0.1057825827,-0.6590438193
WEFEyO44,2024-10-11,HARD,67YcQ3Y6,1.148278368,0.4413077974,1.086419175,0.1866075424,-0.1546817274,1.245993064,0.4644560594,1.184757297,0.1541308125,-0.139764301
bqfHrQQ8,2024-10-11,HARD,ETkoNgxJ,1.919293093,0.209171465,2.05956077,0.1316683622,0.8630240329,1.88074742,0.2094775031,2.047259553,0.1275993197,1.002299096
bqfHrQQ8,2024-10-11,HARD,OzMSCMPd,0.4642147114,0.5807945883,0.4263316756,0.272672643,-0.07387373103,0.4680404348,0.5631684762,0.4293941288,0.2281810241,-0.07506017158
jsZeyrJr,2024-10-11,HARD,v93ljkqM,2.155415281,0.2022331491,2.16002537,0.1243387824,0.02890458999,2.232812806,0.1975570722,2.299489139,0.1115611092,0.4089501714
jsZeyrJr,2024-10-11,HARD,zZoU3kJa,1.462588332,0.4886720553,0.9185347152,0.2602184034,-1.315326291,1.480722025,0.4649262134,0.9359279395,0.212201211,-1.316961497
lzMeL2KN,2024-10-11,HARD,4Um0wVmD,0.6744783786,0.2426871758,0.5973646417,0.1554399554,-0.413756722,0.646134106,0.2421004236,0.5637132378,0.1227412065,-0.3949635434
p67RFtro,2024-10-11,HARD,jy1nvLTe,1.570858666,0.1945081243,1.418179841,0.1214218234,-1.004767135,1.641303405,0.1811842555,1.537899923,0.1025041822,-0.6921209057
p67RFtro,2024-10-11,HARD,ppu9X7PH,1.653350203,0.2287014398,1.633911664,0.1363954598,-0.105887481,1.842585428,0.2273569566,1.725242944,0.1240682409,-0.6159030989
ptlQjcPP,2024-10-11,HARD,046jJj30,2.104923352,0.1990541367,2.195515061,0.1157637221,0.5594499753,2.037217902,0.1955884331,2.134361529,0.1070059579,0.5933486684
ptlQjcPP,2024-10-11,HARD,2HWgFEu7,1.447077823,0.2091273268,1.428678467,0.154355012,-0.1304008459,1.28448498,0.2044853845,1.285233062,0.1498582464,0.005376908015
tSB7gsuR,2024-10-11,HARD,vZ8lpjnM,1.826377211,0.1923694501,1.705493985,0.1261705028,-0.8324507416,1.835899004,0.1765438297,1.694575015,0.104940476,-0.9954560987
tSB7gsuR,2024-10-11,HARD,bZu69bao,1.478500649,0.2780621649,1.331288813,0.1541439446,-0.6361062946,1.529440705,0.258625123,1.41542963,0.1250328889,-0.5035983487
08n4nuJM,2024-10-12,HARD,vo9FVe2A,2.021806593,0.173358189,2.052018053,0.1191731938,0.2399639302,2.046497906,0.1670575055,2.091372779,0.1092106414,0.3549751195
08n4nuJM,2024-10-12,HARD,44zKPsKi,0.9252174098,0.3001395311,1.066847862,0.1539033193,0.5496430692,0.8917495108,0.3218404776,1.05425981,0.1359417105,0.5570743861
0f7VXu4T,2024-10-12,HARD,4tDEgmxI,0.7039330292,0.3108522043,0.5415049037,0.2355407781,-0.800715508,0.6993419007,0.2733486102,0.5352608923,0.1819641178,-0.8043909373
0f7VXu4T,2024-10-12,HARD,O8s9yjMD,1.795706812,0.2053376961,1.631450702,0.1254807009,-1.010578895,1.77795007,0.1992700749,1.63540054,0.1137506623,-0.8712582034
2Ji2FU3C,2024-10-12,HARD,Ojnpq17F,1.581949199,0.2110809724,1.791904912,0.1139299812,1.181558093,1.46942035,0.2131616926,1.761908812,0.09554176902,1.534961696
4M21SJRj,2024-10-12,HARD,WvwZpPTa,0.8350842095,0.3304221692,0.7201403353,0.1928404073,-0.4283961507,0.862098381,0.3023632664,0.7435852983,0.123636825,-0.4295038334
4M21SJRj,2024-10-12,HARD,WSCEkk6I,1.73784193,0.2796284191,1.327694322,0.1300820687,-1.656966519,1.973479158,0.3215135828,1.46020631,0.1182468602,-1.716750046
CC3sWns3,2024-10-12,HARD,GKr3Pq9i,1.071329741,0.2946944641,1.144341231,0.1953025429,0.3308407173,1.073785002,0.2536352151,1.146163965,0.1244392332,0.3274908669
CC3sWns3,2024-10-12,HARD,S4ljFw3g,1.762330996,0.1858624702,1.676792733,0.1133043001,-0.5805780216,1.950670374,0.1738467758,1.831690294,0.09726091308,-0.8257128321
Gx60hvyB,2024-10-12,HARD,hAR7VtG4,2.0184304,0.1830062029,2.193817404,0.1174206972,1.249464919,2.049420753,0.1794612156,2.219079316,0.110698872,1.201106768
W6sSX6fK,2024-10-12,HARD,hbXrCD0b,1.417849175,0.2495352306,1.399116445,0.1207099388,-0.08577402653,1.490125983,0.2497807373,1.473513137,0.105285281,-0.07334362738
WdMrucBd,2024-10-12,HARD,UqnOkX4F,1.533263109,0.2023885857,1.520249027,0.1315366097,-0.08460829647,1.4018236,0.1968404733,1.391017583,0.1203952956,-0.06939042043
WdMrucBd,2024-10-12,HARD,l2kcaiDr,1.016394573,0.3159882869,1.464183819,0.2014906278,1.839623828,1.00326193,0.2773205111,1.450758975,0.1328488497,1.838303571
Wx2VKMY1,2024-10-12,HARD,pCVKwJRi,0.9101513674,0.2262517757,1.133820121,0.1547181172,1.354892291,1.017500375,0.2232775172,1.240903425,0.14643797,1.32544856
Y18ae3AE,2024-10-12,HARD,UanvYI54,0.4565776289,0.4814509957,0.3418222967,0.2228506627,-0.2688926797,0.4653388291,0.4614901013,0.34857618,0.1656927884,-0.271087646
d01NRb9t,2024-10-12,HARD,M5fgS13D,0,0.8442081452,0.1350807477,0.2322955378,0.1664335955,0,0.8579964273,0.1395292753,0.1825663313,0.1664335955
dCRNjzJk,2024-10-12,HARD,bw2fEE7H,0.7239044468,0.2763678325,0.7130818907,0.165335067,-0.04886964016,0.7489718112,0.2684207628,0.7306065232,0.1094382516,-0.07493042101
dGkmjNJc,2024-10-12,HARD,hQUwozcE,1.124153612,0.262990991,1.428156131,0.1954422768,1.727549801,1.138364192,0.2156421145,1.441817229,0.1243909121,1.722707882
hKUWmJpI,2024-10-12,HARD,4Qyc8N2g,2.063305209,0.1918272,1.907200739,0.1297870666,-1.105124799,2.186255899,0.1827331975,2.006131437,0.1140011102,-1.261272855
hU3NZ1ZG,2024-10-12,HARD,Qk09uuRk,0.6620094981,0.2033716377,0.5964282385,0.1371963382,-0.4368475371,0.6814098732,0.1913375083,0.5511897659,0.1214892588,-0.8809440618
hrqdl1lA,2024-10-12,HARD,0OZYPwg9,0.3567834214,0.2387923502,0.4318679193,0.1944738348,0.541851502,0.3658607709,0.1843586066,0.4406804418,0.1215805079,0.5398762363
hrqdl1lA,2024-10-12,HARD,vkOnO123,1.342797789,0.1949581281,1.367216147,0.1254078966,0.1635851746,1.405834444,0.1878829477,1.389639088,0.1091111831,-0.1058842273
ptS4ZLme,2024-10-12,HARD,Uwhd6a1e,1.484369324,0.1826408174,1.515756115,0.1196709045,0.2274850557,1.631287659,0.1765591635,1.673508903,0.1092475583,0.304403635
2sbC8Jic,2024-10-13,HARD,2PPTHPya,2.308165541,0.1906623258,2.563399065,0.1149269948,1.677719552,2.379144502,0.183805528,2.619239215,0.1045771891,1.588392059
2sbC8Jic,2024-10-13,HARD,vw1oqIPi,2.374994768,0.1789206564,2.295106115,0.1373190977,-0.6965015224,2.356674227,0.1716106901,2.308816203,0.12923498,-0.4238619053
2wGEb0uf,2024-10-13,HARD,rBZ5EARu,2.317440651,0.1851644371,2.137379304,0.115391299,-1.243408576,2.258142803,0.1781464517,2.113378589,0.1048019451,-1.004902213
4G9m7Fs3,2024-10-13,HARD,Ova6pdYE,2.056925884,0.1701261947,2.057349378,0.1206609916,0.003531094333,2.046530025,0.1653407992,2.042282877,0.1142152577,-0.035525811
ADCe5gCF,2024-10-13,HARD,dMopwFzs,2.0455616,0.2107538836,1.999728208,0.1315562779,-0.2783659276,2.219668221,0.1943112471,2.247209638,0.1141738177,0.1751666846
l8R0qCkd,2024-10-13,HARD,pA0aW3EL,2.430252085,0.1886246053,2.369209897,0.1255302872,-0.433573821,2.385818874,0.1826195214,2.33247734,0.1173103128,-0.3811258942
2BizbB4k,2024-10-14,HARD,h6Lq4OGA,1.890138714,0.2043641519,1.691440256,0.1380093875,-1.318282072,1.943774804,0.1995217644,1.725478465,0.1311716139,-1.451991137
6yYBF3T7,2024-10-14,HARD,rysUUciD,2.527323815,0.1748260368,2.493802732,0.1364798921,-0.3068057485,2.467499166,0.1694966969,2.44888227,0.1300482313,-0.1712620888
WI7VfIvJ,2024-10-14,HARD,hQQLzcNT,2.151668497,0.1842230416,2.10046453,0.1140430584,-0.3539117921,2.084746772,0.179067951,2.075031183,0.1038709971,-0.06660743023
WI7VfIvJ,2024-10-14,HARD,GWuBzqkB,2.113917837,0.2064507645,2.120507309,0.1438159286,0.04448802889,2.181970787,0.1965296234,2.208777547,0.1293145849,0.1811365503
WO4KQ0vg,2024-10-14,HARD,fJjFPDOb,2.06700848,0.2000423614,1.826909593,0.1160657223,-1.473645765,2.125980206,0.1915849513,1.892405946,0.1043359189,-1.453640032
WO4KQ0vg,2024-10-14,HARD,W2BCKjLQ,3.07943278,0.1886305895,3.254884274,0.1209707565,1.212244409,3.082751363,0.185571254,3.244245268,0.1153431747,1.110910917
WS043XtS,2024-10-14,HARD,IJAxNUl3,2.168679239,0.1882782125,2.237117014,0.1123132715,0.4528985641,2.317658276,0.1832698356,2.340174969,0.1040213614,0.1492272003
Wltz6rmK,2024-10-14,HARD,KhlPw9hb,2.836818842,0.2383777181,2.494396278,0.1391480504,-1.769164865,2.977257611,0.240194972,2.618625311,0.1356575409,-1.809275746
Wltz6rmK,2024-10-14,HARD,QoLeDQFG,2.080520955,0.1734298535,2.085817162,0.1215161321,0.04280087166,2.103084677,0.1668982022,2.085170062,0.1125453067,-0.1453614111
jXXUJhR8,2024-10-14,HARD,GUIVvvjL,2.715924293,0.1641657134,2.734136193,0.1226630991,0.1669191415,2.685574233,0.1598770723,2.700462592,0.1172696012,0.1370090151
p446JqXP,2024-10-14,HARD,6XSnpS5h,2.540691865,0.2067621076,2.484488611,0.1175030273,-0.3303582273,2.59150941,0.2044934467,2.551932776,0.1070640376,-0.2271562647
xdUdBwPa,2024-10-14,HARD,K25VJT7h,1.827740665,0.2033621585,1.690380727,0.139245,-0.9267759092,1.872757092,0.1906050559,1.750527737,0.1242348799,-0.8455594143
xdUdBwPa,2024-10-14,HARD,WMS3AdAb,2.844696746,0.2073937848,2.635866733,0.1205934722,-1.237666929,3.01385054,0.2040727436,2.798550918,0.114909635,-1.27663669
zcBBSM9t,2024-10-14,HARD,028BdVOj,3.241409296,0.174301875,3.13820408,0.1180019561,-0.8045082606,3.332030322,0.1620751331,3.144229197,0.1042223333,-1.513047219
GttlDafm,2024-10-15,HARD,O81eud9p,2.549814721,0.1807798052,2.578694985,0.1387900755,0.2493140206,2.724052201,0.166032518,2.709948784,0.1264834847,-0.1311238181
GttlDafm,2024-10-15,HARD,bigXsmFf,2.658887232,0.1818839272,2.540409061,0.1268793622,-0.9091303304,2.621121108,0.1728881107,2.487644932,0.1134042923,-1.022820501
ObJBc2A6,2024-10-15,HARD,0SeXj3jT,2.664630175,0.1905154482,2.669851642,0.1117182552,0.03383496418,2.693038574,0.1837331529,2.701154448,0.09963460135,0.05257337481
WOMJetuJ,2024-10-15,HARD,OKXs3Wah,2.65824696,0.1986862084,2.727233218,0.1155986228,0.4269065374,2.640435808,0.1964250353,2.698464061,0.1100385323,0.3566375942
b59NdvA6,2024-10-15,HARD,Y1ZrrUtl,2.875991104,0.1761733707,2.881762402,0.1349322145,0.05095117625,2.959676287,0.1725849059,2.956641371,0.1306331463,-0.02690878405
b59NdvA6,2024-10-15,HARD,S0E8uMT2,1.448504369,0.2250697442,1.403422087,0.1622314865,-0.2889810622,1.510534521,0.2031241291,1.473929507,0.1274638649,-0.2314531557
bwoqdkZ1,2024-10-15,HARD,Kp8Z0oRo,-0.4679360291,0.2660306884,0.1339707273,0.1530367875,2.766048171,-0.3575071437,0.2612950091,0.2512046692,0.1373242817,2.738249386
nRkIILWP,2024-10-15,HARD,Gj20DdaG,2.204913156,0.2076477005,2.064600383,0.1309792098,-0.8708192425,2.159745498,0.1945767207,2.054565731,0.1163568142,-0.6744345006
nRkIILWP,2024-10-15,HARD,63CooUWo,0.4446241233,0.5831887615,1.501329573,0.1891539338,1.915497637,0.4474463754,0.5656151674,1.507639345,0.114847704,1.914284235
QeopkKX8,2024-10-16,HARD,GU42elks,3.075431105,0.1671912992,2.992292157,0.1054204376,-0.6406789034,3.022592827,0.1631503708,2.946512949,0.09909004188,-0.58698285
x2qoC1Pa,2024-10-16,HARD,2yj9GWan,2.188987136,0.1914607139,2.168166604,0.1174270007,-0.1376818602,2.29105416,0.181973384,2.290249083,0.1024847554,-0.005353966509
OM9uxccD,2024-10-17,HARD,lSABz6E8,3.062721964,0.170545884,3.082100383,0.1244930622,0.1662457471,3.021552733,0.1642516208,3.024797331,0.1170135695,0.02814860826
SpmhoVA7,2024-10-17,HARD,2FyACZYi,2.981912691,0.2072501286,2.759589511,0.1388457375,-1.444922478,3.049382013,0.2077569978,2.826983625,0.1369259613,-1.423344179
235QCQM5,2024-10-18,HARD,Cjagsdf4,2.147230885,0.1925477509,2.291124727,0.1324373324,1.029521973,2.121994916,0.1755561186,2.238728913,0.1185662524,0.9016427795
IcO0d5xP,2024-10-18,HARD,ptpwLc4m,2.63335407e-17,0.8442081452,-0.9341690422,0.2740630239,-1.169928176,2.63335407e-17,0.8579964273,-0.9649334321,0.2364227591,-1.169928176
Ozm57VpQ,2024-10-18,HARD,raRNE2Fn,0.4029572968,0.5700672084,-0.009641465601,0.2685064309,-0.8204835735,0.3527834697,0.5607844772,-0.06306287731,0.2370670682,-0.8182552824
UyhJEnhg,2024-10-18,HARD,S6JNQ85M,2.029113716,0.2433709329,2.053721604,0.1633337464,0.1363919895,2.111199058,0.2438724224,2.111223419,0.161138435,0.000133086464
ruAIqShJ,2024-10-18,HARD,tnQfPjdR,-0.1884810568,0.9632715158,-0.4345901777,0.2926718804,-0.2681705109,-0.1922140254,0.9530913793,-0.439226154,0.2509069726,-0.2686456059
ruAIqShJ,2024-10-18,HARD,SE54TO51,0.168291481,0.3123891889,0.3710277346,0.1704215573,0.7743695806,0.1633948002,0.2732645606,0.3356420583,0.124392551,0.7079317906
0Qi4T73U,2024-10-19,HARD,KYbF10KE,1.753196943,0.3186352898,1.511591689,0.2029758841,-0.9836542053,1.809626898,0.2865208732,1.562445101,0.1387370982,-0.9859999092
6kudTCSj,2024-10-19,HARD,bDQZ30yT,0,0.8934802832,0.5347131287,0.2970121812,0.6345471683,0,0.906519439,0.5504338625,0.2632852861,0.6345471683
6kudTCSj,2024-10-19,HARD,jViJUf2q,0.2095385547,0.3233929829,0.3706664043,0.1799189055,0.59960507,0.1957780885,0.287230999,0.354840753,0.1295578718,0.6204850979
GCj9mAgf,2024-10-19,HARD,xvwC6myf,0,0.8442081452,0.3681195194,0.2643713711,0.4591478381,0,0.8579964273,0.3802425634,0.2243391167,0.4591478381
MVUibR7C,2024-10-19,HARD,8Ck3Vpyk,0.6653080579,0.3596299425,0.91134754,0.2279421104,0.8845072857,0.6598445517,0.3262630027,0.905640795,0.170469,0.8835656074
UuSDmBln,2024-10-19,HARD,xUsYtH1B,-0.1202700998,0.5888739923,-0.4633152244,0.1889353085,-0.6150607012,-0.07932140289,0.5915125938,-0.434418461,0.1782967705,-0.6296033174
bVbZA4iI,2024-10-19,HARD,007xoimf,0.03545855316,0.3041040875,-0.3867652696,0.2068133762,-1.893789352,0.02656968006,0.2744769713,-0.2718504305,0.1773164773,-1.42433867
lIWq0mw0,2024-10-19,HARD,lIGqhBNe,0,0.8442081452,-0.754549867,0.2758151155,-0.9456927379,0,0.8579964273,-0.7793989739,0.2385867962,-0.9456927379
r5oeBAWO,2024-10-19,HARD,pIlfhnfl,0.8394764538,1.175531116,0.3126396139,0.307680063,-0.4643570502,0.8388301746,1.166098701,0.3115022817,0.2678849325,-0.4646423512
4f2BhcWr,2024-10-20,HARD,KQGnhml2,1.537040278,0.20178225,1.454899387,0.161085837,-0.675938149,1.488062153,0.1966917156,1.39798739,0.1537543091,-0.7343019045
8jwDd6XG,2024-10-20,HARD,dUiSbUDg,-0.8877267742,0.6085929645,-1.161023666,0.2882446063,-0.5098783172,-0.9290024892,0.5929709357,-1.204709381,0.2471051002,-0.5114868716
COq4bS24,2024-10-20,HARD,dfAUd6JU,-0.03663027465,0.321834316,-0.1398033782,0.237596153,-0.4752684585,-0.04275128843,0.2851989992,-0.1471796093,0.1842433827,-0.4796913692
t4yLfp2T,2024-10-20,HARD,4ImMo4XI,4.025643734e-17,0.8442081452,-0.2881274151,0.2797273851,-0.3617339833,4.025643734e-17,0.8579964273,-0.2976161304,0.24339803,-0.3617339833
t4yLfp2T,2024-10-20,HARD,r9RckFqs,2.059237417,0.2398863053,1.815652031,0.1370896259,-1.237385076,2.034014535,0.2402962298,1.79158168,0.1330313617,-1.211483994
x8QD62oB,2024-10-20,HARD,MysmW1jf,2.099706964,0.213446186,1.967556869,0.125817808,-0.7664365496,2.09546715,0.2100957327,1.969186979,0.1193776057,-0.7304289653
8SYdApnn,2024-10-21,HARD,x0QCtJlk,1.669556115,0.2022219421,1.83088858,0.1469913338,1.161679925,1.771912851,0.1994969497,1.903160288,0.1420116744,0.9367240827
OOOL4tGN,2024-10-21,HARD,W6pL8zuB,2.454406846,0.1770711494,2.502529964,0.1356066501,0.4226365212,2.373788878,0.1718678484,2.434608224,0.1296139504,0.5388623131
U13njs1U,2024-10-21,HARD,WUQY7p9b,1.850491375,0.1900195465,2.051931768,0.143400941,1.615737407,1.824776041,0.1738645458,2.014981827,0.1306779335,1.658537201
dl5vh3WH,2024-10-21,HARD,ID57P88P,2.331530382,0.2840811497,2.349975292,0.1304857011,0.07309540369,2.246087374,0.2968658338,2.260757708,0.1230842296,0.05430492914
r95haKwo,2024-10-21,HARD,8jMJmh84,2.597617651,0.1998464698,2.675988361,0.1346245046,0.5306126782,2.703790801,0.1954120138,2.768506134,0.1271626829,0.4361569942
AHQDgJvQ,2024-10-22,HARD,My7MkGPr,2.227614919,0.2497387765,2.150637726,0.1162524183,-0.3482637813,2.177489574,0.2490568627,2.073579854,0.1097926293,-0.4648150804
GvcWgP15,2024-10-22,HARD,84GyAaXB,2.035995433,0.220291176,1.785352405,0.1505775797,-1.558786952,1.932210732,0.217790513,1.703061365,0.1451378332,-1.411179952
O8vd5Rd5,2024-10-22,HARD,YyyT3fOe,0.593892122,0.417251402,0.6981592247,0.2165894605,0.2923645311,0.5860487719,0.4671193938,0.7174177375,0.2260428301,0.3213644561
vB3pjmLr,2024-10-22,HARD,8EI3pJOd,3.046850698,0.2145513146,2.957445316,0.1171667175,-0.4974323059,3.190967432,0.2113487861,3.097768744,0.1097452168,-0.5159875446
6mSJplaL,2024-10-25,HARD,vkX737Vn,-1.210919621,0.5981084442,-1.79322193,0.2776072875,-1.099137781,-1.243967487,0.5814424082,-1.830080885,0.233979466,-1.101123987
C6IYvJSa,2024-10-25,HARD,zDlxzf38,-1.276963365,0.402327669,-0.6661511025,0.2304680425,1.852204997,-1.277845867,0.3726715031,-0.6673393203,0.1735462661,1.85116129
Kb0Rtubm,2024-10-25,HARD,YTIjgkce,-0.1344014091,0.3033369184,-0.3468705911,0.1951610429,-0.9149535428,-0.1784044484,0.2908634668,-0.3956213357,0.1746660338,-0.9339458902
Y3e7ypM7,2024-10-25,HARD,dAkZSGND,0,0.8442081452,-0.9461081816,0.3029419872,-1.200674345,0,0.8579964273,-0.9772657556,0.2714306976,-1.200674345
hp2pWlpS,2024-10-25,HARD,MeIie6DT,0.3319171224,0.5967211654,-0.2082482662,0.2840692515,-1.029342529,0.3312586332,0.5806205895,-0.2127996088,0.2421498245,-1.030968697
pKbxYAFF,2024-10-25,HARD,ERJMqVvm,0,0.8442081452,-1.71198632,0.3133110264,-2.183891256,0,0.8579964273,-1.768366068,0.2837117865,-2.183891256
rFtPO6x2,2024-10-25,HARD,dC2prZE5,0,0.8934802832,-1.710783993,0.2820048985,-2.01788824,0,0.906519439,-1.761081579,0.2451758785,-2.01788824
8WdhnRYA,2024-10-26,HARD,ra8p4Wb8,-0.5333757457,0.3267645592,-0.5400307328,0.2433136764,-0.03051156736,-0.5531754589,0.2938018662,-0.5608242154,0.1935774494,-0.03460752367
8WdhnRYA,2024-10-26,HARD,xCiOikO4,0.9484307436,0.284114827,0.684502479,0.1811698617,-1.205935183,1.021761728,0.2749456675,0.6992167209,0.1575353429,-1.43137576
A1rHQS7k,2024-10-26,HARD,xUr2qOCl,0.5751815941,0.3648947075,0.8850357455,0.2190174081,1.061670423,0.5920260281,0.3382855576,0.9067633649,0.1617721845,1.059374173
A1rHQS7k,2024-10-26,HARD,Q1PY9KEB,-0.5724466206,0.6076652795,-1.269392268,0.2961677333,-1.313492191,-0.5859260722,0.5914361243,-1.28706499,0.2558292403,-1.314858193
MFYAZmk5,2024-10-26,HARD,xQIgg881,1.812327956,0.3010651259,1.464956337,0.1691198702,-1.394643026,1.8954228,0.3089546228,1.522034735,0.1666378674,-1.435208243
MFYAZmk5,2024-10-26,HARD,IkFj1aFB,0.2333212903,0.4637587331,0.4631380417,0.2604959274,0.5989727627,0.2077189869,0.480236096,0.4567513796,0.247624276,0.6052236829
QcrgamEE,2024-10-26,HARD,j9f4qTiE,1.469041885e-18,0.9236252114,-0.6001646554,0.2812019264,-0.6821775267,1.469041885e-18,0.9362446304,-0.6166766968,0.2436580552,-0.6821775267
SEIsK2jB,2024-10-26,HARD,OUcOCbAR,1.695669943,0.2697154964,1.306781957,0.2094334649,-2.288207008,1.699822581,0.2229560559,1.310632269,0.1442955536,-2.289822452
UuxJXRJH,2024-10-26,HARD,vqjYeY1t,0.09156924979,0.3509469775,0.1801392488,0.2636837367,0.3824404685,0.09462539445,0.3237264913,0.1845650415,0.2209861869,0.3801867815
UuxJXRJH,2024-10-26,HARD,YDVzHVuJ,1.013425506,0.3305795043,1.029435756,0.1681471311,0.05625103705,1.091730553,0.3482482124,1.151669108,0.161881608,0.1943935563
jL3juSMr,2024-10-26,HARD,jumjev14,-0.6525579157,0.5187176056,-0.823039148,0.2283152959,-0.3660215686,-0.6738271346,0.499987661,-0.8667591891,0.2156009582,-0.427679106
rk52wWkt,2024-10-26,HARD,hzt2DdvF,0.4289827644,0.3074327841,0.4286778108,0.2043029184,-0.001327451588,0.4574838688,0.2942044232,0.552728181,0.1813156288,0.411082714
rk52wWkt,2024-10-26,HARD,UiaMC9xj,1.713284676,0.3718998708,1.788303936,0.1576452925,0.2227184603,1.504114765,0.3742497724,1.577058488,0.1508503208,0.2129736271
tK5yj9Zo,2024-10-26,HARD,pYMHXRN6,1.574353385,0.2726920307,1.577085491,0.1579641173,0.01229129795,1.636793453,0.2766623641,1.655334565,0.1513467382,0.08005835278
tK5yj9Zo,2024-10-26,HARD,baNcJtnh,0.1070903123,0.3131560508,0.06684438285,0.2050647708,-0.1700470894,0.05206197296,0.3134097644,0.02567228895,0.1874132052,-0.1050540326
xx2bw6ie,2024-10-26,HARD,b5cjt1o5,-2.419512593,0.6473173705,-0.9921654654,0.277670136,2.44100091,-2.510786438,0.6357525499,-1.070156925,0.2353454133,2.439315097
zJbplm4b,2024-10-26,HARD,OIxOD54s,1.904219383,0.4104401809,1.621022124,0.1708404069,-0.7588447479,1.748948751,0.4443180665,1.420601559,0.1474795941,-0.7834054527
zJbplm4b,2024-10-26,HARD,Auf3AAdC,0,0.8442081452,-0.9631797982,0.3031708039,-1.2224759,0,0.8579964273,-0.9948995808,0.2717031421,-1.2224759
KSPfHNdB,2024-10-27,HARD,AXHTSyZD,0.9340978593,0.3772336168,0.7623005404,0.1949030877,-0.5319083166,0.9270703154,0.4344664953,0.6544016503,0.219718058,-0.7274783668
YoxaqJJM,2024-10-27,HARD,SSdpiotE,0.3420499645,0.5306268378,-0.03104827173,0.2773565186,-0.8247642726,0.345163873,0.5129129059,-0.03196094916,0.2347240517,-0.8269321455
veHVhYe3,2024-10-27,HARD,8zSzotZ1,1.065669,0.2987475782,0.7881381827,0.1878220427,-1.194601215,0.929881639,0.306583213,0.6411704938,0.1724013473,-1.138822081
0bNCjerm,2024-10-28,HARD,SxUqLqIe,0.6888316923,0.291228664,0.4965510079,0.2261614428,-1.047961842,0.7734032236,0.2576439128,0.587891458,0.1800051125,-1.006396385
29S9pKln,2024-10-28,HARD,MuT7l0nb,1.846418292,0.282440347,1.598003609,0.1707828104,-1.104274883,1.861351145,0.2388947834,1.758351172,0.1437201589,-0.5397536127
29S9pKln,2024-10-28,HARD,WQ5OxBkB,1.409456626,0.346550772,1.242000401,0.2010390519,-0.5932320759,1.387832858,0.4064599355,1.200402542,0.1953337848,-0.5258295602
8lKssorf,2024-10-28,HARD,OlQsiYlU,2.122306998,0.3327451308,2.145447855,0.1996086399,0.08692220163,2.18985037,0.2968751765,2.211403539,0.1311208845,0.08092055751
E5DWjWdL,2024-10-28,HARD,nTL4I2Xq,1.843679009,0.3140436909,1.729844983,0.1550422684,-0.4168169529,1.858100489,0.3181817585,1.739554269,0.1516501126,-0.4238069608
OOGIrbJb,2024-10-28,HARD,OGYNaUZG,1.871973817,0.2165065138,1.942543721,0.1529469525,0.4605207548,1.789324929,0.2136434622,1.847067399,0.1483295565,0.3755384625
OOGIrbJb,2024-10-28,HARD,hrCHnAGi,1.527839261,0.8812932193,1.254226603,0.167396479,-0.3162241139,1.552490309,0.878782843,1.263838837,0.1580278129,-0.333910603
Ykf3oAKr,2024-10-28,HARD,Wd9dyI7m,1.748042639,0.260663114,1.847497642,0.1665408549,0.4959784704,1.813663993,0.257989603,1.910174325,0.1571045068,0.4716143577
fof8SoT0,2024-10-28,HARD,SfXC2Wt1,2.351945187,0.2698535608,2.149636565,0.1703405354,-0.9666123058,2.33849433,0.2632373753,2.175393615,0.1577632429,-0.7740009903
fof8SoT0,2024-10-28,HARD,8Gag74BD,1.916695993,0.2288631061,1.617541639,0.1501798631,-1.732247641,1.882172202,0.2247711719,1.556156183,0.1442972817,-1.891724894
xUBbw3sJ,2024-10-28,HARD,MVSOop0f,1.568054563,0.3220014639,1.901124069,0.1702203432,1.218556219,1.621313727,0.3294343809,1.972922617,0.1666952785,1.237417617
xUBbw3sJ,2024-10-28,HARD,rwvAgOWm,2.083260496,0.2450549996,2.222110755,0.1258693948,0.6603772369,2.104597583,0.2439591284,2.249128652,0.1151067379,0.6719360065
zsLoxdTg,2024-10-28,HARD,nN1Fd8dC,3.277197296,0.4767679462,2.442206873,0.2049377435,-1.939698279,3.188902028,0.4738236002,2.34704182,0.1975696981,-1.954777225
2BcGQPcD,2024-10-29,HARD,bHSsQ9ek,1.787979532,0.2597355331,1.769104246,0.1664957032,-0.09468260218,1.708085167,0.2581287817,1.64802586,0.1519960913,-0.287870842
K6xDjzRk,2024-10-29,HARD,OMXPbN89,1.900500463,0.2129484168,1.791764018,0.1489451799,-0.7144695303,1.91196181,0.2091760465,1.788638481,0.1428690622,-0.8071726649
YTrrBz5d,2024-10-29,HARD,pQGynuhR,1.284797609,0.2819690655,1.585344042,0.1445337191,1.241370503,1.500270808,0.2831838292,1.79425852,0.1333342957,1.176750871
hKzLlEe2,2024-10-29,HARD,SlMLhjND,0.6795769261,0.6096960508,0.2477675474,0.2703102165,-0.7901368788,0.6882035771,0.5938649288,0.2532576464,0.2252800731,-0.7915641842
r7z3lTkK,2024-10-29,HARD,0flvkwYe,2.196706151,0.2503421223,1.995200787,0.1584045872,-1.039472604,1.966751736,0.2486314915,1.764469791,0.1527134014,-1.030974657
r7z3lTkK,2024-10-29,HARD,bkppJqxo,1.719871293,0.2445377627,1.75885337,0.1475545157,0.1999044554,1.798890728,0.2416186549,1.812639199,0.1371676053,0.06911954796
EkRYr7Ds,2024-10-30,HARD,xEGb8F4p,2.264770237,0.1990887055,2.355303015,0.1306369093,0.6026110322,2.156851497,0.1952320408,2.246241763,0.1238897549,0.592431968
EkRYr7Ds,2024-10-30,HARD,zZiiCAEg,0.01108120798,0.3071916087,-0.259572318,0.2105622823,-1.210033872,-0.01380288706,0.3019305754,-0.3007174852,0.1850485691,-1.202606746
djUPtxlB,2024-10-30,HARD,AqLslEIk,2.213068906,0.2936274703,1.859992181,0.1708155543,-1.478368206,2.264359651,0.2529953759,2.043751904,0.1499415129,-1.082605197
hINYvGIN,2024-10-30,HARD,8O9jYpK8,1.700847189,0.2215802305,1.731704298,0.1339557985,0.1748239088,1.723666565,0.2017865205,1.802731127,0.1123789071,0.4717538207
hINYvGIN,2024-10-30,HARD,OKBlwX8r,1.789516078,0.208197458,1.682790545,0.1581172774,-0.7879673,1.758309384,0.203779412,1.649549988,0.1507285514,-0.7930627852
zqv7U7bl,2024-10-30,HARD,6TlRnRze,1.767805604,0.239414848,1.867849572,0.1435676059,0.5221696923,1.754747646,0.2308995395,1.911018995,0.1311819393,0.8224136216
zqv7U7bl,2024-10-30,HARD,OWWpdkTo,0.3403974835,0.8126309829,0.6281363064,0.3025567292,0.381511623,0.3274654941,0.8009939715,0.6155015859,0.263130239,0.3807278242
0lCbfyMi,2024-11-01,HARD,6TlRnRze,1.873970024,0.2009917421,1.873604891,0.1426813391,-0.002579316382,1.86278186,0.1891071098,1.916774314,0.1301472463,0.3935377606
0lCbfyMi,2024-11-01,HARD,vZ8lpjnM,1.729238618,0.1637729552,1.770223726,0.1230575295,0.3792572953,1.728572798,0.1334057682,1.759304756,0.09903138336,0.3438111812
2HGDOelL,2024-11-01,HARD,pQGynuhR,1.606095828,0.1875069159,1.593701463,0.1438823698,-0.1030836034,1.835906514,0.1775838636,1.802615941,0.1323903326,-0.2812680285
2HGDOelL,2024-11-01,HARD,0SeXj3jT,2.726489911,0.1350644054,2.732960902,0.1083827429,0.08029010295,2.754221983,0.120784416,2.764263708,0.09537413443,0.1354931597
S0FToPon,2024-11-01,HARD,028BdVOj,3.11710324,0.1470499398,3.145479321,0.1128510864,0.3009834647,3.208665674,0.130747007,3.151504437,0.09798090379,-0.6602822781
S0FToPon,2024-11-01,HARD,Ojnpq17F,2.038338091,0.1539616444,1.997793919,0.1232931847,-0.4396862655,1.962353338,0.1253482078,1.967797819,0.1040199813,0.07784174304
W2uPzV24,2024-11-01,HARD,OlQsiYlU,2.08493461,0.2599341371,2.152320754,0.198086346,0.4003741709,2.152509884,0.212015473,2.218276438,0.1287876155,0.3904981364
W2uPzV24,2024-11-01,HARD,f1PZMn7P,1.92632973,0.2264389854,2.145818902,0.1489464592,1.28689904,1.942948006,0.2236904819,2.137487564,0.1441617004,1.137389182
bDTSlyec,2024-11-01,HARD,2yj9GWan,2.363906421,0.151290659,2.16727521,0.1183045274,-2.085118274,2.468039644,0.1359871861,2.289357688,0.1029763197,-2.011807601
bDTSlyec,2024-11-01,HARD,IJAxNUl3,2.20561338,0.1286067819,2.314878575,0.1095075869,1.620248061,2.35563795,0.1189677545,2.41793653,0.1006070002,0.9811641688
d0ZBemC4,2024-11-01,HARD,xEGb8F4p,2.400062701,0.1674478898,2.352087973,0.1313389361,-0.4618748906,2.293168981,0.1623603419,2.24302672,0.1246111482,-0.4817599524
d6pGerVG,2024-11-01,HARD,8EI3pJOd,2.962487483,0.1461676295,2.97230419,0.1134187693,0.1064698743,3.105785574,0.1388375843,3.112627618,0.1054306171,0.07574149037
d6pGerVG,2024-11-01,HARD,My7MkGPr,2.175233866,0.1411277925,2.186971825,0.1168314622,0.1482677459,2.122476818,0.134933221,2.109913953,0.1101014948,-0.1610539775
lIQRUHh4,2024-11-01,HARD,rwvAgOWm,2.121218217,0.1928150408,2.242229127,0.1229106267,0.8145491232,2.143362588,0.1858863465,2.269247024,0.1115152227,0.8464440117
lIQRUHh4,2024-11-01,HARD,nTL4I2Xq,1.731786117,0.2347473098,1.73557131,0.1540239811,0.0213668952,1.743293635,0.2349911511,1.745280596,0.1504033197,0.01100481528
zkHJVxR0,2024-11-01,HARD,hrCHnAGi,1.116267957,0.2306265288,1.269566159,0.1646766264,0.9494341321,1.140708153,0.2188569278,1.279178392,0.1553330849,0.8981357143
zkHJVxR0,2024-11-01,HARD,8O9jYpK8,1.720867995,0.1816428643,1.739950783,0.1336187624,0.1550874457,1.744298623,0.1546564499,1.810977611,0.111914368,0.6246760616
2yZH2uwf,2024-12-26,HARD,xQIgg881,1.514097842,0.2919954481,1.475341692,0.1685965611,-0.162564907,1.583599738,0.2924072037,1.53242009,0.1631037367,-0.2108835974
2yZH2uwf,2024-12-26,HARD,8O9jYpK8,1.705699338,0.2554012623,2.200172077,0.1239868278,2.214516761,1.727887842,0.2363521664,2.271198906,0.0999243806,2.536581639
8Ygw6Eqn,2024-12-26,HARD,046jJj30,2.223454236,0.2506523425,2.276377933,0.143560926,0.2575770865,2.158183837,0.2465418618,2.215224401,0.1366457675,0.2779629727
8Ygw6Eqn,2024-12-26,HARD,8hvtJI4d,1.515976223,0.2980732021,1.291508118,0.1604343978,-0.8935336762,1.479942549,0.2919500627,1.278434772,0.1522827395,-0.8089824382
AwfwANpK,2024-12-26,HARD,xEGb8F4p,2.376253591,0.249733582,2.28498249,0.1546341167,-0.4654317702,2.26949093,0.2462525417,2.175921238,0.1489313237,-0.4771246234
AwfwANpK,2024-12-26,HARD,Ig6ny1T8,0,0.8442081452,-0.4158664237,0.3040466675,-0.5280474091,0,0.8579964273,-0.4295618859,0.2727453819,-0.5280474091
Gbco4hEb,2024-12-26,HARD,6HYFLLWc,1.106776661,0.9290221924,0.6583548765,0.228540524,-0.4979847584,1.110438672,0.9187005179,0.6696416893,0.2300197531,-0.4955899534
Gbco4hEb,2024-12-26,HARD,jVCKq0LH,2.215994498,0.3859954789,2.364511031,0.168420847,0.4276147412,2.258049285,0.4085049236,2.476358549,0.1612804151,0.5816621023
b3SQ0J76,2024-12-26,HARD,xU3quIf5,1.937423474,0.3469090939,1.8664135,0.144981645,-0.2253135723,2.042012799,0.3504838218,1.969721715,0.1380415158,-0.2243988796
b3SQ0J76,2024-12-26,HARD,4AGU3dN1,1.187748176,0.3930805237,0.8933448822,0.1875709288,-0.8522536205,1.134110289,0.4300950353,0.7947395677,0.1793854169,-0.8681784117
fBV9418s,2024-12-26,HARD,hthrzV9t,1.741346622,0.6464014951,0.4890156809,0.1737892513,-2.01144978,1.746474612,0.6519036713,0.4774493428,0.1642882938,-2.011571231
fBV9418s,2024-12-26,HARD,xOczGeTE,1.274986438,0.4161362495,1.513531041,0.154659748,0.617465652,1.415402155,0.4269729705,1.657819778,0.1419826462,0.6020186355
pvk20ADN,2024-12-26,HARD,rwWwX7oC,1.713231575,0.3349556664,1.37557337,0.1517460725,-1.130763426,1.637670136,0.3349119752,1.368084499,0.1433997963,-0.8907237162
pvk20ADN,2024-12-26,HARD,OMXPbN89,1.784628662,0.2685291515,1.826561991,0.1526491506,0.1898113201,1.793854369,0.264779479,1.823436454,0.1471779048,0.1343990096
t0XJIiTi,2024-12-26,HARD,vZ8lpjnM,1.740139474,0.2461662951,2.151081784,0.1385013632,2.019300191,1.738249191,0.2263452295,2.140162814,0.1177127283,2.078916443
t0XJIiTi,2024-12-26,HARD,UeJstJ4j,0.6358709087,0.3769605351,0.70428618,0.2279875212,0.2278978397,0.540515593,0.3946369303,0.6305646794,0.2241851976,0.2772654038
xEof2WrB,2024-12-26,HARD,dKYVCedT,2.030212205,0.3172959795,1.800706011,0.1670202874,-0.8507177922,2.035101251,0.3162163011,1.798175747,0.15962083,-0.8679466886
xEof2WrB,2024-12-26,HARD,O2eTpX4T,0,0.8442081452,0.2902421731,0.2946070791,0.3668682276,0,0.8579964273,0.2998005324,0.2614587256,0.3668682276
xSQSGVc4,2024-12-26,HARD,2kJDi9VA,1.45754889,0.3686743422,1.223276818,0.1869642124,-0.7372839207,1.410194429,0.3655918773,1.176417741,0.1766241531,-0.7303334792
xSQSGVc4,2024-12-26,HARD,zXTgcZem,2.232737141,0.3718094479,2.511028516,0.1425509616,0.8104071601,2.073752417,0.4118486632,2.370065449,0.1229832644,0.7538662984
CAMTgMIk,2024-12-27,HARD,S0E8uMT2,1.487592565,0.2850576499,1.361526324,0.1684562234,-0.5482158437,1.551885109,0.2669675123,1.432033745,0.134275827,-0.519418253
CAMTgMIk,2024-12-27,HARD,YZQnwtm9,0.7433452052,0.3965113756,0.6951797347,0.1995890659,-0.1405816463,0.5549917265,0.4206313586,0.4751157422,0.1895911491,-0.2127297975
Cnvs3Qe3,2024-12-27,HARD,Ms0Wvc4A,1.191523102,0.3669081204,0.8681531846,0.2039148068,-1.060141944,1.251346204,0.3439786977,0.9308530833,0.1585004266,-1.049815985
Cnvs3Qe3,2024-12-27,HARD,ljazqnR8,1.450962104,0.3479041147,1.352439038,0.1856458049,-0.3348473879,1.404100205,0.344738815,1.290664459,0.1766054191,-0.3831427834
GvybareS,2024-12-27,HARD,hU5bke4O,1.544175187,0.4578903955,1.643903694,0.1729009284,0.2352133986,1.544151498,0.4650679989,1.648416835,0.1514711705,0.2371230549
GvybareS,2024-12-27,HARD,nuKXEflM,1.275106251,0.3848320682,1.192427624,0.1902451891,-0.2471572654,1.151995352,0.3794394181,1.095883547,0.1856460344,-0.1695616796
KCsk14QF,2024-12-27,HARD,prMtFtya,1.509558939,0.3819074914,1.412123444,0.2460880488,-0.3336245096,1.403174626,0.3841412827,1.304549853,0.2366579582,-0.3259409812
KCsk14QF,2024-12-27,HARD,IaIL1xKN,1.51009505,0.3842342593,1.214360591,0.1846141268,-0.8776098651,1.45553515,0.420742108,1.196951451,0.181050068,-0.6808494153
KYIPDsAL,2024-12-27,HARD,vySLbjQG,1.232629761,0.3361091964,1.320549438,0.2014421434,0.3267724481,1.410811806,0.3212806766,1.482536032,0.1901681681,0.2769763619
KYIPDsAL,2024-12-27,HARD,U5Ot7i32,1.387580569,0.371085746,1.767490767,0.1373584752,1.102058376,1.314753721,0.362394635,1.775960348,0.1202501175,1.349100877
QPStvgtH,2024-12-27,HARD,jy1nvLTe,1.425640965,0.2527700894,1.5878154,0.14356522,0.779524933,1.497178176,0.2408777505,1.707535483,0.1323996528,1.045371661
QPStvgtH,2024-12-27,HARD,CEFSKodt,0.7792384933,0.3805034446,0.8716172561,0.2241504165,0.3004454132,0.7948878713,0.3494713909,0.8865285702,0.1654629106,0.2977100954
WCxVi0m2,2024-12-27,HARD,8zSzotZ1,0.8389809556,0.3076020219,0.7658183534,0.1871041296,-0.2996579221,0.6813924116,0.3019445811,0.6188506644,0.1668011998,-0.2484871489
WCxVi0m2,2024-12-27,HARD,bstrYIDU,1.453755278,0.2655291014,1.326223553,0.1559946334,-0.5935151615,1.535011847,0.2544185877,1.425877523,0.1441208367,-0.5205259551
Wj1fuN3d,2024-12-27,HARD,A1GedNOl,1.515110665,0.3107640699,1.31384068,0.1853366712,-0.8068594085,1.572903487,0.3030843936,1.376695304,0.1704185019,-0.7828456736
Wj1fuN3d,2024-12-27,HARD,l2FaZpEP,1.172129322,0.3918110847,1.116023981,0.2049161695,-0.1680031889,1.036464727,0.3966650425,0.9878434333,0.2018613151,-0.1423922119
bJUGF3u9,2024-12-27,HARD,2gjsegvD,1.745804263,0.5090207807,1.592506283,0.1671002329,-0.3188317872,1.571037787,0.5060927012,1.415208031,0.1622103372,-0.325056401
bJUGF3u9,2024-12-27,HARD,jqcBin0G,1.179667041,0.3847773847,1.332543303,0.206087833,0.4704855215,0.8393007359,0.4163846226,1.037395384,0.2193822583,0.5597422288
jH9e8LXr,2024-12-27,HARD,hfzer6K1,1.461458845,0.280256263,1.507078315,0.1764233287,0.2094965511,1.695408783,0.2684131836,1.759286292,0.1616169513,0.2980715725
jH9e8LXr,2024-12-27,HARD,hh5okFZs,-0.29580219,0.5933123627,-0.3145213872,0.2503161561,-0.03479901381,-0.3164388128,0.5778018174,-0.3364427895,0.2012231505,-0.03693284763
l6pYflyo,2024-12-27,HARD,h6Lq4OGA,1.716906111,0.2783390433,1.712331346,0.143852323,-0.01919881405,1.770631622,0.2742388568,1.746369555,0.1381528301,-0.1024155899
pG246a2e,2024-12-27,HARD,KzaX6MH4,1.636246576,0.4103468439,1.325963051,0.173954216,-0.8348787647,1.620876863,0.4629841274,1.137603444,0.1620561593,-1.114314102
pG246a2e,2024-12-27,HARD,AcsrBtL8,0.05224397139,0.6109600627,-0.7045823128,0.3051370056,-1.429849563,0.02071845789,0.5922176138,-0.7369375223,0.2651522061,-1.430772726
prREaikB,2024-12-27,HARD,bkppJqxo,1.776740621,0.2703294866,1.793712539,0.1395559973,0.07330604598,1.85447504,0.2642800942,1.847498368,0.1272098799,-0.03011732696
prREaikB,2024-12-27,HARD,8Ck3Vpyk,0.9164140013,0.3423156571,0.8680094019,0.2214139843,-0.1854108052,0.9110711255,0.3070638662,0.8623026569,0.1616320197,-0.1867943725
vqqmsqZq,2024-12-27,HARD,n5XviZ0t,1.426455671,0.2499067953,1.542405425,0.1285667688,0.5410657144,1.534273434,0.2447346203,1.669292008,0.1196425936,0.6324163607
vqqmsqZq,2024-12-27,HARD,OpYgQHS3,-0.03669010881,0.5916024236,-0.5183102667,0.2682291474,-0.9133682247,-0.04885824577,0.5758441955,-0.5347854073,0.2233370895,-0.9155131454
CYpf8sRa,2024-12-28,HARD,f1PZMn7P,2.097328635,0.2731214398,2.237817287,0.1207714113,0.5734967052,2.115408027,0.2702068292,2.229485949,0.1140050079,0.4656645576
KI4Nm1RP,2024-12-28,HARD,boU2UKtN,2.251923158,0.2627409036,1.860396469,0.1270848053,-1.702575862,2.383942011,0.2566917424,2.005301732,0.1187389222,-1.663782873
KI4Nm1RP,2024-12-28,HARD,Ojnpq17F,2.052518915,0.2507830941,2.128264026,0.1276267017,0.3508689551,1.977485384,0.2339419152,2.098267926,0.1082354639,0.5823709945
QPhpgd35,2024-12-28,HARD,bigXsmFf,2.660639608,0.2656052842,2.542310267,0.1220303139,-0.5015812024,2.620045396,0.2583976458,2.489546139,0.106805991,-0.55462935
QPhpgd35,2024-12-28,HARD,WUQY7p9b,1.939703206,0.2795016174,2.33976318,0.1369688481,1.642009391,1.914924471,0.2679944743,2.302813239,0.1223182662,1.626696477
b5yUKKA5,2024-12-28,HARD,AqLslEIk,1.954599235,0.3191960285,2.085259517,0.1387251611,0.4545112832,2.004804402,0.2819012918,2.269019241,0.1123675666,1.021957685
bD1Tdv4t,2024-12-28,HARD,O81eud9p,2.707146602,0.282313152,2.611262742,0.1159468536,-0.3725027499,2.88202402,0.2729359179,2.742516542,0.1006313779,-0.5498759244
bD1Tdv4t,2024-12-28,HARD,K25VJT7h,1.824195321,0.2745832133,1.772683819,0.1371412062,-0.216541507,1.866628052,0.2627433153,1.832830829,0.1205235886,-0.1447606209
j7v2tJJa,2024-12-28,HARD,Ova6pdYE,2.149607015,0.2610389265,1.814943616,0.1303287136,-1.479656818,2.140558526,0.2573504411,1.799877116,0.1240724071,-1.511004631
j7v2tJJa,2024-12-28,HARD,6TlRnRze,1.86153308,0.2659247134,2.052736236,0.1229396077,0.8108688346,1.847656496,0.2563668867,2.095905659,0.1073205814,1.066259753
2kzyx0Yj,2024-12-29,HARD,My7MkGPr,2.205971186,0.2429258873,2.198675902,0.1195209769,-0.03449481727,2.153279315,0.2392697593,2.12161803,0.1126943124,-0.1500046193
4A4yeIYh,2024-12-29,HARD,GUIVvvjL,2.816090097,0.2671698501,2.736868626,0.1199110407,-0.3318191089,2.787180791,0.2642688396,2.703195026,0.1140088944,-0.3522724517
4A4yeIYh,2024-12-29,HARD,YsJXLo1O,2.766228726,0.2982092696,2.633049485,0.1250686523,-0.4919537153,2.906092599,0.2914192187,2.785178434,0.1122451979,-0.4496032362
4EGVcseA,2024-12-29,HARD,MDM4BKiA,3.399884906,0.2941299525,3.189412048,0.1195938674,-0.7832460625,3.575787675,0.2898222626,3.370261446,0.1098554954,-0.7663304938
4jtfrukm,2024-12-29,HARD,WMS3AdAb,2.640773915,0.258150522,2.699957838,0.113390964,0.2551975295,2.809483518,0.2549730313,2.862642023,0.1078827643,0.2300984822
4jtfrukm,2024-12-29,HARD,8GwNXON6,1.479118397,0.4207871963,1.480486498,0.1666020738,0.003540626098,1.540062668,0.4489147185,1.554931621,0.1405695529,0.03487592236
KnWIxyJO,2024-12-29,HARD,zNoTPac0,2.472945145,0.3051467555,2.24557506,0.1177105812,-0.807624869,2.325889643,0.3031622083,2.124968417,0.1084349543,-0.7097023865
KnWIxyJO,2024-12-29,HARD,dMsOb1NA,2.131532562,0.3070153245,1.711796683,0.1591552433,-1.598741317,2.395565614,0.3012788163,1.966123833,0.1465274979,-1.631330701
UPqDO2Bt,2024-12-29,HARD,S4ljFw3g,1.655134335,0.2503644633,1.737294344,0.1262100928,0.379974091,1.843685328,0.2403197696,1.892191905,0.1119933146,0.2281277644
b7bJ5ZnB,2024-12-29,HARD,MewU5OwE,2.325322872,0.3117201434,1.906079921,0.146788437,-1.524543984,2.464109956,0.3024378886,2.063457418,0.1316043258,-1.471347696
b7bJ5ZnB,2024-12-29,HARD,Wd9dyI7m,1.863292461,0.2965218458,1.869672307,0.1438322157,0.02460392787,1.931444679,0.2924225687,1.93234899,0.1304257848,0.00345519029
dCeAjamp,2024-12-29,HARD,2PPTHPya,2.69975202,0.2555363448,2.735810208,0.1149263978,0.1579878212,2.776720521,0.2487795762,2.791650359,0.1037983368,0.06603461612
hCCyQcZI,2024-12-29,HARD,vXvzyRlq,2.68716878,0.2777238447,2.553265678,0.1272398863,-0.5424222179,2.680272556,0.2755403075,2.540719464,0.1217727117,-0.5645997132
hCCyQcZI,2024-12-29,HARD,dMopwFzs,2.10470105,0.2710335586,2.191699998,0.1250829176,0.3618258118,2.279767362,0.2564291504,2.439181428,0.1058060764,0.682473108
r1N2f8lI,2024-12-29,HARD,0flvkwYe,2.093846349,0.2872782478,1.937895805,0.1295755708,-0.6082406888,1.861497825,0.2844149002,1.707164808,0.1211958675,-0.5998169134
tExB4aQO,2024-12-29,HARD,8jMJmh84,2.860662179,0.2649311236,2.496585446,0.1219327077,-1.54791906,2.970660473,0.2602902359,2.589103219,0.1124843145,-1.625513835
v1dn98g3,2024-12-29,HARD,rwvAgOWm,2.218754703,0.2483976255,2.261591664,0.1201699177,0.197046699,2.244342093,0.2403680985,2.288609561,0.1076493729,0.205976678
v1dn98g3,2024-12-29,HARD,21U8Dqna,2.340441847,0.3123035328,1.948482482,0.1488847817,-1.427746007,2.315843243,0.3107492161,1.915635904,0.142922902,-1.450387259
xSEwdLPM,2024-12-29,HARD,QefM3YDk,0.4565918393,0.3673540583,0.864342986,0.1533394442,1.221468852,0.2601429294,0.3661746908,0.6218541041,0.1355420026,1.063340168
xjmLMttg,2024-12-29,HARD,fkFeyKHL,1.871903536,0.2597987895,1.83759436,0.1270704829,-0.1514071536,1.848194944,0.2553216801,1.855403655,0.1192499342,0.0319305327
8nNMa3Qc,2024-12-30,HARD,QoLeDQFG,2.086980155,0.265033895,2.129190919,0.1173127023,0.177612365,2.111827999,0.2604885554,2.128543819,0.1077927172,0.07048947605
8tl35QhS,2024-12-30,HARD,Cjagsdf4,2.404762976,0.2753431624,2.292108993,0.1317257699,-0.4659175308,2.381353303,0.2633097612,2.239713179,0.1180797067,-0.6018298166
8tl35QhS,2024-12-30,HARD,Gt68t7pq,1.308183076,0.4459537022,1.357668242,0.1945400892,0.1233170629,1.289087107,0.4928945644,1.3703041,0.1950098519,0.1794149994
EwBLbW3S,2024-12-30,HARD,SfXC2Wt1,2.435189398,0.3021045502,2.022317543,0.1379558732,-1.536174066,2.421659983,0.2930748834,2.048074593,0.120897322,-1.399316695
IeBimRWq,2024-12-30,HARD,vw1oqIPi,2.46226625,0.2839724518,2.32927584,0.1210080785,-0.5176746714,2.44466615,0.2791291469,2.342985929,0.1113880553,-0.3972799679
IeBimRWq,2024-12-30,HARD,GWuBzqkB,2.308063333,0.2807334737,2.096114921,0.1360690404,-0.8631457116,2.379045824,0.2723584932,2.184385159,0.1207049628,-0.7972978719
UHk1kE2U,2024-12-30,HARD,GlqMuuhi,2.452652323,0.2806950015,2.036245613,0.1472598981,-1.742543663,2.615073903,0.2644954027,2.121963394,0.1326537234,-2.15496931
UHk1kE2U,2024-12-30,HARD,vo9FVe2A,2.11003648,0.2620906971,1.933219331,0.1236750614,-0.7651912076,2.137693637,0.2560730228,1.972574057,0.1129043651,-0.7184138953
YRBXiUpA,2024-12-30,HARD,lI6fOOat,3.728289913,0.2632088608,3.735337407,0.1207869897,0.03013582686,3.764884601,0.2536335421,3.773845383,0.1059090888,0.03888163347
YkdhizYH,2024-12-30,HARD,2yj9GWan,2.212962964,0.2452171637,2.219201299,0.1240556997,0.02949257433,2.315803598,0.2358656102,2.341283777,0.1096667038,0.1220198134
YkdhizYH,2024-12-30,HARD,84GyAaXB,1.800466264,0.285015835,1.908761307,0.1302232181,0.427153883,1.693513154,0.2822135335,1.826470267,0.1229636788,0.5234190772
bRnkefQi,2024-12-30,HARD,W2BCKjLQ,3.307817191,0.2673592282,3.201292809,0.1130448893,-0.4396664001,3.313471257,0.2644843955,3.190653803,0.1065171601,-0.5073278639
hbRAfT5F,2024-12-30,HARD,vyhksgUB,4.568243526,0.281911007,4.65230016,0.1110866081,0.3244158639,4.690559932,0.2791103309,4.76698759,0.1049194819,0.2954985909
j9yjoPS1,2024-12-30,HARD,Wl76rX3I,3.783487974,0.2590028227,3.61898895,0.1193408825,-0.7156176343,3.74623205,0.2555389191,3.573772883,0.1122419975,-0.7512305793
jseB7eIb,2024-12-30,HARD,QwU996PK,3.43120424,0.2905642879,3.635144648,0.1103359662,0.7587061393,3.454737307,0.2881577552,3.656416284,0.102699224,0.7490801453
jseB7eIb,2024-12-30,HARD,rBZ5EARu,2.181169544,0.2526351102,2.226028585,0.1199065727,0.2017346053,2.120367614,0.2462888231,2.20202787,0.1093838982,0.3700632219
nZXAvclC,2024-12-30,HARD,f7a53rOM,3.34353852,0.3615172606,3.009144827,0.1102730251,-0.9712600528,3.313435526,0.3640504576,2.979110261,0.1042475856,-0.958486613
nZXAvclC,2024-12-30,HARD,Kp8Z0oRo,-0.06643803917,0.2865586991,0.7410347469,0.1445050265,3.263104048,0.05284248759,0.2788065136,0.8582686887,0.1255667933,3.235555385
pUPA9Hmn,2024-12-30,HARD,IJAxNUl3,2.269957325,0.2395968237,2.428741161,0.1151860746,0.7557810493,2.419729474,0.2345251796,2.531799116,0.1067831257,0.536719791
pUPA9Hmn,2024-12-30,HARD,6XSnpS5h,2.607847369,0.2482933601,2.440300317,0.1267465974,-0.7847409626,2.659126981,0.2428825844,2.507744482,0.1166183188,-0.7105349554
rXoMbiLP,2024-12-30,HARD,xUZoSwbi,0.08567876209,0.7826990797,0.1230609632,0.2958901138,0.05158905266,0.06649324076,0.7707614809,0.1029301602,0.255500948,0.05010706884
vXCE7cNr,2024-12-30,HARD,KGdcQnEf,2.94396565,0.2661838488,2.776425858,0.1330347635,-0.7266804716,3.009673483,0.2625491659,2.840914188,0.1271077426,-0.7345997194
0xUHxGHD,2024-12-31,HARD,hIA4C9YT,3.314120895,0.2997977328,2.928640019,0.119953632,-1.403003263,3.342169614,0.2972463747,2.945790946,0.1139240658,-1.443748918
4MIJTKYr,2024-12-31,HARD,028BdVOj,3.139215087,0.242617011,3.261358282,0.1235716753,0.585006411,3.230299799,0.2329505649,3.267383399,0.1105322389,0.1808448581
4n2A2rzp,2024-12-31,HARD,GU42elks,3.054936198,0.2518287277,3.069453656,0.111031115,0.06422786577,3.002188388,0.2488033308,3.023674448,0.1049767373,0.09525121293
EcXKjM96,2024-12-31,HARD,CWtkHlUE,2.233787942,0.313320576,2.181829528,0.1187517928,-0.1792012592,2.249130888,0.3125900637,2.187728561,0.1128561069,-0.2106379258
EcXKjM96,2024-12-31,HARD,x81l09qG,2.768634345,0.306030949,2.656241919,0.1265192449,-0.4033410325,2.775387798,0.3035237886,2.644241512,0.1202626238,-0.4705949484
QLEao51d,2024-12-31,HARD,Uwhd6a1e,1.553127079,0.2552460707,1.948148113,0.1212960834,1.758903778,1.701025636,0.2489383395,2.105900902,0.1099980875,1.81300264
QLEao51d,2024-12-31,HARD,nwkutKbi,3.069655464,0.2880498186,3.045144769,0.1259969111,-0.09462427091,3.110894259,0.2843683949,3.077281902,0.119431025,-0.1302436575
jcshZEuP,2024-12-31,HARD,dzbgeEFF,2.699409566,0.2977570563,2.865696548,0.1230471715,0.6132809357,2.624817024,0.2956484196,2.787116576,0.117986007,0.598702683
naetQ5wA,2024-12-31,HARD,W6pL8zuB,2.549006544,0.2737045831,2.509037524,0.1252714115,-0.1642421564,2.469693567,0.2702360679,2.441115784,0.1187758424,-0.1177328851
pf3tNIXi,2024-12-31,HARD,Gloq9MUN,3.149235164,0.3210935881,2.885107383,0.1270766134,-0.895720944,3.087084659,0.3202448566,2.816045537,0.1220166012,-0.9153973594
v9hJUo1n,2024-12-31,HARD,WxLdKcAs,3.777136041,0.3048154852,3.309977641,0.1251255361,-1.680729518,3.717484418,0.2999849506,3.230035692,0.115540323,-1.760748035
