rank,rank_change,week_ending,player_id,as_of_date,last_state_date,overall_mean,hard_effect_mean,clay_effect_mean,grass_effect_mean,player_name,age_years,match_timestamp,observed_matches,days_since_last_match,age,conditional_overall_sd,overall_90_low,overall_90_high,conditional_hard_effect_sd,hard_effect_90_low,hard_effect_90_high,hard_mean,conditional_hard_sd,hard_90_low,hard_90_high,conditional_clay_effect_sd,clay_effect_90_low,clay_effect_90_high,clay_mean,conditional_clay_sd,clay_90_low,clay_90_high,conditional_grass_effect_sd,grass_effect_90_low,grass_effect_90_high,grass_mean,conditional_grass_sd,grass_90_low,grass_90_high
1,0,2026-09-27,jNyZsXZe,2026-09-27,2026-08-31,3.514013951,0.03117926876,0.2620522192,-0.2932314879,Iga Swiatek,25.25372751,2026-08-31 17:37:47,399,27,25.327651,0.1956237165,3.192241572,3.835786331,0.0352979317,-0.02688066222,0.08923919975,3.54519322,0.1933809005,3.227109945,3.863276496,0.0338416697,0.206387626,0.3177168123,3.776066171,0.2001967148,3.446771878,4.105360463,0.04077842101,-0.3603060216,-0.2261569542,3.220782464,0.203433282,2.886164492,3.555400435
2,0,2026-09-27,vyhksgUB,2026-09-27,2026-08-31,3.443521513,0.1015089194,0.007002626414,-0.1085115458,Aryna Sabalenka,28.32480459,2026-08-31 10:08:19,414,27,28.39872808,0.2024375324,3.110541403,3.776501622,0.03600394514,0.04228769961,0.1607301391,3.545030432,0.2008356529,3.21468518,3.875375684,0.0348525148,-0.05032465896,0.06432991179,3.450524139,0.2074800626,3.109249806,3.791798473,0.04046475187,-0.1750701396,-0.0419529519,3.335009967,0.2090653144,2.991128126,3.678891808
3,0,2026-09-27,f5BXmEH6,2026-09-27,2026-09-01,3.209763715,0.040341507,-0.03354314534,-0.006798361656,Coco Gauff,22.47201346,2026-09-01 17:37:30,353,26,22.54319904,0.1919353888,2.894058095,3.525469336,0.03705951208,-0.02061596585,0.1012989798,3.250105222,0.1895338081,2.938349851,3.561860594,0.03586424073,-0.09253457179,0.0254482811,3.17622057,0.1976021207,2.851194005,3.501247135,0.04108267055,-0.07437334132,0.060776618,3.202965354,0.199738216,2.874425225,3.531505483
4,0,2026-09-27,KdojxrAR,2026-09-27,2026-09-02,3.001099797,0.1134136467,-0.04646197619,-0.06695167053,Jessica Pegula,32.52196464,2026-09-02 09:41:17,388,25,32.59041231,0.1872195948,2.693150967,3.309048626,0.03500101774,0.05584209575,0.1709851977,3.114513444,0.1847174788,2.810680229,3.418346658,0.03616932523,-0.105955222,0.0130312696,2.954637821,0.1928066748,2.637499062,3.271776579,0.04102789614,-0.1344365543,0.0005332132396,2.934148126,0.1951285443,2.613190233,3.25510602
5,0,2026-09-27,lI6fOOat,2026-09-27,2026-09-01,2.985385044,0.04568754678,0.1262591719,-0.1719467187,Mirra Andreeva,19.34490501,2026-09-01 13:57:19,177,26,19.4160906,0.2061090332,2.646365853,3.324404235,0.05080455979,-0.03787851765,0.1292536112,3.031072591,0.202959734,2.697233536,3.364911645,0.04577590733,0.05096450468,0.2015538391,3.111644216,0.2138628239,2.759871174,3.463417257,0.05797517841,-0.2673074011,-0.07658603617,2.813438325,0.2203417753,2.451008357,3.175868293
6,0,2026-09-27,UDzElXdm,2026-09-27,2026-09-01,2.87900708,-0.0002557123579,-0.03445088942,0.03470660178,Elena Rybakina,27.21081707,2026-09-01 13:07:28,382,26,27.28200265,0.2042465787,2.543051355,3.214962806,0.0361883127,-0.05978018975,0.05926876504,2.878751368,0.202264973,2.546055094,3.211447642,0.03447610592,-0.09115903728,0.02225725844,2.844556191,0.2093092306,2.500273144,3.188839238,0.03882574096,-0.02915605906,0.09856926261,2.913713682,0.2107941068,2.566988231,3.260439133
7,0,2026-09-27,Or4Qa1ye,2026-09-27,2026-09-02,2.801994262,0.08710132952,0.01244510697,-0.09954643648,Karolina Muchova,30.03363969,2026-09-02 13:28:46,252,25,30.10208736,0.2118207093,2.4535802,3.150408324,0.04391062341,0.01487478134,0.1593278777,2.889095592,0.2138360325,2.537366618,3.240824565,0.0435217874,-0.05914186289,0.08403207682,2.814439369,0.219991579,2.452585422,3.176293316,0.05091006978,-0.1832860494,-0.01580682355,2.702447826,0.216554887,2.346246734,3.058648917
8,0,2026-09-27,jyngIesG,2026-09-27,2026-08-30,2.799660983,0.08800622297,0.0466481723,-0.1346543953,Elina Svitolina,31.96700473,2026-08-30 17:00:34,312,28,32.04366613,0.207588676,2.458207996,3.14111397,0.03905709615,0.02376301671,0.1522494292,2.887667206,0.2051853776,2.550167293,3.225167119,0.03883507804,-0.01722984666,0.1105261913,2.846309155,0.2137305972,2.494753607,3.197864703,0.04301628318,-0.2054098847,-0.06389890586,2.665006588,0.215363387,2.31076534,3.019247836
9,0,2026-09-27,MDM4BKiA,2026-09-27,2026-08-31,2.724305362,0.1559219851,-0.1555332588,-0.0003887263641,Naomi Osaka,28.8764136,2026-08-31 21:26:38,224,27,28.95033709,0.2108834711,2.37743292,3.071177805,0.04509513754,0.08174708457,0.2300968857,2.880227348,0.2085239075,2.537236042,3.223218653,0.0462548963,-0.2316157927,-0.07945072482,2.568772104,0.2191771808,2.208257723,2.929286485,0.05324492362,-0.0879688321,0.08719137938,2.723916636,0.221139701,2.360174197,3.087659075
10,0,2026-09-27,8CZqQdSa,2026-09-27,2026-09-02,2.690725983,0.04904362709,0.02490559745,-0.07394922454,Marta Kostyuk,24.18257742,2026-09-02 12:07:15,274,25,24.2510251,0.1917519111,2.375322157,3.00612981,0.03996904195,-0.01669959653,0.1147868507,2.73976961,0.1892138051,2.428540597,3.050998624,0.03927379618,-0.03969404863,0.08950524354,2.715631581,0.1980717444,2.389832553,3.041430608,0.04699990635,-0.151257191,0.00335874189,2.616776759,0.2015466518,2.285262017,2.9482915
11,0,2026-09-27,nwkutKbi,2026-09-27,2026-08-31,2.657855289,0.04681274928,0.03319117069,-0.08000391997,Amanda Anisimova,25.00127123,2026-08-31 12:38:36,242,27,25.07519471,0.2017570342,2.325994499,2.989716078,0.04049663948,-0.01979829504,0.1134237936,2.704668038,0.1993589688,2.376751715,3.032584361,0.04133978772,-0.03480672908,0.1011890705,2.69104646,0.2090179986,2.347242446,3.034850473,0.04557535435,-0.1549687069,-0.005039133073,2.577851369,0.2100267821,2.232388055,2.923314683
12,0,2026-09-27,QwU996PK,2026-09-27,2026-09-01,2.555912259,0.01565825643,-0.1303388885,0.114680632,Madison Keys,31.53912444,2026-09-01 10:17:16,266,26,31.61031002,0.198840604,2.22884857,2.882975948,0.03935558893,-0.04907592677,0.08039243963,2.571570515,0.1966355209,2.248133865,2.895007165,0.04011793081,-0.1963270125,-0.06435076448,2.42557337,0.2058368777,2.087001836,2.764144905,0.04402590201,0.04226446745,0.1870967966,2.670592891,0.2065792824,2.330800209,3.010385573
13,0,2026-09-27,ObGlDvu0,2026-09-27,2026-09-01,2.544989722,0.03801628908,-0.0513839494,0.01336766033,Belinda Bencic,29.48072678,2026-09-01 14:44:40,280,26,29.55191236,0.2099013658,2.199732699,2.890246745,0.04041629041,-0.02846259278,0.1044951709,2.583006011,0.2083407114,2.240316037,2.925695986,0.04092183772,-0.1186943826,0.01592648379,2.493605773,0.2166030026,2.137325538,2.849886007,0.04413884977,-0.05923428681,0.08596960746,2.558357383,0.2170468815,2.201347032,2.915367733
14,0,2026-09-27,zHMiAkw6,2026-09-27,2026-08-31,2.544286003,0.07455661623,0.01312852818,-0.08768514441,Linda Noskova,21.78719149,2026-08-31 14:35:56,195,27,21.86111498,0.2061332021,2.205227058,2.883344948,0.04757773149,-0.003701787968,0.1528150204,2.618842619,0.2046896598,2.28215809,2.955527149,0.04784556205,-0.06557041808,0.09182747444,2.557414531,0.2162013499,2.201794957,2.913034106,0.0509983131,-0.1715699047,-0.003800384146,2.456600859,0.2144422457,2.103874753,2.809326964
15,0,2026-09-27,AqVez8TJ,2026-09-27,2026-06-10,2.487528579,0.2288486555,-0.1733169524,-0.05553170305,Victoria Mboko,19.79059968,2026-06-10 08:50:04,64,109,20.08903154,0.3261700916,1.951026521,3.024030638,0.08021499275,0.0969067337,0.3607905772,2.716377235,0.3411236701,2.155278729,3.277475741,0.08005747998,-0.3049997887,-0.0416341161,2.314211627,0.3293965445,1.772402526,2.856020728,0.08973916057,-0.2031394868,0.09207608068,2.431996876,0.3393966798,1.873739016,2.990254736
16,0,2026-09-27,bmWvBlnL,2026-09-27,2026-08-18,2.379469059,0.08321233653,-0.1488084342,0.06559609762,Iva Jovic,18.70222346,2026-08-18 20:19:28,76,40,18.81173974,0.2247544947,2.009780813,2.749157305,0.06928390774,-0.0307495504,0.1971742235,2.462681395,0.2231569896,2.095620812,2.829741979,0.07023089179,-0.2643279712,-0.03328889707,2.230660625,0.2433178021,1.830438455,2.630882794,0.07843017145,-0.06341005435,0.1946022496,2.445065156,0.2417128125,2.04748296,2.842647353
17,0,2026-09-27,028BdVOj,2026-09-27,2026-09-02,2.352970365,-0.006617319115,0.1070317579,-0.1004144387,Diana Shnaider,22.41906915,2026-09-02 09:31:29,190,25,22.48751682,0.1957158955,2.031046364,2.674894366,0.05034993735,-0.08943559618,0.07620095795,2.346353046,0.1906644053,2.032738007,2.659968084,0.04673132095,0.0301655751,0.1838979406,2.460002123,0.2041501718,2.124204972,2.795799273,0.05907635511,-0.1975863957,-0.00324248177,2.252555926,0.212350831,1.903269892,2.601841961
18,0,2026-09-27,ppu9X7PH,2026-09-27,2026-09-01,2.282108459,0.1166272115,-0.1763812178,0.05975400634,Alexandra Eala,21.27858121,2026-09-01 20:12:46,116,26,21.3497668,0.2051688437,1.944635742,2.619581176,0.05440882221,0.02713266294,0.20612176,2.398735671,0.2000110519,2.069746766,2.727724575,0.05927583239,-0.2738812857,-0.07888114993,2.105727241,0.2195742018,1.744559819,2.466894663,0.06245156942,-0.04296968413,0.1624776968,2.341862465,0.2200901067,1.979846455,2.703878476
19,0,2026-09-27,EgKYrSR5,2026-09-27,2026-01-12,2.222701411,0.01402458573,0.1362228134,-0.1502473991,Marketa Vondrousova,26.54635942,2026-01-12 20:36:30,217,258,27.25273943,0.4790896825,1.434669009,3.010733813,0.04506963811,-0.06010837197,0.08815754343,2.236725997,0.477128212,1.451919927,3.021532067,0.04304099835,0.06542667113,0.2070189556,2.358924225,0.4823256402,1.565569146,3.152279303,0.05081401622,-0.233829018,-0.06666578024,2.072454012,0.4845175764,1.275493519,2.869414505
20,0,2026-09-27,2FyACZYi,2026-09-27,2026-09-22,2.117201293,0.07661609668,0.006066709016,-0.08268280569,Barbora Krejcikova,30.76387732,2026-09-22 06:36:40,243,5,30.77756686,0.1875375726,1.808729437,2.42567315,0.03998423922,0.01084787577,0.1423843176,2.19381739,0.1855579252,1.888601764,2.499033016,0.03763605451,-0.05583909174,0.06797250977,2.123268002,0.1930462853,1.80573512,2.440800885,0.04359247285,-0.1543860428,-0.01097956862,2.034518487,0.1967941241,1.710820959,2.358216016
21,0,2026-09-27,fBPsm3Iq,2026-09-27,2026-09-02,2.055299401,0.03663054949,0.1452794227,-0.1819099722,Sorana Cirstea,36.40709039,2026-09-02 10:00:04,296,25,36.47553807,0.2007403877,1.725110846,2.385487956,0.03969399979,-0.02866027004,0.101921369,2.091929951,0.1992383351,1.764212053,2.419647849,0.03809225721,0.08262323528,0.2079356101,2.200578824,0.2063559963,1.861153415,2.540004233,0.04662954698,-0.2586087517,-0.1052111927,1.873389429,0.2093139907,1.529098552,2.217680306
22,0,2026-09-27,xCyEhjAS,2026-09-27,2026-08-31,1.997562471,0.05241795647,0.1493092787,-0.2017272352,Qinwen Zheng,23.89766499,2026-08-31 10:37:47,201,27,23.97158848,0.2051534022,1.660115153,2.335009789,0.04591772232,-0.02310997562,0.1279458886,2.049980428,0.2037142205,1.714900353,2.385060502,0.03981928914,0.08381237651,0.2148061808,2.14687175,0.2097400752,1.801880026,2.491863473,0.05390777293,-0.290397631,-0.1130568393,1.795835236,0.2176543902,1.437825623,2.153844849
23,0,2026-09-27,hIA4C9YT,2026-09-27,2026-08-31,1.962079108,0.02610853577,-0.07723220807,0.05112367229,Liudmila Samsonova,27.80530861,2026-08-31 16:19:49,322,27,27.87923209,0.2044345036,1.625814273,2.298343942,0.03735012853,-0.0353269586,0.08754403015,1.988187643,0.202198052,1.655601444,2.320773843,0.03525007171,-0.1352134164,-0.01925099977,1.8848469,0.2099454597,1.539517349,2.23017645,0.0388497508,-0.01277848121,0.1150258258,2.01320278,0.2111069711,1.665962713,2.360442847
24,0,2026-09-27,WMS3AdAb,2026-09-27,2026-08-31,1.925226688,0.1449276662,-0.05061290624,-0.09431475998,Marie Bouzkova,28.11393233,2026-08-31 09:40:13,315,27,28.18785582,0.2038284507,1.589958721,2.260494654,0.03649454207,0.08489948633,0.2049558461,2.070154354,0.2020131664,1.737872265,2.402436444,0.03955727161,-0.1156788279,0.01445301544,1.874613782,0.2103304725,1.528650941,2.220576622,0.04185858974,-0.1631660131,-0.02546350683,1.830911928,0.2103298739,1.484950072,2.176873784
25,0,2026-09-27,Cjagsdf4,2026-09-27,2026-05-24,1.915000007,-0.07705725185,0.0393501787,0.03770707315,Hailey Baptiste,24.55447922,2026-05-24 08:08:42,149,126,24.8994555,0.345971838,1.345926974,2.484073039,0.05755644433,-0.1717291781,0.01761467436,1.837942755,0.3505389776,1.261357446,2.414528063,0.05659140057,-0.05373439178,0.1324347492,1.954350185,0.342288723,1.391335338,2.517365033,0.07743375054,-0.08966011227,0.1650742586,1.95270708,0.3627143642,1.356095042,2.549319117
26,0,2026-09-27,Y1ZrrUtl,2026-09-27,2026-09-01,1.911933125,0.06146379657,-0.04043242421,-0.02103137236,Elise Mertens,30.79224698,2026-09-01 15:17:40,386,26,30.86343256,0.1888503817,1.601301889,2.22256436,0.03449248926,0.004728700512,0.1181988926,1.973396921,0.187134375,1.665588266,2.281205577,0.03411011455,-0.09653856984,0.01567372141,1.8715007,0.1939173571,1.552535032,2.190466368,0.03990389888,-0.08666744517,0.04460470044,1.890901752,0.1957440605,1.568931424,2.21287208
27,0,2026-09-27,WxLdKcAs,2026-09-27,2026-08-31,1.903528337,-0.07698015879,0.08985659619,-0.0128764374,Emma Navarro,25.28854127,2026-08-31 10:48:03,197,27,25.36246476,0.2091664589,1.559480129,2.247576546,0.04620546399,-0.1529813838,-0.000978933767,1.826548178,0.2069659019,1.486119564,2.166976793,0.04326712316,0.01868851173,0.1610246806,1.993384933,0.217136775,1.636226721,2.350543145,0.04944113936,-0.0941998748,0.06844700001,1.8906519,0.2184490194,1.531335238,2.249968562
28,0,2026-09-27,KGdcQnEf,2026-09-27,2026-08-31,1.877621412,0.07354240164,-0.1048294031,0.03128700146,Anna Kalinskaya,27.74731495,2026-08-31 11:58:06,275,27,27.82123844,0.210860379,1.530786953,2.224455871,0.0395434009,0.008499295244,0.138585508,1.951163814,0.209043387,1.60731804,2.295009587,0.04083247793,-0.1719928525,-0.03766595369,1.772792009,0.2170505901,1.415775559,2.129808459,0.04776343311,-0.04727685472,0.1098508577,1.908908414,0.2192909468,1.548206904,2.269609923
29,0,2026-09-27,YmIZde1B,2026-09-27,2026-06-14,1.82549022,0.1274117044,-0.07889417445,-0.04851752993,Emma Raducanu,23.58518487,2026-06-14 07:29:07,152,105,23.87266511,0.3092376289,1.316839584,2.334140855,0.05059765531,0.04418596754,0.2106374412,1.952901924,0.3163191064,1.432603295,2.473200554,0.05646203909,-0.1717659642,0.01397761533,1.746596045,0.3175372958,1.224293673,2.268898418,0.05634414103,-0.1411953947,0.0441603348,1.77697269,0.3080888977,1.270211549,2.283733831
30,4,2026-09-27,8EI3pJOd,2026-09-27,2026-09-21,1.811149283,0.1202135868,-0.03890838714,-0.08130519969,Leylah Fernandez,24.04224375,2026-09-21 05:58:52,274,6,24.05867119,0.179096931,1.516561046,2.105737519,0.04100530485,0.05276586243,0.1876613112,1.931362869,0.1756579846,1.642431196,2.220294543,0.04064689887,-0.1057665862,0.02794981189,1.772240896,0.186076789,1.466171814,2.078309977,0.048790659,-0.1615586921,-0.001051707266,1.729844083,0.1909475503,1.415763312,2.043924854
31,-1,2026-09-27,dzbgeEFF,2026-09-27,2026-08-30,1.804732878,-0.0670067883,-0.1399589811,0.2069657694,Ekaterina Alexandrova,31.79154089,2026-08-30 14:55:30,380,28,31.86820229,0.1989893184,1.477424576,2.13204118,0.0358529414,-0.125979629,-0.008033947601,1.73772609,0.1971207685,1.413491279,2.061960901,0.03297987319,-0.1942060452,-0.0857119171,1.664773897,0.2038340666,1.329496693,2.000051101,0.03820450606,0.1441249491,0.2698065898,2.011698648,0.2054702221,1.673730208,2.349667088
32,6,2026-09-27,KjsokFUj,2026-09-27,2026-09-22,1.785707449,-0.01946270332,0.08351669726,-0.06405399394,Maria Sakkari,31.16381142,2026-09-22 08:21:41,351,5,31.17750095,0.1843429828,1.482490225,2.088924673,0.03519595092,-0.07735489084,0.0384294842,1.766244745,0.1829499537,1.465318851,2.06717064,0.03304326757,0.02916535875,0.1378680358,1.869224146,0.188003864,1.559985308,2.178462984,0.04088226166,-0.1312993303,0.003191342431,1.721653455,0.1926988306,1.404692084,2.038614825
33,-2,2026-09-27,nFb01JTe,2026-09-27,2026-03-11,1.777830623,0.1160664693,-0.17050732,0.05444085066,Sonay Kartal,24.36939965,2026-03-11 17:46:15,70,200,24.91698105,0.4194976623,1.087818372,2.467842874,0.08267086204,-0.01991499794,0.2520479366,1.893897092,0.4113901922,1.217220443,2.570573742,0.09046961701,-0.3193165977,-0.02169804232,1.607323303,0.4381863044,0.8865709709,2.328075635,0.08435806975,-0.08431582633,0.1931975277,1.832271474,0.4345356664,1.117523907,2.547019041
34,-2,2026-09-27,GUIVvvjL,2026-09-27,2025-10-16,1.768092432,-0.03790732622,-0.05236683291,0.09027415913,Veronika Kudermetova,28.47989872,2025-10-16 01:39:57,335,346,29.42721455,0.5377177864,0.8836253813,2.652559484,0.03964468924,-0.1031170371,0.02730238466,1.730185106,0.5364137256,0.8478630442,2.612507168,0.03572784708,-0.1111339118,0.00640024595,1.7157256,0.5398468047,0.8277566249,2.603694574,0.04212191882,0.02098976818,0.1595585501,1.858366592,0.5411741238,0.9682143712,2.748518812
35,-2,2026-09-27,noaX0EJn,2026-09-27,2026-09-02,1.739605918,-0.03272261148,0.3082508921,-0.2755282806,Jasmine Paolini,30.66289387,2026-09-02 09:24:30,312,25,30.73134154,0.2183258559,1.380491842,2.098719994,0.03914450164,-0.09710958698,0.03166436402,1.706883307,0.2204352383,1.344299606,2.069467008,0.03477709629,0.2510476591,0.365454125,2.04785681,0.2228509608,1.681299599,2.414414022,0.04955535909,-0.3570395927,-0.1940169685,1.464077638,0.2234765426,1.096491436,1.831663839
36,0,2026-09-27,YDHquro6,2026-09-27,2026-08-31,1.715394258,-0.01338675701,-0.09620266303,0.10958942,Caty McNally,24.77968978,2026-08-31 14:18:01,170,27,24.85361327,0.2108573603,1.368564764,2.062223751,0.04725236815,-0.09110998615,0.06433647212,1.7020075,0.2074570934,1.360770948,2.043244053,0.0545648114,-0.185953791,-0.006451535104,1.619191594,0.2236073823,1.251390181,1.986993008,0.0507818121,0.02606077222,0.1931180679,1.824983678,0.2193915895,1.464116626,2.185850729
37,0,2026-09-27,x81l09qG,2026-09-27,2026-09-01,1.70696771,-0.04388386028,0.08022741115,-0.03634355087,Anastasia Potapova,25.42599906,2026-09-01 15:43:52,317,26,25.49718465,0.2110910223,1.359753876,2.054181543,0.0385720171,-0.1073291825,0.01956146194,1.66308385,0.2092558656,1.31888858,2.007279119,0.03629420532,0.02052875589,0.1399260664,1.787195121,0.2154782215,1.432764987,2.141625255,0.04723335907,-0.1140355128,0.04134841111,1.670624159,0.2202167976,1.308399761,2.032848557
38,1,2026-09-27,hWMZK1VQ,2026-09-27,2026-08-16,1.706848617,0.2745551138,0.04901595927,-0.323571073,Tereza Valentova,19.48810002,2026-08-16 21:10:37,53,42,19.60309212,0.227405076,1.332800553,2.080896681,0.07419208033,0.1525200013,0.3965902262,1.981403731,0.2230821287,1.614466283,2.34834118,0.07425804742,-0.07312765936,0.1711595779,1.755864577,0.2438935273,1.354695424,2.15703373,0.08357081212,-0.4610328264,-0.1861093196,1.383277544,0.2527693019,0.9675090414,1.799046047
39,1,2026-09-27,OKXs3Wah,2026-09-27,2026-08-31,1.683906184,-0.04616495509,-0.09961233261,0.1457772877,Katerina Siniakova,30.31054948,2026-08-31 16:49:15,312,27,30.38447297,0.2161572489,1.328359149,2.039453219,0.037829492,-0.1083889322,0.01605902203,1.637741229,0.2159786338,1.28248799,1.992994468,0.0368405848,-0.1602097021,-0.03901496308,1.584293851,0.2216234805,1.219755666,1.948832037,0.04100108259,0.07833650829,0.2132180671,1.829683472,0.2210826075,1.466034943,2.193332
40,1,2026-09-27,84ILHaZ4,2026-09-27,2026-09-02,1.678381897,0.1164845396,-0.1023869419,-0.01409759772,Nikola Bartunkova,20.51920024,2026-09-02 11:36:57,55,25,20.58764791,0.2000214646,1.349375865,2.007387928,0.08250954482,-0.01923158444,0.2522006637,1.794866436,0.1857810717,1.489283767,2.100449106,0.08810106423,-0.2473002969,0.04252641314,1.575994955,0.2328788973,1.192943256,1.959046654,0.0894444975,-0.1612207038,0.1330255084,1.664284299,0.2320528218,1.282591373,2.045977224
41,3,2026-09-27,Y9jUuHka,2026-09-27,2026-09-02,1.669149302,0.08870579193,0.1169890137,-0.2056948057,Taylor Townsend,30.38083792,2026-09-02 08:57:24,142,25,30.4492856,0.200564523,1.339250019,1.999048585,0.05158203319,0.003860897561,0.1735506863,1.757855094,0.1961943865,1.435144045,2.080566142,0.05907528584,0.01981881556,0.2141592119,1.786138316,0.2130945904,1.435628906,2.136647725,0.06637025652,-0.3148641628,-0.0965254485,1.463454496,0.2175602177,1.105599783,1.821309209
42,0,2026-09-27,jVCKq0LH,2026-09-27,2026-08-31,1.663205777,0.171397753,0.134590252,-0.305988005,Sara Bejlek,20.58201271,2026-08-31 10:13:07,67,27,20.65593619,0.2011249566,1.332384662,1.994026891,0.0678686699,0.05976372515,0.2830317808,1.83460353,0.1922662955,1.518353616,2.150853443,0.06290377214,0.03112275423,0.2380577497,1.797796029,0.2124960848,1.448271073,2.147320984,0.08611929019,-0.4476416318,-0.1643343782,1.357217772,0.2349731966,0.9707212569,1.743714286
43,0,2026-09-27,2PPTHPya,2026-09-27,2026-08-31,1.658869513,0.08178569655,-0.03222920493,-0.04955649162,Clara Tauson,23.69562317,2026-08-31 15:34:03,214,27,23.76954666,0.1926209111,1.342036309,1.975702717,0.04646339956,0.005360205259,0.1582111878,1.74065521,0.1893965745,1.429125567,2.052184852,0.04440799238,-0.1052738523,0.04081544241,1.626640308,0.199875859,1.297873777,1.95540684,0.05264483726,-0.1361495431,0.03703655989,1.609313021,0.2058869129,1.270659186,1.947966857
44,1,2026-09-27,vw1oqIPi,2026-09-27,2026-09-20,1.638057507,0.01816711134,0.06907273982,-0.08723985117,Katie Volynets,24.72299581,2026-09-20 21:19:52,186,7,24.74216116,0.1884961072,1.328009001,1.948106013,0.04405340806,-0.05429429669,0.09062851937,1.656224618,0.1855642976,1.35099851,1.961450726,0.04440815951,-0.003972182409,0.1421176621,1.707130247,0.1970261324,1.383051098,2.031209395,0.05101197059,-0.171147076,-0.003332626327,1.550817656,0.1996345422,1.222448055,1.879187257
45,1,2026-09-27,YuOTpKxj,2026-09-27,2026-08-31,1.600440954,0.137299498,-0.3074138503,0.1701143523,Daria Snigur,24.43189811,2026-08-31 13:37:16,60,27,24.5058216,0.214900499,1.246961089,1.95392082,0.07004227975,0.02209020012,0.2525087959,1.737740452,0.2072406099,1.396859984,2.078620921,0.09085821118,-0.4568623085,-0.1579653921,1.293027104,0.2494000983,0.8828004478,1.70325376,0.07102364436,0.05329085328,0.2869378513,1.770555307,0.2271631297,1.396905209,2.144205404
46,-11,2026-09-27,Gloq9MUN,2026-09-27,2026-09-22,1.596196594,-0.08534718559,-0.06334842299,0.1486956086,Jelena Ostapenko,29.29036448,2026-09-22 02:03:46,326,5,29.30405402,0.2005503924,1.266320554,1.926072634,0.03777715676,-0.1474850789,-0.02320929228,1.510849409,0.2002734451,1.181428906,1.840269911,0.03700804936,-0.1242212472,-0.002475598768,1.532848171,0.2063987752,1.193352397,1.872343945,0.04176281799,0.08000188594,0.2173893312,1.744892203,0.2061366409,1.405827601,2.083956804
47,0,2026-09-27,OlQsiYlU,2026-09-27,2026-09-20,1.56588649,0.1881585996,-0.1283557414,-0.05980285824,Alina Korneeva,19.24737221,2026-09-20 23:00:01,39,7,19.26653756,0.1976353533,1.240805263,1.890967718,0.09872289712,0.02577388421,0.350543315,1.75404509,0.1810583926,1.456230536,2.051859644,0.09247877948,-0.2804697972,0.02375831449,1.437530749,0.221458477,1.07326397,1.801797528,0.1206249485,-0.2582132424,0.1386075259,1.506083632,0.2611553434,1.076521318,1.935645946
48,0,2026-09-27,rwvAgOWm,2026-09-27,2026-08-31,1.552433788,0.01061916456,0.04341325352,-0.05403241808,Ann Li,26.18169645,2026-08-31 16:02:18,195,27,26.25561993,0.1923346202,1.236071491,1.868796086,0.04959523494,-0.07095773752,0.09219606664,1.563052953,0.1881201283,1.253622878,1.872483028,0.049279543,-0.03764438151,0.1244708886,1.595847042,0.201959826,1.26365269,1.928041394,0.0558636977,-0.1459200239,0.0378551877,1.49840137,0.2069052387,1.158072538,1.838730203
49,0,2026-09-27,UT72lXiG,2026-09-27,2026-08-31,1.546926312,0.03729347341,0.2040332201,-0.2413266935,Lilli Tagger,18.5367847,2026-08-31 10:07:05,35,27,18.61070819,0.215166975,1.193008133,1.900844491,0.08468525354,-0.102001373,0.1765883198,1.584219785,0.2033155502,1.249795465,1.918644105,0.08725112235,0.06051789502,0.3475485451,1.750959532,0.2364463598,1.362039879,2.139879184,0.1088631647,-0.4203906647,-0.06226272223,1.305599618,0.2613081065,0.8757860317,1.735413205
50,0,2026-09-27,Wl76rX3I,2026-09-27,2026-09-02,1.541609523,-0.02738714827,0.2486763195,-0.2212891713,Paula Badosa,28.7984344,2026-09-02 09:53:32,267,25,28.86688207,0.2203888709,1.17910209,1.904116957,0.03977139916,-0.09280527842,0.03803098188,1.514222375,0.2230765181,1.147294155,1.881150595,0.03665012822,0.1883922232,0.3089604159,1.790285843,0.2214122391,1.426095118,2.154476567,0.04471150311,-0.2948330493,-0.1477452932,1.320320352,0.2277089486,0.9457724619,1.694868242
51,0,2026-09-27,GU42elks,2026-09-27,2026-09-20,1.511727135,-0.05419980045,0.06161301507,-0.007413214622,Daria Kasatkina,29.37471455,2026-09-20 21:27:37,345,7,29.3938799,0.1876641602,1.20304706,1.820407209,0.03638589388,-0.11404927,0.005649669068,1.457527334,0.1856296751,1.15219369,1.762860979,0.0340779951,0.005559701227,0.1176663289,1.57334015,0.1928165838,1.256185093,1.890495207,0.0400045862,-0.07321490333,0.05838847409,1.50431392,0.1951986417,1.183240726,1.825387114
52,4,2026-09-27,ra7IoKGO,2026-09-27,2026-09-21,1.508552555,-0.06704827521,0.05714714014,0.009901135068,Elena Gabriela Ruse,28.87639545,2026-09-21 21:17:05,213,6,28.89282289,0.1847820692,1.204613098,1.812492012,0.04445443671,-0.1401693167,0.006072766244,1.44150428,0.1820601243,1.142042024,1.740966536,0.04197027618,-0.01188782085,0.1261821011,1.565699695,0.1923659297,1.249285898,1.882113492,0.04994282364,-0.07224749954,0.09204976968,1.51845369,0.196251589,1.195648552,1.841258828
53,-1,2026-09-27,zNoTPac0,2026-09-27,2026-08-31,1.503127629,-0.093514249,0.185779472,-0.09226522302,Anhelina Kalinina,29.56227053,2026-08-31 09:32:32,207,27,29.63619402,0.2104883459,1.156905109,1.849350148,0.04465450622,-0.1669643755,-0.02006412248,1.40961338,0.2099819653,1.064223782,1.755002977,0.03956077106,0.1207077943,0.2508511498,1.688907101,0.2142475658,1.336501215,2.041312986,0.05152761417,-0.1770206061,-0.007509839959,1.410862406,0.221665876,1.046254485,1.775470326
54,0,2026-09-27,O81eud9p,2026-09-27,2026-08-31,1.436633898,0.1284754776,-0.08048022481,-0.04799525283,Ashlyn Krueger,22.31812236,2026-08-31 12:38:36,163,27,22.39204585,0.2182717768,1.077608774,1.795659021,0.05187690493,0.04314556241,0.2138053929,1.565109375,0.2167241925,1.208629801,1.921588949,0.05635078254,-0.1731690138,0.01220856422,1.356153673,0.2306027458,0.9768459099,1.735461436,0.05719544857,-0.1420733939,0.0460828882,1.388638645,0.2278566367,1.013847829,1.76342946
55,0,2026-09-27,YsJXLo1O,2026-09-27,2026-08-31,1.43244502,0.1596995919,0.1340730145,-0.2937726064,Peyton Stearns,24.89699319,2026-08-31 10:33:39,164,27,24.97091668,0.2123273767,1.083197564,1.781692475,0.05117486826,0.07552442422,0.2438747596,1.592144612,0.2086126048,1.249007412,1.935281811,0.05100340769,0.05017987434,0.2179661546,1.566518034,0.2206926414,1.203510943,1.929525126,0.06381016362,-0.3987309854,-0.1888142273,1.138672414,0.2287274262,0.7624492769,1.51489555
56,-3,2026-09-27,xGn9KNfO,2026-09-27,2026-09-02,1.43233855,-0.05893827472,-0.06310524372,0.1220435184,Karolina Pliskova,34.45217044,2026-09-02 09:31:29,269,25,34.52061812,0.2034042718,1.097768296,1.766908804,0.03941226179,-0.1237656765,0.005889127037,1.373400276,0.2018855254,1.041328137,1.705472414,0.03982375277,-0.1286094879,0.00239900047,1.369233307,0.2102186758,1.023454355,1.715012258,0.04291114651,0.05146096346,0.1926260734,1.554382069,0.2101210614,1.208763679,1.900000459
57,0,2026-09-27,Gj20DdaG,2026-09-27,2026-09-01,1.410901366,-0.01702452904,0.1317025231,-0.1146779941,Jessica Bouzas Maneiro,23.93962278,2026-09-01 18:25:27,115,26,24.01080836,0.2096893312,1.065993109,1.755809623,0.05432623024,-0.1063832259,0.07233416782,1.393876837,0.2071291184,1.053179755,1.734573918,0.05262836965,0.04513655843,0.2182684878,1.542603889,0.220591528,1.179763114,1.905444664,0.05783344649,-0.2098055483,-0.01955043988,1.296223372,0.2222870781,0.9305936652,1.661853078
58,16,2026-09-27,OIxOD54s,2026-09-27,2026-09-21,1.391272275,-0.1439669978,0.1728141163,-0.02884711845,Maja Chwalinska,24.94526829,2026-09-21 01:43:54,37,6,24.96169573,0.1953814964,1.069898312,1.712646238,0.09116948065,-0.2939274487,0.005993453082,1.247305277,0.1791200163,0.9526790689,1.541931486,0.0836689372,0.03519096145,0.3104372711,1.564086392,0.2199802515,1.202251077,1.925921706,0.1064595149,-0.2039574376,0.1462632007,1.362425157,0.2463584577,0.9572015541,1.76764876
59,0,2026-09-27,6XSnpS5h,2026-09-27,2026-08-31,1.378342873,0.04954511108,-0.05012870315,0.0005835920783,Xiyu Wang,25.42895356,2026-08-31 17:37:47,180,27,25.50287705,0.205666436,1.04005169,1.716634056,0.05295239279,-0.03755382427,0.1366440464,1.427887984,0.1998820195,1.099111319,1.756664649,0.04935456384,-0.1313097365,0.03105233019,1.32821417,0.213199505,0.9775321906,1.678896149,0.06426030025,-0.1051151958,0.10628238,1.378926465,0.2255180992,1.007982201,1.749870728
60,0,2026-09-27,ID57P88P,2026-09-27,2026-02-04,1.373101978,-0.09101606053,0.2513872572,-0.1603711967,Olga Danilovic,25.03327638,2026-02-04 05:11:41,125,235,25.67668452,0.4521521381,0.6293778937,2.116826062,0.06005999192,-0.1898059561,0.007773835023,1.282085917,0.4482892552,0.54471571,2.019456125,0.054424581,0.1618667878,0.3409077267,1.624489235,0.4564665481,0.8736685779,2.375309892,0.07457230602,-0.2830317247,-0.03771066866,1.212730781,0.4648978043,0.4480419416,1.977419621
61,-3,2026-09-27,AsWv5414,2026-09-27,2026-09-22,1.37221615,-0.03457756424,-0.1535863304,0.1881638946,Donna Vekic,30.2348416,2026-09-22 01:10:45,292,5,30.24853113,0.1837133499,1.07003458,1.67439772,0.03746216891,-0.09619734865,0.02704222017,1.337638586,0.1818363226,1.038544451,1.636732721,0.03649924055,-0.2136222386,-0.0935504222,1.21862982,0.1902926758,0.9056262217,1.531633418,0.03968623443,0.122885848,0.2534419413,1.560380045,0.1904905246,1.247051014,1.873709075
62,-1,2026-09-27,ETkoNgxJ,2026-09-27,2026-06-30,1.343063138,-0.03480415557,0.2233209904,-0.1885168349,Laura Siegemund,38.32361471,2026-06-30 09:54:30,238,89,38.56728844,0.300960209,0.8480276467,1.838098629,0.04162774451,-0.1032757021,0.03366739096,1.308258983,0.3072601943,0.8028609375,1.813657027,0.03972544167,0.1579784536,0.2886635272,1.566384129,0.3056246058,1.063676387,2.06909187,0.05234707557,-0.274620112,-0.1024135577,1.154546303,0.2999451812,0.661180384,1.647912222
63,0,2026-09-27,rysUUciD,2026-09-27,2026-08-31,1.335083173,-0.03157403379,0.2026228293,-0.1710487955,Camila Osorio,24.691602,2026-08-31 10:08:19,221,27,24.76552549,0.205973287,0.9962872653,1.673879082,0.04336721319,-0.1029067517,0.03975868413,1.30350914,0.203290257,0.9691264231,1.637891856,0.03925088032,0.1380608764,0.2671847821,1.537706003,0.2118120033,1.189306261,1.886105745,0.04919357036,-0.2519650181,-0.09013257284,1.164034378,0.216621988,0.8077229153,1.520345841
64,-2,2026-09-27,dMopwFzs,2026-09-27,2026-08-30,1.333385085,0.2055994147,-0.2353426438,0.02974322906,McCartney Kessler,27.14805061,2026-08-30 14:55:30,116,28,27.22471201,0.2167601393,0.9768463841,1.689923787,0.05700263155,0.1118384295,0.2993604,1.5389845,0.2140209923,1.186951295,1.891017706,0.06066599647,-0.3351293281,-0.1355559595,1.098042442,0.231300927,0.7175862728,1.47849861,0.06328658532,-0.07435394035,0.1338403985,1.363128314,0.2293133772,0.9859413742,1.740315255
65,0,2026-09-27,8jMJmh84,2026-09-27,2026-09-22,1.331773918,0.09246244622,-0.2359747949,0.1435123487,Xinyu Wang,24.98901177,2026-09-22 01:10:45,248,5,25.00270131,0.1844940299,1.028308244,1.635239593,0.04546893505,0.01767270349,0.167252189,1.424236365,0.1807846253,1.126872118,1.721600611,0.04720233718,-0.3136157304,-0.1583338594,1.095799124,0.1954580335,0.7742992682,1.417298979,0.0467547465,0.06660763436,0.2204170631,1.475286267,0.1941873029,1.155876578,1.794695957
66,1,2026-09-27,KhlPw9hb,2026-09-27,2026-08-28,1.325100614,0.09962001937,-0.08764784082,-0.01197217855,Bianca Vanessa Andreescu,26.20025787,2026-08-28 10:44:40,178,30,26.28239508,0.2095317888,0.980451491,1.669749737,0.04907117194,0.01890512422,0.1803349145,1.424720633,0.2068201732,1.084531721,1.764909545,0.04594344935,-0.1632180901,-0.01207759153,1.237452773,0.2189902131,0.8772459267,1.597659619,0.04661170428,-0.0886416094,0.06469725229,1.313128435,0.2183365419,0.9539967824,1.672260088
67,-1,2026-09-27,hAR7VtG4,2026-09-27,2026-06-30,1.319838741,0.02861014997,-0.1591055182,0.1304953682,Ajla Tomljanovic,33.14914302,2026-06-30 11:25:15,262,89,33.39281674,0.2917441397,0.8399623342,1.799715147,0.04226779054,-0.0409141786,0.09813447853,1.34844889,0.2978684499,0.8584988903,1.838398891,0.03948435566,-0.2240515038,-0.09415953258,1.160733222,0.2961908676,0.6735425994,1.647923845,0.04325130047,0.05935330979,0.2016374267,1.450334109,0.2900095535,0.9733108429,1.927357375
68,-4,2026-09-27,0SeXj3jT,2026-09-27,2026-09-02,1.315814099,-0.0233394437,-0.303928289,0.3272677327,Katie Boulter,30.08839783,2026-09-02 13:28:46,199,25,30.1568455,0.2054586597,0.9778646775,1.653763521,0.04752558537,-0.1015120752,0.05483318776,1.292474655,0.2021939995,0.9598951221,1.625054189,0.06016134444,-0.4028848946,-0.2049716834,1.01188581,0.2213491342,0.6477988841,1.375972736,0.05005315724,0.2449376155,0.4095978499,1.643081832,0.2124742741,1.293592752,1.992570912
69,-1,2026-09-27,hQQLzcNT,2026-09-27,2026-09-02,1.313271475,-0.08081195216,0.1522907147,-0.07147876253,Diane Parry,24.00437165,2026-09-02 10:00:04,184,25,24.07281933,0.1831093461,1.012083403,1.614459548,0.0479563644,-0.1596931521,-0.001930752239,1.232459523,0.1780999002,0.9395112565,1.52540779,0.04138326978,0.08422129329,0.2203601361,1.46556219,0.1913422146,1.150832254,1.780292126,0.05085275321,-0.1551240981,0.01216657304,1.241792713,0.1971143598,0.9175684433,1.566016982
70,-1,2026-09-27,W2BCKjLQ,2026-09-27,2026-09-01,1.309803803,-0.007460634478,0.1387352754,-0.1312746409,Yulia Putintseva,31.65188704,2026-09-01 14:44:40,341,26,31.72307262,0.2025594473,0.9766231617,1.642984445,0.0381758015,-0.07025424003,0.05533297108,1.302343169,0.2015218367,0.9708692447,1.633817093,0.03406679553,0.08270038321,0.1947701676,1.448539079,0.2051161196,1.111153085,1.785925072,0.04588726106,-0.2067524687,-0.05579681314,1.178529162,0.2124403327,0.8290959105,1.527962414
71,-1,2026-09-27,W6pL8zuB,2026-09-27,2026-08-17,1.287256473,-0.0678364638,-0.02448429725,0.09232076105,Magdalena Frech,28.67299824,2026-08-17 14:20:29,285,41,28.78525242,0.2186422315,0.9276220052,1.64689094,0.03992554732,-0.1335081451,-0.002164782474,1.219420009,0.216715331,0.8629550106,1.575885007,0.03748542987,-0.08614234252,0.03717374803,1.262772175,0.2241406013,0.8940936944,1.631450656,0.04303838466,0.02152891794,0.1631126042,1.379577234,0.2259651337,1.007897664,1.751256803
72,6,2026-09-27,SfXC2Wt1,2026-09-27,2026-09-21,1.27282449,0.009055288951,-0.2061100136,0.1970547247,Robin Montgomery,22.0454375,2026-09-21 22:20:13,73,6,22.06186494,0.2070266985,0.9322958742,1.613353106,0.07129907941,-0.1082212604,0.1263318383,1.281879779,0.2039369,0.9464334295,1.617326129,0.06932037061,-0.3201318766,-0.09208815058,1.066714477,0.2279436253,0.6917805777,1.441648375,0.07118709618,0.07996237132,0.314147078,1.469879215,0.2235801453,1.102122602,1.837635828
73,-1,2026-09-27,tnW3NSdC,2026-09-27,2026-08-31,1.269123957,0.07055438174,-0.03527719087,-0.03527719087,Liutova K.,,2026-08-31 10:37:47,9,27,,0.2525610518,0.8536979947,1.684549919,0.1569936664,-0.1876772199,0.3287859834,1.339678339,0.1990846634,1.012213208,1.667143469,0.1589352641,-0.2967024364,0.2261480547,1.233846766,0.3368192387,0.6798284196,1.787865112,0.1589352641,-0.2967024364,0.2261480547,1.233846766,0.3368192387,0.6798284196,1.787865112
74,-3,2026-09-27,pA0aW3EL,2026-09-27,2026-08-31,1.262683886,-0.05013483151,0.2136118944,-0.1634770629,Elisabetta Cocciaretto,25.59861152,2026-08-31 16:49:15,209,27,25.67253501,0.2228064299,0.8961999217,1.62916785,0.04512849207,-0.1243645954,0.02409493235,1.212549054,0.2207850529,0.8493899594,1.57570815,0.0403749705,0.1472009778,0.2800228111,1.47629578,0.2281419278,1.101035703,1.851555858,0.05242866582,-0.2497145441,-0.0772395818,1.099206823,0.2335568898,0.7150399257,1.48337372
75,-2,2026-09-27,GlqMuuhi,2026-09-27,2026-09-01,1.251686651,-0.01554334051,-0.02000606577,0.03554940628,Yuliia Starodubtseva,26.55371961,2026-09-01 13:07:35,114,26,26.62490519,0.1995386266,0.9234748175,1.579898485,0.05659781997,-0.10863847,0.07755178894,1.236143311,0.1944018696,0.9163806905,1.555905931,0.05686126954,-0.1135345312,0.07352239967,1.231680585,0.2129871076,0.881347969,1.582013202,0.06248248044,-0.06722512829,0.1383239409,1.287236058,0.2159443752,0.9320391687,1.642432946
76,-1,2026-09-27,MysmW1jf,2026-09-27,2026-03-17,1.239479953,-0.002646977516,0.1568371263,-0.1541901487,Varvara Gracheva,25.62288002,2026-03-17 13:33:15,271,194,26.15403398,0.4153945323,0.5562167502,1.922743156,0.04412771235,-0.07523060523,0.0699366502,1.236832976,0.4131476854,0.5572655069,1.916400445,0.04141029957,0.08872324482,0.2249510077,1.39631708,0.4179396041,0.7088676059,2.083766553,0.05655792869,-0.2472196629,-0.0611606346,1.085289805,0.4232661066,0.389079014,1.781500595
77,2,2026-09-27,QqnrZJm5,2026-09-27,2026-03-16,1.239381389,0.102529729,-0.08363379971,-0.01889592926,Marina Stakusic,21.30001196,2026-03-16 16:04:15,46,195,21.83390383,0.4229286574,0.5437256525,1.935037125,0.08512310793,-0.03748532385,0.2425447818,1.341911118,0.4144605127,0.66018424,2.023637995,0.09834706907,-0.245400333,0.07813273354,1.155747589,0.4396463784,0.4325936488,1.878901529,0.1096395436,-0.1992369303,0.1614450717,1.220485459,0.4477481571,0.4840052791,1.956965639
78,-1,2026-09-27,KGQ2bDHb,2026-09-27,2026-07-18,1.23796709,-0.04738149768,0.08663509534,-0.03925359767,Rebeka Masarova,26.95002496,2026-07-18 07:04:04,142,71,27.14441636,0.2833995954,0.7718162377,1.704117943,0.05272302024,-0.1341031487,0.03934015339,1.190585592,0.2890810531,0.7150895738,1.666081611,0.04833849778,0.007125341952,0.1661448487,1.324602185,0.2856560929,0.854739725,1.794464646,0.05856502798,-0.1355844964,0.05707730102,1.198713492,0.2903875396,0.7210684947,1.67635849
79,-3,2026-09-27,Qw6Rciy8,2026-09-27,2026-08-30,1.237743987,0.09666672957,0.05787929255,-0.1545460221,Hanne Vandewinkel,22.27726398,2026-08-30 14:29:10,15,28,22.35392537,0.2298468762,0.8596795192,1.615808455,0.121544963,-0.1032569436,0.2965904028,1.334410717,0.2231096596,0.9674279839,1.70139345,0.1117656168,-0.1259587876,0.2417173727,1.29562328,0.2798196421,0.8353609266,1.755885633,0.0996917673,-0.3185243871,0.009432342907,1.083197965,0.2600288191,0.6554886188,1.510907311
80,1,2026-09-27,lOEhBzlI,2026-09-27,2026-09-20,1.231901222,0.22949426,-0.007978618917,-0.2215156411,Lanlana Tararudee,22.20698609,2026-09-20 22:26:34,30,7,22.22615144,0.2009245579,0.9014097341,1.56239271,0.09782777341,0.06858189207,0.3904066279,1.461395482,0.1805428549,1.164428912,1.758362052,0.1279051601,-0.2183638854,0.2024066476,1.223922603,0.2692232538,0.7810897576,1.666755448,0.09887429105,-0.3841493773,-0.05888190482,1.010385581,0.227467096,0.636235503,1.384535659
81,-1,2026-09-27,OGYNaUZG,2026-09-27,2026-08-15,1.230188825,-0.1266901527,-0.2442522837,0.3709424364,Tatjana Maria,39.02213832,2026-08-15 13:02:26,242,43,39.13986832,0.22581471,0.8587566801,1.60162097,0.03982021816,-0.192188583,-0.06119172246,1.103498672,0.2250348045,0.7333493577,1.473647986,0.0380306417,-0.3068071226,-0.1816974448,0.9859365411,0.2312251558,0.605605005,1.366268077,0.04548221804,0.2961308451,0.4457540277,1.601131261,0.2323181557,1.2190019,1.983260622
82,1,2026-09-27,vo9FVe2A,2026-09-27,2026-06-29,1.211700397,0.04053959605,0.1995655052,-0.2401051012,Jaqueline Cristian,28.06681967,2026-06-29 04:41:21,215,90,28.3132313,0.3048998411,0.7101847878,1.713216007,0.05015445122,-0.04195713495,0.1230363271,1.252239993,0.3132313592,0.7370202561,1.767459731,0.04394028999,0.1272901598,0.2718408505,1.411265902,0.3091481274,0.9027624838,1.919769321,0.06160596071,-0.3414378891,-0.1387723133,0.971595296,0.3056906978,0.468778843,1.474411749
83,12,2026-09-27,boU2UKtN,2026-09-27,2026-09-21,1.198776599,0.1420328622,-0.03933679715,-0.102696065,Kamilla Rakhimova,25.06571721,2026-09-21 01:33:55,233,6,25.08214466,0.175627652,0.909894819,1.48765838,0.04324740867,0.07089720517,0.2131685192,1.340809462,0.1716847451,1.058413186,1.623205737,0.04206243888,-0.1085233523,0.029849758,1.159439802,0.1827856853,0.8587841048,1.4600955,0.05371495441,-0.1910493026,-0.01434282744,1.096080534,0.1901942203,0.7832388812,1.408922187
84,0,2026-09-27,fJjFPDOb,2026-09-27,2026-09-12,1.149028416,0.06897752148,0.05800839485,-0.1269859163,Caroline Dolehide,28.02110961,2026-09-12 12:00:11,154,15,28.06217822,0.2324069157,0.7667530578,1.531303774,0.05177271768,-0.01618102097,0.1541360639,1.218005938,0.227671139,0.8435202388,1.592491636,0.06123538027,-0.04271484249,0.1587316322,1.207036811,0.2450790004,0.8039177281,1.610155894,0.05915912518,-0.224294018,-0.0296778147,1.0220425,0.2450939567,0.6188988161,1.425186183
85,0,2026-09-27,QoLeDQFG,2026-09-27,2026-06-11,1.147250682,-0.003970314999,-0.2184892783,0.2224595933,Greet Minnen,28.82510193,2026-06-11 03:39:18,192,108,29.12079589,0.3167070467,0.6263139479,1.668187417,0.04723195798,-0.0816599724,0.0737193424,1.143280367,0.3229289597,0.6121094967,1.674451238,0.05031439385,-0.3012490915,-0.1357294651,0.9287614041,0.3218581162,0.3993519142,1.458170894,0.04998987862,0.1402335601,0.3046856264,1.369710276,0.3166949388,0.8487934569,1.890627094
86,0,2026-09-27,vZ8lpjnM,2026-09-27,2026-09-01,1.138382625,-0.025225543,-0.02371601243,0.04894155542,Zeynep Sonmez,24.34200394,2026-09-01 17:37:30,126,26,24.41318952,0.2108241263,0.7916077962,1.485157454,0.06161340516,-0.1265705759,0.07611948996,1.113157082,0.2059515838,0.7743968723,1.451917292,0.06000207972,-0.1224106509,0.07497862602,1.114666613,0.2272287361,0.7409086018,1.488424623,0.05967607247,-0.04921684881,0.1470999597,1.18732418,0.2241632847,0.8186083885,1.556039972
87,-5,2026-09-27,8GwNXON6,2026-09-27,2026-09-21,1.136784018,0.1892696553,-0.2644946509,0.07522499557,Talia Gibson,22.25922456,2026-09-21 00:21:21,63,6,22.275652,0.2006225892,0.8067892241,1.466778811,0.07429475209,0.06706566285,0.3114736477,1.326053673,0.190753273,1.01229246,1.639814886,0.08872195008,-0.4104292723,-0.1185600295,0.8722893668,0.2351090969,0.485569316,1.259009418,0.07588433569,-0.04959362922,0.2000436204,1.212009013,0.2196244485,0.8507589425,1.573259084
88,-1,2026-09-27,8KHYNHRA,2026-09-27,2026-08-12,1.134715472,0.002535875437,0.04589650321,-0.04843237864,Claire Liu,26.21776229,2026-08-12 20:11:06,132,46,26.34370601,0.2484899456,0.7259858833,1.54344506,0.05057866858,-0.08065863103,0.0857303819,1.137251347,0.252950463,0.7211848605,1.553317834,0.04970561714,-0.03586196142,0.1276549678,1.180611975,0.2535752933,0.7635177338,1.597706216,0.05938133816,-0.1461059881,0.04924123081,1.086283093,0.2559538756,0.6652764323,1.507289754
89,-1,2026-09-27,ngVYO2lo,2026-09-27,2026-09-01,1.134533099,0.2501823903,-0.1942025415,-0.0559798489,Janice Tjen,24.32515786,2026-09-01 13:57:19,49,26,24.39634344,0.2097096963,0.7895913445,1.479474854,0.08853943726,0.1045479759,0.3958168048,1.384715489,0.1967774744,1.061045347,1.708385632,0.09295182777,-0.3470946925,-0.04131039041,0.9403305576,0.2445021955,0.5381602345,1.342500881,0.09456571635,-0.2115266104,0.09956691262,1.07855325,0.2425978588,0.6795152823,1.477591218
90,0,2026-09-27,2J180sTE,2026-09-27,2026-08-31,1.133290005,-0.1479776921,0.2389982246,-0.09102053251,Petra Marcinko,20.74092314,2026-08-31 11:11:56,41,27,20.81484663,0.2122382113,0.7841892133,1.482390797,0.0913162577,-0.2981795698,0.002224185557,0.9853123129,0.2123381144,0.6360471953,1.33457743,0.07343671363,0.1182055799,0.3597908694,1.37228823,0.2305235087,0.9931108002,1.751465659,0.08655915312,-0.2333976695,0.05135660445,1.042269472,0.2411031086,0.6456901498,1.438848795
91,-2,2026-09-27,S6JNQ85M,2026-09-27,2026-09-20,1.130853563,0.04964207923,-0.0737809541,0.02413887487,Aliaksandra Sasnovich,32.50140435,2026-09-20 21:27:37,314,7,32.5205697,0.189172949,0.8196917522,1.442015375,0.03805343019,-0.01295024344,0.1122344019,1.180495643,0.1876019235,0.8719179383,1.489073347,0.0348170271,-0.1310498674,-0.01651204079,1.057072609,0.1931449025,0.7393775158,1.374767703,0.04420272408,-0.04856813614,0.09684588589,1.154992438,0.1986805187,0.8281920664,1.48179281
92,-1,2026-09-27,lAVWhl4h,2026-09-27,2026-09-01,1.118907711,0.1490547843,0.07159257368,-0.220647358,Darja Vidmanova,23.64666673,2026-09-01 18:25:27,27,26,23.71785231,0.2072839923,0.7779558843,1.459859537,0.09578546268,-0.008498281417,0.30660785,1.267962495,0.1871608065,0.9601103636,1.575814626,0.1030916853,-0.09797815881,0.2411633062,1.190500284,0.2403362956,0.7951822569,1.585818312,0.1236932834,-0.4241047037,-0.01719001218,0.8982603528,0.2668558349,0.4593215649,1.337199141
93,0,2026-09-27,x0QCtJlk,2026-09-27,2026-08-31,1.104665432,0.08720556782,-0.2626125797,0.1754070118,Viktorija Golubic,33.87498504,2026-08-31 14:01:17,233,27,33.94890853,0.2062071641,0.7654848302,1.443846034,0.04255524302,0.017208422,0.1572027136,1.191871,0.2036153891,0.8569534884,1.526788511,0.04177290584,-0.3313228953,-0.193902264,0.8420528523,0.2143239327,0.4895213542,1.19458435,0.0415669408,0.1070354785,0.2437785452,1.280072444,0.2131993051,0.9293907935,1.630754094
94,2,2026-09-27,xjmgETU6,2026-09-27,2026-08-26,1.073327861,-0.001827746102,0.1647180508,-0.1628903047,Jeline Vandromme,18.77766062,2026-08-26 09:35:35,3,32,18.86527365,0.2640823512,0.6389510479,1.507704674,0.1375312007,-0.2280464403,0.2243909481,1.071500115,0.2748041404,0.619487528,1.523512702,0.1363894164,-0.05962257546,0.389058677,1.238045912,0.3118680056,0.7250686917,1.751023132,0.1335532139,-0.382565793,0.05678518364,0.9104375564,0.302973367,0.4120907148,1.408784398
95,14,2026-09-27,O8s9yjMD,2026-09-27,2026-09-21,1.04211935,-0.008477272612,0.3694476894,-0.3609704168,Anna Bondar,29.32292932,2026-09-21 23:31:13,199,6,29.33935676,0.1767226907,0.7514363918,1.332802309,0.05017204316,-0.09100293977,0.07404839455,1.033642078,0.1724012629,0.7500672353,1.31721692,0.04165625949,0.3009292399,0.4379661389,1.41156704,0.1806591511,1.11440918,1.7087249,0.06466244773,-0.4673306784,-0.2546101551,0.6811489337,0.1994154303,0.3531397399,1.009158128
96,1,2026-09-27,AqLslEIk,2026-09-27,2026-09-20,1.039842975,0.2335674791,-0.1947375951,-0.03882988398,Maya Joint,20.43286902,2026-09-20 22:51:07,99,7,20.45203437,0.1888391337,0.7292302408,1.350455709,0.06975025598,0.1188385175,0.3482964406,1.273410454,0.1777748443,0.9809968564,1.565824051,0.07338886927,-0.3154515429,-0.07402364728,0.8451053798,0.2140309605,0.4930557782,1.197154981,0.07246584619,-0.1580255939,0.08036582595,1.001013091,0.2122965642,0.6518163173,1.350209864
97,21,2026-09-27,hfB76jCN,2026-09-27,2026-09-19,1.014996852,0.06943661594,-0.03471830797,-0.03471830797,Alexandra Shubladze,21.03773222,2026-09-19 20:58:26,4,8,21.05963548,0.2589553042,0.5890532804,1.440940423,0.1570618581,-0.1889071511,0.327780383,1.084433468,0.2103812196,0.7383871556,1.43047978,0.1589521065,-0.2961712569,0.2267346409,0.9802785438,0.3406708549,0.4199248525,1.540632235,0.1589521065,-0.2961712569,0.2267346409,0.9802785438,0.3406708549,0.4199248525,1.540632235
98,2,2026-09-27,rkOojWt6,2026-09-27,2026-08-15,1.0122431,0.03390010598,0.1424315144,-0.1763316204,Kayla Day,26.88209394,2026-08-15 11:35:48,53,43,26.99982394,0.2317242069,0.6310906978,1.393395502,0.0716329726,-0.0839256488,0.1517258608,1.046143206,0.2269050035,0.6729176879,1.419368724,0.07580942049,0.0177361142,0.2671269147,1.154674614,0.2494071209,0.744436407,1.564912822,0.08966548558,-0.3238182196,-0.02884502126,0.8359114795,0.2575204495,0.4123280341,1.259494925
99,2,2026-09-27,6oA7gaee,2026-09-27,2026-08-31,1.009604367,-0.1274817806,0.2812445534,-0.1537627728,Sinja Kraus,24.34103455,2026-08-31 09:07:39,54,27,24.41495804,0.2114934985,0.6617285193,1.357480216,0.07293008952,-0.2474411029,-0.007522458361,0.8821225869,0.209581741,0.5373913,1.226853874,0.06558168923,0.173372274,0.3891168328,1.290848921,0.2227673276,0.924429274,1.657268568,0.08787377628,-0.2983022724,-0.009223273132,0.8558415947,0.2407909214,0.4597757744,1.251907415
100,2,2026-09-27,K6fgsbWR,2026-09-27,2026-09-01,1.001840541,0.1699023462,-0.1413301034,-0.0285722428,Mary Stoiana,23.32653566,2026-09-01 20:12:46,17,26,23.39772124,0.221061008,0.6382275403,1.365453542,0.1121041587,-0.01449258588,0.3542972783,1.171742887,0.1945542796,0.8517295749,1.4917562,0.1124616026,-0.3263129784,0.04365277157,0.8605104377,0.2449198329,0.4576531622,1.263367713,0.1589231357,-0.289977539,0.2328330534,0.9732682983,0.3150211628,0.455104596,1.491432001
101,2,2026-09-27,h84ZLkgi,2026-09-27,2026-06-15,0.9932119539,0.02136008126,-0.02522052117,0.003860439903,Mia Pohankova,17.64947058,2026-06-15 08:04:56,8,104,17.93421291,0.3386971794,0.4361046699,1.550319238,0.1333493976,-0.1979801591,0.2407003216,1.014572035,0.3735208328,0.4001849386,1.628959132,0.1589433629,-0.2866590882,0.2362180458,0.9679914328,0.4062462398,0.2997758319,1.636207034,0.1327797156,-0.2145427569,0.2222636367,0.9970723938,0.3166528471,0.4762248098,1.517919978
102,3,2026-09-27,fg39SFtR,2026-09-27,2026-05-20,0.98520906,-0.08186642179,0.0850955473,-0.003229125506,Lisa Pigato,22.91397978,2026-05-20 03:49:20,13,130,23.26990769,0.3890001187,0.3453608039,1.625057316,0.1374344043,-0.3079259001,0.1441930565,0.9033426382,0.4270001535,0.200989887,1.605695389,0.1361171835,-0.1387972956,0.3089883902,1.070304607,0.3644862604,0.47077806,1.669831155,0.1589311891,-0.2646476683,0.2581894172,0.9819799345,0.4488419966,0.2437005485,1.72025932
103,4,2026-09-27,CWtkHlUE,2026-09-27,2026-08-30,0.9684260578,-0.01096328542,0.0002267023285,0.01073658309,Dayana Yastremska,26.29367935,2026-08-30 13:39:37,278,28,26.37034074,0.212000949,0.6197155279,1.317136588,0.03794429345,-0.07337609413,0.05144952328,0.9574627723,0.211661061,0.6093113085,1.305614236,0.03501094164,-0.05736117201,0.05781457666,0.9686527601,0.2167172195,0.6121846557,1.325120865,0.04400520866,-0.06164554398,0.08311871017,0.9791626409,0.21833104,0.6200400378,1.338285244
104,4,2026-09-27,MewU5OwE,2026-09-27,2026-06-15,0.9682478204,0.1592110245,-0.1590389987,-0.0001720258638,Lulu Sun,25.16992737,2026-06-15 03:03:10,90,104,25.4546697,0.3264109094,0.4313496523,1.505145989,0.06312843137,0.05537399523,0.2630480538,1.127458845,0.3363405322,0.5742279007,1.680689789,0.06932324202,-0.2730655847,-0.0450124126,0.8092088218,0.3296417488,0.2669963956,1.351421248,0.0711464111,-0.1171974582,0.1168534065,0.9680757946,0.3342100113,0.4183492453,1.517802344
105,5,2026-09-27,E5xrmfn5,2026-09-27,2026-08-30,0.9650555611,-0.02244099863,0.1692610873,-0.1468200886,Solana Sierra,22.20362835,2026-08-30 17:00:34,49,28,22.28028974,0.2225758074,0.598950937,1.331160185,0.07322446034,-0.1428845178,0.09800252054,0.9426145625,0.2190581977,0.5822958914,1.302933234,0.07739031978,0.04196533909,0.2965568354,1.134316648,0.2463316386,0.7291371592,1.539496138,0.07494800077,-0.2700985795,-0.02354159773,0.8182354725,0.2385843373,0.4257991599,1.210671785
106,6,2026-09-27,Em3nvKqP,2026-09-27,2026-08-31,0.9523592196,0.02972325299,0.0606035223,-0.09032677529,Maria Timofeeva,22.78621918,2026-08-31 11:53:45,70,27,22.86014267,0.2017968121,0.6204330013,1.284285438,0.06511099844,-0.07737480894,0.1368213149,0.9820824726,0.1954524449,0.6605918098,1.303573135,0.06174767309,-0.04096236173,0.1621694063,1.012962742,0.2140734791,0.6608432035,1.36508228,0.08103645086,-0.2236198754,0.04296632482,0.8620324444,0.2296864626,0.4842318333,1.239833055
107,4,2026-09-27,f1PZMn7P,2026-09-27,2026-08-31,0.9500073704,-0.03322680117,-0.09782565812,0.1310524593,Anna Blinkova,27.97456123,2026-08-31 11:58:06,284,27,28.04848472,0.205826763,0.6114524729,1.288562268,0.03931283455,-0.09789065966,0.03143705732,0.9167805693,0.203799817,0.5815597011,1.252001437,0.03712189686,-0.1588857448,-0.03676557143,0.8521817123,0.2112842316,0.5046500776,1.199713347,0.04318133875,0.06002547762,0.202079441,1.08105983,0.2137913452,0.7294043601,1.432715299
108,7,2026-09-27,KECg1Jfi,2026-09-27,2026-08-26,0.9387465157,0.1217308209,-0.01831463376,-0.1034161871,Tyra Caterina Grant,18.4578124,2026-08-26 13:51:40,15,32,18.54542543,0.2482273142,0.5304489176,1.347044114,0.1156689664,-0.06852769795,0.3119893397,1.060477337,0.2661243269,0.6227417723,1.498212901,0.1062819004,-0.1931328031,0.1565035356,0.9204318819,0.2805500925,0.4589680447,1.381895719,0.1157783386,-0.2938546073,0.08702223303,0.8353303286,0.2709237209,0.3897004636,1.280960194
109,-3,2026-09-27,nBSQPTfR,2026-09-27,2026-09-22,0.9250784906,-0.03183361667,0.05721582833,-0.02538221167,Alina Charaeva,24.32415067,2026-09-22 05:07:35,29,5,24.3378402,0.1940032324,0.6059715702,1.244185411,0.09408748873,-0.1865937638,0.1229265304,0.8932448739,0.1883590378,0.5834218275,1.20306792,0.08126613258,-0.07645506458,0.1908867213,0.9822943189,0.2112049082,0.6348931597,1.329695478,0.1051456424,-0.1983314029,0.1475669796,0.8996962789,0.2435926274,0.4990220622,1.300370496
110,-11,2026-09-27,v93ljkqM,2026-09-27,2026-09-21,0.9186739741,0.1137366347,-0.05898934088,-0.05474729383,Eva Lys,24.69287354,2026-09-21 21:17:05,124,6,24.70930098,0.1882550291,0.6090220067,1.228325942,0.05673014891,0.02042384353,0.2070494259,1.032410609,0.1841279941,0.72954701,1.335274208,0.0517815432,-0.1441624,0.02618371826,0.8596846333,0.199645785,0.5312965397,1.188072727,0.06318332143,-0.1586746092,0.04918002158,0.8639266803,0.2060341729,0.5250306237,1.202822737
111,3,2026-09-27,AFSnl5ye,2026-09-27,2026-09-20,0.9173880448,0.1319091118,0.005988640604,-0.1378977524,Mananchaya Sawangkaew,24.20024599,2026-09-20 23:00:01,31,7,24.21941134,0.2047405597,0.5806197926,1.254156297,0.1172656433,-0.06097570694,0.3247939306,1.049297157,0.1766357674,0.7587571739,1.339837139,0.158977637,-0.2555063022,0.2674835834,0.9233766854,0.3037583358,0.4237386851,1.423014686,0.1182338453,-0.3323751216,0.05657961678,0.7794902924,0.2351406639,0.3927183185,1.166262266
112,12,2026-09-27,IJAxNUl3,2026-09-27,2026-09-22,0.9160690819,0.1000099758,-0.1364251488,0.03641517297,Sofia Kenin,27.8560507,2026-09-22 05:07:35,275,5,27.86974024,0.1790335021,0.6215851767,1.210552987,0.04194920625,0.03100967176,0.1690102799,1.016079058,0.1759230844,0.7267113343,1.305446781,0.04124001174,-0.2042589317,-0.06859136589,0.7796439331,0.1869728991,0.472100882,1.087186984,0.04686433979,-0.04066980631,0.1135001522,0.9524842549,0.1894938754,0.6407945667,1.264173943
113,-21,2026-09-27,vXvzyRlq,2026-09-27,2026-09-21,0.9125412172,-0.02645567895,-0.002551860119,0.02900753907,Magda Linette,34.60769624,2026-09-21 04:50:09,320,6,34.62412368,0.1869352526,0.6050600889,1.220022345,0.03761159136,-0.08832124141,0.03540988351,0.8860855382,0.1849357026,0.581893377,1.190277699,0.03585287831,-0.06152459704,0.05642087681,0.9099893571,0.1924668466,0.5934095664,1.226569148,0.0408259189,-0.03814512171,0.09616019985,0.9415487563,0.1948242316,0.6210914123,1.2620061
114,-10,2026-09-27,S4ljFw3g,2026-09-27,2026-09-22,0.910962535,0.1610148755,-0.2811643852,0.1201495097,Kimberly Birrell,28.40051225,2026-09-22 01:46:42,167,5,28.41420179,0.1841855558,0.6080042555,1.213920815,0.05412846751,0.07198146939,0.2500482816,1.071977411,0.1789244194,0.7776729303,1.366281891,0.06802998171,-0.3930637474,-0.169265023,0.6297981498,0.2068037439,0.2896362617,0.969960038,0.05729114886,0.02591395571,0.2143850637,1.031112045,0.1945031253,0.7111828736,1.351041216
115,2,2026-09-27,ENEisyu4,2026-09-27,2026-08-27,0.9078675657,-0.02236575575,0.03779015435,-0.0154243986,Julieta Pareja,17.52132912,2026-08-27 12:49:02,17,31,17.60620424,0.2396994108,0.5135971206,1.302138011,0.1115876919,-0.2059111755,0.161179664,0.88550181,0.2164073587,0.5295433811,1.241460239,0.1114293821,-0.1454948689,0.2210751776,0.9456577201,0.2602095222,0.5176511438,1.373664296,0.1589264373,-0.2768351254,0.2459863282,0.8924431672,0.3285608237,0.3520087046,1.43287763
116,0,2026-09-27,21U8Dqna,2026-09-27,2026-09-02,0.9025003545,-0.02566637765,0.1581130428,-0.1324466651,Sloane Stephens,33.45586846,2026-09-02 12:07:15,222,25,33.52431613,0.1961843085,0.5798058831,1.225194826,0.04282057543,-0.09609995646,0.04476720116,0.8768339768,0.1920956685,0.5608647198,1.192803234,0.04218289599,0.08872835332,0.2274977323,1.060613397,0.2013009471,0.7295028043,1.39172399,0.0560440006,-0.2246308428,-0.04026248749,0.7700536893,0.2116505609,0.4219194965,1.118187882
117,-23,2026-09-27,WUQY7p9b,2026-09-27,2026-09-21,0.8968760787,-0.06061995145,0.07042611691,-0.009806165463,Rebecca Sramkova,29.92278323,2026-09-21 01:43:54,130,6,29.93921067,0.1980606255,0.5710953406,1.222656817,0.06077493438,-0.1605858227,0.03934591979,0.8362561273,0.1898354345,0.5240046243,1.14850763,0.05998976788,-0.02824827036,0.1691005042,0.9673021956,0.2075547409,0.6259050273,1.308699364,0.08097485393,-0.1429979476,0.1233856167,0.8870699133,0.2289472937,0.5104851269,1.2636547
118,2,2026-09-27,dGbzUtWd,2026-09-27,2026-08-25,0.8944115991,-0.07832288766,-0.002738059821,0.08106094748,Dalma Galfi,28.03545583,2026-08-25 17:45:34,126,33,28.12580676,0.2465359194,0.4888960979,1.2999271,0.05144925977,-0.1629493892,0.006303613875,0.8160887114,0.2488465692,0.4067725295,1.225404893,0.04918476447,-0.08363979805,0.07816367841,0.8916735392,0.2497567748,0.4808602023,1.302486876,0.05932333602,-0.01651725694,0.1786391519,0.9754725465,0.2581128486,0.5509146913,1.400030402
119,0,2026-09-27,4Qyc8N2g,2026-09-27,2026-01-07,0.8934102666,0.09489696614,-0.1812763108,0.08637934471,Olivia Gadecki,23.70763041,2026-01-07 00:49:15,65,263,24.42769996,0.4758053944,0.1107800379,1.676040495,0.07057289759,-0.02118512042,0.2109790527,0.9883072328,0.4714484316,0.2128435701,1.763770895,0.07045986386,-0.2971724735,-0.06538014822,0.7121339558,0.4854785825,-0.0864072515,1.510675163,0.07314061948,-0.03392626853,0.2066849579,0.9797896113,0.486326967,0.1798529358,1.779726287
120,1,2026-09-27,KYHXSqUN,2026-09-27,2026-08-31,0.8927028967,0.02140080342,0.2177845329,-0.2391853363,Lois Boisson,23.29534497,2026-08-31 10:48:03,34,27,23.36926846,0.2184995767,0.5333030754,1.252102718,0.09116016453,-0.1285443238,0.1713459307,0.9141037001,0.2066620963,0.5741748014,1.254032599,0.09176399778,0.06684618832,0.3687228774,1.11048743,0.2451473424,0.7072559342,1.513718925,0.110637646,-0.4211680697,-0.05720260293,0.6535175604,0.263422188,0.220226619,1.086808502
121,2,2026-09-27,ALs3vJ11,2026-09-27,2026-08-31,0.8791762555,-0.05048113954,0.1437417199,-0.09326058036,Simona Waltert,25.71605486,2026-08-31 14:18:29,66,27,25.78997835,0.219084151,0.5188148951,1.239537616,0.07555307553,-0.1747548899,0.07379261077,0.828695116,0.2185358297,0.4692356639,1.188154568,0.06457805374,0.03752027399,0.2499631658,1.022917975,0.228023068,0.647853405,1.397982546,0.08845201058,-0.2387511908,0.05223003005,0.7859156752,0.248884547,0.3765370253,1.195294325
122,3,2026-09-27,by64sxjr,2026-09-27,2026-08-25,0.8694360376,0.009070908475,0.02150399332,-0.03057490179,Elizara Yaneva,19.4320306,2026-08-25 09:40:57,2,33,19.52238153,0.2855747111,0.3997074383,1.339164637,0.1429374167,-0.2260402198,0.2441820368,0.8785069461,0.2819278151,0.4147769569,1.342236935,0.1423647431,-0.2126651707,0.2556731573,0.8909400309,0.3158415528,0.3714269073,1.410453155,0.1589469263,-0.2920193301,0.2308695265,0.8388611358,0.3624672648,0.2426555407,1.435066731
123,3,2026-09-27,OY0ZExo5,2026-09-27,2026-08-30,0.8663542646,0.168074451,-0.2242898324,0.05621538143,Shuai Zhang,37.60648088,2026-08-30 11:38:32,257,28,37.68314228,0.201403619,0.5350747913,1.197633738,0.04002851228,0.1022334074,0.2339154946,1.034428716,0.1988944115,0.7072765214,1.36158091,0.03831410978,-0.2873109348,-0.16126873,0.6420644322,0.2078784173,0.3001348635,0.9839940008,0.04241804982,-0.01355610167,0.1259868645,0.922569646,0.2092543278,0.5783769059,1.266762386
124,3,2026-09-27,ruSbIQqA,2026-09-27,2026-05-20,0.8536526426,-0.03164738448,0.06329476897,-0.03164738448,Luisina Giovannini,19.53022729,2026-05-20 06:27:25,2,130,19.8861552,0.4272129189,0.1509499235,1.556355362,0.158973857,-0.2931361097,0.2298413407,0.8220052581,0.4800831688,0.03233871671,1.611671799,0.1571498884,-0.1951937949,0.3217833329,0.9169474115,0.4022616041,0.2552859531,1.57860887,0.158973857,-0.2931361097,0.2298413407,0.8220052581,0.4800831688,0.03233871671,1.611671799
125,-3,2026-09-27,2u6bse60,2026-09-27,2026-08-30,0.8533691741,0.1247950268,-0.03650099043,-0.08829403634,Lee C. Y.,,2026-08-30 16:43:57,10,28,,0.2427612084,0.45406252,1.252675828,0.1195744071,-0.07188737039,0.3214774239,0.9781642009,0.2202534716,0.6158794793,1.340448923,0.1276478541,-0.2464630262,0.1734610454,0.8168681837,0.2963670861,0.3293877073,1.30434866,0.127264699,-0.2976258381,0.1210377654,0.7650751378,0.2953680562,0.2792379194,1.250912356
126,50,2026-09-27,WfnqI5WD,2026-09-27,2026-09-21,0.8498695677,-0.08086774113,0.2079327865,-0.1270650453,Fiona Ferro,29.52836766,2026-09-21 00:21:21,142,6,29.54479511,0.238680669,0.4572748036,1.242464332,0.05792460407,-0.1761452362,0.01440975397,0.7690018266,0.2383777437,0.3769053303,1.161098323,0.04629435926,0.1317853417,0.2840802312,1.057802354,0.2408059827,0.6617117601,1.453892948,0.06661181395,-0.2366317291,-0.01749836156,0.7228045224,0.2569620138,0.300139622,1.145469423
127,6,2026-09-27,v7vDWRvO,2026-09-27,2026-09-02,0.8454669832,-0.02542484332,0.1354159687,-0.1099911254,Oksana Selekhmeteva,23.63803472,2026-09-02 14:45:27,62,25,23.70648239,0.2068330076,0.5052569606,1.185677006,0.06888377369,-0.1387285683,0.08787888167,0.8200421399,0.2039876209,0.4845123618,1.155571918,0.0695037096,0.02109253991,0.2497393976,0.980882952,0.2211480277,0.6171268165,1.344639087,0.09691727502,-0.2694058567,0.04942360592,0.7354758578,0.2383085763,0.3434931318,1.127458584
128,19,2026-09-27,pQGynuhR,2026-09-27,2026-09-22,0.840433543,0.1923556703,-0.09546215204,-0.09689351825,Anastasia Zakharova,24.67699117,2026-09-22 02:03:46,118,5,24.69068071,0.1963779883,0.5174204968,1.163446589,0.05488385794,0.1020797575,0.2826315831,1.032789213,0.1931544883,0.7150783527,1.350500074,0.06221366761,-0.1977945289,0.006870224775,0.744971391,0.2108296948,0.3981874028,1.091755379,0.07201758074,-0.2153518971,0.02156486063,0.7435400248,0.2144864483,0.3907412124,1.096338837
129,-1,2026-09-27,l84wBUxE,2026-09-27,2026-08-01,0.839789666,0.3237060935,-0.2846449622,-0.03906113131,Lin Zhu,32.50837007,2026-08-01 10:31:14,175,57,32.66443077,0.2747654822,0.3878406661,1.291738666,0.05375390123,0.2352887941,0.4121233929,1.16349576,0.2772342351,0.7074860224,1.619505497,0.06236929333,-0.3872333205,-0.1820566038,0.5551447038,0.2885087728,0.08059000254,1.029699405,0.05563697588,-0.1305758129,0.05245355026,0.8007285347,0.2761647356,0.3464779677,1.254979102
130,2,2026-09-27,tG1BWV4b,2026-09-27,2026-08-28,0.8383070941,0.05345682547,-0.02672841274,-0.02672841274,Vendula Valdmannova,18.71787437,2026-08-28 13:31:03,6,30,18.80001158,0.2701235493,0.3939933943,1.282620794,0.1570273552,-0.2048301892,0.3117438401,0.8917639196,0.2205395426,0.529008653,1.254519186,0.158943584,-0.2881673434,0.234710518,0.8115786814,0.350318585,0.2353558863,1.387801476,0.158943584,-0.2881673434,0.234710518,0.8115786814,0.350318585,0.2353558863,1.387801476
131,-2,2026-09-27,xSJxJs6E,2026-09-27,2026-06-13,0.8372593937,-0.1462557551,0.1604361508,-0.01418039569,Kaja Juvan,25.54810569,2026-06-13 06:05:45,155,106,25.83832383,0.3333827889,0.2888935042,1.385625283,0.05086279039,-0.2299176003,-0.06259390984,0.6910036386,0.3388755148,0.133603019,1.248404258,0.04460661732,0.08706479448,0.2338075071,0.9976955445,0.3363697225,0.4444165864,1.550974503,0.05556878032,-0.1055829055,0.07722211417,0.823078998,0.3363267907,0.2698706565,1.37628734
132,-1,2026-09-27,fkFeyKHL,2026-09-27,2026-08-31,0.8360838503,0.03644863689,-0.0308035227,-0.005645114187,Cristina Bucsa,28.66431419,2026-08-31 10:13:07,224,27,28.73823768,0.1993025018,0.5082604074,1.163907293,0.04481932395,-0.03727259066,0.1101698644,0.8725324872,0.1951176876,0.5515924511,1.193472523,0.04144034201,-0.09896681957,0.03735977416,0.8052803276,0.2052038011,0.4677501111,1.142810544,0.05253572526,-0.09205869243,0.08076846406,0.8304387361,0.2132393628,0.4796911969,1.181186275
133,2,2026-09-27,8MpH36Na,2026-09-27,2026-09-20,0.8352809413,-0.03661816437,0.04123505296,-0.004616888591,Elvina Kalieva,23.15417509,2026-09-20 21:19:52,51,7,23.17334044,0.1985593148,0.5086799322,1.16188195,0.09707248937,-0.1962882006,0.1230518718,0.7986627769,0.1746142967,0.5114478177,1.085877736,0.09757976919,-0.1192693843,0.2017394902,0.8765159943,0.2053143467,0.5388039464,1.214228042,0.1589483161,-0.2660636028,0.2568298256,0.8306640527,0.2997377481,0.3376393305,1.323688775
134,7,2026-09-27,67YcQ3Y6,2026-09-27,2026-09-22,0.8299215915,0.1793536534,-0.1633775774,-0.01597607598,Tatiana Prozorova,22.95208964,2026-09-22 01:53:11,30,5,22.96577917,0.2259855917,0.4582083714,1.201634812,0.1172251658,-0.01346458583,0.3721718926,1.009275245,0.1981034399,0.6834240832,1.335126407,0.1163202296,-0.354707329,0.02795217423,0.6665440141,0.2544629384,0.247989727,1.085098301,0.1589312545,-0.2773947264,0.2454425744,0.8139455155,0.3189723844,0.2892826322,1.338608399
135,-5,2026-09-27,UD6yIDJ1,2026-09-27,2026-08-26,0.8243555572,-0.03057032669,0.02814669945,0.002423627234,Dominika Salkova,22.16184836,2026-08-26 10:46:25,41,32,22.24946139,0.2349710823,0.4378625203,1.210848594,0.1024155529,-0.1990289203,0.1378882669,0.7937852305,0.2166817609,0.4373754502,1.150195011,0.1030526045,-0.1413597508,0.1976531497,0.8525022567,0.2437790652,0.4515213771,1.253483136,0.1589598013,-0.2590419784,0.2638892329,0.8267791844,0.3250107899,0.2921840079,1.361374361
136,-38,2026-09-27,8O9jYpK8,2026-09-27,2026-09-21,0.8094511285,0.04869732678,-0.01080459636,-0.03789273041,Polina Kudermetova,23.2997672,2026-09-21 01:33:55,97,6,23.31619464,0.1955903713,0.4877335969,1.13116866,0.06364826113,-0.05599474639,0.1533893999,0.8581484553,0.1888862546,0.5474582143,1.168838696,0.05886584729,-0.1076302988,0.08602110605,0.7986465322,0.2096967728,0.4537260348,1.14356703,0.0689536729,-0.1513114294,0.07552596854,0.7715583981,0.2176853796,0.413497812,1.129618984
137,-1,2026-09-27,Mep3VSso,2026-09-27,2026-08-25,0.8063007914,-0.112825008,0.1865856159,-0.07376060785,Teodora Kostovic,19.16127882,2026-08-25 12:19:16,14,33,19.25162975,0.2512187796,0.3930826706,1.219518912,0.1021037266,-0.280770693,0.05512067693,0.6934757834,0.2623953533,0.2618738349,1.125077732,0.09849460441,0.02457640859,0.3485948232,0.9928864073,0.2768108963,0.5375730005,1.448199814,0.118527212,-0.2687205223,0.1211993067,0.7325401836,0.2793422453,0.2730630783,1.192017289
138,-1,2026-09-27,4SqBlqOQ,2026-09-27,2026-01-02,0.8038339685,0.0005357998831,-0.02860464001,0.02806884013,Anastasija Sevastova,35.7262633,2026-01-02 17:59:36,117,268,36.46002237,0.4983774143,-0.01592392895,1.623591866,0.05582220566,-0.09128355755,0.09235515732,0.8043697684,0.495473883,-0.0106122451,1.619351782,0.04989032984,-0.11066693,0.05345764997,0.7752293285,0.5025381101,-0.05137230456,1.601830962,0.06174749227,-0.07349674648,0.1296344267,0.8319028086,0.5064771829,-0.001178022647,1.66498364
139,1,2026-09-27,E5pWnRLG,2026-09-27,2026-08-26,0.8020993999,0.04919319679,-0.05590477532,0.006711578527,Linda Klimovicova,22.18912295,2026-08-26 09:51:28,6,32,22.27673598,0.2944375579,0.3177927148,1.286406085,0.1359772607,-0.1744694936,0.2728558872,0.8512925967,0.2819222675,0.3875717324,1.315013461,0.1373516401,-0.2818281187,0.1700185681,0.7461946246,0.3259124289,0.2101163838,1.282272865,0.1589731132,-0.2547759232,0.2681990803,0.8088109784,0.3701473889,0.1999727033,1.417649253
140,-2,2026-09-27,2LhiB9IJ,2026-09-27,2026-05-04,0.7977151667,0.1028435234,-0.04115346648,-0.06169005689,Anastasia Pavlyuchenkova,34.83819084,2026-05-04 09:18:36,211,146,35.23792526,0.3685788605,0.1914568912,1.403973442,0.04698696533,0.02555684304,0.1801302037,0.90055869,0.3716253158,0.2892894414,1.511827939,0.04886174444,-0.121523884,0.03921695107,0.7565617002,0.3667579115,0.1532986193,1.359824781,0.06006139319,-0.1604822573,0.03710214353,0.7360251098,0.3783345135,0.113720213,1.358330007
141,-7,2026-09-27,OU6w8nNa,2026-09-27,2026-09-02,0.7969648574,-0.01450335262,0.2057144546,-0.1912111019,Francesca Jones,25.95431409,2026-09-02 14:50:44,62,25,26.02276177,0.2086323538,0.4537951736,1.140134541,0.07267705908,-0.1340464768,0.1050397716,0.7824615047,0.2049123559,0.445410673,1.119512336,0.071605206,0.08793437177,0.3234945374,1.002679312,0.2307851973,0.6230714431,1.382287181,0.07066556681,-0.3074456158,-0.07497658808,0.6057537554,0.2252429333,0.2352620996,0.9762454113
142,-3,2026-09-27,ttsu68nH,2026-09-27,2026-06-30,0.7960422825,0.1237679329,-0.1754437376,0.05167580462,Serena Williams,44.76089389,2026-06-30 13:56:20,74,89,45.00456761,0.3788010476,0.1729700054,1.41911456,0.07371489946,0.002517713198,0.2450181527,0.9198102155,0.3916677634,0.2755740743,1.564046357,0.08482099407,-0.3149618573,-0.03592561783,0.620598545,0.3992624007,-0.03612966287,1.277326753,0.08501478841,-0.08816107843,0.1915126877,0.8477180872,0.3708269155,0.2377620902,1.457674084
143,-1,2026-09-27,bigXsmFf,2026-09-27,2026-07-25,0.7771623143,-0.08560429562,0.1962039403,-0.1105996447,Elina Avanesyan,23.85362877,2026-07-25 08:36:58,136,64,24.02885481,0.2568066888,0.3547529008,1.199571728,0.05927704918,-0.183106365,0.01189777372,0.6915580187,0.2655248707,0.2548084721,1.128307565,0.04730649324,0.1183916833,0.2740161973,0.9733662546,0.2528444457,0.557474151,1.389258358,0.06694317439,-0.2207113678,-0.0004879214686,0.6665626697,0.2713822341,0.2201786176,1.112946722
144,0,2026-09-27,2yj9GWan,2026-09-27,2026-09-21,0.7711792319,0.1156813494,-0.1426312178,0.02694986836,Yue Yuan,27.98982858,2026-09-21 01:47:57,161,6,28.00625602,0.2050820721,0.4338492418,1.108509222,0.05350300104,0.02767674411,0.2036859547,0.8868605813,0.2009923169,0.5562576398,1.217463523,0.05698618392,-0.2363651491,-0.04889728649,0.6285480141,0.2176827784,0.2704917066,0.9866043217,0.06049939603,-0.07256278262,0.1264625193,0.7981291003,0.2194594237,0.4371504713,1.159107729
145,-2,2026-09-27,2ozhvVx0,2026-09-27,2026-07-20,0.7692517932,-0.01159654536,0.0404328496,-0.02883630424,Alisa Oktiabreva,17.98295152,2026-07-20 03:18:58,2,69,18.17186711,0.3602962747,0.176617159,1.361886428,0.1492666986,-0.257118416,0.2339253253,0.7576552479,0.3497808737,0.1823169091,1.332993587,0.1494531531,-0.2053957114,0.2862614106,0.8096846428,0.3976476448,0.155612472,1.463756814,0.1589829972,-0.2903400638,0.2326674553,0.740415489,0.4229211432,0.0447721126,1.436058865
146,-1,2026-09-27,K25VJT7h,2026-09-27,2026-09-20,0.7671684455,0.09082372661,0.1765322879,-0.2673560145,Moyuka Uchijima,25.11190542,2026-09-20 22:26:34,120,7,25.13107077,0.1933837345,0.4490805084,1.085256382,0.06273371009,-0.01236404396,0.1940114972,0.8579921721,0.1864566355,0.5512982989,1.164686045,0.06082739201,0.0764801315,0.2765844442,0.9437007333,0.2019899679,0.6114568019,1.275944665,0.08201626929,-0.4022607725,-0.1324512565,0.499812431,0.2258050943,0.1283961026,0.8712287593
147,1,2026-09-27,WQ5OxBkB,2026-09-27,2026-08-25,0.7654929087,-0.05714363293,0.07616050421,-0.01901687128,Laura Samson,18.46017553,2026-08-25 10:34:33,13,33,18.55052646,0.26142002,0.3354952406,1.195490577,0.117009702,-0.2496074657,0.1353201998,0.7083492757,0.2473146712,0.3015528419,1.11514571,0.1163415996,-0.1152043978,0.2675254063,0.8416534129,0.2782781325,0.3839266174,1.299380208,0.1589278753,-0.2804299634,0.2423962209,0.7464760374,0.344822741,0.1792931013,1.313658974
148,-2,2026-09-27,vwIzxgEI,2026-09-27,2026-06-30,0.7555897438,-0.03621414809,0.2822524937,-0.2460383456,Irina-Camelia Begu,35.8451905,2026-06-30 04:29:16,189,89,36.08886422,0.2976476541,0.2660029203,1.245176567,0.04947413258,-0.1175918545,0.04516355832,0.7193755957,0.3073828754,0.2137757583,1.224975433,0.04037060244,0.2158487618,0.3486562255,1.037842237,0.302696948,0.5399500646,1.53573441,0.05953846374,-0.3439704036,-0.1481062875,0.5095513982,0.2954572857,0.02356741032,0.9955353861
149,18,2026-09-27,Uwhd6a1e,2026-09-27,2026-09-21,0.7484726016,0.128786495,-0.219432674,0.09064617894,Alycia Parks,25.7253435,2026-09-21 23:43:50,187,6,25.74177094,0.1773176817,0.4568109698,1.040134233,0.04632179634,0.05259392032,0.2049790698,0.8772590967,0.1732479834,0.5922915228,1.162226671,0.04837804135,-0.2990074708,-0.1398578772,0.5290399276,0.1859164044,0.2232346555,0.8348451997,0.05826346752,-0.005188696923,0.1864810548,0.8391187806,0.1939734076,0.5200609176,1.158176644
150,-1,2026-09-27,MuT7l0nb,2026-09-27,2026-08-31,0.7420998411,0.1030891197,-0.1678532902,0.06476417046,Antonia Ruzic,23.61353967,2026-08-31 16:02:18,79,27,23.68746316,0.2112732051,0.3945863433,1.089613339,0.07353718388,-0.01786878391,0.2240470233,0.8451889608,0.2037649505,0.5100254429,1.180352479,0.07732533526,-0.2950421483,-0.04066443202,0.5742465509,0.2367432446,0.1848385664,0.9636545354,0.07578316952,-0.05988805079,0.1894163917,0.8068640115,0.2312392622,0.4265092723,1.187218751
151,-1,2026-09-27,xEGb8F4p,2026-09-27,2026-09-12,0.7238769193,-0.1335205503,0.2419455852,-0.1084250349,Sara Sorribes Tormo,29.92945982,2026-09-12 12:15:27,226,15,29.97052843,0.2581369558,0.2992794112,1.148474427,0.04368793512,-0.2053808089,-0.0616602918,0.590356369,0.2625068605,0.1585710073,1.022141731,0.03712040043,0.18088796,0.3030032105,0.9658225045,0.2589044528,0.5399625762,1.391682433,0.05120770923,-0.1926542212,-0.02419584864,0.6154518844,0.2643321503,0.1806641883,1.05023958
152,1,2026-09-27,h6Lq4OGA,2026-09-27,2026-09-27,0.7217148209,0.03381966186,-0.3919157236,0.3580960617,Harriet Dart,30.1687207,2026-09-27 21:34:31,190,0,30.1687207,0.1892666101,0.4103989508,1.033030691,0.04574745434,-0.04142820434,0.1090675281,0.7555344828,0.1863411419,0.4490305796,1.062038386,0.05244129974,-0.4781739856,-0.3056574615,0.3297990973,0.2014474926,-0.001552541513,0.6611507362,0.04650334879,0.2816048598,0.4345872636,1.079810883,0.1979063329,0.7542839332,1.405337832
153,-2,2026-09-27,bLI5Djkk,2026-09-27,2026-08-31,0.7129041219,-0.1658416403,0.3074589085,-0.1416172682,Panna Udvardy,27.92502191,2026-08-31 09:42:56,97,27,27.9989454,0.1945214422,0.3929448222,1.032863422,0.05910618918,-0.26306267,-0.06862061068,0.5470624816,0.190025054,0.2344990824,0.8596258809,0.0468608648,0.2303796451,0.3845381719,1.02036303,0.2024165049,0.6874175082,1.353308553,0.06253894557,-0.2444846796,-0.03874985672,0.5712868538,0.2145563185,0.218373115,0.9242005925
154,-41,2026-09-27,WCpmB755,2026-09-27,2026-09-22,0.6960844137,0.04649829695,0.0181432653,-0.06464156225,Emerson Jones,18.20987062,2026-09-22 00:26:53,15,5,18.22356015,0.2361023858,0.3077305481,1.084438279,0.1357600242,-0.1768070712,0.2698036651,0.7425827106,0.193539389,0.4242387446,1.060926677,0.158965549,-0.2433317946,0.2796183252,0.714227679,0.3253949171,0.1790006693,1.249454689,0.1371372089,-0.2902121977,0.1609290732,0.6314428514,0.2939406514,0.1479535049,1.114932198
155,-1,2026-09-27,KYbF10KE,2026-09-27,2026-08-28,0.6942345916,-0.06519556363,0.1029542783,-0.03775871466,Elena Pridankina,20.99528665,2026-08-28 08:54:13,24,30,21.07742386,0.2235829893,0.3264733008,1.061995882,0.1158867157,-0.2558122483,0.125421121,0.629039028,0.2326537739,0.2463576242,1.011720432,0.1030054943,-0.06647468262,0.2723832392,0.7971888699,0.2384622963,0.4049532969,1.189424443,0.1235115321,-0.2409171063,0.165399677,0.656475877,0.2797695039,0.1962959937,1.11665576
156,16,2026-09-27,WSu6zx5t,2026-09-27,2026-09-21,0.6938386963,-0.1818621703,0.4115376965,-0.2296755261,Oleksandra Oliynykova,25.71691423,2026-09-21 21:50:28,30,6,25.73334167,0.1955629132,0.3721663292,1.015511063,0.09499441146,-0.3381140726,-0.02561026811,0.5119765259,0.1833321867,0.2104219136,0.8135311382,0.08391034285,0.2735174647,0.5495579282,1.105376393,0.2151006266,0.7515673469,1.459185439,0.1113869423,-0.4128907422,-0.04646031001,0.4641631701,0.2516496047,0.05023640508,0.8780899352
157,-1,2026-09-27,Ovyv04To,2026-09-27,2026-09-01,0.6926380101,-0.1174383683,0.1411880612,-0.0237496929,Kaitlin Quevedo,20.54973687,2026-09-01 15:17:40,20,26,20.62092245,0.2402646734,0.2974377906,1.08783823,0.116114131,-0.3084291179,0.07355238122,0.5751996418,0.2449668233,0.172265074,0.9781342096,0.1153050206,-0.04847182014,0.3308479426,0.8338260713,0.2388183011,0.4410049225,1.22664722,0.1589325466,-0.2851704686,0.2376710828,0.6688883172,0.3289007571,0.1278947141,1.20988192
158,1,2026-09-27,YyyT3fOe,2026-09-27,2026-06-29,0.6782721329,0.0178935097,-0.007721484007,-0.0101720257,Mika Stojsavljevic,17.53677972,2026-06-29 04:15:16,8,90,17.78319136,0.3430030732,0.114082284,1.242461982,0.1389582095,-0.2106724052,0.2464594246,0.6961656426,0.3870819219,0.0594725394,1.332858746,0.1589470104,-0.2691660506,0.2537230826,0.6705506489,0.4097654873,-0.00345359906,1.344554897,0.1381351239,-0.2373840853,0.2170400339,0.6681001072,0.3144328295,0.1509041271,1.185296087
159,1,2026-09-27,4IwCdyAG,2026-09-27,2026-08-26,0.6693759355,0.1039899152,0.07769123119,-0.1816811464,Clara Burel,25.42531731,2026-08-26 09:45:18,130,32,25.51293034,0.2407665562,0.2733501922,1.065401679,0.05599997552,0.01187815233,0.196101678,0.7733658506,0.2419803364,0.3753436167,1.171388085,0.04922150594,-0.003270941386,0.1586534038,0.7470671667,0.2402542028,0.3518841699,1.142250163,0.07317926223,-0.3020503213,-0.06131197147,0.4876947891,0.2618071752,0.05706030749,0.9183292707
160,-2,2026-09-27,25RhY8EH,2026-09-27,2026-08-26,0.6682388811,-0.01963416937,0.02538638887,-0.005752219505,Anna Siskova,25.15488052,2026-08-26 15:09:17,23,32,25.24249354,0.2634226865,0.2349471198,1.101530642,0.1061624752,-0.1942559018,0.1549875631,0.6486047118,0.2480591106,0.2405837841,1.056625639,0.1058018422,-0.148642155,0.1994149328,0.69362527,0.2728342739,0.244852825,1.142397715,0.158920238,-0.2671527494,0.2556483104,0.6624866616,0.3462987366,0.09287592878,1.232097394
161,-4,2026-09-27,WK42lFJU,2026-09-27,2026-09-22,0.6556652863,0.04822393695,-0.02209884408,-0.02612509286,Sofia Costoulas,21.47361985,2026-09-22 01:53:11,16,5,21.48730939,0.2174453059,0.2979995863,1.013330986,0.1148828905,-0.1407416021,0.237189476,0.7038892233,0.1957606363,0.3818916307,1.025886816,0.1156496856,-0.2123256488,0.1681279607,0.6335664423,0.2403111536,0.2382897696,1.028843115,0.1589243059,-0.2875323138,0.2352821281,0.6295401935,0.3124189001,0.1156568325,1.143423554
162,0,2026-09-27,0QlxEb7i,2026-09-27,2026-09-02,0.6555027149,-0.2458633798,0.4722685013,-0.2264051215,Mayar Sherif,30.32912104,2026-09-02 11:36:57,136,25,30.39756872,0.2095342543,0.3108495368,1.000155893,0.05617928054,-0.3382700731,-0.1534566864,0.4096393352,0.2085367069,0.0666269765,0.7526516938,0.05078282568,0.3887381863,0.5557988163,1.127771216,0.2092361981,0.7836082969,1.471934136,0.07923995852,-0.3567432547,-0.09606698837,0.4290975934,0.2376140661,0.03825723487,0.8199379519
163,-2,2026-09-27,GKZ5NRSB,2026-09-27,2026-03-30,0.654384832,0.1574416621,-0.1561568188,-0.001284843232,Jennifer Brady,30.9672707,2026-03-30 13:31:15,115,181,31.46283187,0.4090683432,-0.01847271607,1.32724238,0.06962366437,0.04292092522,0.2719623989,0.8118264941,0.4082228627,0.1403596377,1.48329335,0.06860342244,-0.2689994071,-0.04331423062,0.4982280131,0.4122938912,-0.1799350891,1.176391115,0.08702054384,-0.1444209004,0.1418512139,0.6530999888,0.4272060735,-0.04959147074,1.355791448
164,0,2026-09-27,0pESKoy5,2026-09-27,2026-05-18,0.6504791987,0.02599441727,-0.1493158238,0.1233214065,Celine Naef,20.89649672,2026-05-18 06:55:44,13,132,21.25790045,0.4051350153,-0.01590860065,1.316866998,0.1106161256,-0.1559529181,0.2079417526,0.676473616,0.4352801582,-0.03949853092,1.392445763,0.1181627829,-0.3436763059,0.04504465825,0.5011633749,0.3966004852,-0.1511863717,1.153513121,0.1023934316,-0.04510080079,0.2917436139,0.7738006053,0.4269955109,0.0714554905,1.47614572
165,0,2026-09-27,UTN9MbHt,2026-09-27,2026-08-26,0.6484476941,-0.1896493097,0.1742209135,0.01542839621,Lola Radivojevic,21.64794433,2026-08-26 17:59:00,11,32,21.73555735,0.2666335168,0.2098745868,1.087020801,0.1213684747,-0.3892826855,0.00998406617,0.4587983844,0.2560070105,0.03770432465,0.8798924442,0.1203260665,-0.02369785342,0.3721396803,0.8226686075,0.2837110567,0.3560054469,1.289331768,0.158961756,-0.2460404248,0.2768972172,0.6638760903,0.3488928956,0.08999834551,1.237753835
166,-3,2026-09-27,fuBOOacF,2026-09-27,2026-05-18,0.6418432685,0.03423232044,-0.1248406823,0.09060836184,Vera Zvonareva,41.69353846,2026-05-18 06:03:12,106,132,42.05494219,0.360155434,0.04944029664,1.23424624,0.06444508596,-0.07177041295,0.1402350538,0.6760755889,0.3653071388,0.07519881671,1.276952361,0.06598519114,-0.2333766632,-0.01630470131,0.5170025862,0.3565923616,-0.06953965312,1.103544825,0.08490122888,-0.04904173242,0.2302584561,0.7324516303,0.3797944511,0.1077453499,1.357157911
167,1,2026-09-27,bkppJqxo,2026-09-27,2026-09-02,0.6258962801,0.1225827339,-0.1184734398,-0.004109294082,Lucrezia Stefanini,28.30281803,2026-09-02 09:24:30,94,25,28.3712657,0.2013796517,0.2946562296,0.9571363306,0.06077530422,0.02261625436,0.2225492135,0.7484790141,0.1934363522,0.4303045285,1.0666535,0.06545080964,-0.2261304415,-0.01081643823,0.5074228403,0.2125696494,0.1577768815,0.857068799,0.08377162954,-0.1419013628,0.1336827746,0.621786986,0.2324928948,0.2393702047,1.004203767
168,16,2026-09-27,nLHKqCzb,2026-09-27,2026-09-21,0.6139378536,-0.005827559624,-0.1231746703,0.1290022299,Joanna Garland,25.18423183,2026-09-21 08:26:35,31,6,25.20065927,0.1889188093,0.303194065,0.9246816422,0.09764334292,-0.1664365664,0.1547814471,0.608110294,0.1699236426,0.3286107742,0.8876098137,0.1017346472,-0.2905132738,0.04416393319,0.4907631833,0.2382546588,0.09886914363,0.882657223,0.08883087962,-0.01711156461,0.2751160245,0.7429400835,0.2218258524,0.3780690257,1.107811141
169,2,2026-09-27,6L5yEis0,2026-09-27,2026-06-20,0.6135985811,0.002592997821,-0.0679337701,0.06534077227,Tereza Martincova,31.65666466,2026-06-20 08:37:27,211,99,31.92771745,0.3337653198,0.06460348426,1.162593678,0.04408248036,-0.06991622988,0.07510222552,0.6161915789,0.3380033354,0.06022556672,1.172157591,0.04524478229,-0.1423548143,0.006487274158,0.545664811,0.3371736586,-0.008936504375,1.100266126,0.04791276165,-0.0134687075,0.144150252,0.6789393533,0.3354869943,0.1271123539,1.230766353
170,3,2026-09-27,rwWwX7oC,2026-09-27,2026-08-30,0.6039077245,-0.01592839953,0.1760392596,-0.1601108601,Emiliana Arango,25.75426068,2026-08-30 13:12:48,115,28,25.83092207,0.2036988795,0.2688528838,0.9389625651,0.0535431207,-0.1039989958,0.07214219675,0.5879793249,0.1998952171,0.2591809521,0.9167776978,0.05111488676,0.09196275272,0.2601157665,0.7799469841,0.2131711256,0.4293116849,1.130582283,0.06185198824,-0.2618483273,-0.05837339288,0.4437968644,0.2199657695,0.08198537069,0.8056083581
171,14,2026-09-27,UiaMC9xj,2026-09-27,2026-09-22,0.5968834717,-0.2127256382,0.2684090989,-0.05568346071,Tamara Zidansek,28.74001272,2026-09-22 01:46:42,161,5,28.75370226,0.1811633134,0.2988963386,0.8948706048,0.05227483623,-0.2987100922,-0.1267411842,0.3841578335,0.1769939371,0.09302871401,0.6752869529,0.04505442615,0.1943011627,0.3425170352,0.8652925706,0.184321314,0.5621109887,1.168474152,0.0687555668,-0.1687763041,0.05740938272,0.541200011,0.2065166472,0.2015103548,0.8808896671
172,3,2026-09-27,dMsOb1NA,2026-09-27,2025-10-30,0.5938331781,0.2516722988,-0.1967692335,-0.05490306529,Yafan Wang,31.502535,2025-10-30 01:33:05,119,332,32.41152013,0.5266727711,-0.2724664397,1.460132796,0.06473996964,0.145184525,0.3581600727,0.8455054769,0.5227496997,-0.01434126258,1.705352216,0.06339069277,-0.3010376444,-0.09250082261,0.3970639446,0.5341790277,-0.4815823666,1.275710256,0.06495131198,-0.1617384664,0.0519323358,0.5389301128,0.5347583172,-0.3406690448,1.41852927
173,-21,2026-09-27,WEvLWEdN,2026-09-27,2026-09-21,0.5930150781,-0.01929898238,-0.138075922,0.1573749044,Storm Hunter,32.11387446,2026-09-21 08:26:35,97,6,32.13030191,0.1829412688,0.2921034686,0.8939266876,0.05955740641,-0.1172621983,0.07866423356,0.5737160957,0.1754498502,0.2851267733,0.8623054182,0.06206844762,-0.2401694332,-0.03598241082,0.4549391561,0.197732853,0.1296975556,0.7801807565,0.07483335982,0.03428498107,0.2804648277,0.7503899825,0.2086173555,0.4072449687,1.093534996
174,-19,2026-09-27,6TlRnRze,2026-09-27,2026-09-21,0.5897441346,0.03633051371,0.1597920001,-0.1961225138,Renata Zarazua,28.97795304,2026-09-21 23:31:13,124,6,28.99438048,0.1845167047,0.2862411637,0.8932471055,0.05289649783,-0.05067648259,0.12333751,0.6260746483,0.1790744226,0.3315234348,0.9206258618,0.05653100795,0.06680676663,0.2527772335,0.7495361347,0.1967166262,0.4259660785,1.073106191,0.0684180961,-0.3086602673,-0.08358476027,0.3936216208,0.2050585117,0.05633038401,0.7309128576
175,-1,2026-09-27,rBZ5EARu,2026-09-27,2026-08-26,0.5869047862,-0.03855603128,0.1233102334,-0.08475420211,Lucia Bronzetti,27.71150275,2026-08-26 10:02:42,191,32,27.79911577,0.2573519994,0.1635984166,1.010211156,0.04990339429,-0.1206398104,0.04352774782,0.548348755,0.2586959214,0.1228318304,0.9738656796,0.04384781618,0.05118699391,0.1954334729,0.7102150196,0.2608000084,0.2812371799,1.139192859,0.05648348732,-0.1776612711,0.00815286687,0.5021505841,0.267120375,0.06277666646,0.9415245018
176,1,2026-09-27,U5Ot7i32,2026-09-27,2026-08-25,0.5799234339,0.02671524628,-0.3141108194,0.2873955731,Jodie Burrage,27.24602927,2026-08-25 09:47:18,80,33,27.33638021,0.2861293296,0.1092825684,1.050564299,0.06923338408,-0.08716353663,0.1405940292,0.6066386802,0.2853586662,0.1372654431,1.076011917,0.09296718056,-0.4670282235,-0.1611934153,0.2658126145,0.314529615,-0.2515425635,0.7831677926,0.069228669,0.1735245458,0.4012666004,0.867319007,0.2889295751,0.3920721475,1.342565867
177,-8,2026-09-27,Of1fjykI,2026-09-27,2026-09-21,0.5792542488,0.02217642526,-0.11057364,0.08839721472,Taylah Preston,20.90371218,2026-09-21 22:10:42,39,6,20.92013963,0.1965643153,0.2559347218,0.9025737757,0.08464074512,-0.1170452113,0.1613980619,0.601430674,0.1891271774,0.2903441503,0.9125171978,0.09904451905,-0.2734873764,0.0523400964,0.4686806088,0.2387148564,0.07602961139,0.8613316062,0.09014683809,-0.05988113887,0.2366755683,0.6676514635,0.2196794098,0.3063109894,1.028991938
178,-8,2026-09-27,Ojnpq17F,2026-09-27,2026-08-26,0.5709115292,-0.07365061413,0.1183788914,-0.04472827729,Suzan Lamens,27.14519631,2026-08-26 13:54:17,104,32,27.23280933,0.2295698415,0.1933027427,0.9485203156,0.0639782848,-0.1788855279,0.03158429968,0.497260915,0.2299759688,0.1189841087,0.8755377214,0.05690043524,0.02478600414,0.2119717787,0.6892904206,0.2412071657,0.2925399392,1.086040902,0.06293442635,-0.1482461967,0.05878964215,0.5261832519,0.2415133865,0.1289290821,0.9234374217
179,0,2026-09-27,j7lRpbCL,2026-09-27,2026-08-26,0.5685376081,-0.1069303468,0.135175752,-0.0282454052,Veronika Podrez,19.62417543,2026-08-26 13:59:22,12,32,19.71178845,0.2497808305,0.157684703,0.9793905131,0.1309490901,-0.3223224327,0.108461739,0.4616072612,0.2279847929,0.08660564773,0.8366088747,0.1298143375,-0.07834983182,0.3487013359,0.7037133601,0.2853910316,0.2342868866,1.173139834,0.1589244828,-0.2896529171,0.2331621067,0.5402922029,0.3361587435,-0.01263972556,1.093224131
180,-2,2026-09-27,EDBO32wT,2026-09-27,2026-09-01,0.5680885612,0.06309447465,0.1150259201,-0.1781203947,Leolia Jeanjean,31.05277994,2026-09-01 19:04:46,84,26,31.12396552,0.2113803033,0.2203989026,0.9157782198,0.06378041115,-0.04181496597,0.1680039153,0.6311830359,0.207273877,0.2902478476,0.9721182241,0.05783588706,0.01989435145,0.2101574887,0.6831144813,0.2238583992,0.3149001813,1.051328781,0.07058678566,-0.2942253251,-0.06201546428,0.3899681665,0.2310092637,0.009991741205,0.7699445918
181,0,2026-09-27,hbXrCD0b,2026-09-27,2026-05-20,0.5541645955,0.06964999451,-0.01309710035,-0.05655289416,Jessika Ponchet,29.64695079,2026-05-20 07:50:03,72,130,30.0028787,0.3623035571,-0.04177172439,1.150100915,0.06641790925,-0.03959774442,0.1788977334,0.62381459,0.3706136725,0.01420934654,1.233419833,0.06759078448,-0.1242740473,0.09807984665,0.5410674951,0.3582561299,-0.04821139942,1.13034639,0.07564337515,-0.1809751741,0.06786938581,0.4976117013,0.3778775285,-0.123941522,1.119164925
182,-2,2026-09-27,l2kcaiDr,2026-09-27,2026-07-21,0.552458405,0.1171609615,-0.1259068392,0.008745877704,Xinyu Gao,28.6638034,2026-07-21 05:44:28,23,68,28.84998108,0.290694819,0.07430797757,1.030608832,0.1280594408,-0.09347807424,0.3277999972,0.6696193665,0.2753559266,0.2166991719,1.122539561,0.1289618489,-0.3380302041,0.08621652566,0.4265515658,0.3178811939,-0.096316469,0.9494196006,0.1591260307,-0.252993151,0.2704849064,0.5612042827,0.3674133451,-0.04313689056,1.165545456
183,-1,2026-09-27,2kS2AMrn,2026-09-27,2026-08-11,0.5454890799,-0.1100122254,0.2784320253,-0.1684197998,Katarzyna Kawa,33.73322801,2026-08-11 19:24:17,93,47,33.86190964,0.2486933989,0.1364248407,0.954553319,0.0598101682,-0.2083911975,-0.01163325335,0.4354768544,0.2534531615,0.0185835025,0.8523702064,0.05531914487,0.1874401292,0.3694239214,0.8239211051,0.249700464,0.4132003913,1.234641819,0.071340454,-0.2857644044,-0.05107519531,0.37706928,0.2658633437,-0.06023700517,0.8143755653
184,-1,2026-09-27,YNlTNZYj,2026-09-27,2026-08-26,0.5435391827,-0.09447807398,-0.008842308694,0.1033203827,Katie Swan,27.42741086,2026-08-26 15:44:48,25,32,27.51502388,0.2519038363,0.129194244,0.9578841215,0.1072750483,-0.2709298262,0.08197367827,0.4490611088,0.2435057335,0.04852981985,0.8495923977,0.1591466219,-0.270615207,0.2529305896,0.534696874,0.337786289,-0.02091212854,1.090305877,0.1073173479,-0.07320094627,0.2798417116,0.6468595654,0.2555867864,0.2264567128,1.067262418
185,-19,2026-09-27,WrhNf3At,2026-09-27,2026-09-22,0.5315484128,0.09252623709,-0.07864897753,-0.01387725956,Linda Fruhvirtova,21.39495922,2026-09-22 08:21:41,138,5,21.40864875,0.2047272281,0.1948020892,0.8682947365,0.05395339847,0.003780793939,0.1812716802,0.6240746499,0.1990911929,0.2965987792,0.9515505207,0.05527256841,-0.1695642622,0.0122663071,0.4528994353,0.2134716075,0.1017698874,0.8040289832,0.06882726165,-0.1270880305,0.09933351139,0.5176711533,0.2263526042,0.1453542513,0.8899880552
186,7,2026-09-27,dvDRCAx9,2026-09-27,2026-08-26,0.5185544195,0.1263240567,0.04460313983,-0.1709271965,Marina Bassols,26.70457686,2026-08-26 15:30:50,57,32,26.79218988,0.2306315576,0.1391992654,0.8979095735,0.07682595508,-4.339414367e-05,0.2526915076,0.6448784762,0.2258309896,0.2734195539,1.016337399,0.07769582709,-0.08319512315,0.1724014028,0.5631575593,0.2430014053,0.1634558164,0.9628593022,0.1062716534,-0.3457285111,0.003874118027,0.3476272229,0.2697331283,-0.09604429145,0.7912987373
187,1,2026-09-27,KzaX6MH4,2026-09-27,2026-08-25,0.5147053749,-0.194462593,0.2065210054,-0.01205841239,Leyre Romero Gormaz,24.38830052,2026-08-25 15:27:09,29,33,24.47865146,0.2470219578,0.1083904117,0.9210203381,0.1091346478,-0.3739731143,-0.01495207166,0.3202427819,0.2501222684,-0.09117173852,0.7316573023,0.1083561907,0.02829093217,0.3847510786,0.7212263803,0.2406839366,0.3253365341,1.117116226,0.1589548448,-0.2735158654,0.2493990406,0.5026469625,0.3338977605,-0.04656597988,1.051859905
188,-1,2026-09-27,GWuBzqkB,2026-09-27,2026-03-16,0.5142994995,0.07028916596,0.09699706802,-0.167286234,Erika Andreeva,21.72652112,2026-03-16 10:46:24,88,195,22.26041298,0.4532750512,-0.2312716124,1.259870611,0.06770479925,-0.04107531864,0.1816536506,0.5845886655,0.4510702957,-0.1573559464,1.326533277,0.0640922656,-0.008425327507,0.2024194636,0.6112965676,0.4576760227,-0.1415134984,1.364106634,0.09121879889,-0.3173278062,-0.01724466179,0.3470132656,0.4695270921,-0.4252900749,1.119316606
189,-3,2026-09-27,KhTa5tH1,2026-09-27,2026-08-31,0.5107708126,-0.1010865509,0.2299898723,-0.1289033213,Tamara Korpatsch,31.30638298,2026-08-31 10:07:05,169,27,31.38030647,0.20899419,0.1670059611,0.854535664,0.04620438523,-0.1770860016,-0.02508710031,0.4096842616,0.2085066813,0.06672129068,0.7526472326,0.03869119805,0.1663485148,0.2936312297,0.7407606849,0.2126684147,0.3909522715,1.090569098,0.05134134266,-0.213352315,-0.04445432766,0.3818674912,0.2204554629,0.01925052356,0.7444844589
190,8,2026-09-27,zZoU3kJa,2026-09-27,2026-09-21,0.5049088006,0.08241898355,0.02927125327,-0.1116902368,Himeno Sakatsume,25.13651642,2026-09-21 22:10:42,38,6,25.15294386,0.2052043636,0.1673776588,0.8424399423,0.1072593493,-0.09400694617,0.2588449133,0.5873277841,0.1895935453,0.2754741535,0.8991814147,0.11188598,-0.1547648067,0.2133073132,0.5341800538,0.2551770125,0.1144512193,0.9539088884,0.1086981284,-0.2904827475,0.06710227385,0.3932185637,0.2471918203,-0.0133757985,0.799812926
191,-1,2026-09-27,CrhZ6kCa,2026-09-27,2026-09-01,0.4969345244,-0.06230479088,0.0563879215,0.005916869375,Lucie Havlickova,21.47220708,2026-09-01 13:30:08,16,26,21.54339266,0.2336727376,0.1125770744,0.8812919744,0.1283681226,-0.273451563,0.1488419812,0.4346297335,0.2001897676,0.1053468681,0.7639125989,0.1275459054,-0.1534064236,0.2661822666,0.5533224459,0.2764683782,0.0985724313,1.008072461,0.1589536154,-0.2555385614,0.2673723002,0.5028513938,0.3245161359,-0.03093014935,1.036632937
192,-1,2026-09-27,lSABz6E8,2026-09-27,2026-06-30,0.4846031581,-0.05353449737,-0.02401680702,0.07755130439,Beatriz Haddad Maia,30.08497896,2026-06-30 07:30:37,223,89,30.32865268,0.3121259448,-0.02879833435,0.9980046505,0.04406343305,-0.126012395,0.0189434003,0.4310686607,0.3175532647,-0.09125997854,0.9533973,0.04073892562,-0.09102637659,0.04299276254,0.4605863511,0.3146876094,-0.0570287046,0.9782014067,0.04815406841,-0.001655089678,0.1567576985,0.5621544625,0.3135594192,0.04639511451,1.07791381
193,-4,2026-09-27,dlm9zwW5,2026-09-27,2026-07-25,0.4747560407,-0.02847771404,0.0497945726,-0.02131685856,Clervie Ngounoue,20.01808064,2026-07-25 10:53:30,21,64,20.19330669,0.3486731863,-0.09876031437,1.048272396,0.1298131819,-0.2420013971,0.185045969,0.4462783267,0.3237307674,-0.08621140016,0.9787680536,0.1311324132,-0.1658990529,0.2654881981,0.5245506133,0.3840682467,-0.1071854353,1.156286662,0.1589312994,-0.2827355827,0.2401018656,0.4534391822,0.4143854179,-0.2281641754,1.13504254
194,-2,2026-09-27,hQUwozcE,2026-09-27,2025-10-26,0.4717284975,0.01263339449,-0.006316697244,-0.006316697244,Sijia Wei,21.89474947,2025-10-26 21:25:58,21,336,22.81468622,0.5670524948,-0.4609898552,1.40444685,0.1572469181,-0.2460147691,0.2712815581,0.484361892,0.5448707229,-0.4118706927,1.380594477,0.1589978417,-0.2678448738,0.2552114793,0.4654118003,0.6095279778,-0.5371725048,1.467996105,0.1589978417,-0.2678448738,0.2552114793,0.4654118003,0.6095279778,-0.5371725048,1.467996105
195,-1,2026-09-27,WSCEkk6I,2026-09-27,2026-09-01,0.460492205,0.07310185717,-0.006438082581,-0.06666377459,Ella Seidel,21.54608769,2026-09-01 13:07:35,90,26,21.61727327,0.2240207219,0.09201090796,0.8289735019,0.06496796332,-0.03376093294,0.1799646473,0.5335940621,0.222430271,0.1677288241,0.8994593002,0.06299969939,-0.1100633666,0.09718720145,0.4540541224,0.2394066967,0.06026514899,0.8478430957,0.06898767219,-0.1801383974,0.04681084822,0.3938284304,0.238147343,0.002110909508,0.7855459512
196,1,2026-09-27,hU5bke4O,2026-09-27,2026-08-03,0.4566911965,-0.01337139463,0.07367701934,-0.0603056247,Victoria Jimenez Kasintseva,20.9850894,2026-08-03 15:30:59,58,55,21.13567429,0.257609669,0.03296099816,0.8804213948,0.08508371393,-0.1533216501,0.1265788608,0.4433198019,0.2577253455,0.01939933251,0.8672402712,0.08314546253,-0.06308509628,0.210439135,0.5303682158,0.2640277129,0.09608127461,0.9646551571,0.1262868216,-0.2680289613,0.1474177119,0.3963855718,0.3050508242,-0.1053783828,0.8981495264
197,-2,2026-09-27,fqDTTLYa,2026-09-27,2025-10-23,0.4560897414,0.05060787047,-0.02530393524,-0.02530393524,Wakana Sonobe,17.76667217,2025-10-23 03:27:01,8,339,18.69482265,0.5580006477,-0.4617396477,1.373919131,0.1569920202,-0.2076210234,0.3088367644,0.5066976119,0.535607671,-0.3742986085,1.387693832,0.1589348576,-0.2867285121,0.2361206417,0.4307858062,0.6009932044,-0.5577600458,1.419331658,0.1589348576,-0.2867285121,0.2361206417,0.4307858062,0.6009932044,-0.5577600458,1.419331658
198,-2,2026-09-27,CGgKr3Jn,2026-09-27,2026-07-22,0.4520842657,-0.01152480036,-0.1953868203,0.2069116207,Tessa Johanna Brockmann,20.66636264,2026-07-22 05:36:54,5,67,20.84980241,0.3023514512,-0.04523961538,0.9494081468,0.1589485683,-0.2729719294,0.2499223287,0.4405594653,0.3765659198,-0.1788363536,1.059955284,0.1310843488,-0.4110013868,0.02022774622,0.2566974454,0.3092824436,-0.2520269038,0.7654217945,0.1321015592,-0.01037610808,0.4241993494,0.6589958863,0.3109505652,0.1475277214,1.170464051
199,4,2026-09-27,dhN0o6oN,2026-09-27,2026-09-22,0.4332733124,0.01100738948,0.001542200676,-0.01254959016,Alevtina Ibragimova,21.67328315,2026-09-22 00:05:56,10,5,21.68697268,0.1959585452,0.1109501887,0.7555964362,0.1285203796,-0.2003898231,0.2224046021,0.4442807019,0.1816564385,0.1454824503,0.7430789536,0.1273231058,-0.2078856717,0.2109700731,0.4348155131,0.2262222694,0.06271299276,0.8069180335,0.1589527477,-0.2740035937,0.2489044134,0.4207237223,0.2983593718,-0.07003377251,0.9114812171
200,0,2026-09-27,OMXPbN89,2026-09-27,2026-08-28,0.4183596324,-0.01315066903,-0.292036111,0.30518678,Heather Watson,34.27708535,2026-08-28 10:45:37,156,30,34.35922256,0.2235114113,0.05071607685,0.7860031879,0.04854808266,-0.09300515888,0.06670382082,0.4052089633,0.220124937,0.0431356623,0.7672822644,0.06250064807,-0.3948405286,-0.1892316933,0.1263235214,0.2400225944,-0.2684785136,0.5211255564,0.05021794389,0.2225856129,0.3877879472,0.7235464124,0.2293279495,0.3463355029,1.100757322
201,-2,2026-09-27,6gnFIFZS,2026-09-27,2026-08-27,0.4141897678,-0.09889535687,0.110789062,-0.01189370513,Andrea Lazaro Garcia,31.81322112,2026-08-27 12:58:12,13,31,31.89809624,0.2598182103,-0.01317315784,0.8415526934,0.1398023117,-0.3288496963,0.1310589826,0.3152944109,0.2456267178,-0.08872558669,0.7193144085,0.1382738925,-0.1166512515,0.3382293755,0.5249788298,0.2964401037,0.03737825003,1.01257941,0.1589348907,-0.2733183365,0.2495309262,0.4022960627,0.3438487209,-0.163284753,0.9678768784
202,-1,2026-09-27,OWWpdkTo,2026-09-27,2026-08-24,0.4104313836,-0.104157341,0.0984685642,0.005688776829,Akasha Urhobo,19.59718828,2026-08-24 17:25:30,9,34,19.69027712,0.2881475224,-0.06352911368,0.8843918808,0.1203551669,-0.3021239737,0.0938092917,0.3062740425,0.2783367564,-0.1515491807,0.7640972658,0.1214096541,-0.1012325458,0.2981696742,0.5088999478,0.3044465483,0.00812993861,1.009669957,0.1589605481,-0.2557780572,0.2671556109,0.4161201604,0.3652698446,-0.1846952683,1.016935589
203,-1,2026-09-27,Aa22YkfQ,2026-09-27,2026-08-31,0.4090465608,0.01143366429,0.04838946037,-0.05982312467,Anouk Koevermans,22.66328766,2026-08-31 14:18:01,9,27,22.73721115,0.2366979136,0.01971313905,0.7983799825,0.1326716583,-0.206791794,0.2296591226,0.4204802251,0.22798448,0.04547912622,0.7954813239,0.1294015905,-0.1644572151,0.2612361358,0.4574360211,0.293074629,-0.02462884533,0.9395008876,0.1240224831,-0.2638219558,0.1441757065,0.3492234361,0.2827298401,-0.1158257669,0.8142726391
204,0,2026-09-27,pvD0US2f,2026-09-27,2026-06-29,0.3857667624,-0.02206414213,-0.02206414213,0.04412828427,Alicia Dudeney,23.08962342,2026-06-29 07:28:58,5,90,23.33603505,0.3380697833,-0.1703085469,0.9418420716,0.1589981456,-0.2835928186,0.2394645343,0.3637026202,0.4048312856,-0.3021855883,1.029590829,0.1589981456,-0.2835928186,0.2394645343,0.3637026202,0.4048312856,-0.3021855883,1.029590829,0.1572481473,-0.2145219012,0.3027784698,0.4298950466,0.3006403099,-0.06461425753,0.9244043508
205,0,2026-09-27,fLqCAoUb,2026-09-27,2026-09-01,0.3732486903,-0.01107770804,0.1054573538,-0.09437964575,Darja Semenistaja,23.96121881,2026-09-01 15:43:52,39,26,24.0324044,0.2080639816,0.03101389559,0.715483485,0.07559889294,-0.1354268213,0.1132714052,0.3621709823,0.2054868078,0.02417526114,0.7001667034,0.08072257422,-0.0273194652,0.2382341728,0.4787060441,0.2254508201,0.107872445,0.8495396432,0.09663994553,-0.2533382107,0.06457891917,0.2788690446,0.2416393314,-0.1185922861,0.6763303752
206,34,2026-09-27,2gjsegvD,2026-09-27,2026-09-22,0.3645780659,-0.1747657782,0.08832637897,0.08643939928,Anna-Lena Friedsam,32.63934362,2026-09-22 06:36:40,134,5,32.65303316,0.2104516389,0.0184159243,0.7107402075,0.05283061643,-0.2616644093,-0.0878671472,0.1898122877,0.2080345362,-0.1523740737,0.531998649,0.04671205624,0.01149188383,0.1651608741,0.4529044449,0.2142121714,0.1005567778,0.805252112,0.06452773823,-0.01969928499,0.1925780835,0.4510174652,0.229872516,0.07291082352,0.8291241069
207,-1,2026-09-27,CEFSKodt,2026-09-27,2026-08-25,0.3591298328,0.1006594619,-0.04611515848,-0.05454430346,Hanyu Guo,28.27360535,2026-08-25 17:20:07,26,33,28.36395628,0.2497532101,-0.05167764066,0.7699373062,0.1170915112,-0.09193893498,0.2932578589,0.4597892947,0.2466564443,0.05407554768,0.8655030418,0.1139242313,-0.2335038436,0.1412735266,0.3130146743,0.2894042585,-0.16301297,0.7890423186,0.114344826,-0.2426248052,0.1335361983,0.3045855293,0.2868791787,-0.1672887283,0.7764597869
208,-1,2026-09-27,8IQFNt0O,2026-09-27,2025-10-04,0.3578027527,0.01502635069,-0.007513175347,-0.007513175347,Fangran Tian,22.15249039,2025-10-04 00:44:36,2,358,23.1326611,0.6001842254,-0.6294124473,1.345017953,0.1571452209,-0.2434545359,0.2735072373,0.3728291034,0.5796378744,-0.5805903566,1.326248563,0.1589727035,-0.2690000033,0.2539736526,0.3502895774,0.640282168,-0.7028808689,1.403460024,0.1589727035,-0.2690000033,0.2539736526,0.3502895774,0.640282168,-0.7028808689,1.403460024
209,5,2026-09-27,0rUdL1O9,2026-09-27,2026-08-28,0.3509524049,0.01624904559,-0.02975726526,0.01350821966,Martyna Kubka,25.35957991,2026-08-28 09:30:46,10,30,25.44171712,0.275744124,-0.1026063176,0.8045111275,0.1343597898,-0.2047531419,0.2372512331,0.3672014505,0.2414934969,-0.03002000379,0.7644229049,0.1330645731,-0.248629011,0.1891144805,0.3211951397,0.322362125,-0.2090433708,0.8514336501,0.1589598526,-0.2479574705,0.2749739098,0.3644606246,0.3562232244,-0.2214744381,0.9503956873
210,-2,2026-09-27,IyMCDvw8,2026-09-27,2026-08-25,0.3492014407,-0.06929659647,0.03864979873,0.03064679774,Noma Noha Akugue,22.73152407,2026-08-25 12:26:54,30,33,22.821875,0.2546883985,-0.06972369528,0.7681265766,0.103912766,-0.2402178865,0.1016246935,0.2799048442,0.2704928538,-0.1650163074,0.7248259958,0.07836424281,-0.09024791028,0.1675475077,0.3878512394,0.2570698722,-0.03499107229,0.8106935511,0.09372496765,-0.1235170552,0.1848106507,0.3798482384,0.2847286863,-0.08848877403,0.8481852508
211,-1,2026-09-27,2Dog2h4q,2026-09-27,2026-07-01,0.3360432365,-0.08391547901,0.08902828827,-0.005112809264,Anastasia Gasanova,27.13040518,2026-07-01 04:14:54,54,88,27.371341,0.3056305046,-0.1666742075,0.8387606805,0.08001357802,-0.215526103,0.047695145,0.2521277575,0.3254779654,-0.2832358544,0.7874913694,0.07732573916,-0.03816123425,0.2162178108,0.4250715248,0.3207081401,-0.1024464226,0.9525894722,0.08349823333,-0.1424551812,0.1322295627,0.3309304272,0.3013200898,-0.1646970153,0.8265578698
212,0,2026-09-27,pYMHXRN6,2026-09-27,2026-08-25,0.33458336,0.08541037081,-0.1109921905,0.0255818197,Elizabeth Mandlik,25.26920458,2026-08-25 09:17:56,70,33,25.35955551,0.2922352584,-0.1461008647,0.8152675847,0.07356411582,-0.03559183191,0.2064125735,0.4199937308,0.2910388837,-0.05872263261,0.8987100942,0.07125718541,-0.2281998304,0.006215449359,0.2235911695,0.2991061544,-0.2683946734,0.7155770124,0.08380388122,-0.1122632983,0.1634269377,0.3601651797,0.3155131874,-0.1588078309,0.8791381903
213,7,2026-09-27,8Gag74BD,2026-09-27,2026-09-27,0.3344134407,-0.1505601113,0.01983573708,0.1307243742,Elsa Jacquemot,23.40625837,2026-09-27 23:02:52,93,0,23.40625837,0.1993961318,0.006435990136,0.6623908912,0.05871220824,-0.2471331,-0.05398712264,0.1838533294,0.1981160079,-0.1420185048,0.5097251635,0.05272540653,-0.06688983909,0.1065613132,0.3542491777,0.2072103619,0.0134184624,0.6950798931,0.06747779747,0.01973327431,0.2417154741,0.4651378149,0.2187937624,0.1052541013,0.8250215284
214,-1,2026-09-27,QefM3YDk,2026-09-27,2026-08-31,0.3246489246,-0.2002979326,0.2043196358,-0.004021703171,Julia Grabher,30.16527651,2026-08-31 15:23:03,85,27,30.2392,0.2599148796,-0.1028730078,0.7521708571,0.07485828199,-0.3234288493,-0.07716701599,0.124350992,0.2561847398,-0.2970354065,0.5457373905,0.06759167059,0.09314123128,0.3154980403,0.5289685604,0.2599419014,0.1014021811,0.9565349398,0.1089137853,-0.183168938,0.1751255317,0.3206272214,0.3024920327,-0.1769278957,0.8181823386
215,1,2026-09-27,bNv93cUs,2026-09-27,2026-08-05,0.3115900554,0.09881513714,-0.1122200603,0.01340492312,Kayla Cross,21.37593374,2026-08-05 09:35:15,12,53,21.52104281,0.2841714555,-0.1558303938,0.7790105046,0.1327933076,-0.1196104165,0.3172406908,0.4104051925,0.2655005054,-0.02630427676,0.8471146618,0.1341402125,-0.3328610752,0.1084209547,0.1993699951,0.31881105,-0.3250275168,0.723767507,0.1589598494,-0.2480607617,0.274870608,0.3249949785,0.3619739455,-0.2703991787,0.9203891356
216,-1,2026-09-27,hfzer6K1,2026-09-27,2026-02-21,0.3100935988,0.2499612376,-0.3727093577,0.1227481201,Ena Shibahara,28.02664107,2026-02-21 12:29:27,57,218,28.6235048,0.4684016887,-0.4603586177,1.080545815,0.07843447146,0.1209480127,0.3789744624,0.5600548364,0.4621437565,-0.2001039977,1.32021367,0.09040367826,-0.5214101758,-0.2240085396,-0.06261575892,0.4824206003,-0.856127033,0.7308955152,0.09590533432,-0.03500211685,0.2804983571,0.4328417189,0.4851974476,-0.3652370625,1.2309205
217,-6,2026-09-27,xOczGeTE,2026-09-27,2026-08-25,0.3058310964,0.1738155872,-0.2317824596,0.05796687237,Maddison Inglis,28.61289981,2026-08-25 15:31:46,72,33,28.70325074,0.2535283783,-0.1111859763,0.722848169,0.06771008365,0.06244241055,0.2851887639,0.4796466836,0.2549918357,0.06022243771,0.8990709294,0.07957038566,-0.362664097,-0.1009008221,0.07404863676,0.2739486819,-0.3765568463,0.5246541198,0.07792058426,-0.07020108326,0.186134828,0.3637979687,0.2641002052,-0.07060821175,0.7982041492
218,8,2026-09-27,fy9ZGfoI,2026-09-27,2026-08-28,0.3023236067,-0.02080370688,0.02489611332,-0.004092406432,Mia Ristic,20.28356354,2026-08-28 10:04:01,10,30,20.36570075,0.2985693541,-0.1887792783,0.7934264917,0.1497100026,-0.2670547477,0.2254473339,0.2815198998,0.2744372446,-0.1698891973,0.732928997,0.1479859145,-0.2185190549,0.2683112816,0.32721972,0.3488249695,-0.2465462963,0.9009857363,0.15894121,-0.2655274322,0.2573426194,0.2982312003,0.3741811608,-0.3172420392,0.9137044397
219,-1,2026-09-27,K4Sih0XH,2026-09-27,2026-08-25,0.2956423754,-0.03022064526,0.2466171374,-0.2163964921,Julia Riera,24.2427558,2026-08-25 11:38:01,36,33,24.33310673,0.2802812246,-0.1653792135,0.7566639643,0.09285740221,-0.1829574801,0.1225161895,0.2654217302,0.280541631,-0.1960281891,0.7268716494,0.08561291304,0.1057964269,0.3874378479,0.5422595128,0.2807389313,0.0804850634,1.004033962,0.1247630327,-0.421613419,-0.01117956522,0.07924588331,0.3311685714,-0.4654779425,0.6239697092
220,-3,2026-09-27,ADlgOFQL,2026-09-27,2026-08-30,0.2952538101,0.2325927421,-0.274003733,0.0414109909,Polina Iatcenko,22.72321852,2026-08-30 11:38:36,9,28,22.79987991,0.2330194781,-0.08802912361,0.6785367438,0.1204132783,0.03453052451,0.4306549598,0.5278465522,0.2172349122,0.170526919,0.8851661855,0.1305569977,-0.4887508841,-0.05925658193,0.02125007707,0.2896617163,-0.4552010476,0.4977012017,0.1273523433,-0.1680649729,0.2508869547,0.336664801,0.2820681143,-0.1272959599,0.8006255619
221,-2,2026-09-27,prMtFtya,2026-09-27,2026-09-12,0.2944056801,-0.1083059772,0.1126326262,-0.004326648922,Katarina Zavatska,26.6030732,2026-09-12 13:45:04,67,15,26.6441418,0.293911411,-0.1890355704,0.7778469305,0.09375490499,-0.2625190728,0.0459071183,0.1860997028,0.288222146,-0.2879835393,0.660182945,0.09387886496,-0.04178436538,0.2670496177,0.4070383062,0.2863299304,-0.06393251826,0.8780091307,0.1591211,-0.2660575673,0.2574042695,0.2900790311,0.3701589741,-0.3187782999,0.8989363622
222,0,2026-09-27,Wd9dyI7m,2026-09-27,2026-08-26,0.2844328078,0.05599036755,-0.204889412,0.1488990445,Rebecca Marino,35.69516932,2026-08-26 09:25:45,121,32,35.78278235,0.2460274683,-0.1202463657,0.6891119813,0.06376383331,-0.04889180495,0.16087254,0.3404231754,0.2377121892,-0.05057858125,0.731424932,0.0762635188,-0.3303317376,-0.07944708654,0.07954339577,0.2675167276,-0.3604824639,0.5195692554,0.06803613241,0.03698956533,0.2608085237,0.4333318523,0.2608201047,0.004320957058,0.8623427476
223,0,2026-09-27,nTL4I2Xq,2026-09-27,2026-05-25,0.2694562138,0.01585835039,0.228611067,-0.2444694173,Jil Teichmann,28.8606976,2026-05-25 03:40:49,212,125,29.20293598,0.3367360853,-0.2844253574,0.8233377849,0.0477738595,-0.06272265567,0.09443935646,0.2853145642,0.340730924,-0.275137932,0.8457670604,0.04108032176,0.1610399507,0.2961821832,0.4980672807,0.3345188952,-0.05216733729,1.048301899,0.05797324462,-0.339826919,-0.1491119157,0.02498679642,0.3456934351,-0.5436283042,0.593601897
224,0,2026-09-27,rsErY1Yt,2026-09-27,2026-08-30,0.269011493,-0.0693999952,0.2208496103,-0.1514496151,Veronika Erjavec,26.66834541,2026-08-30 09:54:56,26,28,26.74500681,0.2394675472,-0.1248775705,0.6629005565,0.09483469631,-0.2253891894,0.08658919899,0.1996114978,0.2540400595,-0.2182472154,0.617470211,0.08740871342,0.077075071,0.3646241496,0.4898611033,0.257033278,0.06707898371,0.9126432228,0.0894079866,-0.2985126661,-0.004386564055,0.1175618779,0.2570201383,-0.3051986288,0.5403223846
225,8,2026-09-27,zLzL0ABD,2026-09-27,2026-09-01,0.2689074402,0.02271809902,-0.01135904951,-0.01135904951,Reese Brantmeier,21.90775519,2026-09-01 15:26:19,6,26,21.97894077,0.2914015925,-0.2104055262,0.7482204066,0.157035401,-0.2355821499,0.281018348,0.2916255392,0.2455633069,-0.1122901568,0.6955412352,0.1589455713,-0.272801249,0.2500831499,0.2575483907,0.3671721893,-0.3463961166,0.8614928979,0.1589455713,-0.272801249,0.2500831499,0.2575483907,0.3671721893,-0.3463961166,0.8614928979
226,-5,2026-09-27,bscuUrLj,2026-09-27,2026-09-01,0.2665333752,0.2750814467,-0.2586869626,-0.01639448414,Gabriela Knutson,29.36554117,2026-09-01 13:02:53,22,26,29.43672675,0.228328263,-0.1090331964,0.6420999468,0.1187420129,0.07976821619,0.4703946772,0.5416148219,0.1990823426,0.2141535086,0.8690761352,0.1198208311,-0.4557746911,-0.06159923402,0.007846412627,0.2609510054,-0.421379795,0.4370726202,0.1589306413,-0.2778121259,0.2450231577,0.250138891,0.3199809786,-0.2761829822,0.7764607643
227,0,2026-09-27,l21IOgts,2026-09-27,2026-09-12,0.2580613995,-0.0958263062,0.1181781022,-0.02235179604,Iryna Shymanovich,29.20418819,2026-09-12 14:39:25,40,15,29.2452568,0.2244013192,-0.1110459243,0.6271687232,0.08007216137,-0.2275332913,0.03588067885,0.1622350933,0.2191758266,-0.19827706,0.5227472465,0.08085040658,-0.01480898226,0.2511651867,0.3762395017,0.243456278,-0.0242104402,0.7766894436,0.1011074155,-0.1886586951,0.1439551031,0.2357096034,0.2587081418,-0.1898274219,0.6612466288
228,1,2026-09-27,Ova6pdYE,2026-09-27,2026-07-14,0.2546639559,-0.0268765249,0.1062471946,-0.07937066973,Viktoriya Tomova,31.38291563,2026-07-14 08:59:22,220,75,31.58825865,0.2986519914,-0.2365748554,0.7459027673,0.04161056814,-0.09531981883,0.04156676903,0.227787431,0.3031293911,-0.2708160473,0.7263909094,0.03682345543,0.0456780004,0.1668163889,0.3609111506,0.2980439606,-0.1293275391,0.8511498402,0.04691142566,-0.1565330984,-0.002208241082,0.1752932862,0.3035613511,-0.3240207031,0.6746072755
229,2,2026-09-27,pz7Viwx2,2026-09-27,2026-05-25,0.2502226646,-0.0713044831,0.09389626676,-0.02259178366,Tiantsoa Sarah Rakotomanga Rajaonah,20.44225339,2026-05-25 09:06:49,20,125,20.78449177,0.3775397217,-0.370774916,0.8712202451,0.1204639438,-0.269450038,0.1268410718,0.1789181815,0.3940883857,-0.4692995291,0.8271358921,0.1195085616,-0.1026778242,0.2904703577,0.3441189313,0.3653932088,-0.2568994135,0.9451372761,0.1589236431,-0.2839979145,0.2388143472,0.2276308809,0.4391371698,-0.4946854856,0.9499472474
230,2,2026-09-27,Acy373ml,2026-09-27,2026-07-19,0.2452768998,-0.02353369223,0.04706738445,-0.02353369223,Lisa Zaar,26.21847294,2026-07-19 02:24:52,5,70,26.41012643,0.3386458176,-0.3117459015,0.8022997011,0.1589465263,-0.2849774625,0.2379100781,0.2217432075,0.4050722406,-0.4445413367,0.8880277517,0.1570392676,-0.2112392244,0.3053739933,0.2923442842,0.3017702057,-0.2040235331,0.7887121015,0.1589465263,-0.2849774625,0.2379100781,0.2217432075,0.4050722406,-0.4445413367,0.8880277517
231,-22,2026-09-27,KQ3uLtiT,2026-09-27,2026-09-27,0.2395158707,0.04009379474,-0.1850535346,0.1449597399,Zhuoxuan Bai,24.73942509,2026-09-27 21:20:50,40,0,24.73942509,0.329466768,-0.3024087375,0.7814404789,0.1014226167,-0.1267315643,0.2069191538,0.2796096654,0.3138966685,-0.2367044082,0.795923739,0.08930574555,-0.3319484141,-0.03815865515,0.05446233607,0.3545172218,-0.5286666021,0.6375912742,0.09502381633,-0.01134052905,0.3012600088,0.3844756106,0.3587799654,-0.2056649167,0.9746161379
232,-7,2026-09-27,vkOnO123,2026-09-27,2026-08-24,0.237986022,0.02810074158,-0.006108195743,-0.02199254584,Varvara Lepchenko,40.26286997,2026-08-24 17:04:15,101,34,40.35595881,0.2247644549,-0.1317186069,0.6076906509,0.06353932795,-0.07641215244,0.1326136356,0.2660867636,0.2203257009,-0.09631676458,0.6284902917,0.05736706901,-0.1004686273,0.08825223578,0.2318778263,0.2276355092,-0.1425492667,0.6063049192,0.08755193152,-0.1660026579,0.1220175663,0.2159934762,0.2572730235,-0.2071829896,0.639169942
233,-3,2026-09-27,EsWES72T,2026-09-27,2026-08-28,0.2336457551,0.1795145693,-0.1112503713,-0.06826419804,Susan Bandecchi,28.16050945,2026-08-28 09:57:25,30,30,28.24264666,0.2284179912,-0.1420684062,0.6093599164,0.09196772465,0.02824112384,0.3307880148,0.4131603244,0.2158786368,0.05807156571,0.7682490831,0.07879125702,-0.2408504561,0.01834971363,0.1223953839,0.2460642854,-0.2823443485,0.5271351162,0.101159805,-0.2346572703,0.09812887416,0.1653815571,0.2725299037,-0.2828902435,0.6136533577
234,0,2026-09-27,l4Y83CRf,2026-09-27,2026-09-12,0.2260787841,0.08841893727,-0.1202098925,0.03179095526,Katrina Scott,22.2548864,2026-09-12 10:19:42,18,15,22.29595501,0.3139815472,-0.2903749027,0.7425324709,0.1136489147,-0.09851689224,0.2753547668,0.3144977214,0.2928163733,-0.1671423523,0.796137795,0.1162590082,-0.3114389439,0.07101915879,0.1058688915,0.3489079187,-0.4680335641,0.6797713472,0.1294236257,-0.1810919648,0.2446738754,0.2578697393,0.3625710682,-0.3385065971,0.8542460758
235,1,2026-09-27,UopBzI6j,2026-09-27,2025-10-29,0.2154807506,0.0569766155,-0.0489649496,-0.008011665895,Priska Madelyn Nugroho,22.4213714,2025-10-29 05:42:21,7,333,23.33309443,0.5507064989,-0.6903508314,1.121312333,0.1385579069,-0.1709308603,0.2848840913,0.2724573661,0.5402495623,-0.6161740859,1.161088818,0.1400243516,-0.2792845121,0.1813546129,0.166515801,0.5731845985,-0.7762889647,1.109320567,0.1589579487,-0.2694742243,0.2534508926,0.2074690847,0.5945548858,-0.7704866756,1.185424845
236,-1,2026-09-27,pfoODY5B,2026-09-27,2026-04-11,0.2130004119,-0.02266154185,0.04532308369,-0.02266154185,Bennemann E.,,2026-04-11 05:23:53,1,169,,0.459441173,-0.5427130679,0.9687138917,0.1589718731,-0.2841470039,0.2388239202,0.19033887,0.5090251009,-0.6469329134,1.027610653,0.1571418607,-0.2131522758,0.3037984432,0.2583234956,0.436214563,-0.4591856104,0.9758326016,0.1589718731,-0.2841470039,0.2388239202,0.19033887,0.5090251009,-0.6469329134,1.027610653
237,-9,2026-09-27,n5XviZ0t,2026-09-27,2026-09-21,0.2089598667,0.1124287906,-0.1364437466,0.02401495595,Nao Hibino,31.81449073,2026-09-21 00:05:57,187,6,31.83091818,0.1758539166,-0.08029408584,0.4982138193,0.04871168845,0.03230519322,0.1925523881,0.3213886574,0.1719365958,0.03857812416,0.6041991906,0.04934080809,-0.2176021537,-0.05528533946,0.07251612013,0.1830397192,-0.2285574258,0.3735896661,0.06355402439,-0.08052211157,0.1285520235,0.2329748227,0.196353065,-0.08999722852,0.5559468739
238,-1,2026-09-27,vqOqBe0i,2026-09-27,2026-08-25,0.2075214471,0.05623095596,-0.1225594277,0.06632847173,Harmony Tan,28.95516291,2026-08-25 15:44:46,80,33,29.04551384,0.2526536508,-0.2080568269,0.623099721,0.06702536996,-0.05401596692,0.1664778788,0.263752403,0.2554968292,-0.1565024831,0.6840072892,0.06258904404,-0.2255092438,-0.0196096116,0.08496201937,0.2596621,-0.3421441275,0.5120681663,0.08511480799,-0.0736729289,0.2063298724,0.2738499188,0.2728605599,-0.1749657628,0.7226656004
239,-1,2026-09-27,GjjqIe5A,2026-09-27,2026-09-12,0.2006240861,0.05020155714,-0.2098098294,0.1596082722,Lizette Cabrera,28.73337875,2026-09-12 15:37:34,34,15,28.77444735,0.3682686612,-0.405123957,0.8063721292,0.09282695781,-0.1024852011,0.2028883154,0.2508256432,0.3696247244,-0.3571529253,0.8588042118,0.1261805019,-0.4173582856,-0.00226137319,-0.009185743286,0.3982056943,-0.6641758238,0.6458043372,0.09914791283,-0.003475531785,0.3226920763,0.3602323583,0.3821568794,-0.2683597709,0.9888244876
240,-1,2026-09-27,YDVzHVuJ,2026-09-27,2026-09-12,0.1903103425,0.113036903,-0.196255862,0.08321895896,Anastasia Tikhonova,25.64258224,2026-09-12 18:15:37,29,15,25.68365085,0.3912959984,-0.4533142997,0.8339349847,0.09852586407,-0.04902372184,0.2750975279,0.3033472455,0.4073762272,-0.3667270193,0.9734215103,0.08980280173,-0.3439683261,-0.04854339785,-0.005945519499,0.3850123723,-0.6392345166,0.6273434776,0.1157977559,-0.1072513998,0.2736893177,0.2735293014,0.4199151905,-0.4171697227,0.9642283256
241,2,2026-09-27,xAiYa51G,2026-09-27,2026-07-21,0.1878313641,-0.2011998727,0.04531859307,0.1558812797,Nastasja Schunk,22.92858154,2026-07-21 11:49:07,19,68,23.11475921,0.342217079,-0.3750656394,0.7507283677,0.1266381068,-0.4095010221,0.007101276609,-0.01336850861,0.3839710701,-0.6449447159,0.6182076987,0.0915869577,-0.1053285465,0.1959657326,0.2331499572,0.3310306709,-0.3113470425,0.7776469569,0.1012170521,-0.01060595565,0.322368515,0.3437126438,0.3591556379,-0.2470458099,0.9344710975
242,0,2026-09-27,OKBlwX8r,2026-09-27,2026-08-31,0.1845636599,-0.01632928268,0.2051541122,-0.1888248295,Nadia Podoroska,29.55460049,2026-08-31 14:18:29,140,27,29.62852398,0.2210750112,-0.179072374,0.5481996939,0.05159585078,-0.101196905,0.0685383396,0.1682343773,0.2199488428,-0.1935492746,0.5300180291,0.04656107476,0.1285679595,0.2817402649,0.3897177722,0.2262005332,0.0176510047,0.7617845396,0.06255746908,-0.2917227094,-0.08592694962,-0.004261169585,0.2362663951,-0.3928848065,0.3843624673
243,1,2026-09-27,S0E8uMT2,2026-09-27,2026-09-18,0.1825336815,0.1682639048,-0.1810111649,0.01274726017,Mai Hontama,27.05586893,2026-09-18 22:52:37,77,9,27.08051009,0.217710938,-0.1755689446,0.5406363075,0.08601934643,0.02677467079,0.3097531387,0.3507975862,0.2091942057,0.006703738175,0.6948914342,0.1017699818,-0.3484078886,-0.01361444125,0.001522516536,0.2358335813,-0.3863892049,0.389434238,0.1222744172,-0.1883762585,0.2138707788,0.1952809416,0.27481258,-0.2567455272,0.6473074105
244,1,2026-09-27,bPomvGIu,2026-09-27,2026-09-12,0.1718816951,0.0249781774,-0.02379022526,-0.001187952148,Mingge Xu,18.94768579,2026-09-12 12:00:11,8,15,18.9887544,0.2553609919,-0.2481497585,0.5919131488,0.1405882678,-0.2062689448,0.2562252996,0.1968598725,0.2734744047,-0.252965494,0.646685239,0.1589333347,-0.2852122972,0.2376318467,0.1480914699,0.3400207893,-0.4111929586,0.7073758983,0.1390573288,-0.2299169038,0.2275409995,0.170693743,0.2637937223,-0.2632083179,0.6045958039
245,1,2026-09-27,p0O7n3eA,2026-09-27,2026-06-06,0.1695014353,-0.02192408583,-0.02192408583,0.04384817166,Du Pree B.,,2026-06-06 10:18:39,1,113,,0.4296488073,-0.5372079637,0.8762108342,0.1589871582,-0.2834346897,0.239586518,0.1475773495,0.4817156616,-0.6447744037,0.9399291026,0.1589871582,-0.2834346897,0.239586518,0.1475773495,0.4817156616,-0.6447744037,0.9399291026,0.157203704,-0.2147289111,0.3024252544,0.213349607,0.4061541247,-0.4547144782,0.8814136921
246,5,2026-09-27,G4F8vGbd,2026-09-27,2026-08-26,0.1395571696,-0.1578003692,0.1702816608,-0.01248129159,Guiomar Maristany Zuleta De Reales,27.51772573,2026-08-26 15:25:50,10,32,27.60533875,0.2581749098,-0.2851027672,0.5642171063,0.1255708881,-0.3643461,0.04874536153,-0.01824319968,0.2508906944,-0.4309216683,0.394435269,0.1244524527,-0.03442440742,0.3749877291,0.3098388304,0.2762092287,-0.1444849212,0.764162582,0.1589578357,-0.2739436642,0.248981081,0.127075878,0.3424167461,-0.4361495488,0.6903013047
247,0,2026-09-27,rJLFbWKT,2026-09-27,2026-05-19,0.1387981012,-0.02140262141,0.04280524282,-0.02140262141,Caijsa Wilda Hennemann,25.1591481,2026-05-19 04:33:49,3,131,25.51781392,0.4045611951,-0.5266458478,0.8042420502,0.1589559865,-0.2828619524,0.2400567096,0.1173954798,0.4607891009,-0.6405351441,0.8753261038,0.1570775644,-0.2155643587,0.3011748444,0.1816033441,0.3762492034,-0.4372715229,0.800478211,0.1589559865,-0.2828619524,0.2400567096,0.1173954798,0.4607891009,-0.6405351441,0.8753261038
248,2,2026-09-27,xIMFUBN3,2026-09-27,2026-05-18,0.1340068517,-0.02978254605,0.04704056801,-0.01725802196,Aliona Falei,22.1368347,2026-05-18 07:30:30,13,132,22.49823842,0.41368497,-0.5464443715,0.814458075,0.1229015647,-0.2319376305,0.1723725384,0.1042243057,0.4245861057,-0.5941576903,0.8026063016,0.122458201,-0.154385248,0.2484663841,0.1810474197,0.4085670688,-0.4909856053,0.8530804448,0.1589257121,-0.2786675559,0.2441515119,0.1167488298,0.470705364,-0.6574925955,0.890990255
249,-1,2026-09-27,UJuILIk9,2026-09-27,2026-06-25,0.1265962176,0.07170757432,-0.01997856985,-0.05172900448,Fiona Crawley,24.37878886,2026-06-25 04:04:30,2,94,24.63615212,0.4169507313,-0.559226705,0.8124191403,0.1533028845,-0.1804532313,0.3238683799,0.1983037919,0.461937525,-0.5615158215,0.9581234054,0.158968025,-0.2814577024,0.2415005627,0.1066176478,0.4738524055,-0.6728002001,0.8860354956,0.1548006316,-0.3063533849,0.2028953759,0.07486721314,0.3954202837,-0.5755412746,0.7252757009
250,-1,2026-09-27,fg8WB6JC,2026-09-27,2026-09-19,0.1229906882,0.2538794744,-0.1218812964,-0.131998178,Aoi Ito,22.33302459,2026-09-19 23:16:25,50,8,22.35492785,0.1920052382,-0.1928298243,0.4388112006,0.08655922315,0.1115022223,0.3962567266,0.3768701626,0.178217498,0.08372846456,0.6700118606,0.0951729467,-0.278426863,0.03466427013,0.001109391734,0.2311212184,-0.3790511826,0.3812699661,0.08716213274,-0.2753671282,0.01137077217,-0.00900748983,0.2226368491,-0.3752125186,0.3571975389
251,1,2026-09-27,neHPGJlB,2026-09-27,2026-07-18,0.1144549406,-0.03278541042,0.02738930898,0.005396101439,Barbora Palicova,22.35310067,2026-07-18 07:15:25,15,71,22.54749207,0.3477164863,-0.457487783,0.6863976642,0.1236313396,-0.2361408678,0.170570047,0.08166953022,0.3252253069,-0.4532784954,0.6166175559,0.1227258409,-0.1744767355,0.2292553534,0.1418442496,0.3753939212,-0.4756238032,0.7593123024,0.1589399754,-0.2560368935,0.2668290964,0.1198510421,0.4142902655,-0.5615958037,0.8012978878
252,1,2026-09-27,UBK4SRuM,2026-09-27,2026-06-29,0.1101087853,-0.006259146651,-0.006259146651,0.0125182933,Hannah Klugman,17.35957421,2026-06-29 10:54:10,11,90,17.60598584,0.3337309634,-0.4388298004,0.6590473709,0.1589691292,-0.2677400953,0.255221802,0.1038496386,0.4016111316,-0.5567418879,0.7644411651,0.1589691292,-0.2677400953,0.255221802,0.1038496386,0.4016111316,-0.5567418879,0.7644411651,0.1571307568,-0.245938802,0.2709753886,0.1226270786,0.2945819216,-0.3619170636,0.6071712207
253,1,2026-09-27,lUryIIMK,2026-09-27,2026-09-12,0.1085923954,-0.04406420936,0.02203210468,0.02203210468,Hayu Kinoshita,19.87924952,2026-09-12 17:55:23,3,15,19.92031813,0.2626909552,-0.323495775,0.5406805657,0.1485708784,-0.2884415576,0.2003131389,0.06452818599,0.251054328,-0.348419436,0.477475808,0.15689803,-0.236042189,0.2801063984,0.1306245,0.3280995487,-0.4090512327,0.6703002327,0.15689803,-0.236042189,0.2801063984,0.1306245,0.3280995487,-0.4090512327,0.6703002327
254,2,2026-09-27,KjxcnQaN,2026-09-27,2026-07-21,0.07403067208,0.02414729667,-0.01207364834,-0.01207364834,Jana Kovackova,16.10524546,2026-07-21 07:40:58,2,68,16.29142314,0.3670315591,-0.5296825192,0.6777438633,0.1571411087,-0.2343268259,0.2826214193,0.09817796875,0.3329264708,-0.4494373442,0.6457932817,0.1589716873,-0.2735588047,0.2494115081,0.06195702374,0.4292631967,-0.6441181022,0.7680321497,0.1589716873,-0.2735588047,0.2494115081,0.06195702374,0.4292631967,-0.6441181022,0.7680321497
255,4,2026-09-27,GWL0jv2U,2026-09-27,2026-05-20,0.06294843897,-0.1719508533,0.1831632678,-0.01121241449,Jasmin Ortenzi,24.49682853,2026-05-20 06:47:22,9,130,24.85275644,0.3798395195,-0.5618319723,0.6877288503,0.1412969393,-0.4043636364,0.06046192972,-0.1090024144,0.4214488516,-0.8022240865,0.5842192578,0.1404465425,-0.04785073697,0.4141772726,0.2461117068,0.3544881196,-0.3369693624,0.8291927759,0.1589606232,-0.2726793721,0.2502545432,0.05173602448,0.4410348698,-0.6737017807,0.7771738296
256,1,2026-09-27,xYVwkuJR,2026-09-27,2026-08-26,0.06036400706,-0.02491874609,0.02549448936,-0.0005757432757,Mona Barthel,36.12855098,2026-08-26 16:22:29,60,32,36.216164,0.2261751513,-0.3116610108,0.4323890249,0.07059944754,-0.1410445034,0.09120701126,0.03544526097,0.228437232,-0.3403005486,0.4111910705,0.06123357649,-0.07522578102,0.1262147597,0.08585849642,0.2320887085,-0.2958934575,0.4676104504,0.07747618487,-0.128012727,0.1268612404,0.05978826378,0.2493055388,-0.3502828559,0.4698593835
257,10,2026-09-27,vyOa8QgA,2026-09-27,2026-08-26,0.05625050606,0.04870775664,-0.03090417899,-0.01780357765,Francisca Jorge,26.34821928,2026-08-26 11:44:51,3,32,26.4358323,0.3020349573,-0.440552789,0.5530538011,0.1442436068,-0.1885518631,0.2859673764,0.1049582627,0.3132825369,-0.4103456545,0.6202621799,0.1432733342,-0.2665678424,0.2047594844,0.02534632708,0.3180239459,-0.4977565138,0.5484491679,0.1589430493,-0.2792416287,0.2436344734,0.03844692841,0.3754817273,-0.5791655526,0.6560594094
258,5,2026-09-27,44zKPsKi,2026-09-27,2026-07-19,0.04976925731,-0.01507640805,0.02267300553,-0.007596597474,Kathinka von Deichmann,32.17658356,2026-07-19 06:08:23,32,70,32.36823705,0.3373226564,-0.5050771376,0.6046156522,0.107448131,-0.191812856,0.1616600399,0.03469284926,0.3504514098,-0.5417484232,0.6111341217,0.1069579284,-0.1532571309,0.198603142,0.07244226284,0.320191286,-0.4542255353,0.599110061,0.1591568849,-0.2693863768,0.2541931819,0.04217265984,0.4053851091,-0.6246265071,0.7089718268
259,3,2026-09-27,j572Ekuh,2026-09-27,2026-08-26,0.04956119475,0.001260837973,0.08318602178,-0.08444685976,Julia Avdeeva,24.14171771,2026-08-26 13:57:07,10,32,24.22933074,0.2338514184,-0.3350901589,0.4342125484,0.1279078784,-0.2091288997,0.2116505757,0.05082203272,0.2377754852,-0.3402838365,0.4419279019,0.1194662675,-0.1133185016,0.2796905451,0.1327472165,0.2696147553,-0.3107295916,0.5762240247,0.12705389,-0.2934319115,0.124538192,-0.034885665,0.2856667032,-0.5047655779,0.4349942479
260,0,2026-09-27,SpnIw30M,2026-09-27,2026-07-19,0.04940548772,0.05387356315,-0.0238032428,-0.03007032035,Valentina Ryser,25.32600671,2026-07-19 03:12:58,5,70,25.5176602,0.3352248976,-0.5019904009,0.6008013763,0.1492819951,-0.1916734679,0.2994205942,0.1032790509,0.3021282978,-0.3936777755,0.6002358773,0.1482490754,-0.2676512722,0.2200447866,0.02560224493,0.3972645807,-0.6278398416,0.6790443314,0.1433247295,-0.2658185214,0.2056778807,0.01933516737,0.3909365945,-0.6236983079,0.6623686427
261,3,2026-09-27,AXHTSyZD,2026-09-27,2026-08-24,0.04630562578,-0.1410341507,0.0962834561,0.04475069459,Eva Vedder,26.75417724,2026-08-24 18:18:07,18,34,26.84726608,0.2534585614,-0.3705966082,0.4632078597,0.118554748,-0.336039358,0.05397105658,-0.09472852492,0.2674535171,-0.5346504126,0.3451933628,0.1065041938,-0.07890035328,0.2714672655,0.1425890819,0.2612714833,-0.2871642651,0.5723424288,0.1198489099,-0.1523832196,0.2418846088,0.09105632037,0.3044530964,-0.4097244595,0.5918371003
262,4,2026-09-27,bHSsQ9ek,2026-09-27,2026-08-25,0.04132277723,-0.1012799062,0.2837416466,-0.1824617404,Maria Lourdes Carle,26.54049466,2026-08-25 17:11:56,75,33,26.63084559,0.2467749328,-0.364585866,0.4472314205,0.07977767504,-0.2325025044,0.0299426919,-0.05995712901,0.2459978685,-0.4645876153,0.3446733572,0.07491041901,0.1605249722,0.406958321,0.3250644239,0.2417139234,-0.07251959972,0.7226484475,0.1226530828,-0.3842081084,0.01928462764,-0.1411389631,0.301285342,-0.6367092507,0.3544313244
263,2,2026-09-27,ljazqnR8,2026-09-27,2026-03-02,0.03972506039,-0.07009545743,0.08368350172,-0.0135880443,Louisa Chirico,29.79580484,2026-03-02 16:39:43,49,209,30.3680274,0.4414601007,-0.6864121874,0.7658623081,0.07961272564,-0.2010467379,0.0608558231,-0.03037039704,0.4345419639,-0.7451283224,0.6843875283,0.08441489601,-0.05516664614,0.2225336496,0.1234085621,0.4459214423,-0.6100669396,0.8568840638,0.1278158488,-0.2238264068,0.1966503182,0.02613701609,0.4762240674,-0.7571818684,0.8094559005
264,-3,2026-09-27,S8vyAxRf,2026-09-27,2026-08-27,0.03038950312,0.01257470693,-0.003231120831,-0.009343586098,Carson Branstine,25.96504916,2026-08-27 12:56:50,12,31,26.04992428,0.2731561271,-0.4189123433,0.4796913496,0.1205279246,-0.185676087,0.2108255008,0.04296421005,0.2493017607,-0.3671006952,0.4530291153,0.1590857553,-0.2649039024,0.2584416608,0.02715838229,0.353612168,-0.5544818748,0.6087986394,0.1213701149,-0.2089796599,0.1902924877,0.02104591702,0.3020196005,-0.4757321182,0.5178239522
265,4,2026-09-27,rN9FSHYh,2026-09-27,2026-09-19,0.02420588667,0.08166809827,-0.1093305204,0.02766242215,En Shuo Liang,25.96409967,2026-09-19 04:37:27,47,8,25.98600293,0.213054946,-0.326238314,0.3746500873,0.09428688891,-0.07342003292,0.2367562295,0.1058739849,0.1943194118,-0.2137530044,0.4255009743,0.1053174493,-0.2825623089,0.06390126805,-0.08512463375,0.2388564433,-0.4780085208,0.3077592533,0.1337785513,-0.1923837131,0.2477085574,0.05186830882,0.2815018278,-0.4111609936,0.5148976112
266,2,2026-09-27,rDEdDdEe,2026-09-27,2026-07-22,0.01037579854,-0.02593460224,0.0239625181,0.001972084138,Ayla Aksu,30.01876769,2026-07-22 03:06:51,8,67,30.20220746,0.3078470607,-0.4959875557,0.5167391528,0.1441930131,-0.2631110028,0.2112417983,-0.01555880369,0.2726079198,-0.4639589293,0.4328413219,0.1431434602,-0.2114875216,0.2594125578,0.03433831664,0.3618063558,-0.5607801799,0.6294568132,0.1591280825,-0.2597703196,0.2637144879,0.01234788268,0.3816987596,-0.6154907065,0.6401864718
267,3,2026-09-27,6u2PqMUb,2026-09-27,2026-09-01,0.009447636882,0.01207437727,-0.006037188636,-0.006037188636,Frodin T.,,2026-09-01 13:07:28,2,26,,0.3166402964,-0.5113793031,0.5302745769,0.1571108729,-0.2463500118,0.2704987664,0.02152201415,0.2772559137,-0.4345233811,0.4775674094,0.1589642159,-0.2675100557,0.2554356784,0.003410448247,0.3867398741,-0.6327200364,0.6395409329,0.1589642159,-0.2675100557,0.2554356784,0.003410448247,0.3867398741,-0.6327200364,0.6395409329
268,3,2026-09-27,p2l29WXE,2026-09-27,2026-08-25,0.00762344929,0.08652604097,0.003891987863,-0.09041802883,Katherine Sebov,27.63818755,2026-08-25 15:22:38,29,33,27.72853848,0.241656674,-0.3898664074,0.405113306,0.09647943612,-0.07216850946,0.2452205914,0.09414949026,0.2295851854,-0.2834845346,0.4717835151,0.1040235514,-0.1672115279,0.1749955037,0.01151543715,0.2687994906,-0.4306203799,0.4536512543,0.1298985801,-0.3040821794,0.1232461217,-0.08279457954,0.2953542664,-0.5686091158,0.4030199567
269,3,2026-09-27,E1ksSsZn,2026-09-27,2026-05-04,0.002795953993,-0.01703655804,0.03407311608,-0.01703655804,Samira De Stefano,21.99406289,2026-05-04 03:59:47,1,146,22.39379732,0.4438283482,-0.7272367142,0.7328286222,0.1589752371,-0.2785275534,0.2444544373,-0.01424060405,0.4948523569,-0.8282002982,0.7997190901,0.1571554731,-0.2244246338,0.292570866,0.03686907008,0.4200442743,-0.6540422779,0.7277804181,0.1589752371,-0.2785275534,0.2444544373,-0.01424060405,0.4948523569,-0.8282002982,0.7997190901
270,3,2026-09-27,jy1nvLTe,2026-09-27,2026-09-19,-0.001720523848,0.1111691651,-0.2321705076,0.1210013424,Priscilla Hon,28.36230803,2026-09-19 02:53:13,106,8,28.38421128,0.2089720569,-0.3454489695,0.3420079218,0.0645814284,0.004942168392,0.2173961619,0.1094486413,0.2013286959,-0.2217075943,0.4406048769,0.07419061091,-0.354203203,-0.1101378121,-0.2338910314,0.2313751097,-0.6144692197,0.1466871569,0.06985794508,0.006095248119,0.2359074368,0.1192808186,0.2269260157,-0.2539792615,0.4925408987
271,-13,2026-09-27,hSk9dOo1,2026-09-27,2026-09-22,-0.007830946211,0.3207646244,-0.3202789118,-0.000485712655,Yeonwoo Ku,23.52410829,2026-09-22 00:05:56,14,5,23.53779782,0.229238961,-0.3848954827,0.3692335903,0.1335756838,0.1010521764,0.5404770724,0.3129336782,0.1998186308,-0.01573872134,0.6416060777,0.1349723035,-0.5422885947,-0.09826922883,-0.328109858,0.2761997445,-0.7824180094,0.1261982935,0.1589461953,-0.2619289386,0.2609575133,-0.008316658866,0.3205645001,-0.5355983396,0.5189650218
272,2,2026-09-27,fmaXVWRk,2026-09-27,2026-05-08,-0.01115659613,-0.01622957513,0.03245915025,-0.01622957513,Noemi Basiletti,20.16051376,2026-05-08 11:26:05,4,142,20.54929655,0.3909376493,-0.6541918064,0.6318786142,0.1589379907,-0.2776593057,0.2452001554,-0.02738617125,0.449623231,-0.7669505735,0.712178231,0.1570047077,-0.2257906126,0.2907089131,0.02130255412,0.359649392,-0.5702680528,0.6128731611,0.1589379907,-0.2776593057,0.2452001554,-0.02738617125,0.449623231,-0.7669505735,0.712178231
273,3,2026-09-27,zZxU5MZh,2026-09-27,2026-04-20,-0.0160373856,-0.1088910274,0.1132091618,-0.004318134335,Nauhany Vitoria Leme Da Silva,16.1054419,2026-04-20 09:24:17,3,160,16.54350702,0.4339427192,-0.7298096412,0.69773487,0.1453674639,-0.3479992276,0.1302171727,-0.124928413,0.461620504,-0.8842265733,0.6343697472,0.146464151,-0.1277029282,0.3541212517,0.09717177616,0.425535052,-0.6027710975,0.7971146498,0.158946208,-0.2657613811,0.2571251125,-0.02035551994,0.4884594401,-0.8237998015,0.7830887617
274,11,2026-09-27,xEfGPrID,2026-09-27,2026-09-19,-0.02417412948,-0.1122516231,0.05772833167,0.05452329147,Anastasia Kulikova,26.59585105,2026-09-19 22:26:35,10,8,26.61775431,0.2485236661,-0.4329591831,0.3846109241,0.1357389307,-0.3355222956,0.1110190493,-0.1364257526,0.2427480373,-0.5357107423,0.262859237,0.1221862651,-0.1432501896,0.258706853,0.03355420218,0.279589152,-0.4263290286,0.4934374329,0.1359571423,-0.1691063072,0.2781528901,0.03034916199,0.3162818672,-0.4898882144,0.5505865384
275,0,2026-09-27,84GyAaXB,2026-09-27,2026-09-01,-0.03185600139,-0.0844359089,0.1823773298,-0.09794142088,Arantxa Rus,35.72091139,2026-09-01 19:04:46,175,26,35.79209697,0.2054127607,-0.3697299259,0.3060179231,0.04746831768,-0.1625143434,-0.006357474411,-0.1162919103,0.2035145714,-0.4510435911,0.2184597705,0.03966916569,0.1171273587,0.2476273009,0.1505213284,0.2075044042,-0.1907930435,0.4918357002,0.05929463238,-0.195472412,-0.0004104297388,-0.1297974223,0.2223728527,-0.4955682155,0.235973371
276,1,2026-09-27,2ZK8XbpE,2026-09-27,2026-08-26,-0.05242512513,0.009894050946,-0.01670871306,0.00681466211,Viktoria Hruncakova,28.29492804,2026-08-26 12:14:46,139,32,28.38254106,0.2510733322,-0.4654040063,0.360553756,0.05719588908,-0.08418481465,0.1039729165,-0.04253107418,0.24943371,-0.4528130168,0.3677508685,0.05636891601,-0.109427329,0.07600990289,-0.06913383818,0.2550667646,-0.4886813311,0.3504136548,0.07268551434,-0.1127423698,0.126371694,-0.04561046302,0.2712364886,-0.491754785,0.400533859
277,2,2026-09-27,IBGyxZ49,2026-09-27,2026-08-25,-0.05392975676,-0.01619203302,0.02696472968,-0.01077269665,Kajsa Rinaldo Persson,28.7878798,2026-08-25 13:22:21,4,33,28.87823073,0.3105342048,-0.5647130697,0.4568535562,0.1454155105,-0.2553792628,0.2229951968,-0.07012178978,0.3109964719,-0.5816654645,0.4414218849,0.1442602717,-0.2103223015,0.2642517608,-0.02696502709,0.3358726291,-0.5794263393,0.5254962851,0.1590953106,-0.2724611954,0.2509158021,-0.06470245341,0.3834491662,-0.6954202051,0.5660152983
278,35,2026-09-27,vPo3l6Sl,2026-09-27,2026-09-21,-0.06354758294,0.02605053895,-0.01302526948,-0.01302526948,Darya Astakhova,24.65266636,2026-09-21 04:50:09,6,6,24.6690938,0.2460764295,-0.4683072906,0.3412121247,0.1570618353,-0.2322931904,0.2843942684,-0.03749704399,0.1900868679,-0.350162118,0.27516803,0.1589521009,-0.2744782091,0.2484276701,-0.07657285242,0.3322106042,-0.6230106696,0.4698649647,0.1589521009,-0.2744782091,0.2484276701,-0.07657285242,0.3322106042,-0.6230106696,0.4698649647
279,-1,2026-09-27,jqcBin0G,2026-09-27,2026-08-25,-0.07109692323,-0.3179260178,0.3236373209,-0.005711303113,Nuria Brancaccio,26.17052477,2026-08-25 14:06:34,41,33,26.2608757,0.2765158434,-0.5259250111,0.3837311647,0.1161113834,-0.5089122479,-0.1269397876,-0.389022941,0.273399858,-0.838725689,0.06067980698,0.1151283431,0.1342680481,0.5130065936,0.2525403976,0.2821877736,-0.2116171853,0.7166979805,0.1589356584,-0.2671371973,0.255714591,-0.07680822634,0.3563741647,-0.6629915637,0.509375111
280,0,2026-09-27,QPwVs83E,2026-09-27,2026-06-07,-0.07284048872,0.05748703525,-0.1282059417,0.07071890646,Yuriko Lily Miyazaki,30.57226332,2026-06-07 06:57:26,25,112,30.8789089,0.3897083025,-0.7138536036,0.5681726261,0.09867465158,-0.1048183233,0.2197923938,-0.01535345347,0.4023205617,-0.6771118886,0.6464049817,0.1284261485,-0.3394481579,0.08303627445,-0.2010464304,0.4288977933,-0.9065205214,0.5044276605,0.09417347357,-0.0841826731,0.225620486,-0.002121582259,0.38065882,-0.628249623,0.6240064585
281,0,2026-09-27,E9EQl2sR,2026-09-27,2026-01-31,-0.08502471143,0.07017567212,0.139201933,-0.2093776051,Raluca Georgiana Serban,28.62577479,2026-01-31 08:23:21,18,239,29.28013456,0.5009273651,-0.9089769048,0.7389274819,0.1446202042,-0.1677033952,0.3080547395,-0.01484903931,0.4994070295,-0.8363005031,0.8066024244,0.1158326229,-0.05132577694,0.3297296429,0.05417722155,0.5226858852,-0.8055645525,0.9139189956,0.1196837201,-0.4062398061,-0.01251540407,-0.2944023165,0.5280465439,-1.162961589,0.5741569564
282,0,2026-09-27,GEAmUZ6D,2026-09-27,2026-09-12,-0.09074525167,0.04443244726,-0.05489177695,0.01045932969,Whitney Osuigwe,24.4076869,2026-09-12 17:23:24,44,15,24.44875551,0.2591170703,-0.5169549045,0.3354644012,0.1087716894,-0.1344810605,0.223345955,-0.0463128044,0.2450690864,-0.44941558,0.3567899712,0.1099464421,-0.235737581,0.1259540271,-0.1456370286,0.2733057837,-0.5951850383,0.303910981,0.1584930306,-0.2502385065,0.2711571659,-0.08028592198,0.3401611399,-0.6398012067,0.4792293627
283,0,2026-09-27,G66hUeX6,2026-09-27,2026-07-12,-0.09554585464,0.01304274574,-0.0153575575,0.002314811758,Madison Sieg,23.07055738,2026-07-12 08:21:12,4,77,23.28137622,0.3763036649,-0.7145103027,0.5234185934,0.1521360349,-0.237198763,0.2632842545,-0.0825031089,0.4249473638,-0.7814793216,0.6164731038,0.1538396676,-0.2684012926,0.2376861777,-0.1109034121,0.3518283876,-0.6896096115,0.4678027872,0.1589660576,-0.2591610846,0.2637907081,-0.09323104288,0.4387847903,-0.8149677967,0.6285057109
284,0,2026-09-27,GhrNHJ5h,2026-09-27,2026-09-12,-0.1156139896,-0.05309224858,0.02438656002,0.02870568856,Chloe Paquet,32.20247323,2026-09-12 17:05:02,115,15,32.24354184,0.2730867405,-0.5648017052,0.333573726,0.05881693074,-0.1498374904,0.04365299327,-0.1687062382,0.2780312843,-0.6260270045,0.2886145281,0.05171632317,-0.06067922172,0.1094523418,-0.09122742959,0.2708042501,-0.5366607826,0.3542059234,0.08083060262,-0.1042488213,0.1616601985,-0.08690830105,0.2928487022,-0.568601551,0.3947849489
285,2,2026-09-27,vySLbjQG,2026-09-27,2026-08-28,-0.1181995938,0.1545053251,-0.2378774721,0.08337214698,Mariam Bolkvadze,28.65586996,2026-08-28 08:11:53,31,30,28.73800718,0.2357386505,-0.5059551681,0.2695559805,0.09236696696,0.002575184515,0.3064354658,0.03630573133,0.2277516705,-0.3383124299,0.4109238926,0.1346296968,-0.4593236173,-0.01643132697,-0.3560770659,0.3018901592,-0.8526421891,0.1404880573,0.1000696939,-0.08122785192,0.2479721459,-0.03482744682,0.2457242314,-0.4390078401,0.3693529464
286,0,2026-09-27,vPEmPARA,2026-09-27,2026-08-27,-0.1346152852,-0.1290193718,0.3305309199,-0.2015115481,Ekaterine Gorgodze,34.73454429,2026-08-27 12:45:47,49,31,34.81941941,0.2448419255,-0.5373444144,0.268113844,0.07659753374,-0.255011103,-0.003027640632,-0.263634657,0.2438746034,-0.6647726829,0.1375033689,0.07596173087,0.2055849914,0.4554768484,0.1959156347,0.2559177385,-0.2250315856,0.6168628551,0.1079056313,-0.3790005172,-0.02402257901,-0.3361268332,0.2795621334,-0.7959656223,0.1237119558
287,1,2026-09-27,QZFcAz5i,2026-09-27,2026-08-26,-0.1569492138,0.1001673839,-0.1412287453,0.0410613614,Madison Brengle,36.39904098,2026-08-26 11:26:29,115,32,36.486654,0.2714330138,-0.603416791,0.2895183635,0.05551222961,0.008857891645,0.1914768761,-0.05678182994,0.2672634627,-0.4963911058,0.382827446,0.05695235866,-0.234907039,-0.04755045154,-0.298177959,0.2804091876,-0.7594100283,0.1630541102,0.0615185954,-0.06012772337,0.1422504462,-0.1158878524,0.2847424948,-0.5842475778,0.352471873
288,2,2026-09-27,lzU6DfCt,2026-09-27,2026-05-06,-0.1690769994,0.01591353843,-0.03182707686,0.01591353843,Federica Urgesi,21.26599619,2026-05-06 05:53:41,6,144,21.6602548,0.4011200894,-0.8288608333,0.4907068344,0.158968218,-0.2455659116,0.2773929884,-0.153163461,0.4591590077,-0.9084128201,0.6020858981,0.1571270696,-0.2902781072,0.2266239535,-0.2009040763,0.3691458985,-0.8080950462,0.4062868937,0.158968218,-0.2455659116,0.2773929884,-0.153163461,0.4591590077,-0.9084128201,0.6020858981
289,0,2026-09-27,QDN44n8g,2026-09-27,2026-09-12,-0.1708508687,0.08961559618,-0.07944237501,-0.01017322117,Lea Ma,25.61195086,2026-09-12 13:45:04,4,15,25.65301947,0.3075492926,-0.6767244381,0.3350227007,0.1468956111,-0.1520061826,0.3312373749,-0.08123527251,0.2811955465,-0.5437607871,0.381290242,0.1483005268,-0.3233750344,0.1644902844,-0.2502932437,0.3591535967,-0.8410483398,0.3404618524,0.1589581037,-0.2716360346,0.2512895923,-0.1810240899,0.3801795712,-0.8063638364,0.4443156567
290,15,2026-09-27,4AGU3dN1,2026-09-27,2026-08-25,-0.1726455358,-0.130063528,0.1365616298,-0.006498101814,Anastasiia Sobolieva,22.34056188,2026-08-25 17:20:39,12,33,22.43091281,0.3240034382,-0.7055837662,0.3602926946,0.1250869656,-0.335813277,0.07568622103,-0.3027090638,0.3022211746,-0.7998186589,0.1944005313,0.1259955035,-0.07068253114,0.3438057908,-0.03608390599,0.3537165193,-0.6178958056,0.5457279937,0.1589394107,-0.267930168,0.2549339643,-0.1791436376,0.3940368277,-0.8272765429,0.4689892676
291,0,2026-09-27,bZu69bao,2026-09-27,2025-10-29,-0.1809855031,0.08151759876,-0.01579210062,-0.06572549814,Arianne Hartono,29.52287208,2025-10-29 00:10:57,45,333,30.43459511,0.5400259039,-1.06924907,0.7072780636,0.09413122547,-0.07331448886,0.2363496864,-0.09946790432,0.5337267348,-0.9773702598,0.7784344511,0.1023077524,-0.1840733783,0.152489177,-0.1967776037,0.5574369757,-1.113679835,0.7201246276,0.1047547328,-0.2380317003,0.106580704,-0.2467110012,0.5564034861,-1.161913293,0.6684912909
292,1,2026-09-27,tbD17Az3,2026-09-27,2026-05-20,-0.1907791553,0.02284835746,-0.04569671492,0.02284835746,Sada Nahimana,25.07990632,2026-05-20 05:56:40,13,130,25.43583423,0.3957698792,-0.8417626766,0.460204366,0.1589779374,-0.2386470794,0.2843437944,-0.1679307978,0.4545280693,-0.9155629411,0.5797013455,0.1571663988,-0.304212436,0.2128190062,-0.2364758702,0.3632617603,-0.8339882941,0.3610365537,0.1589779374,-0.2386470794,0.2843437944,-0.1679307978,0.4545280693,-0.9155629411,0.5797013455
293,1,2026-09-27,CAN1jVGF,2026-09-27,2026-09-12,-0.199285247,-0.002110446168,0.001055223084,0.001055223084,Justina Mikulskyte,30.60048908,2026-09-12 14:22:45,4,15,30.64155768,0.6991241526,-1.349242145,0.9506716512,0.1561225958,-0.2589092641,0.2546883718,-0.2013956931,0.7027812608,-1.357367999,0.9545766126,0.1587206085,-0.2600169455,0.2621273917,-0.1982300239,0.7235955258,-1.388438749,0.9919787012,0.1587206085,-0.2600169455,0.2621273917,-0.1982300239,0.7235955258,-1.388438749,0.9919787012
294,2,2026-09-27,WvwZpPTa,2026-09-27,2025-10-25,-0.1997013928,0.02194464756,-0.01097232378,-0.01097232378,Han Shi,20.40806714,2025-10-25 21:26:35,12,337,21.3307418,0.5550853424,-1.112735531,0.713332746,0.1570129476,-0.2363186688,0.2802079639,-0.1777567452,0.5325194963,-1.05367337,0.6981598797,0.1589400257,-0.2724054015,0.250460754,-0.2106737165,0.5983139341,-1.194812561,0.773465128,0.1589400257,-0.2724054015,0.250460754,-0.2106737165,0.5983139341,-1.194812561,0.773465128
295,0,2026-09-27,EiDDmj1o,2026-09-27,2026-06-30,-0.2047114445,-0.008518919538,0.04566109322,-0.03714217368,Lina Gjorcheska,31.90804137,2026-06-30 04:08:50,6,89,32.1517151,0.3285103648,-0.7450629095,0.3356400204,0.1539489299,-0.2617423753,0.2447045362,-0.213230364,0.3925261682,-0.8588784554,0.4324177273,0.1348927882,-0.1762177987,0.2675399852,-0.1590503513,0.3543479862,-0.7419009216,0.4238002191,0.134966162,-0.2591417548,0.1848574074,-0.2418536182,0.3228468576,-0.7728894428,0.2891822064
296,2,2026-09-27,0pjHC7n8,2026-09-27,2026-05-24,-0.2048453413,0.03401323169,-0.02424874583,-0.009764485863,Ksenia Efremova,17.07239128,2026-05-24 13:30:32,5,126,17.41736756,0.3777577337,-0.8262015198,0.4165108371,0.1484054983,-0.2100920904,0.2781185538,-0.1708321096,0.4266407552,-0.8725937032,0.530929484,0.1495231368,-0.2701924196,0.221694928,-0.2290940872,0.349698322,-0.8042966405,0.3461084661,0.1589570532,-0.2712255714,0.2516965997,-0.2146098272,0.4398183385,-0.9380466164,0.5088269621
297,-5,2026-09-27,jwaSzy86,2026-09-27,2026-08-25,-0.2089271109,0.03101686248,-0.01550843124,-0.01550843124,Preston J.,,2026-08-25 10:10:40,1,33,,0.3346020886,-0.75929857,0.3414443482,0.1571647807,-0.2274961971,0.2895299221,-0.1779102484,0.3026344979,-0.6756996999,0.3198792031,0.1589775375,-0.2770032103,0.2459863479,-0.2244355421,0.3997102181,-0.8819003442,0.4330292599,0.1589775375,-0.2770032103,0.2459863479,-0.2244355421,0.3997102181,-0.8819003442,0.4330292599
298,-1,2026-09-27,KQGnhml2,2026-09-27,2026-06-20,-0.2103277525,-0.05604974636,0.3546110804,-0.2985613341,Martina Trevisan,32.6284329,2026-06-20 06:58:11,166,99,32.8994857,0.3258317399,-0.7462732717,0.3256177667,0.05124088395,-0.1403335002,0.02823400745,-0.2663774988,0.3319152984,-0.8123295813,0.2795745836,0.04450731706,0.2814030585,0.4278191023,0.1442833279,0.3278621314,-0.3950018881,0.683568544,0.06521090991,-0.4058237357,-0.1912989324,-0.5088890865,0.3312047975,-1.053672499,0.03589432592
299,1,2026-09-27,O6dHZYhC,2026-09-27,2026-03-28,-0.2145566718,-0.237364622,0.3410388953,-0.1036742733,Aliona Bolsova Zadoinov,28.39067563,2026-03-28 11:33:08,76,183,28.89171261,0.4252884976,-0.9140939997,0.484980656,0.0701505311,-0.3527519775,-0.1219772665,-0.4519212938,0.4259451643,-1.152538742,0.2486961546,0.06319690595,0.2370892354,0.4449885553,0.1264822235,0.4241235184,-0.571138884,0.8241033309,0.09769609982,-0.2643700574,0.05702151083,-0.3182309451,0.4469455791,-1.053391002,0.4169291117
300,-1,2026-09-27,GQ68ufRu,2026-09-27,2026-09-12,-0.2148776789,-0.0453493049,0.1274660561,-0.0821167512,Carole Monnet,24.78229437,2026-09-12 13:07:54,29,15,24.82336298,0.2660784939,-0.6525378547,0.2227824969,0.09597162088,-0.2032085736,0.1125099638,-0.2602269838,0.2822965928,-0.7245635584,0.2041095908,0.08665630886,-0.01507088783,0.270003,-0.08741162282,0.2630049693,-0.5200163005,0.3451930548,0.1240819268,-0.2862133585,0.1219798561,-0.2969944301,0.3092676948,-0.8056945196,0.2117056593
301,0,2026-09-27,C6LIOynL,2026-09-27,2026-02-21,-0.2152672876,0.1498090704,-0.1420116799,-0.007797390516,Mariia Tkacheva,24.18223227,2026-02-21 09:05:43,6,218,24.779096,0.4858129573,-1.014358492,0.5838239172,0.1377961285,-0.0768453913,0.3764635321,-0.06545821721,0.4744137682,-0.8457994245,0.7148829901,0.1389859785,-0.3706232707,0.08659991085,-0.3572789675,0.5101592059,-1.196416188,0.4818582527,0.1589353522,-0.2692227811,0.2536280001,-0.2230646782,0.5350487557,-1.103141565,0.6570122082
302,0,2026-09-27,U1ZWDeaH,2026-09-27,2026-01-31,-0.2158053361,0.02403499979,-0.01201749989,-0.01201749989,Julie Pastikova,17.6707156,2026-01-31 02:18:44,1,239,18.32507537,0.5301766429,-1.08786831,0.6562576379,0.1571994806,-0.2345351361,0.2826051356,-0.1917703363,0.5112442634,-1.032692317,0.6491516446,0.1589861142,-0.2735263865,0.2494913867,-0.227822836,0.5732172219,-1.170681262,0.7150355905,0.1589861142,-0.2735263865,0.2494913867,-0.227822836,0.5732172219,-1.170681262,0.7150355905
303,-48,2026-09-27,jViJUf2q,2026-09-27,2026-09-21,-0.2174512619,-0.01139301075,0.00330065531,0.008092355442,Mei Yamaguchi,27.27499887,2026-09-21 23:43:50,19,6,27.29142631,0.2318090282,-0.5987431827,0.163840659,0.1379042209,-0.2382252687,0.2154392472,-0.2288442726,0.1868268446,-0.5361470856,0.0784585404,0.1393695178,-0.2259418015,0.2325431121,-0.2141506065,0.2935641347,-0.6970206382,0.2687194251,0.1589525285,-0.2533612876,0.2695459984,-0.2093589064,0.3222257728,-0.7393731374,0.3206553246
304,19,2026-09-27,4Um0wVmD,2026-09-27,2026-09-27,-0.2207195863,-0.02402759067,0.04886079299,-0.02483320232,Xiaodi You,30.37965859,2026-09-27 22:37:08,52,0,30.37965859,0.3308234735,-0.7648757766,0.3234366041,0.1094342689,-0.2040309447,0.1559757634,-0.2447471769,0.332809104,-0.7921694387,0.3026750849,0.110127764,-0.132283259,0.230004845,-0.1718587933,0.3359011001,-0.7243669361,0.3806493496,0.1582237081,-0.2850880425,0.2354216378,-0.2455527886,0.392275144,-0.8907879819,0.3996824048
305,-2,2026-09-27,6VtVgRxH,2026-09-27,2026-08-22,-0.2216045529,-0.182915232,0.1982935019,-0.01537826988,Caroline Werner,30.37315366,2026-08-22 13:35:52,12,36,30.47171831,0.2702581039,-0.6661395753,0.2229304695,0.1139676961,-0.3703754103,0.004544946349,-0.4045197848,0.263704016,-0.838274292,0.02923472231,0.1136953477,0.01128129678,0.3853057069,-0.02331105102,0.277920444,-0.4804495013,0.4338273993,0.1589225902,-0.2767826687,0.246026129,-0.2369828228,0.3514404707,-0.8150509556,0.3410853101
306,-2,2026-09-27,8hvtJI4d,2026-09-27,2026-02-06,-0.2370249546,-0.01718592589,-0.2508857361,0.268071662,Arina Rodionova,36.14649479,2026-02-06 05:40:01,75,233,36.78442712,0.4584614005,-0.9911268521,0.5170769429,0.06197213791,-0.1191210217,0.08474916991,-0.2542108805,0.4544584376,-1.00172849,0.493306729,0.07384247715,-0.3723458025,-0.1294256698,-0.4879106907,0.4667561168,-1.255656182,0.279834801,0.08292867266,0.131666134,0.40447719,0.03104670744,0.4715265053,-0.744545375,0.8066387899
307,7,2026-09-27,bw2fEE7H,2026-09-27,2026-09-27,-0.2386241556,0.09864073557,-0.1165065956,0.01786586002,Yexin Ma,27.30223638,2026-09-27 22:29:23,25,0,27.30223638,0.1995998595,-0.5669367085,0.08968839718,0.1161127537,-0.09234774853,0.2896292197,-0.1399834201,0.1676284041,-0.4157076085,0.1357407684,0.1334958993,-0.3360878098,0.1030746186,-0.3551307512,0.2613861352,-0.7850726838,0.07481118129,0.1363086914,-0.2063419854,0.2420737055,-0.2207582956,0.2701512618,-0.6651175784,0.2236009872
308,1,2026-09-27,0KWEkyPI,2026-09-27,2026-07-18,-0.2454373935,-0.03628300365,0.0500483569,-0.01376535325,Elena Micic,22.01317811,2026-07-18 03:33:25,5,71,22.20756951,0.2980425576,-0.7356737753,0.2447989884,0.1327323099,-0.2546082251,0.1820422178,-0.2817203971,0.314149023,-0.7984495569,0.2350087627,0.1323668823,-0.1676757896,0.2677725034,-0.1953890366,0.2995385536,-0.6880861129,0.2973080398,0.1589312924,-0.275184066,0.2476533595,-0.2592027467,0.3721198168,-0.871285377,0.3528798835
309,-3,2026-09-27,046jJj30,2026-09-27,2026-02-02,-0.2478879647,-0.07675196717,0.1125923763,-0.03584040909,Ana Bogdan,33.18972447,2026-02-02 07:09:02,167,237,33.83860843,0.488375458,-1.051194108,0.5554181788,0.04808692275,-0.1558479165,0.002343982124,-0.3246399319,0.4869467881,-1.125596122,0.4763162587,0.04142021547,0.04446218462,0.1807225679,-0.1352955885,0.4898760602,-0.9410700029,0.670478826,0.05989026704,-0.1343511321,0.06267031387,-0.2837283738,0.4960351456,-1.099633582,0.5321768345
310,-2,2026-09-27,ILn43dk2,2026-09-27,2026-09-12,-0.2479319656,0.2674557428,-0.2785895709,0.01113382803,Cadence Brace,21.54641272,2026-09-12 15:58:32,15,15,21.58748133,0.2702510948,-0.6924554591,0.1965915278,0.1307442743,0.05240054912,0.4825109366,0.01952377722,0.2559601004,-0.4014931222,0.4405406766,0.1338035057,-0.4986767525,-0.05850238923,-0.5265215365,0.3071112217,-1.031674543,-0.02136852968,0.157889072,-0.2485705847,0.2708382407,-0.2367981376,0.3452542392,-0.8046908252,0.33109455
311,-4,2026-09-27,8fh5VQUc,2026-09-27,2026-07-22,-0.2533120765,0.03742901487,-0.1360829073,0.09865389244,Oceane Dodin,29.74285799,2026-07-22 08:32:22,120,67,29.92629776,0.2843916922,-0.721094783,0.2144706299,0.05438890684,-0.05203277581,0.1268908055,-0.2158830616,0.28647669,-0.6870952842,0.2553291609,0.04835798845,-0.21562472,-0.05654109461,-0.3893949838,0.2877753147,-0.8627432539,0.08395328625,0.07230822469,-0.0202825532,0.2175903381,-0.1546581841,0.2971153073,-0.6433693748,0.3340530067
312,-2,2026-09-27,l2FaZpEP,2026-09-27,2026-05-19,-0.2652936436,-0.1363548896,0.1859349985,-0.04958010894,Laura Pigossi,31.79620665,2026-05-19 07:49:27,66,131,32.15487247,0.3805429784,-0.8912311418,0.3606438547,0.08324781961,-0.2732853676,0.0005755884386,-0.4016485332,0.3813041137,-1.028837987,0.2255409212,0.07748624241,0.05848147166,0.3133885254,-0.07935864505,0.375425985,-0.6968794382,0.5381621481,0.1291920097,-0.2620820546,0.1629218368,-0.3148737525,0.4215759369,-1.008304461,0.3785569563
313,-2,2026-09-27,8n1YQPdf,2026-09-27,2026-07-26,-0.2756360813,0.09524749122,-0.01300358087,-0.08224391036,Johnson S.,,2026-07-26 16:48:57,4,63,,0.2875257701,-0.7485738871,0.1973017245,0.1320595245,-0.1219710966,0.3124660791,-0.1803885901,0.2875260484,-0.6533268536,0.2925496735,0.1589288842,-0.2744183325,0.2484111708,-0.2886396621,0.3642384236,-0.8877585542,0.3104792299,0.131659756,-0.2988049376,0.1343171168,-0.3578799916,0.304474543,-0.8586960481,0.1429360648
314,-2,2026-09-27,0flvkwYe,2026-09-27,2026-07-21,-0.2767693077,-0.2317198886,0.08590732433,0.1458125643,Jule Niemeier,26.94184194,2026-07-21 07:20:13,141,68,27.12801962,0.2859174858,-0.7470617212,0.1935231058,0.05034373265,-0.3145279599,-0.1489118174,-0.5084891963,0.2918150974,-0.9884823177,-0.02849607493,0.04253555277,0.01594256609,0.1558720826,-0.1908619834,0.2838442702,-0.6577442607,0.276020294,0.05237373241,0.05966544057,0.231959688,-0.1309567434,0.2942950522,-0.6150290274,0.3531155405
315,0,2026-09-27,MH2AijkO,2026-09-27,2026-08-26,-0.2867538276,-0.08727915281,0.09457208941,-0.007292936609,Angela Fita Boluda,27.1262904,2026-08-26 16:10:44,6,32,27.21390342,0.2898594617,-0.7635302145,0.1900225593,0.142822861,-0.3222018537,0.1476435481,-0.3740329804,0.2893758895,-0.8500139619,0.101948001,0.1412603569,-0.137780521,0.3269246999,-0.1921817382,0.3151302275,-0.7105248359,0.3261613595,0.1589409419,-0.2687275214,0.2541416482,-0.2940467642,0.3669129842,-0.897564917,0.3094713885
316,5,2026-09-27,E7Qsrcge,2026-09-27,2026-08-25,-0.2891104649,0.02736627868,-0.01368313934,-0.01368313934,Annika Penickova,16.95472503,2026-08-25 14:04:04,1,33,17.04507596,0.3523898476,-0.8687401838,0.290519254,0.1572094697,-0.2312202877,0.2859528451,-0.2617441862,0.3234971735,-0.7938496853,0.2703613129,0.1589885835,-0.2751960875,0.2478298089,-0.3027936042,0.4142191144,-0.9841234169,0.3785362085,0.1589885835,-0.2751960875,0.2478298089,-0.3027936042,0.4142191144,-0.9841234169,0.3785362085
317,-1,2026-09-27,WUf6std4,2026-09-27,2026-05-19,-0.2988536678,-0.01786284533,0.03572569066,-0.01786284533,Eva Guerrero Alvarez,26.70597604,2026-05-19 03:46:44,2,131,27.06464186,0.483499475,-1.094139533,0.4964321973,0.158969839,-0.2793449616,0.243619271,-0.3167165131,0.5325213172,-1.192636133,0.559203107,0.1571336295,-0.2227361297,0.2941875111,-0.2631279771,0.4575927417,-1.015801058,0.4895451038,0.158969839,-0.2793449616,0.243619271,-0.3167165131,0.5325213172,-1.192636133,0.559203107
318,-1,2026-09-27,Y5L9UXnn,2026-09-27,2026-08-25,-0.3012200164,0.03004432952,-0.01502216476,-0.01502216476,Alice Tubello,25.56821571,2026-08-25 14:22:36,2,33,25.65856664,0.3484956682,-0.8744443803,0.2720043475,0.1571368592,-0.2284228033,0.2885114624,-0.2711756869,0.3115603653,-0.7836468838,0.24129551,0.1589706371,-0.2765055939,0.2464612643,-0.3162421812,0.4138315784,-0.9969345539,0.3644501916,0.1589706371,-0.2765055939,0.2464612643,-0.3162421812,0.4138315784,-0.9969345539,0.3644501916
319,-1,2026-09-27,n56of0fd,2026-09-27,2026-06-06,-0.30305101,-0.00196721145,-0.00196721145,0.0039344229,Anouck Vrancken Peeters,23.31116605,2026-06-06 05:29:08,2,113,23.62054954,0.4307593861,-1.011587149,0.4054851285,0.1589684193,-0.2634469924,0.2595125695,-0.3050182215,0.4847963469,-1.102437251,0.4924008081,0.1589684193,-0.2634469924,0.2595125695,-0.3050182215,0.4847963469,-1.102437251,0.4924008081,0.157127884,-0.2545179469,0.2623867927,-0.2991165871,0.4022897447,-0.9608243328,0.3625911586
320,0,2026-09-27,4tDEgmxI,2026-09-27,2026-09-20,-0.3164704608,-0.0083538893,0.00417694465,0.00417694465,Xinxin Yao,22.92162649,2026-09-20 22:51:07,8,7,22.94079184,0.2567926626,-0.7388568032,0.1059158816,0.1571153226,-0.2667855975,0.2500778189,-0.3248243501,0.2032879634,-0.659203294,0.009554593796,0.1589653154,-0.2572977309,0.2656516202,-0.3122935161,0.3403869755,-0.8721802673,0.2475932351,0.1589653154,-0.2572977309,0.2656516202,-0.3122935161,0.3403869755,-0.8721802673,0.2475932351
321,-2,2026-09-27,bD5rNiLq,2026-09-27,2026-02-02,-0.3186591966,0.02060402631,-0.01030201315,-0.01030201315,Elena Ruxandra Bertea,19.74611426,2026-02-02 02:53:00,1,237,20.39499822,0.518525819,-1.171558271,0.5342398775,0.1571604645,-0.2379019338,0.2791099864,-0.2980551702,0.4984142103,-1.117873592,0.5217632513,0.1589764707,-0.2717950376,0.2511910113,-0.3289612097,0.5627773974,-1.254647653,0.5967252335,0.1589764707,-0.2717950376,0.2511910113,-0.3289612097,0.5627773974,-1.254647653,0.5967252335
322,0,2026-09-27,UZAhfYfD,2026-09-27,2025-10-30,-0.3522238693,0.007268904176,-0.003634452088,-0.003634452088,Sahaja Yamalapalli,24.13813872,2025-10-30 06:34:45,3,332,25.04712385,0.5662152597,-1.283565093,0.5791173542,0.1571069259,-0.2511489928,0.2656868011,-0.3449549651,0.5443707924,-1.240365237,0.5504553072,0.1589632407,-0.2651057151,0.2578368109,-0.3558583214,0.6085560004,-1.356843866,0.645127223,0.1589632407,-0.2651057151,0.2578368109,-0.3558583214,0.6085560004,-1.356843866,0.645127223
323,1,2026-09-27,6RyhIQeJ,2026-09-27,2026-05-17,-0.3567135369,-0.01307951314,0.02615902629,-0.01307951314,Anastasia Zolotareva,24.32729441,2026-05-17 08:41:02,2,133,24.69143604,0.4126919978,-1.035531466,0.3221043924,0.1589603019,-0.2745459423,0.248386916,-0.3697930501,0.4677389139,-1.139155099,0.399568999,0.1570950316,-0.2322393062,0.2845573588,-0.3305545106,0.3854870633,-0.9646243049,0.3035152836,0.1589603019,-0.2745459423,0.248386916,-0.3697930501,0.4677389139,-1.139155099,0.399568999
324,1,2026-09-27,ABglESTl,2026-09-27,2026-03-16,-0.3625382024,0.02030218285,-0.01015109143,-0.01015109143,Monika Ekstrand,18.87413845,2026-03-16 15:18:01,1,195,19.40803031,0.4812170794,-1.154069861,0.4289934561,0.1571430858,-0.2381751917,0.2787795574,-0.3422360195,0.4591186408,-1.097418981,0.4129469419,0.1589721758,-0.2716370514,0.2513348686,-0.3726892938,0.5287522866,-1.24240941,0.4970308225,0.1589721758,-0.2716370514,0.2513348686,-0.3726892938,0.5287522866,-1.24240941,0.4970308225
325,,2026-09-27,WWkxyOw9,2026-09-27,2026-09-21,-0.3732924008,0.002346766209,-0.001173383104,-0.001173383104,Dayeon Back,24.65779575,2026-09-21 01:47:57,8,6,24.67422319,0.3210674981,-0.9014014395,0.154816638,0.157030755,-0.2559458406,0.2606393731,-0.3709456345,0.2801404922,-0.8317357391,0.08984447006,0.1589444238,-0.262613695,0.2602669288,-0.3744657839,0.3911263461,-1.017811373,0.2688798052,0.1589444238,-0.262613695,0.2602669288,-0.3744657839,0.3911263461,-1.017811373,0.2688798052
326,1,2026-09-27,pfzOoOF5,2026-09-27,2026-03-28,-0.3849556695,0.1834557243,-0.1733025106,-0.01015321367,Usue Maitane Arconada,27.41576744,2026-03-28 09:40:57,23,183,27.91680442,0.4488188691,-1.123197014,0.3532856753,0.1151236126,-0.005905767473,0.3728172161,-0.2014999452,0.4592690043,-0.9569302327,0.5539303424,0.1158257331,-0.3638188878,0.01721386658,-0.5582581801,0.4395533546,-1.28125911,0.1647427495,0.159114714,-0.2718736281,0.2515672007,-0.3951088831,0.5021618273,-1.221091586,0.4308738198
327,2,2026-09-27,SUQJXzNH,2026-09-27,2026-06-20,-0.3894362082,-0.01203320441,0.07169954719,-0.05966634279,Mariella Thamm,16.8307314,2026-06-20 07:09:43,2,99,17.1017842,0.3860373536,-1.024411149,0.2455387331,0.1589585114,-0.2734966885,0.2494302797,-0.4014694126,0.446657371,-1.136155409,0.3332165842,0.1495506509,-0.1742893833,0.3176884777,-0.317736661,0.4273729232,-1.020702564,0.3852292418,0.1507778296,-0.3076738027,0.1883411172,-0.4491025509,0.3678195918,-1.054111941,0.1559068387
328,3,2026-09-27,dbDr0LD8,2026-09-27,2026-05-20,-0.3898581296,-0.01050495392,0.02100990783,-0.01050495392,Matilde Jorge,22.11758582,2026-05-20 06:46:34,2,130,22.47351373,0.4019454813,-1.050999612,0.2712833532,0.1589543323,-0.2719615639,0.250951656,-0.4003630836,0.4585380522,-1.154591062,0.3538648947,0.1570708682,-0.2373486793,0.279368495,-0.3688482218,0.373323501,-0.9829107364,0.2452142928,0.1589543323,-0.2719615639,0.250951656,-0.4003630836,0.4585380522,-1.154591062,0.3538648947
329,-1,2026-09-27,2HWgFEu7,2026-09-27,2026-02-06,-0.39437267,-0.1542058142,0.06580009123,0.08840572295,Aleksandra Krunic,32.89948199,2026-02-06 06:56:14,115,233,33.53741432,0.4657581588,-1.160476667,0.3717313268,0.05662770288,-0.2473500966,-0.06106153172,-0.5485784842,0.4627667569,-1.309762063,0.2126050944,0.04846575563,-0.0139189827,0.1455191652,-0.3285725788,0.4692379796,-1.100400371,0.4432552138,0.06577902927,-0.01979115192,0.1966025978,-0.3059669471,0.4757490322,-1.088504468,0.476570574
330,0,2026-09-27,4WddiMUL,2026-09-27,2026-08-02,-0.3952530073,-0.02529585899,0.01264792949,0.01264792949,Ariana Arseneault,24.13344457,2026-08-02 13:25:52,4,56,24.28676737,0.3541810009,-0.9778289112,0.1873228966,0.1571468009,-0.2837793444,0.2331876264,-0.4205488663,0.3174755918,-0.942749745,0.1016520124,0.1589730939,-0.2488395407,0.2741353997,-0.3826050778,0.4187969669,-1.071464788,0.3062546322,0.1589730939,-0.2488395407,0.2741353997,-0.3826050778,0.4187969669,-1.071464788,0.3062546322
331,1,2026-09-27,UkeC7r9J,2026-09-27,2026-08-25,-0.3970958081,-0.1477821441,0.2585151106,-0.1107329664,Polona Hercog,35.59661545,2026-08-25 09:31:25,96,33,35.68696638,0.3146263858,-0.91461016,0.1204185438,0.0655973159,-0.2556801271,-0.03988416114,-0.5448779522,0.3078611821,-1.051264534,-0.03849137022,0.06099951919,0.1581798302,0.3588503909,-0.1385806975,0.3250955736,-0.6733153308,0.3961539358,0.07069719175,-0.2270194987,0.005553565829,-0.5078287745,0.3309466584,-1.052187586,0.03653003689
332,2,2026-09-27,SjItfRhp,2026-09-27,2026-05-04,-0.4096541262,-0.1330794669,0.1385963666,-0.005516899732,Giorgia Pedone,21.67380617,2026-05-04 04:41:01,6,146,22.07354059,0.4237526296,-1.106665176,0.2873569235,0.1363361469,-0.3573324726,0.09117353881,-0.5427335931,0.4552329921,-1.291525231,0.2060580451,0.1349988601,-0.08345699798,0.3606497312,-0.2710577596,0.4047481373,-0.9368092012,0.394693682,0.1589395034,-0.2669491183,0.2559153189,-0.415171026,0.4792856605,-1.203525783,0.3731837311
333,0,2026-09-27,UTOJG35K,2026-09-27,2026-06-20,-0.4106339966,-0.2362244872,-0.0868837117,0.3231081989,Emily Appleton,26.80232416,2026-06-20 08:20:57,20,99,27.07337695,0.3579779132,-0.9994552656,0.1781872723,0.1014195781,-0.4030448481,-0.0694041263,-0.6468584839,0.3723462143,-1.259313505,-0.03440346279,0.1067187932,-0.2624205057,0.08865308232,-0.4975177083,0.3880172012,-1.135749209,0.1407137923,0.1015921878,0.1560039204,0.4902124774,-0.08752579772,0.3567090014,-0.6742598924,0.499208297
334,1,2026-09-27,pfozD7X0,2026-09-27,2026-07-12,-0.4142248427,-0.04249497723,0.03726784928,0.005227127952,Maria Sara Popa,20.95417057,2026-07-12 08:29:15,7,77,21.16498941,0.3630563831,-1.011399451,0.1829497658,0.1313505862,-0.2585474653,0.1735575109,-0.4567198199,0.3927918788,-1.102804966,0.1893653265,0.1323590008,-0.1804433333,0.2549790318,-0.3769569934,0.3444721074,-0.9435631886,0.1896492018,0.1589571492,-0.2562341155,0.2666883714,-0.4089977147,0.4272266097,-1.111722953,0.2937275237
335,2,2026-09-27,dj48my8Q,2026-09-27,2026-01-01,-0.4230277436,0.01616163648,-0.008080818241,-0.008080818241,Alana Subasic,18.81462763,2026-01-01 21:38:21,1,269,19.55112461,0.5373353455,-1.306865736,0.4608102483,0.1571424011,-0.2423146119,0.2746378849,-0.4068661071,0.5176257473,-1.258284695,0.4445524807,0.1589720066,-0.2695665,0.2534048635,-0.4311085619,0.5802970525,-1.385612273,0.5233951496,0.1589720066,-0.2695665,0.2534048635,-0.4311085619,0.5802970525,-1.385612273,0.5233951496
336,4,2026-09-27,0AUSOSrC,2026-09-27,2026-05-19,-0.4257785311,-0.01189872725,0.02379745451,-0.01189872725,Amandine Monnot,24.28017167,2026-05-19 03:36:52,1,131,24.63883749,0.4295147731,-1.132267463,0.2807104013,0.1589744449,-0.2733884196,0.2495909651,-0.4376772584,0.4820867717,-1.230639433,0.3552849166,0.1571522675,-0.2346950227,0.2822899317,-0.4019810766,0.404816123,-1.067844345,0.2638821916,0.1589744449,-0.2733884196,0.2495909651,-0.4376772584,0.4820867717,-1.230639433,0.3552849166
337,1,2026-09-27,IaIL1xKN,2026-09-27,2026-05-18,-0.4263752476,-0.01358165936,0.005810676261,0.007770983097,Selena Janicijevic,23.82096088,2026-05-18 10:15:19,24,132,24.1823646,0.3870542325,-1.063022806,0.2102723105,0.1181638272,-0.2079438592,0.1807805405,-0.439956907,0.4075568594,-1.110328285,0.2304144714,0.1172643366,-0.1870719932,0.1986933457,-0.4205645714,0.3690361186,-1.027574969,0.1864458267,0.1589618791,-0.2536980403,0.2692400065,-0.4186042645,0.447353529,-1.154435339,0.3172268101
338,1,2026-09-27,tOEf0dHf,2026-09-27,2026-03-28,-0.4274572773,-0.1046903877,0.1096253809,-0.004934993187,Alicia Herrero Linana,27.24704445,2026-03-28 18:41:14,6,183,27.74808144,0.4588544085,-1.182205615,0.3272910607,0.1339574683,-0.3250308154,0.1156500399,-0.532147665,0.4810524533,-1.323408538,0.2591132076,0.1331406634,-0.1093715221,0.328622284,-0.3178318963,0.4476959622,-1.054226224,0.4185624308,0.1589309546,-0.2663531503,0.256483164,-0.4323922705,0.5106163482,-1.272281423,0.4074968818
339,-3,2026-09-27,UeOQUfIb,2026-09-27,2026-07-18,-0.4310250269,0.02348622808,-0.01174311404,-0.01174311404,Zoldakova D.,,2026-07-18 05:15:19,1,71,,0.3678906755,-1.036151339,0.1741012849,0.1571426026,-0.2349903518,0.2819628079,-0.4075387989,0.3384589918,-0.9642542991,0.1491767014,0.1589720564,-0.2732288777,0.2497426496,-0.442768141,0.4282021632,-1.147098022,0.2615617402,0.1589720564,-0.2732288777,0.2497426496,-0.442768141,0.4282021632,-1.147098022,0.2615617402
340,31,2026-09-27,8Ck3Vpyk,2026-09-27,2026-09-18,-0.4354978054,-0.006316588932,0.003158294466,0.003158294466,Haruka Kaji,31.9840445,2026-09-18 22:22:37,12,9,32.00868566,0.3139884826,-0.9519628999,0.08096728906,0.1576252862,-0.2655871127,0.2529539349,-0.4418143943,0.2715956975,-0.8885495624,0.004920773734,0.159091477,-0.2585238985,0.2648404874,-0.4323395109,0.3856604762,-1.066694544,0.2020155221,0.159091477,-0.2585238985,0.2648404874,-0.4323395109,0.3856604762,-1.066694544,0.2020155221
341,0,2026-09-27,d2HpmHB6,2026-09-27,2026-07-13,-0.4403869927,0.008345203037,-0.01027558449,0.001930381449,Zhibek Kulambayeva,26.29816568,2026-07-13 04:59:12,8,76,26.50624661,0.3412292622,-1.001659182,0.1208851968,0.1530858942,-0.2434586852,0.2601490913,-0.4320417897,0.4023394488,-1.093831291,0.2297477119,0.1545925622,-0.2645577211,0.2440065522,-0.4506625772,0.304335312,-0.951249619,0.04992446459,0.1589649081,-0.2595436241,0.263404387,-0.4384566113,0.4091689226,-1.111479598,0.2345663752
342,5,2026-09-27,63CooUWo,2026-09-27,2026-09-19,-0.4586593386,0.002550071598,-0.0005692746509,-0.001980796947,Sara Saito,19.96479109,2026-09-19 23:45:54,14,8,19.98669434,0.2368505687,-0.8482438556,-0.06907482156,0.1370951173,-0.2229513293,0.2280514725,-0.456109267,0.2106227696,-0.8025528935,-0.1096656405,0.1385673741,-0.2284923225,0.2273537732,-0.4592286133,0.284414571,-0.9270489519,0.008591725418,0.1589467947,-0.2634250087,0.2594634148,-0.4606401355,0.3260384155,-0.9969256058,0.07564533466
343,0,2026-09-27,Oxue6Cgb,2026-09-27,2026-07-14,-0.4609288819,-0.3503360635,0.3361022802,0.0142337833,Ipek Oz,26.93369464,2026-07-14 07:55:09,27,75,27.13903767,0.3154122079,-0.9797357961,0.05787803231,0.1081655206,-0.5282525123,-0.1724196147,-0.8112649454,0.3285645776,-1.351705583,-0.2708243082,0.1075037871,0.1592742861,0.5129302742,-0.1248266017,0.2985260361,-0.6158582349,0.3662050315,0.1590339957,-0.2473538614,0.275821428,-0.4466950986,0.3872089393,-1.083597127,0.1902069297
344,-2,2026-09-27,0p23zV42,2026-09-27,2026-07-25,-0.4612379904,0.06994104433,-0.06181241388,-0.008128630451,Carolyn Ansari,25.57079854,2026-07-25 13:01:02,2,64,25.74602458,0.3262183445,-0.9978194175,0.0753434367,0.1437835303,-0.1665618169,0.3064439056,-0.391296946,0.3197635267,-0.9172611427,0.1346672506,0.1431832042,-0.2973278267,0.1737029989,-0.5230504043,0.3565438004,-1.109512767,0.06341195895,0.1589489952,-0.2695764617,0.2533192008,-0.4693666208,0.395376968,-1.119703861,0.180970619
345,-1,2026-09-27,p0DXmPLa,2026-09-27,2026-05-19,-0.4696670212,-0.01472249292,0.02944498585,-0.01472249292,Julie Belgraver,23.87525798,2026-05-19 06:12:50,4,131,24.2339238,0.4034377908,-1.133263135,0.1939290924,0.1589834147,-0.2762269392,0.2467819534,-0.4843895141,0.4609576678,-1.242597406,0.2738183777,0.1571885595,-0.2291071864,0.2879971581,-0.4402220353,0.3722659074,-1.052544963,0.1721008926,0.1589834147,-0.2762269392,0.2467819534,-0.4843895141,0.4609576678,-1.242597406,0.2738183777
346,0,2026-09-27,M7dojKaa,2026-09-27,2026-08-30,-0.4725546609,0.0538420478,-0.2252915213,0.1714494735,Venus Williams,46.20480787,2026-08-30 23:01:44,85,28,46.28146926,0.2230794686,-0.839487734,-0.1056215879,0.06100455925,-0.04650152274,0.1541856183,-0.4187126131,0.2174407325,-0.7763707906,-0.06105443565,0.07129699246,-0.342564638,-0.1080184047,-0.6978461822,0.2414712371,-1.095031022,-0.300661342,0.07168338009,0.05354080579,0.2893581413,-0.3011051874,0.2400996497,-0.6960339671,0.09382359234
347,-2,2026-09-27,SEevun8U,2026-09-27,2026-03-28,-0.4778877825,0.176950994,-0.1847992322,0.007848238226,Haley Giavara,25.44762707,2026-03-28 13:19:06,5,183,25.94866405,0.4545739122,-1.225595331,0.2698197657,0.1282171202,-0.03394740116,0.3878493891,-0.3009367885,0.4722578047,-1.077731751,0.4758581744,0.1282781676,-0.3957980415,0.02619957704,-0.6626870147,0.4448824431,-1.394453515,0.06907948542,0.1589408164,-0.2535861402,0.2692826166,-0.4700395443,0.5070715965,-1.304098099,0.3640190103
348,35,2026-09-27,YZQnwtm9,2026-09-27,2026-09-27,-0.483043618,-0.2291979292,0.2411319879,-0.01193405872,Irene Burillo Escorihuela,29.18331536,2026-09-27 23:41:22,29,0,29.18331536,0.3504170918,-1.059428442,0.09334120632,0.111175646,-0.4120655937,-0.04633026469,-0.7122415472,0.3581583265,-1.30135957,-0.1231235248,0.1103124247,0.05968419601,0.4225797798,-0.2419116302,0.3415970513,-0.8037887789,0.3199655186,0.1589367914,-0.2733618165,0.2494936991,-0.4949776768,0.4161733308,-1.179521889,0.1895665359
349,1,2026-09-27,UanvYI54,2026-09-27,2026-09-12,-0.4913943396,0.005293575159,-0.00264678758,-0.00264678758,Ena Koike,19.81015552,2026-09-12 12:15:27,5,15,19.85122413,0.3528707048,-1.071814998,0.08902631904,0.1571005098,-0.2531137683,0.2637009186,-0.4861007644,0.3161236348,-1.006077872,0.0338763428,0.1589616554,-0.264115443,0.2588218679,-0.4940411271,0.417634551,-1.180988833,0.1929065788,0.1589616554,-0.264115443,0.2588218679,-0.4940411271,0.417634551,-1.180988833,0.1929065788
350,-2,2026-09-27,ltparF2J,2026-09-27,2026-05-16,-0.4932712937,0.005512334057,-0.01102466811,0.005512334057,Diletta Cherubini,24.02016101,2026-05-16 04:24:28,3,134,24.38704055,0.4387916494,-1.21501933,0.2284767422,0.1589901257,-0.2560031508,0.2670278189,-0.4877589597,0.4923854769,-1.297660997,0.3221430779,0.1572157081,-0.2696214958,0.2475721595,-0.5042959618,0.4098779305,-1.178485162,0.1698932388,0.1589901257,-0.2560031508,0.2670278189,-0.4877589597,0.4923854769,-1.297660997,0.3221430779
351,-2,2026-09-27,UF9Kx4PB,2026-09-27,2026-05-19,-0.4952015143,-0.117479355,0.1102195989,0.007259756149,Berfu Cengiz,26.58581114,2026-05-19 06:26:06,17,131,26.94447696,0.3920135462,-1.140006418,0.149603389,0.1265245203,-0.3255936712,0.09063496114,-0.6126808693,0.408666613,-1.28487763,0.05951589125,0.1255529585,-0.09629664033,0.3167358381,-0.3849819154,0.3833390157,-1.015518486,0.2455546549,0.1590692726,-0.2543859139,0.2689054262,-0.4879417581,0.4518204211,-1.231120217,0.2552367002
352,-1,2026-09-27,GG57VeBq,2026-09-27,2026-09-12,-0.50224035,-0.1043569422,0.08875111113,0.0156058311,Victoria Bosio,31.94494367,2026-09-12 15:37:34,3,15,31.98601227,0.3567267519,-1.089003642,0.08452294169,0.1498018643,-0.3507590821,0.1420451976,-0.6065972922,0.391526551,-1.25060116,0.03740657516,0.1488990507,-0.1561660325,0.3336682547,-0.4134892389,0.361101164,-1.007447798,0.1804693204,0.1580290331,-0.2443287972,0.2755404594,-0.4866345189,0.4094624977,-1.160140393,0.1868713555
353,-1,2026-09-27,lYIXolpg,2026-09-27,2026-05-19,-0.5064754395,-0.01095062406,0.02190124812,-0.01095062406,Ayana Akli,24.86948575,2026-05-19 09:26:08,2,131,25.22815157,0.4104438059,-1.181595422,0.1686445433,0.1590139981,-0.2725053756,0.2506041275,-0.5174260636,0.4665740329,-1.284872054,0.2500199266,0.1573122532,-0.2368543822,0.2806568784,-0.4845741914,0.3812187632,-1.111623257,0.1424748738,0.1590139981,-0.2725053756,0.2506041275,-0.5174260636,0.4665740329,-1.284872054,0.2500199266
354,2,2026-09-27,vP3vu5nm,2026-09-27,2026-09-20,-0.5118470037,-0.0642413896,0.06646693117,-0.002225541577,Viktoria Morvayova,25.5310375,2026-09-20 00:28:45,10,7,25.55020285,0.2343984213,-0.8973980971,-0.1262959103,0.1294843024,-0.2772241141,0.1487413349,-0.5760883933,0.2196372297,-0.9373594872,-0.2148172995,0.1307041442,-0.1485222545,0.2814561169,-0.4453800725,0.2655111477,-0.8821070468,-0.008653098296,0.158931657,-0.263644854,0.2591937709,-0.5140725453,0.3243458139,-1.047573934,0.01942884305
355,29,2026-09-27,dfAUd6JU,2026-09-27,2026-09-27,-0.5155220284,-0.008997130864,0.004498565432,0.004498565432,Yufei Ren,20.46568259,2026-09-27 22:29:23,7,0,20.46568259,0.3022181992,-1.01262673,-0.01841732726,0.157043473,-0.267310657,0.2493163953,-0.5245191593,0.258347612,-0.9494631658,-0.09957515274,0.1589475651,-0.2569469135,0.2659440443,-0.511023463,0.3758027013,-1.129163899,0.1071169732,0.1589475651,-0.2569469135,0.2659440443,-0.511023463,0.3758027013,-1.129163899,0.1071169732
356,-1,2026-09-27,OzMSCMPd,2026-09-27,2026-09-19,-0.5228696542,0.001339204118,-0.0006696020588,-0.0006696020588,Rina Saigo,25.92294395,2026-09-19 03:51:38,10,8,25.94484721,0.2799182894,-0.9832942677,-0.06244504071,0.1570621321,-0.2570050134,0.2596834217,-0.5215304501,0.2318358223,-0.9028664432,-0.140194457,0.1589521742,-0.2621226623,0.2607834581,-0.5235392563,0.3581305616,-1.112611609,0.06553309694,0.1589521742,-0.2621226623,0.2607834581,-0.5235392563,0.3581305616,-1.112611609,0.06553309694
357,-3,2026-09-27,d6ZNKeZR,2026-09-27,2026-07-20,-0.5305044266,0.03174043439,-0.02947348886,-0.002266945531,Elena Malygina,26.14744919,2026-07-20 03:49:59,9,69,26.33636477,0.3393449082,-1.08867713,0.02766827653,0.1399134997,-0.198396793,0.2618776618,-0.4987639922,0.3851793731,-1.132327681,0.1347996967,0.1392389503,-0.2585011813,0.1995542036,-0.5599779154,0.3096062892,-1.069234943,-0.05072088767,0.1589533285,-0.2637219045,0.2591880134,-0.5327713721,0.4067863441,-1.201875366,0.1363326214
358,-5,2026-09-27,EkbAYvzQ,2026-09-27,2026-09-18,-0.5307482763,0.1825137354,-0.1866924819,0.004178746535,Sofya Lansere,25.97173536,2026-09-18 23:33:26,20,9,25.99637652,0.2863987241,-1.001832256,-0.05966429616,0.1150649719,-0.006751300961,0.3717787718,-0.3482345409,0.263955696,-0.7824030248,0.08593394302,0.1148683278,-0.3756340675,0.002249103583,-0.7174407582,0.3089721222,-1.225654674,-0.2092268424,0.1591028803,-0.2575222032,0.2658796962,-0.5265695298,0.3642591286,-1.125722479,0.07258341914
359,-2,2026-09-27,ptCdVvHB,2026-09-27,2026-07-13,-0.5448421588,-0.0005974303877,0.006697518289,-0.006100087901,Carmen Andreea Herea,20.6222697,2026-07-13 03:06:15,3,76,20.83035063,0.3285888677,-1.08532275,-0.004361568084,0.1427191425,-0.2353495296,0.2341546688,-0.5454395892,0.3645616376,-1.145090121,0.05421094258,0.143350964,-0.2290938348,0.2424888714,-0.5381446406,0.3147486661,-1.055860126,-0.02042915559,0.158947083,-0.2675447738,0.255344598,-0.5509422467,0.3976461356,-1.205011935,0.1031274417
360,-2,2026-09-27,GvHZX89Q,2026-09-27,2026-02-02,-0.546890769,-0.02624508509,0.07134054819,-0.0450954631,Brenda Fruhvirtova,18.84040797,2026-02-02 07:37:30,26,237,19.48929193,0.5026954507,-1.373751204,0.2799696663,0.0982065392,-0.1877804673,0.1352902971,-0.5731358541,0.4967546244,-1.3902245,0.2439527914,0.09096958668,-0.07829110641,0.2209722028,-0.4755502208,0.5163228253,-1.324825693,0.373725251,0.10810257,-0.2229083674,0.1327174412,-0.5919862321,0.5237937451,-1.453550274,0.2695778093
361,-2,2026-09-27,hnSjsqNn,2026-09-27,2026-07-14,-0.5595749761,0.5075653901,-0.5307656294,0.02320023929,Ilinca Dalina Amariei,23.95808718,2026-07-14 12:16:47,10,75,24.1634302,0.3239967484,-1.092502203,-0.02664774936,0.1272675536,0.298228893,0.7169018873,-0.05200958596,0.3572676949,-0.6396626498,0.5356434778,0.1270513538,-0.7397465096,-0.3217847493,-1.090340606,0.299090575,-1.582300823,-0.5983803885,0.158949357,-0.2382481871,0.2846486657,-0.5363747368,0.3942464659,-1.184852466,0.1121029925
362,-2,2026-09-27,dMJ7CkK2,2026-09-27,2026-07-14,-0.5661414063,-0.008393542912,0.01678708582,-0.008393542912,Sapfo Sakellaridi,23.28731048,2026-07-14 12:22:19,1,75,23.4926535,0.3907217196,-1.208821444,0.07653863137,0.1589849107,-0.26990045,0.2531133642,-0.5745349492,0.4474359557,-1.310501604,0.1614317053,0.1571946119,-0.2417750417,0.2753492134,-0.5493543205,0.3644928908,-1.148891774,0.05018313287,0.1589849107,-0.26990045,0.2531133642,-0.5745349492,0.4474359557,-1.310501604,0.1614317053
363,-2,2026-09-27,27crpAq9,2026-09-27,2026-02-21,-0.5665349537,0.01273585032,-0.00636792516,-0.00636792516,Gina Feistel,23.07628576,2026-02-21 10:34:02,1,218,23.67314949,0.4996096548,-1.388319707,0.255249799,0.1571438759,-0.2457428239,0.2712145245,-0.5537991034,0.4783772065,-1.340659587,0.2330613798,0.1589723711,-0.2678542064,0.255118356,-0.5729028789,0.5455379442,-1.470232945,0.3244271872,0.1589723711,-0.2678542064,0.255118356,-0.5729028789,0.5455379442,-1.470232945,0.3244271872
364,-2,2026-09-27,CvKf6QyA,2026-09-27,2026-04-11,-0.5701270169,0.01990049728,-0.01227278451,-0.007627712763,Astrid Lew Yan Foon,20.65585507,2026-04-11 09:30:27,5,169,21.11856136,0.4309590086,-1.278991505,0.1387374715,0.1366588859,-0.2048833668,0.2446843614,-0.5502265196,0.4525195185,-1.294554891,0.1941018517,0.1358796509,-0.2357749211,0.2112293521,-0.5823998014,0.4228429772,-1.277914606,0.1131150032,0.1589505266,-0.2690780629,0.2538226374,-0.5777547297,0.4858097404,-1.376840643,0.2213311839
365,17,2026-09-27,4ImMo4XI,2026-09-27,2026-09-18,-0.5753887676,-0.01123161252,0.005615806258,0.005615806258,Jiaqi Wang,24.48758343,2026-09-18 21:44:55,3,9,24.5122246,0.3394242676,-1.133692005,-0.01708552999,0.1571318691,-0.2696905374,0.2472273124,-0.5866203801,0.3013914073,-1.082365129,-0.09087563072,0.158969404,-0.2558655945,0.267097207,-0.5697729613,0.4062158829,-1.23793863,0.09839270696,0.158969404,-0.2558655945,0.267097207,-0.5697729613,0.4062158829,-1.23793863,0.09839270696
366,-3,2026-09-27,t6QFqpeR,2026-09-27,2025-10-28,-0.5759108895,0.007200375481,-0.003600187741,-0.003600187741,Chenting Zhu,18.12502335,2025-10-28 00:41:32,2,334,19.03948429,0.5663595362,-1.507489427,0.3556676479,0.1570659366,-0.2511500999,0.2655508509,-0.568710514,0.5457516999,-1.466392177,0.328971149,0.158953114,-0.2650547938,0.2578544183,-0.5795110772,0.6081308857,-1.57979737,0.4207752158,0.158953114,-0.2650547938,0.2578544183,-0.5795110772,0.6081308857,-1.57979737,0.4207752158
367,0,2026-09-27,rqQcVVKE,2026-09-27,2025-10-27,-0.5905318111,0.008234676205,-0.004117338103,-0.004117338103,Kristiana Sidorova,19.41194685,2025-10-27 01:37:55,3,335,20.3291457,0.5620701367,-1.515054914,0.3339912919,0.1570550567,-0.2500979034,0.2665672558,-0.5822971349,0.5416671778,-1.473260357,0.3086660871,0.1589504264,-0.2655675235,0.2573328472,-0.5946491492,0.6039710056,-1.588093048,0.39879475,0.1589504264,-0.2655675235,0.2573328472,-0.5946491492,0.6039710056,-1.588093048,0.39879475
368,-4,2026-09-27,A1GedNOl,2026-09-27,2026-03-28,-0.5957899649,0.05524992097,-0.1342646835,0.07901476252,Sachia Vickery,30.88210395,2026-03-28 10:57:52,73,183,31.38314093,0.4269353909,-1.298036191,0.1064562613,0.07492536882,-0.06799134369,0.1784911856,-0.540540044,0.4272529511,-1.24330861,0.1622285222,0.08075221259,-0.2670902533,-0.001439113715,-0.7300546484,0.4257722124,-1.430387616,-0.02972168056,0.1129552416,-0.1067800763,0.2648096013,-0.5167752024,0.4559474096,-1.266741953,0.233191548
369,-4,2026-09-27,xhsuPZNK,2026-09-27,2026-05-19,-0.5999734891,-0.02764517758,0.0306791606,-0.003033983024,Margaux Rouvroy,25.15908894,2026-05-19 04:02:42,9,131,25.51775476,0.4266148891,-1.301692537,0.1017455586,0.1496857871,-0.2738563874,0.2185660322,-0.6276186667,0.4735382885,-1.406519838,0.1512825046,0.1509020571,-0.2175326354,0.2788909566,-0.5692943285,0.3991684757,-1.225868043,0.08727938646,0.1589595014,-0.2644990954,0.2584311294,-0.6030074721,0.482568334,-1.396761747,0.1907468023
370,-2,2026-09-27,fmNazA4m,2026-09-27,2026-07-25,-0.6011680743,0.01771721814,-0.008858609069,-0.008858609069,Payne B.,,2026-07-25 18:30:03,1,64,,0.4110050821,-1.277211274,0.07487512571,0.1572852251,-0.2409939548,0.2764283911,-0.5834508562,0.3883633886,-1.222251785,0.05535007219,0.1590073138,-0.2704023659,0.2526851478,-0.6100266834,0.4643569234,-1.373825853,0.1537724863,0.1590073138,-0.2704023659,0.2526851478,-0.6100266834,0.4643569234,-1.373825853,0.1537724863
371,-2,2026-09-27,zqwKJ6Yd,2026-09-27,2026-03-31,-0.61504187,-0.09913764645,0.1023906872,-0.003253040775,Lia Karatancheva,22.56155829,2026-03-31 10:33:32,9,180,23.05438155,0.4123060427,-1.29322496,0.06314121972,0.1189640276,-0.2948160588,0.09654076589,-0.7141795164,0.4221055735,-1.4084814,-0.01987763293,0.1197744231,-0.09462070704,0.2994020815,-0.5126511827,0.4062450679,-1.180864856,0.1555624906,0.1589460581,-0.2646960409,0.2581899594,-0.6182949107,0.4696198993,-1.390750905,0.1541610839
372,-2,2026-09-27,8zSzotZ1,2026-09-27,2026-07-14,-0.6183273434,-0.150533992,0.1446688143,0.005865177778,Miriam Bianca Bulgaru,27.76601653,2026-07-14 07:54:11,25,75,27.97135956,0.3298224995,-1.160837078,-0.07581760887,0.1056189446,-0.3242616961,0.023193712,-0.7688613355,0.3381493076,-1.325067451,-0.2126552204,0.1050072446,-0.02805273285,0.3173903614,-0.4736585292,0.3165703793,-0.9943704657,0.04705340733,0.1590357378,-0.2557253323,0.2674556879,-0.6124621657,0.3990753476,-1.268882699,0.0439583672
373,-1,2026-09-27,xneEgl1j,2026-09-27,2026-01-19,-0.6194970096,0.1997823031,-0.1663326658,-0.03344963726,Zarina Diyas,32.25530517,2026-01-19 00:11:57,87,251,32.94251983,0.4928089538,-1.430095605,0.1911015855,0.06603474149,0.09116481902,0.3083997871,-0.4197147065,0.4885339937,-1.223281618,0.3838522049,0.06743325232,-0.2772504955,-0.05541483615,-0.7858296754,0.5006498924,-1.609325467,0.03766611596,0.07510199772,-0.1569814306,0.09008215608,-0.6529466469,0.5037999184,-1.48162377,0.1757304761
374,-1,2026-09-27,G8DaAheG,2026-09-27,2026-05-18,-0.6285982805,-0.008460749642,0.01692149928,-0.008460749642,Alice Rame,28.52134572,2026-05-18 04:58:58,1,132,28.88274945,0.4375118775,-1.348241279,0.09104471802,0.1589800122,-0.2699595993,0.2530381,-0.6370590302,0.4890136037,-1.44141483,0.1672967696,0.1571747936,-0.24160803,0.2754510286,-0.6116767813,0.4138049346,-1.292325329,0.06897176621,0.1589800122,-0.2699595993,0.2530381,-0.6370590302,0.4890136037,-1.44141483,0.1672967696
375,0,2026-09-27,MN00XZF9,2026-09-27,2026-07-22,-0.637317664,0.006849482659,0.04019541755,-0.04704490021,Julia Stusek,18.0603576,2026-07-22 09:50:38,4,67,18.24379737,0.3234369092,-1.169324037,-0.1053112908,0.1589649327,-0.2546245635,0.2683235288,-0.6304681814,0.3942744683,-1.278991971,0.01805560779,0.1527080273,-0.2109869351,0.2913777701,-0.5971222465,0.2876054106,-1.070191049,-0.1240534437,0.151382282,-0.2960465958,0.2019567954,-0.6843625643,0.3836290668,-1.315376226,-0.05334890227
376,-2,2026-09-27,OhCrR0NO,2026-09-27,2025-10-25,-0.6397805476,-0.01639816482,0.02665457458,-0.01025640976,Dalila Jakupovic,34.59150852,2025-10-25 06:56:14,50,337,35.51418318,0.572250907,-1.581049528,0.3014884323,0.07678881591,-0.1427045272,0.1099081975,-0.6561787125,0.5707995871,-1.595060484,0.2827030587,0.06464439111,-0.0796759866,0.1329851358,-0.6131259731,0.5756666652,-1.560013375,0.3337614291,0.0863196878,-0.1522396613,0.1317268418,-0.6500369574,0.5854361892,-1.612993797,0.3129198818
377,-11,2026-09-27,xQIgg881,2026-09-27,2026-08-25,-0.6398077516,0.05725876727,0.01945673638,-0.07671550365,Astra Sharma,30.9565387,2026-08-25 15:26:46,134,33,31.04688964,0.2642520917,-1.074463763,-0.2051517402,0.05510169149,-0.03337544982,0.1478929844,-0.5825489843,0.2585874826,-1.007887543,-0.1572104257,0.05221826152,-0.06643466046,0.1053481332,-0.6203510152,0.271009632,-1.066122191,-0.1745798391,0.06940362871,-0.1908743141,0.03744330675,-0.7165232553,0.2824068058,-1.181041114,-0.2520053964
378,0,2026-09-27,hbFh4a0p,2026-09-27,2026-08-26,-0.6452250372,0.0143803581,-0.007190179049,-0.007190179049,Kristina Penickova,16.95737671,2026-08-26 13:18:43,3,32,17.04498974,0.3075460014,-1.151093193,-0.1393568813,0.1571128792,-0.2440473311,0.2728080473,-0.6308446792,0.2651914299,-1.067045764,-0.1946435939,0.1589647116,-0.2686638615,0.2542835034,-0.6524152163,0.37990206,-1.277298498,-0.02753193498,0.1589647116,-0.2686638615,0.2542835034,-0.6524152163,0.37990206,-1.277298498,-0.02753193498
379,-3,2026-09-27,vJWWbpH8,2026-09-27,2026-05-16,-0.6475689393,-0.05260378545,0.05173834031,0.000865445139,Carolina Alves,30.06299281,2026-05-16 06:47:01,25,134,30.42987235,0.4231461254,-1.343582378,0.0484444999,0.1197709434,-0.2496094561,0.1444018852,-0.7001727247,0.4392844078,-1.422731276,0.02238582676,0.118965627,-0.1439427028,0.2474193834,-0.595830599,0.410462346,-1.270981078,0.07931987959,0.1590945436,-0.2608217919,0.2625526821,-0.6467034941,0.4790790906,-1.434718474,0.1413114857
380,-3,2026-09-27,pIlfhnfl,2026-09-27,2026-01-11,-0.6543942696,-0.001444686873,0.0007223434365,0.0007223434365,Ayano Shimizu,27.73461204,2026-01-11 20:37:01,6,259,28.44372996,0.5063579125,-1.487278918,0.1784903793,0.1577765996,-0.2609640989,0.2580747252,-0.6558389564,0.4811728963,-1.44729794,0.1356200272,0.1591289703,-0.2610215205,0.2624662074,-0.6536719261,0.5537170596,-1.56445544,0.2571115877,0.1591289703,-0.2610215205,0.2624662074,-0.6536719261,0.5537170596,-1.56445544,0.2571115877
381,,2026-09-27,vZMGNkBD,2026-09-27,2026-09-27,-0.6561769615,0.008194029603,-0.004097014801,-0.004097014801,Vivian Wolff,27.97289944,2026-09-27 21:24:05,4,0,27.97289944,0.2622023073,-1.087461378,-0.2248925453,0.1570567224,-0.2501412899,0.2665293491,-0.6479829319,0.2107428567,-0.994624084,-0.3013417797,0.1589508379,-0.265547877,0.2573538474,-0.6602739763,0.344263816,-1.226537563,-0.09401038987,0.1589508379,-0.265547877,0.2573538474,-0.6602739763,0.344263816,-1.226537563,-0.09401038987
382,-2,2026-09-27,6sR0zPpf,2026-09-27,2026-05-21,-0.6582048394,0.08626428059,-0.1117873681,0.02552308755,Yasmine Kabbaj,22.34816791,2026-05-21 12:01:02,8,129,22.70135791,0.3816786983,-1.286010431,-0.03039924812,0.1379599849,-0.140659701,0.3131882622,-0.5719405588,0.4207191816,-1.263962031,0.120080913,0.1366980555,-0.3366356606,0.1130609243,-0.7699922075,0.3566138063,-1.35656972,-0.1834146947,0.1589631208,-0.2359479783,0.2869941534,-0.6326817518,0.4425454092,-1.360604173,0.09524066959
383,-4,2026-09-27,Gvf7kuZk,2026-09-27,2026-07-12,-0.6621970251,-0.01128857143,0.02257714286,-0.01128857143,Tatiana Pieri,27.28945955,2026-07-12 06:29:25,6,77,27.50027839,0.4096746642,-1.336051882,0.01165783219,0.1589385519,-0.2727192249,0.2501420821,-0.6734855965,0.4664738475,-1.440766796,0.09379560337,0.1570069798,-0.2356763573,0.280830643,-0.6396198822,0.3787854392,-1.262666486,-0.01657327872,0.1589385519,-0.2727192249,0.2501420821,-0.6734855965,0.4664738475,-1.440766796,0.09379560337
384,-3,2026-09-27,2HyunfM6,2026-09-27,2026-08-25,-0.6703235221,-0.07639091635,0.07681719728,-0.0004262809281,Jennifer Ruggeri,23.09341717,2026-08-25 16:44:17,3,33,23.1837681,0.2923921064,-1.151265739,-0.1893813054,0.1432690399,-0.3120475162,0.1592656835,-0.7467144385,0.290404599,-1.224387496,-0.2690413806,0.14181808,-0.156452786,0.3100871806,-0.5935063249,0.3193623327,-1.118810616,-0.06820203356,0.158962682,-0.261896625,0.2610440632,-0.6707498031,0.3688628755,-1.277475242,-0.06402436443
385,,2026-09-27,lzVyJOoH,2026-09-27,2026-09-21,-0.6739076172,-0.01348000361,0.006740001806,0.006740001806,Sohyun Park,24.22481148,2026-09-21 22:20:13,9,6,24.24123892,0.3226388806,-1.20460135,-0.1432138842,0.1574166722,-0.2724073879,0.2454473807,-0.6873876208,0.2816719952,-1.150696824,-0.2240784179,0.15903983,-0.2548572394,0.268337243,-0.6671676154,0.3926294517,-1.312985593,-0.02134963768,0.15903983,-0.2548572394,0.268337243,-0.6671676154,0.3926294517,-1.312985593,-0.02134963768
386,-1,2026-09-27,I91UyxFR,2026-09-27,2026-07-13,-0.6805976534,-0.03183506728,0.02978258002,0.002052487262,Martha Matoula,29.21491261,2026-07-13 12:39:55,5,76,29.42299355,0.3752638237,-1.297851715,-0.06334359189,0.1476212461,-0.2746504094,0.2109802748,-0.7124327207,0.4093889847,-1.385817677,-0.03904776438,0.1492909938,-0.2157792526,0.2753444126,-0.6508150734,0.36420868,-1.249885042,-0.05174510513,0.1589459287,-0.2593903,0.2634952746,-0.6785451662,0.4376815626,-1.398467272,0.04137693945
387,-61,2026-09-27,SE54TO51,2026-09-27,2026-09-21,-0.6815960645,-0.02494881468,0.02236905297,0.002579761708,Kyoka Okamura,30.96093476,2026-09-21 05:58:52,31,6,30.9773622,0.231607165,-1.06255595,-0.300636179,0.1299948787,-0.2387713624,0.188873733,-0.7065448791,0.19208933,-1.02250371,-0.390586048,0.1309797283,-0.1930734283,0.2378115342,-0.6592270115,0.281765532,-1.122690069,-0.1957639542,0.1591014203,-0.2591187865,0.2642783099,-0.6790163028,0.3224951637,-1.209473642,-0.1485589631
388,4,2026-09-27,Wb4Syjg1,2026-09-27,2026-09-27,-0.709148236,-0.03763844527,0.02844875893,0.009189686345,Mina Hodzic,24.31231159,2026-09-27 21:20:50,10,0,24.31231159,0.2754424791,-1.162210797,-0.2560856752,0.1233104479,-0.2404660827,0.1651891922,-0.7467866812,0.2910485834,-1.225518999,-0.2680543633,0.1222579964,-0.1726477499,0.2295452678,-0.680699477,0.2683623171,-1.122116208,-0.2392827465,0.1589641326,-0.2522830437,0.2706624164,-0.6999585496,0.355387319,-1.28451867,-0.115398429
389,-2,2026-09-27,ra8p4Wb8,2026-09-27,2026-07-25,-0.7100648738,-0.02299839771,0.01149919885,0.01149919885,Anna Frey,18.72065002,2026-07-25 13:50:54,5,64,18.89587607,0.3902322895,-1.351939871,-0.068189877,0.1570309256,-0.2812912852,0.2352944897,-0.7330632715,0.3574183857,-1.320964199,-0.1451623435,0.1589444659,-0.2499411824,0.2729395801,-0.6985656749,0.4496004977,-1.438092684,0.04096133433,0.1589444659,-0.2499411824,0.2729395801,-0.6985656749,0.4496004977,-1.438092684,0.04096133433
390,-2,2026-09-27,GbCmRSaG,2026-09-27,2026-07-19,-0.715770457,-0.1300704178,-0.1019324745,0.2320028923,Ekaterina Kazionova,27.51376134,2026-07-19 04:40:46,13,70,27.70541483,0.3222725525,-1.245861634,-0.1856792802,0.1234320741,-0.3330981126,0.07295727694,-0.8458408748,0.3681979866,-1.451472669,-0.2402090811,0.1345251367,-0.3232066335,0.1193416845,-0.8177029315,0.2935010423,-1.300469185,-0.3349366776,0.1287065956,0.02029938182,0.4437064028,-0.4837675646,0.3738503071,-1.098696598,0.1311614689
391,-2,2026-09-27,tKXZBPiC,2026-09-27,2026-09-19,-0.7242964171,0.01914049133,-0.009570245663,-0.009570245663,Miho Kuramochi,28.28240069,2026-09-19 22:26:01,4,8,28.30430395,0.3015377951,-1.220281953,-0.2283108812,0.1573041632,-0.2396018321,0.2778828147,-0.7051559258,0.2583696665,-1.130136209,-0.2801756428,0.1590119973,-0.2711217061,0.2519812148,-0.7338666628,0.37505631,-1.350779395,-0.116953931,0.1590119973,-0.2711217061,0.2519812148,-0.7338666628,0.37505631,-1.350779395,-0.116953931
392,-2,2026-09-27,SlMLhjND,2026-09-27,2025-10-27,-0.7311809304,0.005013930339,-0.002506965169,-0.002506965169,Hong Yi Cody Wong,23.62325116,2025-10-27 05:10:03,5,335,24.54045001,0.5585320352,-1.649884374,0.1875225135,0.1575638316,-0.2541555095,0.2641833702,-0.726167,0.5359335851,-1.607699301,0.1553653013,0.1590762572,-0.2641641237,0.2591501934,-0.7336878955,0.601700161,-1.723396588,0.2560207967,0.1590762572,-0.2641641237,0.2591501934,-0.7336878955,0.601700161,-1.723396588,0.2560207967
393,-2,2026-09-27,dE1ru1Ek,2026-09-27,2026-09-12,-0.7413213233,-0.04885315505,0.02442657753,0.02442657753,Martina Capurro Taborda,28.77461366,2026-09-12 17:05:02,4,15,28.81568226,0.3134623714,-1.256921042,-0.2257216048,0.1521992288,-0.2991986085,0.2014922984,-0.7901744784,0.322410638,-1.320492786,-0.2598561711,0.1577650679,-0.2350738666,0.2839270217,-0.7168947458,0.3631608417,-1.314241173,-0.1195483182,0.1577650679,-0.2350738666,0.2839270217,-0.7168947458,0.3631608417,-1.314241173,-0.1195483182
394,1,2026-09-27,lKJlbBkl,2026-09-27,2026-07-21,-0.7529567864,-0.00553228058,0.01106456116,-0.00553228058,Valentina Steiner,20.00659779,2026-07-21 06:14:06,5,68,20.19277546,0.3532628223,-1.334022421,-0.1718911519,0.1589473649,-0.2669774303,0.2559128692,-0.758489067,0.4178312441,-1.445760304,-0.07121782965,0.1570426628,-0.2472476323,0.2693767546,-0.7418922253,0.3168736268,-1.26310296,-0.2206814909,0.1589473649,-0.2669774303,0.2559128692,-0.758489067,0.4178312441,-1.445760304,-0.07121782965
395,-2,2026-09-27,Ms0Wvc4A,2026-09-27,2026-07-11,-0.753975209,0.03263027846,-0.02812158221,-0.004508696243,Lina Glushko,26.49596815,2026-07-11 10:53:15,18,78,26.70952489,0.3749785141,-1.370759978,-0.1371904401,0.128127351,-0.1781204596,0.2433810165,-0.7213449306,0.3933949302,-1.368422008,-0.07426785285,0.1275777393,-0.2379682895,0.1817251251,-0.7820967912,0.3660467431,-1.384190104,-0.1800034782,0.1589277204,-0.2659215335,0.2569041411,-0.7584839053,0.4370670279,-1.477395191,-0.03957261921
396,-2,2026-09-27,SO0EHoOE,2026-09-27,2026-04-22,-0.7593555782,-0.00449471738,0.00898943476,-0.00449471738,Carlota Martinez Cirez,25.18646417,2026-04-22 04:00:41,8,158,25.61905348,0.4485999244,-1.497236791,-0.02147436549,0.1590226379,-0.2660636801,0.2570742453,-0.7638502956,0.501263559,-1.588355479,0.06065488748,0.1573471832,-0.2498236503,0.2678025198,-0.7503661435,0.4201546146,-1.441458985,-0.0592733017,0.1590226379,-0.2660636801,0.2570742453,-0.7638502956,0.501263559,-1.588355479,0.06065488748
397,-1,2026-09-27,IspkpC7q,2026-09-27,2025-10-29,-0.7631549043,0.002821837296,-0.001410918648,-0.001410918648,Maaya Rajeshwaran Revathi,16.38106142,2025-10-29 01:26:09,1,333,17.29278446,0.6128136318,-1.771143629,0.2448338207,0.1572784741,-0.2558782313,0.2615219058,-0.760333067,0.5977575643,-1.743556765,0.2228906307,0.1590056444,-0.2629519295,0.2601300922,-0.7645658229,0.649849846,-1.833473699,0.3043420532,0.1590056444,-0.2629519295,0.2601300922,-0.7645658229,0.649849846,-1.833473699,0.3043420532
398,0,2026-09-27,zZiiCAEg,2026-09-27,2026-09-12,-0.7931845811,0.04114539282,-0.03995670719,-0.001188685629,Ana Sofia Sanchez,32.41849102,2026-09-12 14:39:25,20,15,32.45955962,0.2739352341,-1.243767944,-0.3426012178,0.1125526065,-0.1439871701,0.2262779558,-0.7520391883,0.2664300633,-1.190277644,-0.3138007324,0.1131684701,-0.2261022757,0.1461888613,-0.8331412883,0.2816031691,-1.296337282,-0.3699452942,0.1591366694,-0.2629452134,0.2605678422,-0.7943732667,0.3544515274,-1.377394147,-0.2113523864
399,1,2026-09-27,roUSO5K1,2026-09-27,2026-02-21,-0.804455275,0.009994312493,-0.004997156246,-0.004997156246,Anna Sinclair Rogers,27.92519604,2026-02-21 11:14:31,4,218,28.52205977,0.4905490653,-1.611336684,0.00242613414,0.1570292564,-0.2482958294,0.2682844544,-0.7944609625,0.4652851857,-1.559786988,-0.02913493728,0.1589440536,-0.2664368593,0.2564425468,-0.8094524313,0.538799343,-1.695698485,0.07679362218,0.1589440536,-0.2664368593,0.2564425468,-0.8094524313,0.538799343,-1.695698485,0.07679362218
400,1,2026-09-27,tM5nCgHK,2026-09-27,2025-10-29,-0.808637336,-0.006420343151,0.003210171576,0.003210171576,Wushuang Zheng,26.91685395,2025-10-29 04:17:48,4,333,27.82857698,0.5629565233,-1.734618415,0.1173437432,0.1576753765,-0.2657732581,0.2529325718,-0.8150576791,0.5404520997,-1.704022275,0.07390691725,0.1591038857,-0.2584924318,0.264912775,-0.8054271644,0.6058718043,-1.801997599,0.1911432704,0.1591038857,-0.2584924318,0.264912775,-0.8054271644,0.6058718043,-1.801997599,0.1911432704
401,2,2026-09-27,CAwJMCz3,2026-09-27,2025-10-30,-0.8191293685,0.009373299051,-0.004686649525,-0.004686649525,Shrivalli Rashmikaa Bhamidipaty,23.88380798,2025-10-30 09:09:42,2,332,24.79279311,0.5777486784,-1.769441378,0.1311826406,0.1571305424,-0.2490834436,0.2678300417,-0.8097560695,0.5592257028,-1.729600495,0.1100883561,0.1589690762,-0.2661675111,0.256794212,-0.823816018,0.6180127674,-1.84035656,0.1927245239,0.1589690762,-0.2661675111,0.256794212,-0.823816018,0.6180127674,-1.84035656,0.1927245239
402,0,2026-09-27,lEp5rDFG,2026-09-27,2026-08-26,-0.8192502252,-0.09858821484,0.09707618168,0.001512033153,Despina Papamichail,33.54351295,2026-08-26 12:23:48,49,32,33.63112597,0.2823110347,-1.283610555,-0.3548898959,0.08757176166,-0.2426309446,0.04545451495,-0.9178384401,0.2808473238,-1.379791179,-0.4558857008,0.08554100677,-0.04362625356,0.2377786169,-0.7221740435,0.2825290871,-1.186893037,-0.2574550499,0.1251430893,-0.2043300311,0.2073540974,-0.8177381921,0.3332379429,-1.365865831,-0.2696105531
403,1,2026-09-27,K4KqvFAd,2026-09-27,2025-10-24,-0.850050917,0.009622415198,-0.004811207599,-0.004811207599,Ikumi Yamazaki,24.17023045,2025-10-24 23:53:22,1,338,25.09564301,0.6013553693,-1.839192477,0.1390906433,0.1572134509,-0.2489706997,0.2682155301,-0.8404285018,0.584957422,-1.802597839,0.1217408354,0.1589895677,-0.2663257746,0.2567033594,-0.8548621246,0.6395236858,-1.906784979,0.1970607295,0.1589895677,-0.2663257746,0.2567033594,-0.8548621246,0.6395236858,-1.906784979,0.1970607295
404,4,2026-09-27,ncLLz3yC,2026-09-27,2026-09-19,-0.864645609,0.007319814877,-0.003659907439,-0.003659907439,Eunhye Lee,26.36287849,2026-09-19 20:14:51,4,8,26.38478174,0.2685168757,-1.306316566,-0.4229746522,0.1573459504,-0.2514912423,0.2661308721,-0.8573257941,0.2179582156,-1.215835155,-0.4988164327,0.1590223329,-0.2652283685,0.2579085536,-0.8683055164,0.3493795262,-1.442983697,-0.2936273356,0.1590223329,-0.2652283685,0.2579085536,-0.8683055164,0.3493795262,-1.442983697,-0.2936273356
405,1,2026-09-27,ptpwLc4m,2026-09-27,2025-10-17,-0.8647214342,-0.03476050914,0.01738025457,0.01738025457,Sae Noguchi,18.56564012,2025-10-17 23:03:34,2,345,19.51021803,0.5841607631,-1.825580384,0.0961375158,0.15712262,-0.2932042205,0.2236832022,-0.8994819433,0.5632183016,-1.825893609,0.02692972283,0.1589671185,-0.2440973869,0.278857896,-0.8473411796,0.625198026,-1.87570042,0.1810180611,0.1589671185,-0.2440973869,0.278857896,-0.8473411796,0.625198026,-1.87570042,0.1810180611
406,-1,2026-09-27,rsydywhD,2026-09-27,2026-07-12,-0.8681263968,-0.00324563032,0.00649126064,-0.00324563032,Maia Ilinca Burcescu,16.62584954,2026-07-12 11:12:16,1,77,16.83666838,0.3753203825,-1.485473489,-0.2507793043,0.1589728448,-0.2647326907,0.2582414301,-0.8713720271,0.4345683064,-1.586173282,-0.1565707722,0.1571457928,-0.2519905667,0.264973088,-0.8616351362,0.3466070885,-1.431753063,-0.2915172095,0.1589728448,-0.2647326907,0.2582414301,-0.8713720271,0.4345683064,-1.586173282,-0.1565707722
407,0,2026-09-27,4zFVsblD,2026-09-27,2026-07-12,-0.8837278776,-0.004107442731,0.008214885463,-0.004107442731,Emily Seibold,26.52815354,2026-07-12 05:01:08,1,77,26.73897238,0.3738194409,-1.498606141,-0.2688496144,0.1589718284,-0.2655928312,0.2573779458,-0.8878353204,0.4333162817,-1.600577178,-0.1750934629,0.1571416797,-0.2502601763,0.2666899473,-0.8755129922,0.3448688378,-1.442771751,-0.3082542335,0.1589718284,-0.2655928312,0.2573779458,-0.8878353204,0.4333162817,-1.600577178,-0.1750934629
408,1,2026-09-27,QBLvktT9,2026-09-27,2026-05-20,-0.8892123361,-0.004147755474,0.008295510948,-0.004147755474,Yelyzaveta Kotliar,19.29763765,2026-05-20 07:37:05,3,130,19.65356556,0.3988338892,-1.545235705,-0.2331889669,0.1589640228,-0.2656203049,0.2573247939,-0.8933600916,0.4569404016,-1.644960168,-0.1417600147,0.1571100913,-0.2501275925,0.2667186144,-0.8809168251,0.3672043765,-1.484914276,-0.2769193746,0.1589640228,-0.2656203049,0.2573247939,-0.8933600916,0.4569404016,-1.644960168,-0.1417600147
409,1,2026-09-27,APJPAjJh,2026-09-27,2026-07-12,-0.8973372622,0.01675708782,-0.01634430294,-0.000412784884,Andreea Prisacariu,26.42100219,2026-07-12 01:44:58,4,77,26.63182103,0.3928310621,-1.543486859,-0.251187665,0.1532645716,-0.2353406986,0.2688548742,-0.8805801744,0.4468276083,-1.615546187,-0.1456141622,0.1545663208,-0.2705832764,0.2378946705,-0.9136815652,0.3615052396,-1.50830477,-0.3190583607,0.1590503881,-0.2620273927,0.2612018229,-0.8977500471,0.4530845203,-1.643007764,-0.1524923305
410,1,2026-09-27,CMBBiiQi,2026-09-27,2026-07-26,-0.9133970622,0.00217837285,0.001236308203,-0.003414681052,Teixido Garcia A.,,2026-07-26 18:10:33,3,63,,0.3169185207,-1.43468164,-0.3921124839,0.1428028395,-0.2327113957,0.2370681414,-0.9112186893,0.309005528,-1.419487553,-0.4029498259,0.1427280014,-0.2335303626,0.236002979,-0.912160754,0.3489773916,-1.486177482,-0.3381440257,0.1589507811,-0.2648654498,0.2580360877,-0.9168117432,0.3873908806,-1.554013038,-0.2796104482
411,-14,2026-09-27,v5Rqcqd7,2026-09-27,2026-09-27,-0.9168383752,-0.05863336676,0.05380479395,0.004828572814,Tiphanie Lemaitre,26.36576787,2026-09-27 21:34:31,7,0,26.36576787,0.2674333113,-1.356727027,-0.476949723,0.1350117275,-0.2807078964,0.1634411629,-0.9754717419,0.2537102783,-1.392788013,-0.5581554705,0.1336426737,-0.1660178427,0.2736274305,-0.8630335812,0.2989037213,-1.354686451,-0.3713807112,0.1589464331,-0.2566150442,0.2662721898,-0.9120098024,0.3495738657,-1.487007643,-0.3370119615
412,1,2026-09-27,Ig6ny1T8,2026-09-27,2026-05-19,-0.9182655908,-0.0279030538,0.02017646484,0.007726588963,Tahlia Kokkinis,17.7702376,2026-05-19 10:42:15,2,131,18.12890342,0.4288914107,-1.623729183,-0.2128019984,0.1507290073,-0.2758302081,0.2200241005,-0.9461686446,0.4674118373,-1.714992701,-0.1773445887,0.1519489362,-0.2297572939,0.2701102236,-0.898089126,0.4123878263,-1.576406738,-0.2197715142,0.158966452,-0.2537499562,0.2692031341,-0.9105390019,0.4841322414,-1.706865675,-0.1142123286
413,-1,2026-09-27,0OZYPwg9,2026-09-27,2025-10-25,-0.9220594598,0.009128417421,-0.004564208711,-0.004564208711,Jia-Jing Lu,35.93742301,2025-10-25 20:58:53,20,337,36.86009767,0.5799706338,-1.87602626,0.03190734073,0.1580670654,-0.2508687683,0.2691256032,-0.9129310424,0.558029162,-1.830807333,0.004945248613,0.1592010196,-0.2664265832,0.2572981657,-0.9266236685,0.6218425802,-1.949463692,0.09621635487,0.1592010196,-0.2664265832,0.2572981657,-0.9266236685,0.6218425802,-1.949463692,0.09621635487
414,0,2026-09-27,vycI5UGq,2026-09-27,2026-02-21,-0.9270608424,-0.04033531463,0.07414610041,-0.03381078578,Gabriela Lee,30.50168641,2026-02-21 12:17:34,33,218,31.09855014,0.492619863,-1.737348411,-0.1167732741,0.09083029325,-0.1897378519,0.1090672227,-0.967396157,0.4875849901,-1.769402096,-0.1653902176,0.07807260914,-0.05427191391,0.2025641147,-0.852914742,0.4974653438,-1.671172417,-0.03465706699,0.1145632014,-0.2222504832,0.1546289116,-0.9608716282,0.5198868135,-1.816009339,-0.1057339173
415,2,2026-09-27,lIUK95pq,2026-09-27,2026-01-31,-0.9283849869,-0.03404068469,0.01702034235,0.01702034235,Mara Gae,20.38166956,2026-01-31 06:02:48,3,239,21.03602934,0.522502767,-1.787825558,-0.06894441545,0.1571207242,-0.2924812778,0.2243999084,-0.9624256716,0.498543187,-1.782456241,-0.1423951022,0.1589666501,-0.2444565286,0.2784972133,-0.9113646445,0.5682032334,-1.845975794,0.02324650481,0.1589666501,-0.2444565286,0.2784972133,-0.9113646445,0.5682032334,-1.845975794,0.02324650481
416,0,2026-09-27,bFE65J4E,2026-09-27,2026-05-16,-0.928818497,0.02234747707,-0.01554343878,-0.006804038291,Amandine Hesse,33.3295067,2026-05-16 08:27:23,24,134,33.69638624,0.3896985611,-1.569815589,-0.2878214053,0.09710898836,-0.1373825946,0.1820775488,-0.9064710199,0.4017947066,-1.5673645,-0.2455775395,0.1070638586,-0.1916478149,0.1605609374,-0.9443619358,0.3788200064,-1.567465397,-0.3212584742,0.1346887915,-0.2283473855,0.2147393089,-0.9356225353,0.4355286651,-1.65200344,-0.2192416309
417,-2,2026-09-27,ziXD7L4M,2026-09-27,2025-10-24,-0.9339442199,-0.04296757087,0.02148378543,0.02148378543,Yidi Yang,25.84554183,2025-10-24 21:22:03,9,338,26.7709544,0.5650389331,-1.863350558,-0.004537881413,0.1570241874,-0.301249375,0.2153142332,-0.9769117908,0.5428086854,-1.869752626,-0.08407095591,0.1589428016,-0.2399538583,0.2829214292,-0.9124604345,0.6075968823,-1.91186837,0.08694750105,0.1589428016,-0.2399538583,0.2829214292,-0.9124604345,0.6075968823,-1.91186837,0.08694750105
418,13,2026-09-27,KjtjWuVS,2026-09-27,2026-09-21,-0.9390478718,-0.1036661358,-0.004263023318,0.1079291591,Kristina Mladenovic,33.35593238,2026-09-21 00:05:57,152,6,33.37235982,0.2108003314,-1.285783561,-0.5923121821,0.05249076459,-0.1900057604,-0.01732651131,-1.042714008,0.2070296929,-1.383247549,-0.7021804664,0.04778912065,-0.08286913174,0.07434308511,-0.9433108951,0.2168011636,-1.299917075,-0.5867047148,0.06124317622,0.007193098624,0.2086652197,-0.8311187126,0.2285521996,-1.207053627,-0.4551837981
419,-1,2026-09-27,4lAi244b,2026-09-27,2026-03-28,-0.9397955076,0.01098754548,-0.00770568997,-0.003281855512,Katarina Jokic,27.941848,2026-03-28 13:12:36,2,183,28.44288498,0.4315649557,-1.64965669,-0.2299343249,0.1377080493,-0.2155220388,0.2374971298,-0.9288079621,0.443355061,-1.658062142,-0.1995537819,0.1380429684,-0.2347661673,0.2193547873,-0.9475011975,0.4353820208,-1.663640894,-0.2313615015,0.1589377916,-0.2647112585,0.2581475475,-0.9430773631,0.4856998131,-1.741982462,-0.1441722639
420,-1,2026-09-27,8bGfUqTM,2026-09-27,2026-05-04,-0.9439074687,-0.004757930478,0.009515860955,-0.004757930478,Beatrice Ricci,22.8271738,2026-05-04 10:53:48,2,146,23.22690823,0.4453614978,-1.676461944,-0.2113529938,0.1589666226,-0.2662347562,0.2567188952,-0.9486653992,0.4980839596,-1.767940607,-0.1293901917,0.1571206129,-0.2489245491,0.267956271,-0.9343916077,0.4172445215,-1.620697772,-0.2480854433,0.1589666226,-0.2662347562,0.2567188952,-0.9486653992,0.4980839596,-1.767940607,-0.1293901917
421,-1,2026-09-27,6ukvX7TR,2026-09-27,2026-05-18,-0.9660226416,-0.004142352519,0.008284705039,-0.004142352519,Manon Leonard,25.32312915,2026-05-18 01:59:31,5,132,25.68453287,0.412012136,-1.643722298,-0.2883229853,0.1589670881,-0.265619944,0.257335239,-0.9701649941,0.468668183,-1.741055555,-0.1992744335,0.157122497,-0.2501588041,0.2667282142,-0.9577379366,0.3810391299,-1.584491531,-0.3309843418,0.1589670881,-0.265619944,0.257335239,-0.9701649941,0.468668183,-1.741055555,-0.1992744335
422,-1,2026-09-27,KEhIyQ3q,2026-09-27,2026-04-11,-0.9680514024,-0.01256470746,-0.00103877036,0.01360347783,Yaroslava Bartashevich,21.03579699,2026-04-11 04:00:36,2,169,21.49850328,0.4671958177,-1.736520138,-0.1995826672,0.1543570449,-0.2664594527,0.2413300378,-0.9806161098,0.5113767672,-1.82175604,-0.1394761795,0.1559236961,-0.2575104274,0.2554328866,-0.9690901727,0.4445270964,-1.70027218,-0.2379081659,0.158972426,-0.2478828936,0.2750898493,-0.9544479246,0.5187637104,-1.807738295,-0.101157554
423,-1,2026-09-27,63iw7jad,2026-09-27,2026-05-17,-0.983778757,0.009685994725,-0.01937198945,0.009685994725,Dalila Spiteri,29.06356805,2026-05-17 06:00:22,14,133,29.42770969,0.4243294408,-1.681738577,-0.2858189373,0.1589762186,-0.251806615,0.2711786044,-0.9740927623,0.4795988874,-1.762962732,-0.1852227929,0.1571594442,-0.2778762712,0.2391322923,-1.003150746,0.3941854951,-1.651528188,-0.3547733051,0.1589762186,-0.251806615,0.2711786044,-0.9740927623,0.4795988874,-1.762962732,-0.1852227929
424,-1,2026-09-27,44gErcLu,2026-09-27,2026-05-18,-0.9913008644,-0.0003808853675,0.000761770735,-0.0003808853675,Eleejah Inisan,17.86511346,2026-05-18 02:22:08,1,132,18.22651719,0.4507926893,-1.732788854,-0.2498128744,0.158990676,-0.2618972755,0.2611355048,-0.9916817497,0.5005348026,-1.814988235,-0.1683752642,0.1572179344,-0.2578387188,0.2593622603,-0.9905390936,0.4287721048,-1.695806445,-0.285271742,0.158990676,-0.2618972755,0.2611355048,-0.9916817497,0.5005348026,-1.814988235,-0.1683752642
425,-1,2026-09-27,IifpT34I,2026-09-27,2026-03-28,-1.000769311,-0.05789037027,0.05894700186,-0.001056631585,Gabriela Ce,33.06998654,2026-03-28 13:32:58,7,183,33.57102353,0.4931238835,-1.81188592,-0.1896527028,0.1467267426,-0.2992343851,0.1834536445,-1.058659681,0.5305666318,-1.93136413,-0.1859552328,0.1456678257,-0.1806552496,0.2985492533,-0.9418223093,0.4717791391,-1.717829937,-0.1658146812,0.15914457,-0.2628261547,0.2607128916,-1.001825943,0.5417673239,-1.892953891,-0.110697995
426,0,2026-09-27,phoJSuB6,2026-09-27,2026-04-11,-1.02475229,0.02057782839,-0.02641538944,0.005837561055,Momoko Kobori,27.63754808,2026-04-11 09:46:18,7,169,28.10025436,0.4350755333,-1.740387859,-0.3091167211,0.1425743986,-0.2139361883,0.2550918451,-1.004174462,0.4570437046,-1.755944457,-0.2524044665,0.143768687,-0.2628938356,0.2100630567,-1.05116768,0.4303999462,-1.759112592,-0.343222767,0.1591007633,-0.2558599065,0.2675350287,-1.018914729,0.4899480022,-1.824807477,-0.2130219806
427,1,2026-09-27,OMZYFvPp,2026-09-27,2026-08-01,-1.026806499,0.001675662826,-0.000837831413,-0.000837831413,Ana Grubor,22.58142073,2026-08-01 16:40:10,1,57,22.73748143,0.3462378498,-1.596317082,-0.4572959156,0.1571257251,-0.256773156,0.2601244816,-1.025130836,0.3142823937,-1.542079371,-0.5081823006,0.1589678858,-0.2623167349,0.2606410721,-1.02764433,0.4099381623,-1.701932603,-0.3533560569,0.1589678858,-0.2623167349,0.2606410721,-1.02764433,0.4099381623,-1.701932603,-0.3533560569
428,-1,2026-09-27,KOetRHt3,2026-09-27,2026-09-12,-1.028720535,-0.01080510978,0.005402554892,0.005402554892,Julia Garcia,23.10669529,2026-09-12 13:07:54,4,15,23.14776389,0.3651435457,-1.629328221,-0.4281128499,0.157074562,-0.2691697727,0.2475595532,-1.039525645,0.3299746559,-1.582285655,-0.4967656356,0.1589552448,-0.256055556,0.2668606658,-1.02331798,0.4279673533,-1.727261634,-0.3193743271,0.1589552448,-0.256055556,0.2668606658,-1.02331798,0.4279673533,-1.727261634,-0.3193743271
429,0,2026-09-27,vwD5YKmT,2026-09-27,2026-07-20,-1.039228203,-0.03440610401,0.03450735737,-0.0001012533611,Jessica Pieri,29.23845018,2026-07-20 02:59:29,14,69,29.42736577,0.3225103304,-1.569710489,-0.508745916,0.1382147645,-0.2617491607,0.1929369527,-1.073634307,0.3683195377,-1.679466034,-0.4678025792,0.137124075,-0.1910416748,0.2600563895,-1.004720845,0.2920075199,-1.485030474,-0.5244112172,0.1591056563,-0.2618067691,0.2616042624,-1.039329456,0.3928511284,-1.685512059,-0.3931468528
430,0,2026-09-27,KUkoziQu,2026-09-27,2026-07-26,-1.047107271,0.1474726336,-0.1485863051,0.001113671441,Alana Smith,26.71256042,2026-07-26 13:29:47,13,63,26.88504856,0.3018510223,-1.54360802,-0.5506065224,0.1205271297,-0.05077685279,0.34572212,-0.8996346377,0.2910310408,-1.378338101,-0.4209311747,0.1215165597,-0.348463259,0.05129064882,-1.195693576,0.3189289826,-1.72028507,-0.6711020827,0.1589350299,-0.2603111889,0.2625385318,-1.0459936,0.3761392872,-1.664687671,-0.427299529
431,-32,2026-09-27,00MKCU0d,2026-09-27,2026-09-27,-1.048629976,0.001103476489,-0.0005517382447,-0.0005517382447,Zongyu Li,23.34054861,2026-09-27 23:02:52,4,0,23.34054861,0.3153040128,-1.567258925,-0.5300010274,0.1571328643,-0.2573570853,0.2595640383,-1.0475265,0.2735603509,-1.497493235,-0.5975597646,0.15896965,-0.2620335435,0.2609300671,-1.049181715,0.3864246577,-1.684793714,-0.4135697149,0.15896965,-0.2620335435,0.2609300671,-1.049181715,0.3864246577,-1.684793714,-0.4135697149
432,0,2026-09-27,QBdEvgpD,2026-09-27,2026-08-22,-1.080019629,0.001517525468,-0.0007587627341,-0.0007587627341,Jessica Hinojosa Gomez,28.9279715,2026-08-22 17:23:28,1,36,29.02653615,0.3254365042,-1.615315043,-0.5447242144,0.1571341477,-0.2569451473,0.2599801982,-1.078502103,0.2914797876,-1.557943689,-0.5990605174,0.1589699671,-0.2622410897,0.2607235642,-1.080778391,0.3924285473,-1.726265911,-0.4352908721,0.1589699671,-0.2622410897,0.2607235642,-1.080778391,0.3924285473,-1.726265911,-0.4352908721
433,1,2026-09-27,8vZ64RV3,2026-09-27,2026-01-09,-1.097028163,-0.006465679415,0.003232839707,0.003232839707,Sarah Rokusek,19.75089454,2026-01-09 20:47:11,1,261,20.46548827,0.5338927163,-1.975203534,-0.2188527921,0.1571515891,-0.2649570407,0.2520256819,-1.103493842,0.5142195976,-1.949309812,-0.2576778722,0.1589742773,-0.2582565768,0.2647222562,-1.093795323,0.5770375927,-2.0429377,-0.144652946,0.1589742773,-0.2582565768,0.2647222562,-1.093795323,0.5770375927,-2.0429377,-0.144652946
434,-9,2026-09-27,Qk09uuRk,2026-09-27,2026-09-27,-1.119643861,-0.02572107349,-0.1146205355,0.140341609,Carol Zhao,31.27481529,2026-09-27 21:24:05,61,0,31.27481529,0.1981819145,-1.445624102,-0.7936636201,0.07060021406,-0.1418480917,0.09040594467,-1.145364935,0.1894603281,-1.456999442,-0.8337304267,0.07671730844,-0.2408092785,0.01156820755,-1.234264397,0.2125076398,-1.583808359,-0.8847204344,0.09521756683,-0.01627735118,0.2969605691,-0.9793022521,0.2381382403,-1.3710048,-0.5875997037
435,1,2026-09-27,vqjYeY1t,2026-09-27,2026-07-26,-1.13423547,0.1416111083,-0.142458878,0.0008477696865,Maria Kozyreva,27.18147811,2026-07-26 19:56:40,6,63,27.35396625,0.2930584618,-1.616273744,-0.6521971961,0.1303395201,-0.072778324,0.3560005407,-0.9926243615,0.2974150072,-1.481828515,-0.5034202082,0.1315278648,-0.3588029634,0.07388520734,-1.276694348,0.3040225822,-1.776766995,-0.7766217009,0.1589498456,-0.2606014603,0.2622969997,-1.1333877,0.3692118527,-1.740687155,-0.526088245
436,-1,2026-09-27,88JkTZXP,2026-09-27,2026-07-13,-1.135014468,-0.07667898405,0.06939262637,0.007286357679,Irina Fetecau,30.23787579,2026-07-13 03:46:35,10,76,30.44595673,0.3608404975,-1.728544269,-0.5414846669,0.1359395623,-0.3002796661,0.146921698,-1.211693452,0.3999055425,-1.869479534,-0.55390737,0.1348052894,-0.1523423429,0.2911275956,-1.065621842,0.3349010098,-1.616484982,-0.5147587009,0.1590528264,-0.2543322607,0.2689049761,-1.12772811,0.4248344347,-1.826518571,-0.4289376496
437,0,2026-09-27,2wB7CMs9,2026-09-27,2026-07-16,-1.152027668,-0.1705116832,0.1648024989,0.005709184298,Miriana Tona,31.51746541,2026-07-16 12:25:43,12,73,31.71733262,0.3118462206,-1.664969055,-0.6390862812,0.1250177453,-0.3761475749,0.03512420858,-1.322539351,0.3394353796,-1.880860867,-0.7642178361,0.1245547081,-0.04007176454,0.3696767623,-0.9872251694,0.2920313995,-1.467574076,-0.5068762627,0.1590084268,-0.2558364033,0.2672547719,-1.146318484,0.3842817617,-1.778405733,-0.5142312344
438,0,2026-09-27,tETmgtIB,2026-09-27,2026-09-12,-1.152170725,0,0,0,Urrutia M. F.,,2026-09-12 18:15:37,1,15,,0.4280257177,-1.856210379,-0.4481310708,0.1595772137,-0.2624811587,0.2624811587,-1.152170725,0.456805103,-1.903548256,-0.4007931945,0.1595772137,-0.2624811587,0.2624811587,-1.152170725,0.456805103,-1.903548256,-0.4007931945,0.1595772137,-0.2624811587,0.2624811587,-1.152170725,0.456805103,-1.903548256,-0.4007931945
439,0,2026-09-27,2khXNm46,2026-09-27,2026-08-01,-1.16663371,-0.001455924245,0.0007279621223,0.0007279621223,Marton I.,,2026-08-01 11:48:54,1,57,,0.3505009908,-1.743156536,-0.5901108838,0.1571365914,-0.2599226165,0.257010768,-1.168089634,0.3192938464,-1.693281275,-0.6428979927,0.158970571,-0.2607553581,0.2622112823,-1.165905748,0.4134243985,-1.845928369,-0.4858831264,0.158970571,-0.2607553581,0.2622112823,-1.165905748,0.4134243985,-1.845928369,-0.4858831264
440,0,2026-09-27,tfZCOSjq,2026-09-27,2026-07-19,-1.170425565,-0.001775474035,0.003550948071,-0.001775474035,Diana Martynov,25.23367051,2026-07-19 09:48:49,3,70,25.425324,0.351488507,-1.748572711,-0.5922784193,0.1589657904,-0.263250931,0.2596999829,-1.172201039,0.4163501839,-1.857036149,-0.4873659289,0.1571172451,-0.2548839225,0.2619858186,-1.166874617,0.3149025789,-1.684843266,-0.6489059679,0.1589657904,-0.263250931,0.2596999829,-1.172201039,0.4163501839,-1.857036149,-0.4873659289
441,0,2026-09-27,Usf6aad2,2026-09-27,2026-07-25,-1.184166982,-0.005816772,0.002908386,0.002908386,Ekaterina Ovcharenko,25.56600321,2026-07-25 18:58:56,3,64,25.74122925,0.3760111636,-1.802650308,-0.5656836555,0.1570833828,-0.2641959439,0.2525623999,-1.189983754,0.3424310909,-1.753232776,-0.6267347318,0.1589574239,-0.2585533093,0.2643700813,-1.181258596,0.4370950971,-1.900216051,-0.4623011399,0.1589574239,-0.2585533093,0.2643700813,-1.181258596,0.4370950971,-1.900216051,-0.4623011399
442,0,2026-09-27,feyZa80l,2026-09-27,2026-05-04,-1.195338057,0.001214598707,-0.002429197413,0.001214598707,Lombardini M.,,2026-05-04 02:42:53,1,146,,0.4411539222,-1.920971686,-0.4697044277,0.1589730976,-0.2602728774,0.2627020748,-1.194123458,0.4925358938,-2.004272909,-0.3839740067,0.1571468156,-0.260912707,0.2560543122,-1.197767254,0.4170217609,-1.88370701,-0.5118274982,0.1589730976,-0.2602728774,0.2627020748,-1.194123458,0.4925358938,-2.004272909,-0.3839740067
443,2,2026-09-27,E79w1KgA,2026-09-27,2026-07-12,-1.209904233,-0.01526733639,0.00371250273,0.01155483366,Yasmine Mansouri,25.15955486,2026-07-12 08:07:45,8,77,25.3703737,0.3489264034,-1.783837093,-0.635971373,0.135053405,-0.2374104195,0.2068757467,-1.22517157,0.3848455765,-1.858186212,-0.5921569273,0.1362653705,-0.2204240862,0.2278490917,-1.206191731,0.3266135784,-1.74342326,-0.6689602014,0.1589644538,-0.2499184248,0.2730280921,-1.1983494,0.4153838329,-1.881595004,-0.5151037954
444,2,2026-09-27,Ewjj4pTT,2026-09-27,2026-07-26,-1.219056229,-0.03505515564,-0.1192450284,0.154300184,Ankita Raina,33.53882425,2026-07-26 19:17:47,46,63,33.71131239,0.319721579,-1.744951428,-0.6931610306,0.08617694178,-0.1768036109,0.1066932996,-1.254111385,0.3086033325,-1.761718696,-0.7465040744,0.1123342444,-0.3040184178,0.06552836099,-1.338301258,0.3543043094,-1.921079986,-0.7555225295,0.09368762857,0.0001977483986,0.3084026197,-1.064756045,0.3387047731,-1.62187582,-0.5076362709
445,2,2026-09-27,4pmFdb9U,2026-09-27,2026-07-19,-1.225846809,0.122090807,-0.2339882208,0.1118974138,Georgina Garcia-Perez,34.1837584,2026-07-19 08:40:23,27,70,34.37541189,0.3123935625,-1.739688493,-0.7120051246,0.09915096271,-0.04099801358,0.2851796277,-1.103756002,0.341950052,-1.666213785,-0.5412982187,0.1041002189,-0.4052178435,-0.06275859813,-1.45983503,0.2957856457,-1.946359122,-0.9733109376,0.1023732744,-0.05649163796,0.2802864655,-1.113949395,0.3456852379,-1.682551013,-0.5453477778
446,2,2026-09-27,CK6OPL7F,2026-09-27,2025-10-25,-1.235716607,0.1231536832,-0.1274832528,0.004329569684,Hiroko Kuwata,34.85437995,2025-10-25 07:13:15,11,337,35.77705461,0.602907956,-2.227411946,-0.2440212693,0.1195369626,-0.07346712338,0.3197744897,-1.112562924,0.5910536723,-2.084759701,-0.1403661477,0.1195739483,-0.3241648954,0.06919838972,-1.36319986,0.6171774332,-2.3783664,-0.3480333208,0.1592109151,-0.2575490814,0.2662082208,-1.231387038,0.6435656242,-2.289958289,-0.1728157866
447,2,2026-09-27,CKKqxZuj,2026-09-27,2026-07-13,-1.240241043,0.001975857474,-0.003951714947,0.001975857474,Argyrokastriti M.,,2026-07-13 08:45:24,1,76,,0.3862626831,-1.875586618,-0.6048954675,0.1589810785,-0.2595247461,0.2634764611,-1.238265185,0.4437080842,-1.968100037,-0.5084303338,0.1571791077,-0.2624883404,0.2545849105,-1.244192758,0.359302229,-1.835192332,-0.6531931831,0.1589810785,-0.2595247461,0.2634764611,-1.238265185,0.4437080842,-1.968100037,-0.5084303338
448,2,2026-09-27,SxUqLqIe,2026-09-27,2025-10-30,-1.247304865,0.09449319073,-0.08820751914,-0.006285671592,Eudice Chong,29.52371474,2025-10-30 07:34:09,10,332,30.43269987,0.5572172746,-2.16384572,-0.3307640095,0.1427740337,-0.1403491964,0.3293355779,-1.152811674,0.5386903946,-2.038878523,-0.2667448245,0.1425513252,-0.3226835834,0.1462685451,-1.335512384,0.5883561243,-2.303272089,-0.3677526788,0.1590619309,-0.2679192656,0.2553479224,-1.253590536,0.6009401019,-2.242049042,-0.2651320301
449,3,2026-09-27,4Ev7C1Ab,2026-09-27,2026-04-11,-1.259701252,0.002305774399,-0.004611548798,0.002305774399,Pohle V.,,2026-04-11 08:39:57,1,169,,0.461766143,-2.019238967,-0.5001635372,0.1589738092,-0.2591828723,0.2637944211,-1.257395478,0.5110541335,-2.098004723,-0.4167862328,0.1571496953,-0.2630997951,0.2538766975,-1.264312801,0.4388309794,-1.986125529,-0.542500073,0.1589738092,-0.2591828723,0.2637944211,-1.257395478,0.5110541335,-2.098004723,-0.4167862328
450,1,2026-09-27,Kp8Z0oRo,2026-09-27,2025-10-11,-1.261211717,0.1153623027,-0.02554231118,-0.08981999154,Saisai Zheng,31.68078172,2025-10-11 04:01:48,82,351,32.64178708,0.5691344504,-2.197354582,-0.325068852,0.07406590681,-0.00646527274,0.2371898782,-1.145849414,0.5643567282,-2.074133626,-0.2175652029,0.07535748641,-0.149494346,0.09840972366,-1.286754028,0.5750431216,-2.232615792,-0.340892264,0.1001390897,-0.2545341365,0.07489415337,-1.351031708,0.5863116118,-2.31542849,-0.3866349272
451,2,2026-09-27,baNcJtnh,2026-09-27,2026-09-12,-1.278948681,0.00456183156,0.01956508856,-0.02412692012,Victoria Rodriguez,31.39488639,2026-09-12 17:55:23,18,15,31.435955,0.256283685,-1.70049783,-0.8573995327,0.116211153,-0.1865885049,0.195712168,-1.27438685,0.2464713134,-1.679796084,-0.8689776161,0.1207001948,-0.1789690646,0.2180992418,-1.259383593,0.2872066645,-1.731796517,-0.7869706691,0.1569568528,-0.2822979687,0.2340441285,-1.303075602,0.3263697716,-1.839906104,-0.7662450989
452,2,2026-09-27,zFzvC34A,2026-09-27,2026-07-12,-1.285008996,0.003821951621,-0.007643903242,0.003821951621,Eva Maria Ionescu,19.09183501,2026-07-12 03:35:21,1,77,19.30265385,0.3742410422,-1.900580731,-0.6694372601,0.1589721135,-0.2576639058,0.2653078091,-1.281187044,0.4336678224,-1.994507135,-0.5678669535,0.1571428334,-0.2661208627,0.2508330562,-1.292652899,0.3453572765,-1.860715068,-0.7245907302,0.1589721135,-0.2576639058,0.2653078091,-1.281187044,0.4336678224,-1.994507135,-0.5678669535
453,2,2026-09-27,tMnmfUfg,2026-09-27,2026-02-01,-1.309791849,-0.1035858635,0.002896054232,0.1006898092,Katarzyna Piter,34.96035381,2026-02-01 00:10:07,10,238,35.61197567,0.5044685404,-2.139568757,-0.4800149407,0.1133779442,-0.2900759861,0.0829042592,-1.413377712,0.4922778254,-2.223102679,-0.6036527459,0.109237475,-0.1767836027,0.1825757112,-1.306895795,0.5254114378,-2.171120704,-0.4426708856,0.1218426793,-0.09972356374,0.3011031822,-1.20910204,0.5335765278,-2.086757327,-0.3314467528
454,3,2026-09-27,Of42ImLn,2026-09-27,2026-09-19,-1.30986057,-0.02180381324,0.01090190662,0.01090190662,Boyoung Jeong,23.33265256,2026-09-19 01:49:57,5,8,23.35455582,0.3481440856,-1.882506631,-0.7372145078,0.1571225666,-0.2802474368,0.2366398103,-1.331664383,0.3107629598,-1.842823964,-0.8205048013,0.1589671053,-0.2505757131,0.2723795264,-1.298958663,0.41368338,-1.979407271,-0.6185100549,0.1589671053,-0.2505757131,0.2723795264,-1.298958663,0.41368338,-1.979407271,-0.6185100549
455,1,2026-09-27,xpHhGrAj,2026-09-27,2026-06-20,-1.313801254,0.003222953945,0.003222953945,-0.00644590789,Spink I.,,2026-06-20 08:57:54,1,99,,0.3962884671,-1.965637776,-0.6619647312,0.1589720585,-0.2582628131,0.264708721,-1.3105783,0.4528333196,-2.055422828,-0.5657337715,0.1589720585,-0.2582628131,0.264708721,-1.3105783,0.4528333196,-2.055422828,-0.5657337715,0.157142611,-0.2649225016,0.2520306858,-1.320247162,0.3691282267,-1.927409064,-0.713085259
456,2,2026-09-27,Meponf5c,2026-09-27,2026-02-21,-1.320598202,-0.006676370788,0.003338185394,0.003338185394,Valdez N.,,2026-02-21 13:35:16,1,218,,0.4961601547,-2.136709032,-0.5044873715,0.1571313104,-0.2651343766,0.251781635,-1.327274572,0.4745239309,-2.107796981,-0.5467521635,0.158969266,-0.2581429883,0.2648193591,-1.317260016,0.542487069,-2.209571839,-0.4249481931,0.158969266,-0.2581429883,0.2648193591,-1.317260016,0.542487069,-2.209571839,-0.4249481931
457,2,2026-09-27,vuNTuo6j,2026-09-27,2026-07-20,-1.330094062,0.003525485169,-0.007050970339,0.003525485169,Brand V.,,2026-07-20 05:20:35,2,69,,0.3460666045,-1.899322971,-0.760865152,0.1589594998,-0.2579396245,0.2649905949,-1.326568576,0.4101927449,-2.001275601,-0.6518615522,0.1570917849,-0.2654439625,0.2513420218,-1.337145032,0.313024252,-1.852024108,-0.8222659557,0.1589594998,-0.2579396245,0.2649905949,-1.326568576,0.4101927449,-2.001275601,-0.6518615522
458,2,2026-09-27,pxWjg2vP,2026-09-27,2026-05-19,-1.337066507,0.06125919327,-0.06423800467,0.002978811401,Daphnee Mpetshi Perricard,17.49007379,2026-05-19 02:50:19,2,131,17.84873961,0.4150607752,-2.019780729,-0.6543522856,0.1475427707,-0.1814270683,0.3039454548,-1.275807314,0.4478469728,-2.012450031,-0.5391645962,0.1485532201,-0.3085863075,0.1801102982,-1.401304512,0.4035604703,-2.065102415,-0.7375066085,0.158956759,-0.2584817902,0.264439413,-1.334087696,0.4717017667,-2.109968057,-0.5582073339
459,4,2026-09-27,CYYcBpge,2026-09-27,2026-07-26,-1.343397606,-0.007460010143,0.003730005071,0.003730005071,Drenser-Hagmann K.,,2026-07-26 19:22:31,2,63,,0.361033633,-1.937245087,-0.7495501255,0.1571488105,-0.265946801,0.2510267807,-1.350857616,0.3311045438,-1.895476126,-0.8062391066,0.1589735906,-0.257758282,0.2652182921,-1.339667601,0.4222834281,-2.034262029,-0.6450731729,0.1589735906,-0.257758282,0.2652182921,-1.339667601,0.4222834281,-2.034262029,-0.6450731729
460,,2026-09-27,UPNUJjU4,2026-09-27,2026-09-27,-1.34833592,0.03206508672,-0.275545079,0.2434799923,Valeria Savinykh,35.60370729,2026-09-27 23:41:22,46,0,35.60370729,0.4081764297,-2.019726401,-0.6769454396,0.08873092469,-0.1138842966,0.17801447,-1.316270834,0.3984604273,-1.971679913,-0.6608617547,0.1072231965,-0.4519115426,-0.09917861541,-1.623880999,0.4304032758,-2.331831389,-0.9159306103,0.1104761574,0.06176288404,0.4251971006,-1.104855928,0.4328755868,-1.816872907,-0.3928389492
461,0,2026-09-27,lhFaesve,2026-09-27,2026-07-13,-1.350464239,-0.01678419837,-0.06008194098,0.07686613936,Valentini Grammatikopoulou,29.4230915,2026-07-13 13:31:26,31,76,29.63117243,0.3485466273,-1.923772423,-0.7771560553,0.0885066795,-0.1623647312,0.1287963344,-1.367248438,0.3577488716,-1.955692967,-0.7788039088,0.08882265982,-0.2061822151,0.08601833318,-1.41054618,0.3413233683,-1.971973161,-0.8491192001,0.1191155564,-0.1190615157,0.2727937944,-1.2735981,0.3871430877,-1.910391812,-0.6368043881
462,0,2026-09-27,riKJvzYF,2026-09-27,2025-10-29,-1.352120173,-0.01693706771,0.008468533854,0.008468533854,Vaishnavi Adkar,20.87419073,2025-10-29 03:23:55,3,333,21.78591377,0.565226976,-2.281835814,-0.422404531,0.1570752391,-0.2753028445,0.2414287091,-1.36905724,0.5452545659,-2.265921191,-0.47219329,0.1589554121,-0.2529898522,0.2699269199,-1.343651639,0.6067735733,-2.341705352,-0.345597926,0.1589554121,-0.2529898522,0.2699269199,-1.343651639,0.6067735733,-2.341705352,-0.345597926
463,1,2026-09-27,MX0lkYlJ,2026-09-27,2026-07-12,-1.368527188,0.004098200909,-0.008196401818,0.004098200909,Elina Nepliy,28.71903113,2026-07-12 09:51:27,2,77,28.92984997,0.4021064074,-2.029933371,-0.7071210056,0.1589921253,-0.2574205731,0.2656169749,-1.364428987,0.4571415409,-2.116359909,-0.6124980656,0.1572237969,-0.2668065344,0.2504137308,-1.37672359,0.3773436442,-1.997398652,-0.7560485282,0.1589921253,-0.2574205731,0.2656169749,-1.364428987,0.4571415409,-2.116359909,-0.6124980656
464,2,2026-09-27,QTh4zXxP,2026-09-27,2025-10-24,-1.380731576,-0.0182594097,0.009129704851,0.009129704851,Yuhan Wang,18.34658959,2025-10-24 22:54:07,1,338,19.27200216,0.5995514918,-2.366906022,-0.3945571298,0.1572055299,-0.2768394957,0.2403206763,-1.398990985,0.5829747012,-2.357899037,-0.4400829336,0.1589876096,-0.2523816414,0.2706410511,-1.371601871,0.6378848526,-2.420829084,-0.3223746574,0.1589876096,-0.2523816414,0.2706410511,-1.371601871,0.6378848526,-2.420829084,-0.3223746574
465,5,2026-09-27,t4og3DEc,2026-09-27,2026-05-24,-1.388220393,-0.2002241155,0.3802027503,-0.1799786348,Danka Kovinic,31.51402271,2026-05-24 06:15:02,97,126,31.85899899,0.3709328101,-1.998350571,-0.7780902148,0.06826395201,-0.3125083246,-0.08793990647,-1.588444508,0.37374476,-2.203199932,-0.9736890844,0.06459105452,0.27395992,0.4864455806,-1.008017642,0.3659795952,-1.610000507,-0.406034778,0.1040379044,-0.3511057592,-0.008851510342,-1.568199028,0.3985010617,-2.223674944,-0.9127231109
466,1,2026-09-27,SdVCIRnp,2026-09-27,2026-01-09,-1.390276123,-0.009038927639,0.00451946382,0.00451946382,Sibai J.,,2026-01-09 22:20:50,1,261,,0.5302096239,-2.262393346,-0.5181589002,0.1571372527,-0.2675067076,0.2494288523,-1.399315051,0.510129716,-2.238403764,-0.5602263372,0.1589707344,-0.2569641252,0.2660030528,-1.385756659,0.5737464221,-2.329485543,-0.442027776,0.1589707344,-0.2569641252,0.2660030528,-1.385756659,0.5737464221,-2.329485543,-0.442027776
467,2,2026-09-27,4Y0B7SZo,2026-09-27,2025-10-11,-1.393062682,-0.01791035413,0.008955177067,0.008955177067,Yihan Qu,16.55642592,2025-10-11 02:38:58,2,351,17.51743128,0.5969026111,-2.374880107,-0.4112452573,0.1571172294,-0.2763451988,0.2405244906,-1.410973036,0.5764819235,-2.359201419,-0.4627446535,0.1589657865,-0.2525202735,0.2704306276,-1.384107505,0.6370921596,-2.432030854,-0.3361841556,0.1589657865,-0.2525202735,0.2704306276,-1.384107505,0.6370921596,-2.432030854,-0.3361841556
468,0,2026-09-27,007xoimf,2026-09-27,2026-07-25,-1.393157579,0.1183957723,-0.1232684891,0.004872716812,Eri Hozumi,32.43487086,2026-07-25 14:14:23,18,64,32.61009691,0.3702007623,-2.002083645,-0.7842315125,0.1254101476,-0.08788556377,0.3246771084,-1.274761807,0.3497182294,-1.849997105,-0.6995265087,0.1258022833,-0.330194831,0.0836578528,-1.516426068,0.397613003,-2.170441258,-0.862410878,0.15922323,-0.2570261906,0.2667716242,-1.388284862,0.4331891383,-2.100817588,-0.6757521368
469,9,2026-09-27,v55cXYg7,2026-09-27,2026-09-12,-1.400060614,-0.06946115256,0.03473057628,0.03473057628,Luiza Fullana,25.42853033,2026-09-12 13:55:11,2,15,25.46959893,0.3657659625,-2.001692084,-0.7984291438,0.154159519,-0.3230309965,0.1841086914,-1.469521766,0.3779203787,-2.091145472,-0.8478980608,0.1582401803,-0.2255513582,0.2950125108,-1.365330038,0.4076613006,-2.035873206,-0.6947868687,0.1582401803,-0.2255513582,0.2950125108,-1.365330038,0.4076613006,-2.035873206,-0.6947868687
470,1,2026-09-27,dYrgqWMk,2026-09-27,2026-01-10,-1.434470399,-0.005151035277,0.002575517639,0.002575517639,Ava Beck,17.42687488,2026-01-10 00:50:54,2,260,18.1387307,0.5337417291,-2.312397418,-0.5565433804,0.1571185458,-0.2635880453,0.2532859747,-1.439621435,0.5108192327,-2.279844302,-0.599398567,0.1589661118,-0.2589004679,0.2640515032,-1.431894882,0.5783299657,-2.383163023,-0.48062674,0.1589661118,-0.2589004679,0.2640515032,-1.431894882,0.5783299657,-2.383163023,-0.48062674
471,12,2026-09-27,lj0um52s,2026-09-27,2026-09-18,-1.439856209,-0.03147025661,0.0157351283,0.0157351283,Gaeul Jang,19.96986119,2026-09-18 20:12:31,3,9,19.99450235,0.3263566148,-1.976665071,-0.9030473476,0.1571188746,-0.2899078074,0.2269672941,-1.471326466,0.2864149767,-1.942437179,-1.000215753,0.158966193,-0.2457409909,0.2772112475,-1.424121081,0.3954233321,-2.074534583,-0.773707579,0.158966193,-0.2457409909,0.2772112475,-1.424121081,0.3954233321,-2.074534583,-0.773707579
472,-28,2026-09-27,YTIjgkce,2026-09-27,2026-09-19,-1.452586105,-0.04918998493,0.01565840639,0.03353157854,Ulrikke Eikeri,33.75873056,2026-09-19 02:57:20,44,8,33.78063382,0.2770359084,-1.908269624,-0.996902586,0.08930308322,-0.1960804853,0.0977005154,-1.50177609,0.2623783552,-1.933350079,-1.070202101,0.08875532939,-0.1303311191,0.1616479319,-1.436927698,0.2904208156,-1.91462743,-0.9592279666,0.1269047871,-0.1752082207,0.2422713778,-1.419054526,0.3301778406,-1.962148745,-0.8759603076
473,0,2026-09-27,Wx9tqoId,2026-09-27,2026-04-11,-1.453545359,0.003015877675,-0.00603175535,0.003015877675,Oceane Babel,22.12270089,2026-04-11 03:36:50,2,169,22.58540717,0.4938356585,-2.265832733,-0.6412579855,0.1589734236,-0.2584721347,0.26450389,-1.450529482,0.5419370851,-2.341936662,-0.5591223018,0.1571481346,-0.2645174346,0.2524539239,-1.459577115,0.4684762527,-2.230151978,-0.6890022513,0.1589734236,-0.2584721347,0.26450389,-1.450529482,0.5419370851,-2.341936662,-0.5591223018
474,-2,2026-09-27,pEa6LCHl,2026-09-27,2026-03-16,-1.460914451,-0.03668829007,0.05125407028,-0.0145657802,Marina Melnikova,37.108532,2026-03-16 14:42:43,35,195,37.64242386,0.4583065824,-2.214761695,-0.7070672062,0.0981974752,-0.1982087633,0.1248321832,-1.497602741,0.447772732,-2.234123343,-0.7610821383,0.07663448481,-0.07479844001,0.1773065806,-1.40966038,0.4730818997,-2.187810859,-0.6315099016,0.08706109966,-0.1577685457,0.1286369853,-1.475480231,0.4784590792,-2.262475382,-0.688485079
475,0,2026-09-27,SIay73TN,2026-09-27,2025-10-10,-1.473050063,-0.02178495422,0.01089247711,0.01089247711,Meng Yi Chen,22.7270321,2025-10-10 21:04:21,1,352,23.69077536,0.5969017017,-2.454865992,-0.4912341338,0.1571542572,-0.2802807042,0.2367107957,-1.494835017,0.5794154877,-2.447888684,-0.5417813505,0.1589749366,-0.250598024,0.2723829782,-1.462157586,0.6357657347,-2.50789916,-0.4164160112,0.1589749366,-0.250598024,0.2723829782,-1.462157586,0.6357657347,-2.50789916,-0.4164160112
476,-2,2026-09-27,x2HO3DEL,2026-09-27,2026-06-13,-1.473524016,0.005930799546,0.005930799546,-0.01186159909,Steinkamp M.,,2026-06-13 03:04:59,1,106,,0.4033973739,-2.13705365,-0.8099943825,0.1589722938,-0.2555553544,0.2674169535,-1.467593217,0.4590579039,-2.222676275,-0.7125101584,0.1589722938,-0.2555553544,0.2674169535,-1.467593217,0.4590579039,-2.222676275,-0.7125101584,0.1571435629,-0.2703397585,0.2466165603,-1.485385615,0.3767737853,-2.105123343,-0.8656478879
477,-1,2026-09-27,j9f4qTiE,2026-09-27,2025-10-25,-1.496207609,-0.01930996782,0.009654983911,0.009654983911,Meiqi Guo,25.7941092,2025-10-25 02:31:06,2,337,26.71678386,0.5921556245,-2.470216936,-0.5221982824,0.1574762459,-0.278335342,0.2397154063,-1.515517577,0.5714788504,-2.455516637,-0.575518517,0.1590545735,-0.2519665082,0.271276476,-1.486552625,0.6327528178,-2.527338393,-0.4457668578,0.1590545735,-0.2519665082,0.271276476,-1.486552625,0.6327528178,-2.527338393,-0.4457668578
478,1,2026-09-27,OpYgQHS3,2026-09-27,2026-01-02,-1.50563562,-0.0191141454,0.009557072702,0.009557072702,Elyse Tse,22.00645522,2026-01-02 16:37:31,3,268,22.7402143,0.5400701177,-2.393971912,-0.617299328,0.1571251482,-0.2775620154,0.2393337246,-1.524749765,0.5168806146,-2.374942719,-0.6745568117,0.1589677432,-0.2519215963,0.2710357418,-1.496078547,0.5844191242,-2.457362463,-0.5347946311,0.1589677432,-0.2519215963,0.2710357418,-1.496078547,0.5844191242,-2.457362463,-0.5347946311
479,1,2026-09-27,61D9N5Sr,2026-09-27,2026-07-18,-1.514439278,-0.01525373284,0.007626866419,0.007626866419,Tereza Krejcova,17.88244895,2026-07-18 10:19:43,1,71,18.07684034,0.3834985958,-2.145238334,-0.8836402213,0.1571854971,-0.2738008678,0.2432934021,-1.52969301,0.356498091,-2.116080188,-0.9433058324,0.1589826577,-0.2538763348,0.2691300676,-1.506812411,0.4412373973,-2.232583344,-0.7810414779,0.1589826577,-0.2538763348,0.2691300676,-1.506812411,0.4412373973,-2.232583344,-0.7810414779
480,1,2026-09-27,Q3HFKpkS,2026-09-27,2026-09-12,-1.523444492,0,0,0,Antonia Vergara Rivera,19.80218384,2026-09-12 14:22:45,1,15,19.84325245,0.6913445965,-2.660605159,-0.3862838246,0.1595772137,-0.2624811587,0.2624811587,-1.523444492,0.7095225425,-2.690505219,-0.3563837643,0.1595772137,-0.2624811587,0.2624811587,-1.523444492,0.7095225425,-2.690505219,-0.3563837643,0.1595772137,-0.2624811587,0.2624811587,-1.523444492,0.7095225425,-2.690505219,-0.3563837643
481,1,2026-09-27,QyYuXHuR,2026-09-27,2025-10-24,-1.538228439,-0.02498160857,0.01249080429,0.01249080429,Ying Zhang,29.52812886,2025-10-24 22:15:45,3,338,30.45354143,0.6085502668,-2.539204553,-0.5372523259,0.1578313423,-0.2845910645,0.2346278473,-1.563210048,0.5877928182,-2.530043197,-0.5963768991,0.1591425414,-0.2492753822,0.2742569908,-1.525737635,0.6484841225,-2.592399096,-0.4590761743,0.1591425414,-0.2492753822,0.2742569908,-1.525737635,0.6484841225,-2.592399096,-0.4590761743
482,2,2026-09-27,SSdpiotE,2026-09-27,2025-10-29,-1.553315007,-0.002614185684,0.001307092842,0.001307092842,Thasaporn Naklo,24.19280706,2025-10-29 05:47:31,5,333,25.10453009,0.5651142358,-2.482845207,-0.6237848067,0.1571110122,-0.261038804,0.2558104326,-1.555929193,0.5429851756,-2.449060328,-0.6627980572,0.1589642503,-0.2601658309,0.2627800166,-1.552007914,0.6076399153,-2.551486633,-0.5525291956,0.1589642503,-0.2601658309,0.2627800166,-1.552007914,0.6076399153,-2.551486633,-0.5525291956
483,-6,2026-09-27,Cl1R1Yq3,2026-09-27,2026-08-01,-1.558552604,-0.01474464824,0.007372324121,0.007372324121,Alexander A.,,2026-08-01 13:27:01,1,57,,0.3547560404,-2.142074364,-0.9750308443,0.1571475689,-0.2732293969,0.2437401004,-1.573297252,0.3242783006,-2.106687591,-1.039906913,0.1589732837,-0.2541154582,0.2688601065,-1.55118028,0.4169169561,-2.236947647,-0.8654129124,0.1589732837,-0.2541154582,0.2688601065,-1.55118028,0.4169169561,-2.236947647,-0.8654129124
484,3,2026-09-27,zDDzBaCa,2026-09-27,2026-02-06,-1.559708801,-0.0147838512,0.0073919256,0.0073919256,Al-Mudahka H.,,2026-02-06 02:02:12,1,233,,0.5086622787,-2.396383795,-0.7230338067,0.1571347423,-0.273247502,0.2436797996,-1.574492652,0.4876474863,-2.376601388,-0.7723839154,0.158970114,-0.254090643,0.2688744942,-1.552316875,0.5539161453,-2.463427856,-0.6412058946,0.158970114,-0.254090643,0.2688744942,-1.552316875,0.5539161453,-2.463427856,-0.6412058946
485,1,2026-09-27,2LFnM6r3,2026-09-27,2025-10-25,-1.560902944,-0.05755852086,0.05661003453,0.0009484863297,Amina Anshba,26.128634,2025-10-25 06:54:09,14,337,27.05130866,0.5966378359,-2.542284852,-0.5795210357,0.1264320159,-0.2655206808,0.1504036391,-1.618461465,0.5832655594,-2.577847936,-0.6590749939,0.1256504032,-0.1500664869,0.2632865559,-1.504292909,0.6148662173,-2.515657837,-0.4929279817,0.1590244362,-0.2606234343,0.262520407,-1.559954458,0.6377560609,-2.608969828,-0.5109390877
486,-1,2026-09-27,hQh4SpYf,2026-09-27,2026-07-25,-1.563031979,0.1213165404,-0.1164705332,-0.004846007273,Karman Kaur Thandi,28.10896499,2026-07-25 14:07:39,9,64,28.28419104,0.3055451202,-2.065608978,-1.06045498,0.1332263062,-0.09782123251,0.3404543134,-1.441715439,0.2931272266,-1.923866821,-0.9595640569,0.1324433758,-0.3343205003,0.1013794339,-1.679502512,0.3326661424,-2.226689623,-1.132315401,0.1591098441,-0.2665584114,0.2568663968,-1.567877986,0.379591316,-2.192250139,-0.9435058336
487,2,2026-09-27,fyxycq7g,2026-09-27,2026-07-11,-1.580121728,0.007737994348,-0.0154759887,0.007737994348,Sziedat F.,,2026-07-11 11:35:14,1,78,,0.4074420953,-2.250304337,-0.9099391202,0.1589948723,-0.253785298,0.2692612867,-1.572383734,0.4617077242,-2.331825359,-0.8129421093,0.1572349079,-0.2741043972,0.2431524198,-1.595597717,0.3833545263,-2.2261598,-0.9650356341,0.1589948723,-0.253785298,0.2692612867,-1.572383734,0.4617077242,-2.331825359,-0.8129421093
488,2,2026-09-27,IkIXHz7L,2026-09-27,2025-10-24,-1.590480628,-0.01505259709,0.007526298546,0.007526298546,Yang A.,,2025-10-24 20:29:54,2,338,,0.5707386093,-2.529262099,-0.6516991562,0.1570770123,-0.2734212905,0.2433160963,-1.605533225,0.5510097583,-2.511863624,-0.6992028254,0.1589558501,-0.2539328081,0.2689854051,-1.582954329,0.6118917547,-2.589426701,-0.5764819572,0.1589558501,-0.2539328081,0.2689854051,-1.582954329,0.6118917547,-2.589426701,-0.5764819572
489,-1,2026-09-27,IZZfHlgn,2026-09-27,2026-09-12,-1.600498833,-0.01616691154,0.008083455769,0.008083455769,Bielinska S.,,2026-09-12 10:18:38,1,15,,0.3200253403,-2.126893675,-1.074103991,0.157180898,-0.2747064818,0.2423726587,-1.616665744,0.2869655195,-2.08868202,-1.144649469,0.158981521,-0.2534178757,0.2695847872,-1.592415377,0.387398715,-2.229629558,-0.9552011956,0.158981521,-0.2534178757,0.2695847872,-1.592415377,0.387398715,-2.229629558,-0.9552011956
490,1,2026-09-27,OzZIy4oq,2026-09-27,2026-07-19,-1.606042406,0.01156654061,-0.02313308121,0.01156654061,Anna Petkovic,21.12869225,2026-07-19 02:18:47,3,70,21.32034574,0.3685384763,-2.212234255,-0.9998505566,0.1589550688,-0.2498912808,0.273024362,-1.594475865,0.4306680689,-2.3028618,-0.8860899303,0.1570738494,-0.2814965721,0.2352304096,-1.629175487,0.3342416436,-2.178954067,-1.079396907,0.1589550688,-0.2498912808,0.273024362,-1.594475865,0.4306680689,-2.3028618,-0.8860899303
491,1,2026-09-27,dO8fjQAB,2026-09-27,2026-07-19,-1.607811723,-0.1476049579,0.1411309946,0.006473963342,Valeriya Strakhova,31.11181368,2026-07-19 08:33:31,22,70,31.30346717,0.3463883797,-2.177569906,-1.038053541,0.1064351077,-0.3226751309,0.02746521503,-1.755416681,0.3505912167,-2.332087916,-1.178745447,0.1066240295,-0.03424992712,0.3165119163,-1.466680729,0.3382693611,-2.023084314,-0.9102771433,0.159115683,-0.2552480449,0.2681959716,-1.60133776,0.4130729757,-2.280782342,-0.9218931778
492,1,2026-09-27,8Ce97Ehr,2026-09-27,2026-07-12,-1.616929812,0.05895105742,-0.06058094837,0.001629890945,Martina Okalova,29.10197477,2026-07-12 06:40:21,5,77,29.31279361,0.3664763546,-2.219729773,-1.014129851,0.1466698376,-0.182299357,0.3002014718,-1.557978754,0.3998186671,-2.215621939,-0.9003355695,0.1481177897,-0.304213032,0.1830511353,-1.67751076,0.3563208128,-2.263606341,-1.091415179,0.1589375585,-0.2597991286,0.2630589105,-1.615299921,0.4298922373,-2.322409726,-0.9081901149
493,-28,2026-09-27,U7GWif8L,2026-09-27,2026-09-19,-1.633180007,-0.0227612198,0.0113806099,0.0113806099,Eva Marie Desvignes,18.39351684,2026-09-19 02:15:28,2,8,18.4154201,0.325687095,-2.168887606,-1.097472407,0.1571302133,-0.2812174211,0.2356949815,-1.655941226,0.2864082983,-2.127040955,-1.184841498,0.1589689949,-0.2501001179,0.2728613377,-1.621799397,0.3946002565,-2.27085906,-0.9727397336,0.1589689949,-0.2501001179,0.2728613377,-1.621799397,0.3946002565,-2.27085906,-0.9727397336
494,0,2026-09-27,KUATIEM9,2026-09-27,2026-05-18,-1.666895121,-0.1144342264,0.1161847716,-0.001750545148,Tereza Mrdeza,35.50816267,2026-05-18 02:09:45,28,132,35.8695664,0.4288901272,-2.372356603,-0.9614336399,0.1146401945,-0.3030005661,0.07413211325,-1.781329348,0.4437968845,-2.511310263,-1.051348433,0.1149402846,-0.07287517252,0.3052447156,-1.55071035,0.4145950597,-2.232658537,-0.8687621619,0.1592038671,-0.2636176033,0.260116513,-1.668645666,0.4844533001,-2.465500434,-0.8717908986
495,0,2026-09-27,hh5okFZs,2026-09-27,2026-01-05,-1.676936031,-0.02533951597,0.01266975799,0.01266975799,Monique Barry,23.54525849,2026-01-05 17:29:52,4,265,24.27080385,0.5365089258,-2.559414683,-0.7944573784,0.1571276639,-0.2837915238,0.2331124918,-1.702275547,0.5131325925,-2.546303553,-0.858247541,0.1589683649,-0.2488099335,0.2741494495,-1.664266273,0.5811417253,-2.620159348,-0.7083731983,0.1589683649,-0.2488099335,0.2741494495,-1.664266273,0.5811417253,-2.620159348,-0.7083731983
496,0,2026-09-27,plF5itH8,2026-09-27,2026-04-11,-1.684525472,-0.009044682053,0.01808936411,-0.009044682053,Alice Robbe,25.92059201,2026-04-11 07:14:38,2,169,26.3832983,0.4725107505,-2.461736494,-0.9073144505,0.1589706961,-0.2705282081,0.252438844,-1.693570154,0.5224692174,-2.552955542,-0.8341847671,0.1571370978,-0.2403781612,0.2765568894,-1.666436108,0.4461910955,-2.40035515,-0.9325170665,0.1589706961,-0.2705282081,0.252438844,-1.693570154,0.5224692174,-2.552955542,-0.8341847671
497,0,2026-09-27,jumjev14,2026-09-27,2025-10-25,-1.692852158,-0.04382221008,0.09727842367,-0.05345621359,Nadiya Kolb,32.76486775,2025-10-25 02:55:59,5,337,33.68754242,0.5819424124,-2.650062245,-0.73564207,0.1347138367,-0.2654067529,0.1777623327,-1.736674368,0.5848028797,-2.698589506,-0.7747592301,0.1372342357,-0.1284518066,0.3230086539,-1.595573734,0.6068198125,-2.593703504,-0.5974439646,0.1370534493,-0.2788890767,0.1719766495,-1.746308371,0.6012577837,-2.735289418,-0.7573273251
498,0,2026-09-27,8x8veuZg,2026-09-27,2026-01-09,-1.715177182,-0.02005528984,0.01002764492,0.01002764492,Russell T.,,2026-01-09 17:49:07,1,261,,0.5335285516,-2.592753555,-0.8376008083,0.1571501672,-0.2785443124,0.2384337327,-1.735232471,0.5138154047,-2.580383603,-0.8900813393,0.1589739259,-0.2514611936,0.2715164835,-1.705149537,0.5767120032,-2.653756367,-0.7565427064,0.1589739259,-0.2514611936,0.2715164835,-1.705149537,0.5767120032,-2.653756367,-0.7565427064
499,1,2026-09-27,KShAxkCa,2026-09-27,2026-09-19,-1.725277135,-0.01368363157,0.006841815783,0.006841815783,Nika Radisic,26.50309656,2026-09-19 01:22:26,3,8,26.52499982,0.3443201826,-2.291633436,-1.158920834,0.1571167965,-0.2721177641,0.244750501,-1.738960767,0.3065287487,-2.243155691,-1.234765843,0.1589656796,-0.2546334588,0.2683170904,-1.718435319,0.4104480192,-2.393562232,-1.043308406,0.1589656796,-0.2546334588,0.2683170904,-1.718435319,0.4104480192,-2.393562232,-1.043308406
500,-1,2026-09-27,dWm4Vhqh,2026-09-27,2026-08-25,-1.725688133,-0.0204116828,0.0102058414,0.0102058414,Hazelitt J.,,2026-08-25 10:36:49,1,33,,0.3345805183,-2.276024112,-1.175352154,0.1571647279,-0.2789246556,0.23810129,-1.746099816,0.3026090041,-2.243847334,-1.248352298,0.1589775244,-0.2512889162,0.271700599,-1.715482292,0.3996927686,-2.372918392,-1.058046192,0.1589775244,-0.2512889162,0.271700599,-1.715482292,0.3996927686,-2.372918392,-1.058046192
501,0,2026-09-27,2BZX6kci,2026-09-27,2026-07-11,-1.778306047,0.0110978945,-0.022195789,0.0110978945,Aslanisvili A.,,2026-07-11 07:18:49,1,78,,0.4304674427,-2.486361981,-1.070250112,0.1590123096,-0.2504540797,0.2726498687,-1.767208152,0.4814753954,-2.559164702,-0.9752516017,0.1573054261,-0.2809401896,0.2365486116,-1.800501836,0.4093707015,-2.473856719,-1.127146952,0.1590123096,-0.2504540797,0.2726498687,-1.767208152,0.4814753954,-2.559164702,-0.9752516017
502,0,2026-09-27,d4cVJZzB,2026-09-27,2026-07-12,-1.833980862,0.01204177251,-0.02408354502,0.01204177251,Todoni C. N.,,2026-07-12 01:27:31,1,77,,0.3813330483,-2.461217909,-1.206743814,0.1589769575,-0.2494520526,0.2735355976,-1.821939089,0.4395977314,-2.545013012,-1.098865166,0.157162434,-0.2825927445,0.2344256545,-1.858064407,0.3535530044,-2.439607348,-1.276521465,0.1589769575,-0.2494520526,0.2735355976,-1.821939089,0.4395977314,-2.545013012,-1.098865166
503,0,2026-09-27,AVJWjCto,2026-09-27,2026-07-19,-1.873417663,0.01271036079,-0.02542072159,0.01271036079,Eigelsbach E. V.,,2026-07-19 06:31:06,1,70,,0.3723424952,-2.485866566,-1.260968759,0.1589757359,-0.2487814551,0.2742021767,-1.860707302,0.4318745592,-2.571077737,-1.150336867,0.1571574914,-0.2839217914,0.2330803482,-1.898838384,0.3437012915,-2.4641767,-1.333500068,0.1589757359,-0.2487814551,0.2742021767,-1.860707302,0.4318745592,-2.571077737,-1.150336867
504,5,2026-09-27,MeLlB3fA,2026-09-27,2026-09-19,-1.894270527,0.1329087583,-0.1283804314,-0.004528326937,Ellen Perez,30.94384714,2026-09-19 00:11:39,50,8,30.9657504,0.2685087816,-2.33592817,-1.452612884,0.07398543557,0.01121354627,0.2546039704,-1.761361769,0.2582340445,-2.186118974,-1.336604564,0.07819862949,-0.2570057307,0.0002448679606,-2.022650959,0.2880750803,-2.496492299,-1.548809618,0.08229971992,-0.1398993197,0.1308426659,-1.898798854,0.2915149018,-2.378298198,-1.419299511
505,-1,2026-09-27,Eo4w5aZ8,2026-09-27,2026-07-11,-1.897549551,-0.003233190356,-0.01096252673,0.01419571708,Qianhui Tang,25.83345334,2026-07-11 11:24:07,2,78,26.04701009,0.4607652787,-2.655440991,-1.139658111,0.15574865,-0.2594169221,0.2529505414,-1.900782741,0.5057209792,-2.732619728,-1.068945754,0.1571414011,-0.2694371302,0.2475120767,-1.908512078,0.438494681,-2.629771644,-1.187252511,0.1590643951,-0.24744193,0.2758333642,-1.883353834,0.5129670318,-2.727109517,-1.039598151
506,-1,2026-09-27,dSN9Y9Oq,2026-09-27,2026-01-02,-1.918316229,-0.02694308926,0.01347154463,0.01347154463,Das A.,,2026-01-02 15:30:33,1,268,,0.5394785171,-2.805679424,-1.030953033,0.1571536776,-0.2854378858,0.2315517073,-1.945259318,0.52005462,-2.800673046,-1.08984559,0.1589747934,-0.2480187209,0.2749618101,-1.904844684,0.5821931172,-2.862467145,-0.9472222236,0.1589747934,-0.2480187209,0.2749618101,-1.904844684,0.5821931172,-2.862467145,-0.9472222236
507,-1,2026-09-27,xERKA8Ii,2026-09-27,2026-09-12,-1.926544453,0.00691472236,-0.00345736118,-0.00345736118,Alexandra Panova,37.5324075,2026-09-12 10:19:42,5,15,37.57347611,0.3949502278,-2.576179767,-1.276909138,0.1583710991,-0.2535825544,0.2674119991,-1.91962973,0.3618519384,-2.514823204,-1.324436257,0.1592765413,-0.2654439578,0.2585292354,-1.930001814,0.4543344914,-2.67731555,-1.182688078,0.1592765413,-0.2654439578,0.2585292354,-1.930001814,0.4543344914,-2.67731555,-1.182688078
508,0,2026-09-27,zDlxzf38,2026-09-27,2026-07-11,-1.939159454,0.003576444897,-0.004382040116,0.0008055952191,Makoto Ninomiya,32.12213385,2026-07-11 08:50:36,9,78,32.3356906,0.3899222288,-2.580524446,-1.297794462,0.1512435381,-0.2451970372,0.252349927,-1.935583009,0.4311091287,-2.644694423,-1.226471595,0.15238141,-0.2550271551,0.2462630748,-1.943541494,0.3724900538,-2.55623311,-1.330849878,0.1591697328,-0.261005317,0.2626165074,-1.938353859,0.4504928615,-2.679348676,-1.197359042
509,-2,2026-09-27,8YdQKHcB,2026-09-27,2025-10-25,-1.948516794,-0.02762408908,0.01381204454,0.01381204454,Amy Zhu,30.99584342,2025-10-25 23:59:03,2,337,31.91851808,0.5870751393,-2.914169466,-0.9828641222,0.1571542202,-0.2861197782,0.2308716,-1.976140883,0.5692865599,-2.912533946,-1.039747821,0.1589749275,-0.2476784416,0.2753025306,-1.93470475,0.6265492695,-2.965286588,-0.9041229113,0.1589749275,-0.2476784416,0.2753025306,-1.93470475,0.6265492695,-2.965286588,-0.9041229113
510,8,2026-09-27,bDed2Hr9,2026-09-27,2026-09-18,-1.990139394,-0.02936922414,0.01468461207,0.01468461207,Desirae Krawczyk,32.68758228,2026-09-18 21:27:45,1,9,32.71222344,0.3315073058,-2.535420389,-1.4448584,0.1572252554,-0.2879817557,0.2292433074,-2.019508618,0.3011090349,-2.514788907,-1.52422833,0.1589924859,-0.246834755,0.2762039792,-1.975454782,0.3964225224,-2.627511806,-1.323397758,0.1589924859,-0.246834755,0.2762039792,-1.975454782,0.3964225224,-2.627511806,-1.323397758
511,0,2026-09-27,tY0RrqkF,2026-09-27,2026-07-19,-1.994473323,-0.09071523115,-0.2024138074,0.2931290385,Ekaterina Yashina,32.95165667,2026-07-19 08:17:28,21,70,33.14331017,0.3125132952,-2.50851195,-1.480434696,0.1009111564,-0.2566993128,0.07526885047,-2.085188554,0.3362774647,-2.638315761,-1.532061346,0.09867719321,-0.3647233465,-0.0401042682,-2.19688713,0.3004381832,-2.691063965,-1.702710295,0.1132789229,0.1068017913,0.4794562857,-1.701344284,0.3498576969,-2.276808986,-1.125879582
512,-2,2026-09-27,A91CrBQT,2026-09-27,2025-10-25,-1.999399225,-0.1133434409,0.0106696375,0.1026738034,Riya Bhatia,28.08638724,2025-10-25 08:12:54,7,337,29.0090619,0.5933238924,-2.975330181,-1.023468268,0.1377999529,-0.3400041932,0.1133173114,-2.112742665,0.5772399407,-3.062217876,-1.163267455,0.158953865,-0.2507862039,0.2721254789,-1.988729587,0.634180516,-3.031863709,-0.9455954652,0.1391239049,-0.1261646562,0.3315122629,-1.896725421,0.6199350505,-2.916427838,-0.8770230049
513,-1,2026-09-27,n7RySt6Q,2026-09-27,2026-04-20,-2.016126309,0.007603043067,-0.01520608613,0.007603043067,Ruth Roura Llaverias,20.19512471,2026-04-20 02:49:41,2,160,20.63318983,0.4546304307,-2.763926822,-1.268325796,0.1589653076,-0.2538716197,0.2690777058,-2.008523266,0.5062351309,-2.841205957,-1.175840575,0.1571152911,-0.2736377426,0.2432255703,-2.031332395,0.4274852312,-2.734483028,-1.328181762,0.1589653076,-0.2538716197,0.2690777058,-2.008523266,0.5062351309,-2.841205957,-1.175840575
514,-1,2026-09-27,CvLFk0JM,2026-09-27,2026-02-06,-2.039696928,-0.02058566098,0.01029283049,0.01029283049,Mubaraka Al-Naimi,24.81923067,2026-02-06 00:54:31,3,233,25.457163,0.5210490391,-2.896746329,-1.182647526,0.1575649138,-0.2797568809,0.2385855589,-2.060282589,0.4966976784,-2.877277566,-1.243287611,0.1590765252,-0.2513647689,0.2719504299,-2.029404097,0.567100125,-2.962200794,-1.0966074,0.1590765252,-0.2513647689,0.2719504299,-2.029404097,0.567100125,-2.962200794,-1.0966074
515,-1,2026-09-27,lh9IGVKs,2026-09-27,2026-03-28,-2.043616136,-0.03765396893,0.07530793785,-0.03765396893,Emanuela Lares,15.9384387,2026-03-28 09:29:05,2,183,16.43947568,0.4887843528,-2.847594852,-1.239637421,0.1589702709,-0.2991367956,0.2238288578,-2.081270105,0.5370113522,-2.964575176,-1.197965035,0.1571353772,-0.1831567572,0.3337726329,-1.968308199,0.4638994142,-2.731354833,-1.205261565,0.1589702709,-0.2991367956,0.2238288578,-2.081270105,0.5370113522,-2.964575176,-1.197965035
516,-1,2026-09-27,8E7gvI2s,2026-09-27,2026-03-30,-2.104451575,0.023759525,-0.04751905001,0.023759525,Valentina Mediorreal Arias,19.07921041,2026-03-30 12:55:27,4,181,19.57477157,0.4719486028,-2.880737946,-1.328165204,0.1589673306,-0.2377184653,0.2852375153,-2.08069205,0.5221602447,-2.939569222,-1.221814878,0.1571234783,-0.3059641732,0.2109260732,-2.151970625,0.4451211303,-2.884129731,-1.419811519,0.1589673306,-0.2377184653,0.2852375153,-2.08069205,0.5221602447,-2.939569222,-1.221814878
517,-1,2026-09-27,Ask0jhcB,2026-09-27,2026-09-12,-2.113223136,0,0,0,Fernanda Labrana,27.50425973,2026-09-12 17:23:24,1,15,27.54532833,0.3261408868,-2.649677157,-1.576769116,0.1595772137,-0.2624811587,0.2624811587,-2.113223136,0.3630878202,-2.710449454,-1.515996818,0.1595772137,-0.2624811587,0.2624811587,-2.113223136,0.3630878202,-2.710449454,-1.515996818,0.1595772137,-0.2624811587,0.2624811587,-2.113223136,0.3630878202,-2.710449454,-1.515996818
518,-1,2026-09-27,8lUrX0je,2026-09-27,2026-01-31,-2.125160922,0.02355797096,-0.04553595985,0.0219779889,Briana Szabo,20.18135696,2026-01-31 02:08:33,7,239,20.83571674,0.5159175242,-2.973769733,-1.276552112,0.1412023054,-0.2086991532,0.2558150951,-2.101602951,0.496266585,-2.917888844,-1.285317059,0.1408041756,-0.2771382188,0.1860662991,-2.170696882,0.5481516742,-3.072326152,-1.269067613,0.1589436425,-0.2394610379,0.2834170157,-2.103182934,0.5628400148,-3.028972373,-1.177393494
519,0,2026-09-27,r5S7VdJq,2026-09-27,2026-07-25,-2.14651534,-0.0346805958,0.0173402979,0.0173402979,Soares C.,,2026-07-25 09:51:39,1,64,,0.3637309946,-2.744799586,-1.548231094,0.1571513135,-0.2931715038,0.2238103122,-2.181195936,0.3341786995,-2.730870982,-1.63152089,0.1589742092,-0.2441490066,0.2788296024,-2.129175042,0.424539421,-2.827480248,-1.430869836,0.1589742092,-0.2441490066,0.2788296024,-2.129175042,0.424539421,-2.827480248,-1.430869836
520,0,2026-09-27,4YWiH6AM,2026-09-27,2026-07-11,-2.160380788,0.01757536454,-0.03515072908,0.01757536454,Panagiotidou A.,,2026-07-11 10:01:15,1,78,,0.4214095546,-2.853537822,-1.467223754,0.1590053359,-0.2439651389,0.2791158679,-2.142805424,0.4736684116,-2.921920628,-1.363690219,0.1572772264,-0.2938487454,0.2235472873,-2.195531517,0.3991691741,-2.852106381,-1.538956653,0.1590053359,-0.2439651389,0.2791158679,-2.142805424,0.4736684116,-2.921920628,-1.363690219
521,0,2026-09-27,6qzPIglq,2026-09-27,2026-09-12,-2.19470872,-0.01510501198,0.007552505992,0.007552505992,Ana Candiotto,22.40063971,2026-09-12 15:58:32,3,15,22.44170831,0.3206196237,-2.722081071,-1.667336369,0.1534370467,-0.2674864948,0.2372764708,-2.209813732,0.3385620288,-2.766698713,-1.652928751,0.1580645348,-0.2524405174,0.2675455294,-2.187156214,0.365566891,-2.788460241,-1.585852187,0.1580645348,-0.2524405174,0.2675455294,-2.187156214,0.365566891,-2.788460241,-1.585852187
522,0,2026-09-27,dE3YoMn4,2026-09-27,2026-03-30,-2.198726697,0.02852976309,-0.05705952617,0.02852976309,Maria Camila Torres Murcia,23.38646819,2026-03-30 17:34:14,5,181,23.88202935,0.4735301901,-2.977614548,-1.419838847,0.15897989,-0.2329688856,0.2900284117,-2.170196934,0.523622954,-3.031480049,-1.308913819,0.1571742991,-0.3155882422,0.2014691898,-2.255786223,0.4467476894,-2.99062078,-1.520951666,0.15897989,-0.2329688856,0.2900284117,-2.170196934,0.523622954,-3.031480049,-1.308913819
523,0,2026-09-27,AsKTnUUn,2026-09-27,2025-10-25,-2.233611644,-0.03763375465,0.01881687732,0.01881687732,Liu K.,,2025-10-25 00:31:22,1,337,,0.6141672651,-3.243826898,-1.223396391,0.1572732149,-0.2963251725,0.2210576632,-2.271245399,0.5990623959,-3.256615354,-1.285875444,0.1590043439,-0.2427219944,0.280355749,-2.214794767,0.6511636358,-3.285863635,-1.143725899,0.1590043439,-0.2427219944,0.280355749,-2.214794767,0.6511636358,-3.285863635,-1.143725899
524,0,2026-09-27,QL6YtI3h,2026-09-27,2026-07-18,-2.270805567,-0.04089970964,0.02044985482,0.02044985482,Victoria Bervid,18.15344384,2026-07-18 09:49:16,1,71,18.34783524,0.4009580007,-2.930322789,-1.611288346,0.1572355767,-0.2995292182,0.2177297989,-2.311705277,0.3764725299,-2.930947483,-1.692463071,0.1589950376,-0.2410737095,0.2819734191,-2.250355713,0.4559891773,-3.000391165,-1.500320261,0.1589950376,-0.2410737095,0.2819734191,-2.250355713,0.4559891773,-3.000391165,-1.500320261
525,,2026-09-27,S0EgLKBP,2026-09-27,2026-09-27,-2.278438238,-0.03588003438,0.01794001719,0.01794001719,Yiming Dang,22.07832455,2026-09-27 22:37:08,3,0,22.07832455,0.4163342118,-2.963247077,-1.5936294,0.157079019,-0.2942520286,0.2224919598,-2.314318273,0.3861564278,-2.949489074,-1.679147472,0.1589563459,-0.2435199049,0.2793999393,-2.260498221,0.4722784131,-3.037327082,-1.48366936,0.1589563459,-0.2435199049,0.2793999393,-2.260498221,0.4722784131,-3.037327082,-1.48366936
526,-1,2026-09-27,vDryR84T,2026-09-27,2025-10-25,-2.524035246,-0.04271126657,0.02135563329,0.02135563329,Li Y.,,2025-10-25 02:02:59,1,337,,0.6033550199,-3.516465938,-1.531604553,0.1574290258,-0.3016589707,0.2162364375,-2.566746512,0.5866575542,-3.531712318,-1.601780706,0.1590428869,-0.2402466361,0.2829579027,-2.502679612,0.6416065508,-3.558028474,-1.44733075,0.1590428869,-0.2402466361,0.2829579027,-2.502679612,0.6416065508,-3.558028474,-1.44733075
527,-1,2026-09-27,StXbfYAa,2026-09-27,2026-03-28,-2.618381156,0.02089615069,-0.04179230138,0.02089615069,Mariana Isabel Higuita Barraza,18.78997322,2026-03-28 21:31:23,2,183,19.2910102,0.4873746054,-3.420041044,-1.816721269,0.1589734353,-0.240591881,0.2823841824,-2.597485006,0.535931101,-3.479013221,-1.71595679,0.1571481823,-0.3002780591,0.2166934563,-2.660173458,0.4619506311,-3.420014629,-1.900332287,0.1589734353,-0.240591881,0.2823841824,-2.597485006,0.535931101,-3.479013221,-1.71595679
528,-1,2026-09-27,6VLFd6z4,2026-09-27,2026-05-19,-2.639534512,0.02821870704,-0.05643741408,0.02821870704,Diae El Jardi,25.59758518,2026-05-19 07:49:27,2,131,25.956251,0.4284220858,-3.344226134,-1.934842891,0.1590244632,-0.2333532581,0.2897906721,-2.611315805,0.4829497571,-3.405697465,-1.816934146,0.1573545622,-0.3152626364,0.2023878082,-2.695971927,0.3993664146,-3.352871222,-2.039072631,0.1590244632,-0.2333532581,0.2897906721,-2.611315805,0.4829497571,-3.405697465,-1.816934146
529,-1,2026-09-27,n7QOP8T5,2026-09-27,2026-02-21,-2.652960411,-0.05163065365,0.02581532683,0.02581532683,Marian Gomez Pezuela Cano,24.41282998,2026-02-21 14:28:24,1,218,25.00969371,0.5088798699,-3.48999331,-1.815927511,0.1571780707,-0.3101655734,0.2069042661,-2.704591064,0.4887109562,-3.508449053,-1.900733076,0.1589808222,-0.2356848552,0.2873155088,-2.627145084,0.5537564974,-3.537993467,-1.716296701,0.1589808222,-0.2356848552,0.2873155088,-2.627145084,0.5537564974,-3.537993467,-1.716296701
530,-1,2026-09-27,vkX737Vn,2026-09-27,2025-10-24,-2.895357406,-0.03955179977,0.01977589988,0.01977589988,Man Ying Maggie Ng,29.57745919,2025-10-24 22:41:00,3,338,30.50287176,0.6093103601,-3.897583762,-1.893131051,0.1574723213,-0.2985707185,0.219467119,-2.934909206,0.5887795969,-3.903365462,-1.966452951,0.1590536021,-0.2418439944,0.2813957941,-2.875581507,0.6490414315,-3.943159659,-1.808003354,0.1590536021,-0.2418439944,0.2813957941,-2.875581507,0.6490414315,-3.943159659,-1.808003354
531,-1,2026-09-27,GU5mJ9it,2026-09-27,2026-07-11,-2.940143748,0.03079500629,-0.06159001258,0.03079500629,Rentoumi M.,,2026-07-11 08:50:46,1,78,,0.3939902396,-3.588200022,-2.292087473,0.1589851277,-0.2307122576,0.2923022702,-2.909348741,0.4502840358,-3.650000071,-2.168697412,0.1571954895,-0.3201535836,0.1969735585,-3.00173376,0.3680169348,-3.60706775,-2.39639977,0.1589851277,-0.2307122576,0.2923022702,-2.909348741,0.4502840358,-3.650000071,-2.168697412
532,-1,2026-09-27,KrhEot1t,2026-09-27,2026-07-11,-3.001401419,0.03183353275,-0.06366706549,0.03183353275,Tsetsou E.,,2026-07-11 08:16:13,1,78,,0.413440034,-3.681449758,-2.321353079,0.1589993224,-0.2296970795,0.2933641449,-2.969567886,0.4668319771,-3.737438156,-2.201697615,0.1572529071,-0.32232508,0.194990949,-3.065068484,0.3901587387,-3.7068225,-2.423314468,0.1589993224,-0.2296970795,0.2933641449,-2.969567886,0.4668319771,-3.737438156,-2.201697615
533,-1,2026-09-27,dlRATrLh,2026-09-27,2025-10-25,-3.034173068,-0.06477824796,0.03238912398,0.03238912398,Diya Ramesh,,2025-10-25 06:00:21,1,337,,0.5912213587,-4.006645664,-2.061700472,0.1571720892,-0.3233033289,0.193746833,-3.098951316,0.573855018,-4.042858823,-2.155043808,0.1589793438,-0.2291086262,0.2938868742,-3.001783944,0.630305653,-4.038544483,-1.965023404,0.1589793438,-0.2291086262,0.2938868742,-3.001783944,0.630305653,-4.038544483,-1.965023404
534,-1,2026-09-27,xEP5jAtb,2026-09-27,2026-07-11,-3.03803877,0.004498168935,-0.02173324457,0.01723507563,Hao-Ching Chan,32.80921424,2026-07-11 07:39:59,5,78,33.02277099,0.3883213683,-3.676770581,-2.399306959,0.1450810388,-0.234138904,0.2431352419,-3.033540601,0.4312180427,-3.742831162,-2.324250039,0.1463353225,-0.2624334306,0.2189669414,-3.059772014,0.3639676044,-3.658445449,-2.46109858,0.1590916108,-0.2444473374,0.2789174887,-3.020803694,0.4491455363,-3.759582359,-2.28202503
